customer_id,age,annual_income,spending_score,monthly_visits,monthly_purchases,synthetic_anomaly,kmeans_cluster,anomaly_prediction,anomaly_score
100001,43.0,114331.17,46.8,11.1,5.6,0,2,1,0.190575436560597
100002,35.0,64699.7,46.5,8.2,2.1,0,1,1,0.16172360776597922
100003,34.0,136927.41,69.9,18.5,6.1,0,0,1,0.15172900903257275
100004,61.0,97746.35,37.3,12.4,7.0,0,2,1,0.14704457912814406
100005,27.0,34546.02,85.4,0.0,4.6,0,3,1,0.12768390674173474
100006,43.0,135018.62,77.8,18.0,9.7,0,0,1,0.16346494310390058
100007,46.0,94816.27,21.6,12.8,0.0,0,2,1,0.1106418329668476
100008,54.0,69880.11,31.2,13.8,4.7,0,2,1,0.1594734298023358
100009,18.0,28127.01,63.0,0.0,10.4,0,3,1,0.11338042275554239
100010,39.0,66917.16,64.0,7.0,6.2,0,1,1,0.2205863352213921
100011,31.0,57088.71,44.8,5.3,7.3,0,1,1,0.1848845969157446
100012,42.0,217231.15,58.5,17.7,3.7,0,0,1,0.07446651995370601
100013,50.0,89064.71,43.4,11.1,3.4,0,2,1,0.182699546177985
100014,41.0,104693.5,65.5,17.2,8.2,0,0,1,0.182887488695618
100015,39.0,59381.9,55.5,3.6,8.6,0,1,1,0.2010297638842809
100016,21.0,36303.43,91.2,2.6,6.9,0,3,1,0.13889897235423032
100017,52.0,100962.8,31.8,10.9,5.7,0,2,1,0.19007507137875923
100018,26.0,30005.37,61.5,3.9,7.7,0,3,1,0.1958827561831748
100019,44.0,143809.16,53.1,18.2,9.5,0,0,1,0.15180012767324985
100020,55.0,97006.95,15.2,14.6,5.2,0,2,1,0.12510816823598847
100021,46.0,81529.25,37.3,13.4,2.5,0,2,1,0.16563818754528392
100022,40.0,41992.72,47.6,2.9,4.3,0,1,1,0.1549052008124941
100023,51.0,191856.62,74.3,16.7,7.3,0,0,1,0.0962401142721
100024,45.0,100612.88,66.3,20.9,4.9,0,0,1,0.14740383701961868
100025,48.0,95225.61,37.8,10.7,4.2,0,2,1,0.2014880136064614
100026,27.0,43297.96,76.7,2.9,14.6,0,3,1,0.15648541439024433
100027,33.0,47220.22,60.5,9.2,8.1,0,1,1,0.20801815423960807
100028,24.0,23657.25,77.4,5.5,6.3,0,3,1,0.17216786512022958
100029,23.0,29768.09,71.0,3.5,11.3,0,3,1,0.2007611957140102
100030,54.0,78296.55,18.5,12.5,2.5,0,2,1,0.11615647992772477
100031,61.0,127225.12,54.9,10.1,5.7,0,2,1,0.11630519064260736
100032,47.0,159110.53,68.5,20.6,8.0,0,0,1,0.1384375656320626
100033,37.0,44837.78,64.4,6.5,8.4,0,1,1,0.2155630727400173
100034,37.0,64019.25,57.5,8.6,6.4,0,1,1,0.22057790830386703
100035,29.0,68349.54,49.9,4.4,3.9,0,1,1,0.1635741162440426
100036,25.0,31444.05,56.7,2.2,13.5,0,3,1,0.15002029693454028
100037,22.0,31046.86,88.4,4.6,13.1,0,3,1,0.1555304709044117
100038,22.0,81346.12,64.4,11.9,4.7,0,1,1,0.10592830029184397
100039,18.0,32041.58,75.2,4.3,13.2,0,3,1,0.147854900043986
100040,52.0,90883.89,40.2,11.5,3.0,0,2,1,0.18483069353184922
100041,41.0,76059.12,68.8,6.7,0.6,0,1,1,0.13666758983147503
100042,42.0,120898.9,70.7,16.7,7.9,0,0,1,0.18460015866609042
100043,47.0,73099.73,47.2,10.1,4.0,0,2,1,0.19292338708551382
100044,41.0,72203.63,65.9,7.6,9.2,0,1,1,0.19915407371418226
100045,50.0,150710.57,53.6,16.9,10.1,0,0,1,0.1187802207969002
100046,40.0,180826.67,71.4,18.2,11.4,0,0,1,0.09637585695077922
100047,35.0,63967.25,67.0,4.1,6.1,0,1,1,0.20242220774222108
100048,40.0,62732.1,72.7,3.8,1.9,0,1,1,0.13628743731563453
100049,56.0,109805.3,33.1,12.8,6.2,0,2,1,0.1777902004080701
100050,20.0,27928.55,79.9,4.8,6.5,0,3,1,0.15880079598609415
100051,23.0,30593.2,82.2,3.0,8.4,0,3,1,0.1926178822672011
100052,30.0,28893.88,75.1,0.0,7.9,0,3,1,0.16326729750792018
100053,55.0,100482.29,41.0,13.1,10.3,0,2,1,0.13361074197874767
100054,48.0,67307.85,24.5,10.6,1.1,0,2,1,0.1314469085889981
100055,52.0,116420.4,50.4,13.0,10.4,0,0,1,0.14880064652449637
100056,50.0,67083.92,45.5,8.3,1.7,0,2,1,0.1463665488255056
100057,39.0,60857.42,56.1,4.6,7.0,0,1,1,0.20921485045525712
100058,57.0,95341.45,26.7,9.5,1.6,0,2,1,0.1314562948424694
100059,26.0,33979.15,70.0,0.0,11.3,0,3,1,0.1697291854665393
100060,20.0,35969.0,70.4,1.0,10.5,0,3,1,0.15751729107103207
100061,64.0,107808.41,36.4,12.7,0.0,0,2,1,0.07423533444475983
100062,30.0,33978.03,75.3,10.1,8.2,0,3,1,0.18939315447231408
100063,53.0,68467.81,32.8,15.6,4.4,0,2,1,0.14181057384846668
100064,49.0,64936.99,48.8,11.9,0.0,0,2,1,0.13239523744891407
100065,47.0,73154.1,33.7,12.4,2.5,0,2,1,0.16559687642234594
100066,56.0,96347.52,45.6,11.3,13.1,0,2,1,0.10664528226892067
100067,49.0,79553.06,24.7,11.6,0.0,0,2,1,0.12063900831081481
100068,37.0,40736.81,59.6,4.3,5.9,0,1,1,0.19776807639052918
100069,27.0,45271.26,67.2,2.7,7.8,0,3,1,0.20295248252875775
100070,32.0,54020.9,66.2,6.0,13.7,0,3,1,0.1650019340240057
100071,26.0,26182.34,74.3,1.4,12.4,0,3,1,0.17344657036274652
100072,28.0,47034.98,52.1,8.4,10.7,0,1,1,0.17302319111740283
100073,50.0,153351.0,71.2,19.6,4.6,0,0,1,0.12573593109643677
100074,18.0,34515.03,67.9,2.9,10.4,0,3,1,0.15282199698306326
100075,25.0,37401.68,86.3,3.4,8.7,0,3,1,0.19104664586637238
100076,37.0,55346.29,56.0,12.2,7.5,0,1,1,0.20011776583635643
100077,38.0,54126.84,68.2,8.5,9.3,0,1,1,0.21068616017429637
100078,53.0,112684.65,47.7,12.6,3.7,0,2,1,0.17937645349116466
100079,56.0,79539.46,27.8,11.9,0.0,0,2,1,0.11757177405983543
100080,56.0,78534.17,30.3,11.6,4.1,0,2,1,0.16647645938890082
100081,50.0,93847.96,34.4,11.1,1.7,0,2,1,0.16755450073609834
100082,41.0,38514.83,55.9,6.1,8.3,0,1,1,0.17986540690235958
100083,36.0,127405.41,71.0,20.1,9.0,0,0,1,0.1375088227365695
100084,18.0,29192.13,86.9,0.6,9.8,0,3,1,0.11859262653386998
100085,24.0,29777.89,100.0,2.2,11.3,0,3,1,0.11894735369489057
100086,20.0,35039.83,86.7,1.8,9.8,0,3,1,0.16164579522689332
100087,48.0,75430.69,45.4,10.9,0.0,0,2,1,0.14985858962508736
100088,45.0,53048.62,55.5,10.3,6.6,0,1,1,0.1893874331928192
100089,23.0,24925.72,61.7,2.7,11.1,0,3,1,0.178116733393285
100090,38.0,56629.13,58.2,3.3,8.4,0,1,1,0.21162419937830346
100091,25.0,43368.29,78.1,1.1,9.8,0,3,1,0.1854828367455985
100092,50.0,102433.5,35.3,9.5,0.0,0,2,1,0.13580946320543713
100093,37.0,77435.56,58.8,8.6,10.0,0,1,1,0.19034884676332509
100094,37.0,52910.27,60.0,9.4,8.6,0,1,1,0.21090154396462535
100095,40.0,56837.98,56.0,6.8,6.8,0,1,1,0.21221493758236265
100096,58.0,54863.33,35.3,11.8,0.0,0,2,1,0.09001745561270258
100097,39.0,53914.58,54.4,10.7,10.0,0,1,1,0.1821331617955354
100098,27.0,34193.28,76.4,7.0,12.4,0,3,1,0.1831949306956353
100099,20.0,23935.41,83.7,2.9,5.7,0,3,1,0.13351998480065097
100100,45.0,133220.52,77.3,18.9,6.2,0,0,1,0.17154997032111757
100101,46.0,127452.79,67.7,16.9,11.4,0,0,1,0.15206429928585508
100102,51.0,118468.78,100.0,49.5,0.0,1,0,-1,-0.05106523381354977
100103,29.0,30030.24,69.3,1.8,8.8,0,3,1,0.20436700256673573
100104,49.0,144029.76,84.8,19.0,7.1,0,0,1,0.1302919752711042
100105,50.0,104603.51,43.2,14.0,3.2,0,2,1,0.17277956469875327
100106,53.0,104987.09,31.2,9.7,1.6,0,2,1,0.14891421077903605
100107,35.0,69390.23,70.6,4.3,5.2,0,1,1,0.184332128573916
100108,22.0,36577.57,72.7,2.1,5.8,0,3,1,0.17001567814583068
100109,26.0,31070.34,71.5,2.5,13.4,0,3,1,0.19247657937099788
100110,38.0,118790.18,84.5,18.2,10.0,0,0,1,0.1306651021673137
100111,38.0,61605.67,54.5,8.7,10.5,0,1,1,0.1961261578443746
100112,29.0,25171.68,91.0,2.3,7.7,0,3,1,0.15448507176082132
100113,35.0,71275.39,63.4,6.5,9.5,0,1,1,0.20125051266243243
100114,53.0,85202.19,27.9,12.8,3.8,0,2,1,0.1761181402835088
100115,18.0,36879.65,73.2,6.2,5.8,0,3,1,0.12811276798081778
100116,42.0,122360.56,62.2,17.0,13.3,0,0,1,0.1363221234451465
100117,53.0,81461.79,16.7,8.6,2.4,0,2,1,0.09210175913216145
100118,49.0,91168.73,12.3,11.8,7.1,0,2,1,0.11781984696050235
100119,44.0,40857.98,50.0,5.3,7.4,0,1,1,0.16717477035832617
100120,46.0,123766.7,35.4,11.8,8.8,0,2,1,0.16520127544746405
100121,52.0,101845.19,27.5,9.3,2.2,0,2,1,0.153191020971141
100122,63.0,105824.66,37.7,10.0,6.7,0,2,1,0.11772119781932527
100123,18.0,22973.75,72.4,6.9,15.7,0,3,1,0.06804173361279764
100124,34.0,54475.94,41.6,7.2,7.5,0,1,1,0.18878895993716505
100125,28.0,37245.68,76.0,4.1,7.9,0,3,1,0.21444006487573886
100126,39.0,56339.29,62.6,7.8,7.2,0,1,1,0.2196595144676935
100127,40.0,44474.35,47.4,6.5,2.7,0,1,1,0.15326388318258183
100128,22.0,29842.13,91.1,3.3,13.1,0,3,1,0.14758390850138775
100129,26.0,28914.56,79.3,4.5,13.6,0,3,1,0.1770581637865014
100130,51.0,66827.57,17.8,11.3,0.0,0,2,1,0.0883140081329008
100131,33.0,35438.34,71.6,0.8,13.1,0,3,1,0.16215166501041195
100132,37.0,114340.69,64.3,18.2,9.9,0,0,1,0.15903794060355164
100133,58.0,112869.01,35.0,14.0,2.0,0,2,1,0.13447569494426392
100134,27.0,54510.18,49.9,5.7,4.1,0,1,1,0.1660501628925135
100135,50.0,105602.29,52.2,8.5,0.1,0,2,1,0.1260079605441093
100136,20.0,36410.67,76.0,1.6,12.2,0,3,1,0.16235477194477127
100137,48.0,139527.25,63.8,18.5,7.3,0,0,1,0.1719411108618239
100138,35.0,56281.61,67.2,7.5,10.1,0,1,1,0.20457721381794514
100139,59.0,102848.57,29.9,14.1,5.4,0,2,1,0.15370838275530457
100140,37.0,33786.19,85.0,3.6,9.7,0,3,1,0.16980725603921987
100141,35.0,65283.76,63.2,9.3,7.9,0,1,1,0.21411489716485949
100142,34.0,58352.31,44.8,10.3,5.4,0,1,1,0.18883098292352257
100143,48.0,146969.08,75.0,17.8,5.6,0,0,1,0.1608947855547797
100144,47.0,124556.76,36.1,14.3,8.2,0,2,1,0.15849403792879113
100145,34.0,66726.32,58.5,4.7,6.4,0,1,1,0.20468353866887767
100146,27.0,29125.59,74.8,2.7,16.3,0,3,1,0.13053666014313953
100147,27.0,67598.34,55.5,5.7,6.2,0,1,1,0.18592235899458182
100148,39.0,70085.68,59.9,9.2,10.8,0,1,1,0.19175532433967518
100149,40.0,55904.49,62.9,8.0,4.6,0,1,1,0.19886630568671765
100150,18.0,20348.81,78.7,3.6,6.5,0,3,1,0.11909711382045302
100151,48.0,143835.9,85.5,18.7,4.8,0,0,1,0.12055118892161731
100152,45.0,156886.79,66.5,15.1,8.3,0,0,1,0.15088061971439926
100153,19.0,38456.31,73.9,6.4,3.6,0,3,1,0.1126546027924441
100154,53.0,119442.61,26.1,11.7,2.8,0,2,1,0.14369962287685695
100155,21.0,33409.03,65.0,2.8,11.5,0,3,1,0.168931487868535
100156,51.0,77896.51,45.3,13.5,0.9,0,2,1,0.14168302982177472
100157,30.0,51376.52,63.5,7.6,9.4,0,1,1,0.206951999935919
100158,50.0,79187.04,44.2,10.9,4.6,0,2,1,0.18439636892745864
100159,44.0,85256.24,45.1,10.6,6.4,0,2,1,0.19331675633311535
100160,40.0,85434.4,33.3,15.5,0.5,0,2,1,0.10634361549579929
100161,27.0,38087.93,70.8,2.3,10.4,0,3,1,0.19999730736227234
100162,36.0,128531.4,84.8,19.0,7.5,0,0,1,0.1276486907121891
100163,25.0,35346.01,85.7,1.9,14.6,0,3,1,0.14619381543101984
100164,31.0,35901.0,69.6,1.0,9.0,0,3,1,0.19648257787435008
100165,52.0,64758.79,39.9,14.6,5.7,0,2,1,0.16743329221439995
100166,33.0,53134.46,61.0,6.7,8.3,0,1,1,0.21789559588103025
100167,46.0,167515.64,60.7,18.4,6.9,0,0,1,0.13992025727540497
100168,43.0,161783.1,81.7,20.8,9.3,0,0,1,0.11303062499106642
100169,35.0,59177.88,40.7,9.7,6.0,0,1,1,0.18942751631748778
100170,46.0,157110.71,59.5,16.2,12.6,0,0,1,0.1130874608176492
100171,37.0,55520.66,56.7,9.2,9.8,0,1,1,0.19795045668077527
100172,29.0,80238.61,67.7,6.7,3.4,0,1,1,0.1590098511209777
100173,29.0,34744.22,63.4,2.5,19.4,0,3,1,0.09639079827919939
100174,43.0,121302.34,61.9,21.5,10.5,0,0,1,0.13556781517217065
100175,31.0,33429.55,90.5,1.3,10.5,0,3,1,0.15569247057465535
100176,25.0,39962.89,81.2,1.7,10.2,0,3,1,0.18831053230987743
100177,28.0,36097.99,66.3,6.3,6.2,0,1,1,0.20861017974418827
100178,47.0,175204.66,77.3,21.9,9.5,0,0,1,0.08270361081336164
100179,45.0,146057.8,59.1,19.9,0.7,0,0,1,0.08599884728983143
100180,49.0,95392.11,27.1,11.1,9.5,0,2,1,0.1569764860330113
100181,49.0,122717.14,67.3,15.4,10.1,0,0,1,0.14786031887080603
100182,42.0,90445.04,73.0,18.9,10.9,0,0,1,0.15509275017916613
100183,36.0,57840.99,77.9,7.0,9.2,0,1,1,0.19335576912348362
100184,33.0,69699.39,43.4,6.1,3.4,0,1,1,0.16356045150199117
100185,49.0,116383.04,28.9,13.4,8.6,0,2,1,0.14310441310534355
100186,52.0,111993.42,40.3,12.2,6.3,0,2,1,0.19158363743820123
100187,45.0,54888.08,48.4,5.0,10.0,0,1,1,0.15083853321509622
100188,30.0,28906.67,56.6,1.7,11.6,0,3,1,0.15666023826158482
100189,52.0,98083.95,29.8,14.0,5.0,0,2,1,0.18291611656143597
100190,27.0,32916.22,83.2,3.9,7.2,0,3,1,0.19651034477667012
100191,45.0,159946.01,83.6,18.8,5.1,0,0,1,0.13187179764479928
100192,20.0,29493.55,79.9,2.8,6.6,0,3,1,0.16465643039015548
100193,18.0,19912.51,46.8,2.7,17.0,0,3,1,0.010552772515415754
100194,52.0,115348.57,73.5,15.1,4.1,0,0,1,0.14259893291901643
100195,18.0,30701.13,76.2,3.5,12.0,0,3,1,0.1502966116390082
100196,22.0,32208.52,67.1,0.3,5.5,0,3,1,0.12816547700477443
100197,55.0,89221.78,16.3,11.9,0.3,0,2,1,0.08378310249571175
100198,51.0,125413.69,78.8,20.2,5.1,0,0,1,0.13407094179831175
100199,24.0,35187.98,79.2,3.7,6.0,0,3,1,0.18845175593894303
100200,39.0,56574.41,61.5,8.8,9.0,0,1,1,0.2101416022111235
100201,54.0,105980.39,41.9,15.0,3.9,0,2,1,0.1683648723490861
100202,44.0,163488.08,67.1,15.3,9.5,0,0,1,0.13818176239932095
100203,35.0,48523.99,63.0,9.9,2.1,0,1,1,0.16201317922285247
100204,29.0,17386.49,74.0,6.7,9.0,0,3,1,0.17844604686329796
100205,24.0,36394.11,60.8,3.1,10.2,0,3,1,0.1922221432668904
100206,33.0,24882.13,74.2,1.1,6.9,0,3,1,0.17691233059754657
100207,30.0,32153.51,72.4,2.0,8.3,0,3,1,0.21153029528866074
100208,50.0,73377.98,32.4,11.3,1.7,0,2,1,0.15214980296245528
100209,25.0,33381.76,72.4,2.7,16.5,0,3,1,0.1215171256317214
100210,47.0,50236.35,48.9,4.9,10.2,0,1,1,0.14536253078757339
100211,50.0,99098.43,55.0,12.0,6.1,0,2,1,0.18644130740653053
100212,55.0,84941.48,45.6,10.3,8.0,0,2,1,0.16577756743612493
100213,21.0,29246.91,67.1,1.2,8.7,0,3,1,0.16329743791264656
100214,31.0,134120.03,66.9,19.6,9.3,0,0,1,0.12075187290325057
100215,48.0,87158.78,32.7,15.0,1.5,0,2,1,0.1416260336860965
100216,48.0,75701.21,20.2,12.6,4.6,0,2,1,0.14280731103430194
100217,30.0,37998.52,100.0,2.9,9.2,0,3,1,0.12392910666666401
100218,18.0,36012.29,79.2,4.3,6.6,0,3,1,0.14601721050569139
100219,45.0,145171.03,73.4,16.6,11.6,0,0,1,0.14500408111801794
100220,46.0,49608.56,65.2,1.2,9.0,0,1,1,0.1535790036793352
100221,27.0,56141.36,44.9,6.6,9.5,0,1,1,0.1620838831076531
100222,27.0,57988.21,52.9,10.2,8.3,0,1,1,0.18031816433765496
100223,46.0,86940.87,50.6,13.4,1.2,0,2,1,0.1594873938282762
100224,42.0,134075.25,66.6,14.6,6.0,0,0,1,0.17868936458838613
100225,43.0,57746.43,57.0,7.3,13.7,0,1,1,0.12858272784008606
100226,43.0,167567.42,66.0,17.5,8.0,0,0,1,0.15037108597978016
100227,20.0,30826.59,86.9,1.4,10.0,0,3,1,0.15572247993928462
100228,56.0,80901.63,46.0,12.1,3.5,0,2,1,0.1596940509092038
100229,42.0,88611.23,38.7,15.5,5.7,0,2,1,0.16543970991119844
100230,30.0,25035.56,76.7,5.4,7.3,0,3,1,0.19078089200047454
100231,29.0,36223.91,80.7,2.3,7.0,0,3,1,0.19692764824051828
100232,45.0,69051.59,61.4,6.2,7.1,0,1,1,0.20422831202856412
100233,44.0,150076.87,79.3,16.4,3.6,0,0,1,0.125617809350418
100234,52.0,65122.58,31.8,11.0,5.5,0,2,1,0.17554961643764572
100235,53.0,90996.32,94.7,17.5,9.0,0,0,1,0.06999012989409403
100236,36.0,165121.16,72.4,17.9,2.2,0,0,1,0.06861523548894366
100237,36.0,71439.44,55.6,9.3,10.4,0,1,1,0.1927224336794045
100238,49.0,122276.45,35.5,12.1,4.3,0,2,1,0.17317391008395888
100239,24.0,16850.43,76.1,0.3,14.9,0,3,1,0.10333235337017876
100240,32.0,36907.16,75.6,1.0,8.0,0,3,1,0.18948664100519869
100241,53.0,122556.63,48.4,20.1,12.5,0,0,1,0.08664164914373629
100242,60.0,112755.75,47.0,12.1,0.0,0,2,1,0.10187442649267531
100243,24.0,35580.26,76.6,2.6,7.1,0,3,1,0.1979985478085181
100244,31.0,82513.74,76.7,7.0,7.8,0,1,1,0.1737276453468367
100245,47.0,105988.03,52.6,8.9,5.4,0,2,1,0.1824727418612208
100246,46.0,153295.68,88.4,22.1,7.3,0,0,1,0.0828257095348417
100247,55.0,96440.4,28.7,12.5,6.0,0,2,1,0.1841160334687968
100248,37.0,52166.02,53.4,6.1,4.5,0,1,1,0.19053831795852305
100249,38.0,66666.13,67.8,5.3,5.3,0,1,1,0.20641546648716308
100250,44.0,60164.23,58.3,6.6,10.4,0,1,1,0.17468342725313607
100251,58.0,114035.86,35.3,10.3,9.8,0,2,1,0.11498333674295547
100252,47.0,128492.19,86.2,16.9,12.2,0,0,1,0.1138320101686301
100253,43.0,51716.25,63.8,8.6,14.8,0,1,1,0.11563848772612384
100254,20.0,40251.45,78.2,0.5,9.6,0,3,1,0.15241286375073754
100255,24.0,25900.79,81.1,4.9,10.7,0,3,1,0.19506302958919935
100256,49.0,92461.13,35.0,12.4,7.3,0,2,1,0.1838699170150192
100257,44.0,104652.04,66.4,18.3,11.4,0,0,1,0.15119235992367946
100258,30.0,42222.19,79.3,4.5,5.6,0,1,1,0.18472523057457596
100259,26.0,25806.48,77.4,9.1,10.9,0,3,1,0.17487088509180299
100260,48.0,101973.19,29.8,10.1,10.3,0,2,1,0.1470261374337007
100261,29.0,33990.29,74.1,2.4,14.6,0,3,1,0.16737021541787422
100262,45.0,62313.31,96.2,18.4,9.0,0,0,1,0.06526081891269142
100263,41.0,67193.9,65.5,6.2,3.3,0,1,1,0.18069788762519945
100264,25.0,40246.1,71.5,1.5,13.7,0,3,1,0.1508201518347579
100265,41.0,129653.89,68.3,17.9,3.3,0,0,1,0.15438602737296686
100266,21.0,33326.92,80.2,5.3,15.5,0,3,1,0.1271066083678487
100267,44.0,72207.52,56.5,5.8,7.1,0,1,1,0.20120424911106044
100268,27.0,36734.36,84.2,2.8,12.4,0,3,1,0.18582572220312538
100269,30.0,37069.72,77.7,1.3,7.4,0,3,1,0.19585423555152792
100270,21.0,33480.75,83.2,0.2,8.5,0,3,1,0.1419925195083706
100271,25.0,26817.84,82.3,2.4,7.8,0,3,1,0.18809860350862795
100272,24.0,34259.53,69.5,2.5,11.4,0,3,1,0.19801905431821692
100273,20.0,22451.32,62.6,2.2,6.0,0,3,1,0.1278454624951783
100274,50.0,123470.52,21.2,11.4,10.4,0,2,1,0.097989949477984
100275,54.0,88711.93,33.4,12.9,9.1,0,2,1,0.15222600488884314
100276,33.0,53545.07,44.2,7.2,2.8,0,1,1,0.16289634056941932
100277,34.0,51859.09,68.7,6.0,8.2,0,1,1,0.21305992428833548
100278,28.0,63467.62,46.0,6.1,13.6,0,1,1,0.14146813800940095
100279,48.0,136764.0,100.0,16.2,11.5,0,0,1,0.05984034792154935
100280,35.0,133853.15,58.5,18.5,8.2,0,0,1,0.14900703300529067
100281,22.0,38290.25,72.3,3.7,12.5,0,3,1,0.17864488630863778
100282,18.0,27689.13,78.5,4.3,14.3,0,3,1,0.11365590099190126
100283,23.0,30177.13,69.3,3.7,9.1,0,3,1,0.20401996681257367
100284,23.0,31459.2,83.5,1.9,7.7,0,3,1,0.18755175879445263
100285,54.0,43260.1,29.0,9.7,7.6,0,2,1,0.12337059022883029
100286,34.0,55742.41,57.5,5.8,5.8,0,1,1,0.21444763188242616
100287,24.0,29569.05,73.7,1.0,6.5,0,3,1,0.1767102978310362
100288,36.0,65421.66,43.7,8.5,9.3,0,1,1,0.17770278078091928
100289,41.0,65346.76,64.4,11.4,6.1,0,1,1,0.20681770698875052
100290,19.0,23163.82,95.6,6.5,7.2,0,3,1,0.08574676483813093
100291,39.0,131835.43,84.2,15.4,2.1,0,0,1,0.09888563678710782
100292,35.0,33799.27,82.5,2.6,11.4,0,3,1,0.17257113509693578
100293,35.0,118808.8,73.1,13.5,7.1,0,0,1,0.16111950325762847
100294,22.0,30256.5,72.5,1.0,4.5,0,3,1,0.13936373654882778
100295,44.0,132436.88,58.2,18.1,7.1,0,0,1,0.18443713191515348
100296,41.0,85646.25,78.8,15.5,8.2,0,0,1,0.16097847199288717
100297,39.0,130204.09,83.5,19.1,11.4,0,0,1,0.12414794526279799
100298,45.0,149982.82,54.2,17.4,7.3,0,0,1,0.15156945598018262
100299,58.0,86343.48,37.6,12.5,7.5,0,2,1,0.16045179434941265
100300,51.0,109155.16,18.0,8.8,0.0,0,2,1,0.0795546894165694
100301,56.0,106519.7,44.0,10.6,2.3,0,2,1,0.15689446921876243
100302,23.0,40315.71,94.9,4.6,11.0,0,3,1,0.13619344788416599
100303,43.0,59144.8,54.1,6.7,4.1,0,1,1,0.19458956421503892
100304,35.0,49529.73,68.3,8.1,11.3,0,1,1,0.19645889481383794
100305,35.0,187922.76,56.3,15.6,6.1,0,0,1,0.09134732125769929
100306,43.0,64517.4,55.6,5.4,2.9,0,1,1,0.16913537941931994
100307,42.0,70912.81,71.5,7.8,0.0,0,1,1,0.1319162466380609
100308,46.0,102949.3,31.3,10.9,0.7,0,2,1,0.15136346174866355
100309,29.0,34627.67,83.0,1.7,10.5,0,3,1,0.1913505922303826
100310,18.0,31252.19,52.7,0.0,9.0,0,3,1,0.08866359551204328
100311,48.0,41903.71,45.6,7.4,12.3,0,1,1,0.12076101801930889
100312,37.0,69835.9,54.6,6.0,7.2,0,1,1,0.216204399619505
100313,21.0,36171.79,61.9,4.8,10.1,0,3,1,0.17615249269854477
100314,35.0,43664.29,48.2,9.4,6.4,0,1,1,0.19501885417857656
100315,37.0,52184.42,57.7,4.3,7.3,0,1,1,0.2060374767458097
100316,38.0,65578.06,49.0,6.3,8.6,0,1,1,0.19838698095694712
100317,35.0,58793.67,77.0,5.1,10.2,0,3,1,0.18861711175495555
100318,46.0,106196.76,42.1,11.0,0.3,0,2,1,0.14792386100663213
100319,26.0,55135.33,63.3,4.8,7.3,0,1,1,0.19871504399596002
100320,36.0,134106.02,60.5,17.8,6.5,0,0,1,0.1545157369786933
100321,37.0,123396.39,62.7,15.4,11.2,0,0,1,0.1501632952373358
100322,34.0,37423.16,51.8,8.8,4.7,0,1,1,0.17521745007682826
100323,43.0,52439.65,63.0,9.1,8.4,0,1,1,0.19770578848927411
100324,29.0,51482.05,69.7,5.4,9.9,0,3,1,0.20586151153875032
100325,41.0,143564.22,58.1,16.8,5.4,0,0,1,0.17339605452664658
100326,53.0,96593.68,39.6,11.0,1.2,0,2,1,0.16510576532611737
100327,44.0,114054.36,82.8,17.8,7.0,0,0,1,0.16423689212145698
100328,38.0,61147.77,41.4,4.9,10.2,0,1,1,0.1558757076310004
100329,52.0,66245.19,38.5,10.9,1.4,0,2,1,0.15832195842568475
100330,30.0,73159.21,38.3,5.3,7.4,0,1,1,0.1670385609723875
100331,60.0,104470.98,26.5,15.1,0.0,0,2,1,0.07530786122058897
100332,25.0,34809.64,69.2,4.4,8.5,0,3,1,0.20914162041882978
100333,55.0,63542.92,38.3,11.2,7.4,0,2,1,0.16938151447157834
100334,43.0,171480.58,77.1,17.7,10.4,0,0,1,0.11386256219060076
100335,28.0,34718.2,55.1,1.0,14.2,0,3,1,0.13587041317696485
100336,46.0,110090.09,42.1,10.5,0.0,0,2,1,0.14351856699376758
100337,21.0,43969.37,69.4,1.4,7.0,0,3,1,0.14412723668748045
100338,58.0,90846.14,28.7,14.8,5.7,0,2,1,0.14650070110519803
100339,19.0,24952.16,89.6,3.0,5.4,0,3,1,0.11313703613023096
100340,34.0,111875.82,59.6,13.9,4.7,0,0,1,0.16538485544659137
100341,19.0,29334.96,94.9,2.5,9.5,0,3,1,0.12621291262164708
100342,46.0,134019.58,76.0,18.6,8.4,0,0,1,0.1706593172004044
100343,57.0,162960.37,61.2,18.7,5.6,0,0,1,0.10480446548934508
100344,54.0,71484.3,23.9,12.7,7.0,0,2,1,0.15075884440454307
100345,55.0,109605.41,38.7,12.3,2.5,0,2,1,0.1660352020421263
100346,56.0,112525.43,34.4,11.8,8.8,0,2,1,0.14585974256360623
100347,43.0,141907.28,76.8,17.8,5.5,0,0,1,0.1678237223160406
100348,26.0,31776.77,96.4,4.6,8.2,0,3,1,0.13971351354666556
100349,56.0,100264.51,48.1,11.0,4.6,0,2,1,0.1770533629234704
100350,24.0,32336.84,69.1,4.2,11.3,0,3,1,0.20044285560563002
100351,58.0,94828.56,30.9,13.6,1.6,0,2,1,0.13843666358111695
100352,29.0,38237.17,90.6,3.8,8.5,0,3,1,0.17255272723220783
100353,53.0,101499.18,29.4,14.7,5.7,0,2,1,0.16837043080616587
100354,48.0,127197.14,36.0,9.8,1.5,0,2,1,0.14289432928389412
100355,43.0,82366.83,68.1,9.6,10.6,0,1,1,0.17358661632175387
100356,39.0,65672.11,63.4,8.5,4.8,0,1,1,0.21207404909076916
100357,56.0,119942.35,32.9,11.4,5.4,0,2,1,0.16819350221309975
100358,49.0,72482.4,46.5,11.1,4.1,0,2,1,0.18078091256780215
100359,33.0,76248.58,66.5,6.5,3.5,0,1,1,0.1705879588007056
100360,50.0,104749.61,36.9,12.2,4.6,0,2,1,0.18963403000623957
100361,47.0,138945.15,76.5,16.0,15.7,0,0,1,0.08539492899297463
100362,23.0,33172.7,83.7,2.2,10.0,0,3,1,0.1942964921121902
100363,24.0,26735.14,82.4,0.0,15.3,0,3,1,0.11489365454422606
100364,28.0,35681.34,60.6,1.4,14.2,0,3,1,0.14894073587837303
100365,73.0,115429.24,45.4,13.0,1.5,0,2,1,0.06297482067323845
100366,41.0,49710.53,45.9,4.5,9.9,0,1,1,0.15507375667829043
100367,52.0,96724.67,34.8,9.7,2.0,0,2,1,0.1686142255971425
100368,49.0,70969.86,30.0,9.8,5.7,0,2,1,0.162943596032821
100369,39.0,47562.99,55.0,10.7,4.1,0,1,1,0.17921006620090352
100370,45.0,142659.15,82.9,18.6,6.7,0,0,1,0.16215038655871328
100371,52.0,96391.43,34.1,9.4,7.7,0,2,1,0.1787732805879228
100372,29.0,25985.47,75.0,2.5,6.5,0,3,1,0.19134260646096546
100373,27.0,54516.19,54.4,4.1,7.5,0,1,1,0.18868855387329597
100374,42.0,71398.02,56.7,3.3,9.1,0,1,1,0.18533616903277628
100375,25.0,34444.26,97.4,1.4,1.4,0,3,1,0.05830335307788004
100376,19.0,34799.62,78.3,0.6,5.7,0,3,1,0.12246689415402828
100377,41.0,108598.41,77.2,17.2,6.1,0,0,1,0.17206092296023495
100378,32.0,64936.45,58.4,7.4,7.5,0,1,1,0.21200850192263454
100379,36.0,50470.26,50.7,6.2,13.2,0,1,1,0.16465209494113214
100380,45.0,87835.5,36.0,11.4,7.2,0,2,1,0.19094989548402402
100381,50.0,90989.34,43.1,15.6,8.2,0,2,1,0.14838038824444494
100382,42.0,138752.24,72.5,18.3,5.5,0,0,1,0.17789471522928985
100383,57.0,98533.02,34.6,9.5,4.2,0,2,1,0.16971173703203574
100384,27.0,55508.79,52.4,7.6,12.6,0,3,1,0.14855619520911822
100385,39.0,78164.17,64.5,9.3,12.6,0,1,1,0.16360166858337627
100386,39.0,119912.97,78.7,18.0,8.7,0,0,1,0.16381003696868596
100387,51.0,84803.98,51.2,9.8,6.1,0,2,1,0.18354678563009091
100388,46.0,100208.86,63.7,16.7,9.7,0,0,1,0.16753860733011394
100389,22.0,31507.0,100.0,42.8,10.2,1,0,-1,-0.03381872687168519
100390,45.0,126376.24,65.5,21.8,2.2,0,0,1,0.1119304382044527
100391,53.0,74283.28,30.9,10.7,1.0,0,2,1,0.14591317041289703
100392,24.0,17208.15,74.8,2.8,5.9,0,3,1,0.16003464511982612
100393,60.0,84834.76,32.6,10.8,3.8,0,2,1,0.15654222989071798
100394,59.0,137288.57,42.5,14.2,9.1,0,2,1,0.08308765248296246
100395,25.0,41044.65,85.9,3.3,11.1,0,3,1,0.1834723466390446
100396,27.0,65260.05,42.6,3.7,7.6,0,1,1,0.14738003436790326
100397,37.0,139820.73,73.4,18.4,5.3,0,0,1,0.1514607060522905
100398,40.0,61004.13,62.4,4.6,6.5,0,1,1,0.21083352083878082
100399,41.0,72827.18,50.0,5.9,4.0,0,1,1,0.1800503802065746
100400,33.0,46386.41,56.6,8.3,4.6,0,1,1,0.18952089398390792
100401,36.0,59539.24,68.6,5.8,5.3,0,1,1,0.21474949972801322
100402,39.0,111334.76,77.3,17.7,8.2,0,0,1,0.16794311361411263
100403,58.0,117778.58,18.5,13.3,4.7,0,2,1,0.10694459953120194
100404,22.0,33887.46,60.7,5.9,11.5,0,3,1,0.15837248461413767
100405,39.0,125247.66,55.0,17.4,6.6,0,0,1,0.1720221788350218
100406,36.0,159572.9,84.8,17.9,7.1,0,0,1,0.11097339835530717
100407,38.0,61780.83,47.2,5.7,6.1,0,1,1,0.20064818802247925
100408,44.0,140235.29,74.1,15.0,10.0,0,0,1,0.15348129526977694
100409,24.0,46703.6,74.1,3.6,18.5,0,3,1,0.08040560720881129
100410,44.0,138295.71,62.1,21.1,4.5,0,0,1,0.14480491770934484
100411,54.0,86902.2,33.1,9.2,8.0,0,2,1,0.16107620396848937
100412,51.0,74221.97,47.5,11.0,5.0,0,2,1,0.19025865134938802
100413,28.0,34730.44,56.0,4.4,9.7,0,3,1,0.19395370098594034
100414,41.0,137251.31,55.9,18.4,3.9,0,0,1,0.14972737931863472
100415,23.0,32900.08,88.7,1.4,14.4,0,3,1,0.13451574080619816
100416,29.0,29526.6,66.9,0.1,10.8,0,3,1,0.1747136693912803
100417,20.0,38908.3,71.2,1.2,10.7,0,3,1,0.1628712188056653
100418,49.0,95146.2,44.9,12.2,4.4,0,2,1,0.18826383684503123
100419,25.0,22247.75,81.9,3.3,12.7,0,3,1,0.16455306822426513
100420,46.0,134910.89,82.3,17.4,8.7,0,0,1,0.15329308807307174
100421,50.0,102896.06,31.2,15.3,10.1,0,2,1,0.1274504595740577
100422,28.0,40877.87,62.6,0.2,9.0,0,3,1,0.17872673057637745
100423,24.0,30858.33,61.6,5.3,16.5,0,3,1,0.10190546849576854
100424,30.0,38252.61,80.3,1.3,10.2,0,3,1,0.18689884719448052
100425,63.0,88981.0,30.5,14.2,7.5,0,2,1,0.11386969192023089
100426,39.0,133410.59,67.0,18.1,11.3,0,0,1,0.15155684813945441
100427,20.0,38276.47,79.0,7.7,11.0,0,3,1,0.16584111700159493
100428,43.0,154482.81,68.6,14.4,7.3,0,0,1,0.1556191031080309
100429,23.0,22828.25,77.3,0.0,9.0,0,3,1,0.143516656112039
100430,44.0,142444.3,67.9,17.8,5.6,0,0,1,0.1801533445051709
100431,43.0,141463.78,63.0,18.5,8.8,0,0,1,0.1752904349489514
100432,51.0,136399.9,33.6,11.4,2.7,0,2,1,0.12683852425890513
100433,47.0,106728.84,28.1,10.9,2.4,0,2,1,0.1682424670854044
100434,38.0,95872.7,67.4,19.7,8.6,0,0,1,0.16198000087036157
100435,32.0,36325.51,83.2,6.8,9.7,0,3,1,0.19756555858564406
100436,24.0,31933.96,93.4,3.0,8.1,0,3,1,0.1582008324961653
100437,27.0,27298.34,83.3,3.8,9.4,0,3,1,0.19365519173055973
100438,39.0,45396.26,59.6,6.1,15.6,0,3,1,0.12160217821989844
100439,53.0,84801.7,21.2,14.6,2.9,0,2,1,0.1295862629061687
100440,48.0,100750.72,41.5,13.3,4.1,0,2,1,0.1916839589996167
100441,44.0,145847.33,75.4,18.8,11.3,0,0,1,0.13849489135087129
100442,24.0,27295.21,76.6,4.5,4.6,0,3,1,0.159094230190019
100443,43.0,110702.52,50.2,9.5,4.3,0,2,1,0.1872019842657029
100444,22.0,30497.62,81.1,0.4,6.7,0,3,1,0.13763057318633254
100445,22.0,31162.64,66.7,4.6,8.7,0,3,1,0.1864050571685512
100446,50.0,99833.47,33.7,13.7,1.2,0,2,1,0.15074677924739166
100447,36.0,132193.35,72.6,15.5,3.8,0,0,1,0.12974160659641937
100448,53.0,82041.95,20.5,13.9,2.1,0,2,1,0.11978791917604509
100449,30.0,32163.99,80.9,2.6,2.0,0,1,1,0.1339937743573556
100450,46.0,92850.37,38.6,8.4,3.8,0,2,1,0.17628229751817875
100451,18.0,33351.41,100.0,44.9,13.2,1,0,-1,-0.040924633663679155
100452,45.0,161681.92,68.5,23.6,4.3,0,0,1,0.09708932417614535
100453,49.0,110413.23,42.5,13.0,6.0,0,2,1,0.1879334015495212
100454,18.0,41154.36,76.0,5.5,3.9,0,3,1,0.0994543290675417
100455,25.0,28754.23,83.7,3.6,11.1,0,3,1,0.1977607094291825
100456,19.0,31671.86,76.2,4.0,13.0,0,3,1,0.1678952986971139
100457,44.0,107840.46,73.1,23.2,12.9,0,0,1,0.08939786126919247
100458,21.0,62706.91,67.3,6.6,5.6,0,1,1,0.1320995810682865
100459,51.0,104442.44,23.5,14.4,3.8,0,2,1,0.16141300497999456
100460,47.0,114226.39,19.5,10.9,2.3,0,2,1,0.12584337796766498
100461,63.0,83286.14,13.5,10.8,5.4,0,2,1,0.07238005217871446
100462,28.0,45112.87,92.1,3.4,7.3,0,3,1,0.14374607301132103
100463,51.0,130712.2,65.4,17.2,4.2,0,0,1,0.14853769401253453
100464,34.0,59398.51,65.3,6.2,3.2,0,1,1,0.19042192401616692
100465,44.0,98583.64,35.7,10.9,2.6,0,2,1,0.1708608881766579
100466,54.0,118778.34,27.2,12.2,6.9,0,2,1,0.15835649431751858
100467,48.0,94732.69,34.6,9.4,4.5,0,2,1,0.19103565517776228
100468,43.0,153988.12,60.1,18.0,12.1,0,0,1,0.1355997064937816
100469,34.0,39373.54,66.2,3.9,8.6,0,1,1,0.21276675431612396
100470,37.0,53382.06,40.9,6.3,9.2,0,1,1,0.1670904050224692
100471,37.0,66496.9,60.2,7.8,8.6,0,1,1,0.21261484837129757
100472,35.0,62925.06,75.4,7.3,7.1,0,1,1,0.19913070905866748
100473,25.0,30744.85,73.6,3.4,8.5,0,3,1,0.2124419728194747
100474,23.0,27446.64,79.1,4.2,9.4,0,3,1,0.2005885126033295
100475,18.0,35400.54,79.2,1.0,12.3,0,3,1,0.12396936587590857
100476,29.0,73666.75,57.4,2.5,7.5,0,1,1,0.1802841847306933
100477,34.0,55785.56,50.6,6.7,5.5,0,1,1,0.207890565279289
100478,43.0,116752.36,32.6,10.5,0.6,0,2,1,0.1311317159739936
100479,56.0,72796.81,36.3,10.8,2.4,0,2,1,0.14501073840424666
100480,30.0,55077.24,58.1,7.5,4.6,0,1,1,0.20251798619228328
100481,36.0,71915.15,41.4,7.0,4.1,0,1,1,0.1766885290946233
100482,19.0,33503.43,72.5,0.6,14.0,0,3,1,0.10782022740298924
100483,57.0,61957.57,20.3,13.2,3.1,0,2,1,0.10280486479041884
100484,44.0,68878.31,61.0,5.0,8.5,0,1,1,0.19041617723499726
100485,18.0,39518.21,82.2,1.4,12.4,0,3,1,0.12200707548281797
100486,47.0,59571.39,63.5,6.1,7.3,0,1,1,0.1890265723438691
100487,28.0,61994.09,58.4,10.6,1.6,0,1,1,0.13750339800093964
100488,23.0,39419.56,75.6,2.7,7.5,0,3,1,0.19792256312937656
100489,47.0,63777.9,28.7,10.0,4.4,0,2,1,0.16848897000902674
100490,48.0,86798.99,30.5,11.9,2.4,0,2,1,0.174661781582355
100491,47.0,96466.61,45.7,12.3,2.2,0,2,1,0.1772005878841797
100492,51.0,59934.18,33.6,11.2,1.2,0,2,1,0.13362614567610276
100493,48.0,87984.99,44.9,14.2,1.2,0,2,1,0.15314807058745927
100494,33.0,56502.7,66.1,7.3,7.3,0,1,1,0.21984667072059771
100495,55.0,84801.33,48.6,12.0,1.4,0,2,1,0.14562925323829912
100496,35.0,75748.32,53.7,8.9,5.1,0,1,1,0.20126687072164995
100497,32.0,69361.11,49.3,8.6,8.1,0,1,1,0.19111760680286416
100498,48.0,93778.33,29.5,12.7,9.7,0,2,1,0.16543796645455017
100499,34.0,67956.94,58.2,7.0,6.5,0,1,1,0.21881131120101932
100500,32.0,65740.16,55.1,5.2,10.0,0,1,1,0.19407079131957605
100501,52.0,91099.51,48.4,8.3,7.8,0,2,1,0.16682105978970663
100502,39.0,145330.62,66.1,16.2,11.9,0,0,1,0.13978323041355956
100503,52.0,134425.11,75.4,18.1,13.2,0,0,1,0.0996544100274176
100504,25.0,66208.7,50.7,2.3,5.9,0,1,1,0.14697157222852597
100505,45.0,54678.49,65.9,9.4,7.0,0,1,1,0.19861320986650416
100506,53.0,65651.31,27.8,13.8,4.2,0,2,1,0.1518293559913142
100507,38.0,63486.04,79.9,6.1,11.8,0,3,1,0.16656441881540285
100508,44.0,182693.81,59.8,18.4,6.8,0,0,1,0.12288455523691422
100509,37.0,75641.72,61.8,9.4,5.0,0,1,1,0.19952964297434822
100510,20.0,32092.77,77.6,2.6,7.1,0,3,1,0.1777696269195398
100511,30.0,29910.06,92.3,3.0,11.9,0,3,1,0.1445910224756557
100512,46.0,119228.28,75.7,21.9,8.8,0,0,1,0.14331018242243693
100513,29.0,35993.25,81.1,3.4,11.6,0,3,1,0.1934125156146363
100514,40.0,46909.85,60.5,6.6,5.8,0,1,1,0.20440132897718244
100515,42.0,53818.09,44.1,8.6,2.7,0,1,1,0.15397154472962
100516,18.0,37231.62,79.6,3.9,8.7,0,3,1,0.15692625579860103
100517,29.0,48766.61,55.3,4.5,7.9,0,1,1,0.19619964907142756
100518,50.0,98164.12,36.6,12.8,5.5,0,2,1,0.18832829738944562
100519,22.0,33059.66,80.4,0.0,11.9,0,3,1,0.14407637713579707
100520,44.0,154214.03,59.1,17.4,4.7,0,0,1,0.149751901968723
100521,47.0,104591.06,62.7,19.1,6.1,0,0,1,0.17312700381165097
100522,31.0,72118.99,67.5,8.4,9.5,0,1,1,0.19343586476880353
100523,23.0,30821.54,71.5,3.3,8.4,0,3,1,0.20881040729357375
100524,50.0,105258.3,46.8,12.8,9.4,0,2,1,0.1684164906888737
100525,20.0,21413.27,85.1,1.5,9.2,0,3,1,0.13146664580706952
100526,27.0,51964.81,43.0,6.1,5.8,0,1,1,0.1621301869059767
100527,43.0,171241.02,78.8,14.8,9.8,0,0,1,0.1024443357819591
100528,44.0,137534.77,71.8,18.4,5.9,0,0,1,0.18157227398885561
100529,51.0,115245.36,28.0,9.9,3.8,0,2,1,0.1612978988861239
100530,30.0,42773.74,54.6,9.9,6.9,0,1,1,0.1854840193594538
100531,53.0,58574.46,39.4,12.2,2.0,0,2,1,0.14246557033669888
100532,53.0,97909.08,24.4,12.7,7.6,0,2,1,0.16660055726412398
100533,35.0,52317.65,56.2,8.7,3.3,0,1,1,0.18301077905455598
100534,55.0,83405.95,37.4,10.9,2.3,0,2,1,0.16088220302027545
100535,32.0,23883.66,82.9,6.5,12.1,0,3,1,0.15834199022509798
100536,18.0,24618.1,70.5,3.3,10.7,0,3,1,0.14613662055021343
100537,30.0,52260.03,49.9,6.6,13.0,0,1,1,0.16627511226976988
100538,19.0,26372.72,66.7,4.3,9.9,0,3,1,0.16319725700604437
100539,20.0,29910.3,70.1,3.6,18.1,0,3,1,0.0739387061218797
100540,46.0,137656.69,65.4,15.3,10.2,0,0,1,0.1581290124354232
100541,46.0,128254.25,84.1,18.0,10.3,0,0,1,0.1377475382976993
100542,53.0,91970.98,25.5,11.7,6.5,0,2,1,0.17512163968545685
100543,40.0,151081.48,61.2,19.6,8.9,0,0,1,0.14263623483303894
100544,37.0,134354.83,81.3,15.5,4.8,0,0,1,0.1263793057916407
100545,24.0,44287.99,71.3,4.0,10.8,0,3,1,0.20034272299401207
100546,33.0,63798.25,53.5,6.3,2.0,0,1,1,0.16420134703594907
100547,36.0,72033.88,58.6,9.2,8.7,0,1,1,0.20433968426525867
100548,24.0,28383.15,73.1,0.1,9.2,0,3,1,0.17409099326656907
100549,53.0,124333.7,40.3,10.3,0.0,0,2,1,0.1279836266965601
100550,35.0,71059.29,55.8,8.1,6.5,0,1,1,0.2144700264892005
100551,40.0,44174.6,74.0,4.8,9.4,0,1,1,0.18355810879183598
100552,23.0,31332.83,75.6,3.5,11.4,0,3,1,0.2048589370003162
100553,29.0,40109.79,81.3,6.4,10.3,0,3,1,0.19533154129532676
100554,48.0,150803.74,66.5,18.4,9.5,0,0,1,0.1529696495893929
100555,24.0,34378.05,86.7,3.0,1.2,0,3,1,0.10551285342424366
100556,32.0,30285.87,69.8,0.8,9.0,0,3,1,0.17822214103258777
100557,33.0,53774.97,51.2,8.1,13.1,0,1,1,0.16269910395301757
100558,40.0,74528.2,54.2,7.2,8.3,0,1,1,0.20330742767861426
100559,49.0,87720.02,43.5,14.2,4.2,0,2,1,0.17193048605563693
100560,30.0,58701.19,43.6,7.2,7.8,0,1,1,0.18131364466485422
100561,23.0,33392.26,82.2,3.5,6.4,0,3,1,0.18416500634051097
100562,23.0,34360.7,93.8,2.5,11.7,0,3,1,0.14674693526343463
100563,47.0,135044.98,83.5,20.4,12.1,0,0,1,0.0976247126043549
100564,54.0,135358.35,28.8,16.2,6.3,0,2,1,0.11155527007799004
100565,59.0,89527.35,43.4,14.9,0.7,0,2,1,0.09753835229041286
100566,51.0,58384.58,33.2,10.4,3.3,0,2,1,0.1581431982764946
100567,67.0,124374.44,20.6,13.1,6.4,0,2,1,0.05092865215383424
100568,22.0,33027.05,80.8,0.3,6.9,0,3,1,0.13872377622020726
100569,37.0,63109.33,1.0,25.2,6.7,1,2,-1,-0.013002692049945752
100570,40.0,61146.42,74.2,5.6,7.6,0,1,1,0.19440137157582416
100571,34.0,68561.64,50.2,10.9,1.9,0,1,1,0.1587571582672206
100572,52.0,142267.71,77.5,20.7,10.6,0,0,1,0.09910077030474485
100573,32.0,68697.0,76.7,5.2,13.4,0,3,1,0.14941091492950503
100574,54.0,87591.81,26.1,11.6,0.0,0,2,1,0.1316033641218397
100575,41.0,133374.23,61.3,19.5,7.3,0,0,1,0.1715666510370496
100576,33.0,58369.27,61.6,7.1,4.9,0,1,1,0.20936889602699404
100577,44.0,138722.97,60.6,17.4,9.7,0,0,1,0.17020988465269704
100578,55.0,91067.61,41.8,10.0,1.2,0,2,1,0.1500186199041892
100579,42.0,177738.67,73.6,17.4,12.6,0,0,1,0.09133674923301294
100580,35.0,86939.62,52.9,5.0,6.5,0,1,1,0.17901395240406226
100581,35.0,52985.85,84.0,7.6,8.4,0,3,1,0.18136622262985053
100582,34.0,55553.21,68.3,3.6,3.6,0,1,1,0.18550181612954636
100583,23.0,39782.03,74.3,3.8,10.1,0,3,1,0.19704357418421636
100584,42.0,44314.49,65.4,6.6,9.8,0,1,1,0.19332488907451523
100585,39.0,140614.71,71.0,16.0,4.2,0,0,1,0.15043553246251284
100586,49.0,97221.82,27.4,11.3,0.0,0,2,1,0.12735518310611554
100587,22.0,37895.86,85.1,2.8,10.7,0,3,1,0.17994607334111273
100588,32.0,80128.74,78.7,7.3,14.8,0,3,1,0.10931884678767945
100589,21.0,24793.78,70.9,2.6,16.9,0,3,1,0.08185881751189705
100590,23.0,27048.38,69.0,5.3,13.0,0,3,1,0.17234514316069077
100591,41.0,92730.24,60.7,21.4,10.1,0,0,1,0.12576142984561794
100592,36.0,82856.18,77.6,6.9,6.9,0,1,1,0.17508488617914725
100593,33.0,58823.83,43.1,4.0,1.8,0,1,1,0.13146339440284804
100594,57.0,68300.02,54.5,10.5,9.2,0,2,1,0.1335400797393715
100595,22.0,22978.76,90.8,5.8,7.3,0,3,1,0.1278848255225828
100596,22.0,26782.62,76.8,3.2,8.9,0,3,1,0.19213936976594215
100597,43.0,85066.96,42.0,11.6,3.0,0,2,1,0.17146091988263362
100598,47.0,84568.12,49.1,9.7,6.2,0,2,1,0.19947421433168006
100599,43.0,146169.23,64.7,17.3,8.0,0,0,1,0.18127302367232406
100600,49.0,100667.49,39.6,16.3,4.8,0,2,1,0.16198622920565142
100601,26.0,74979.29,56.0,11.0,11.4,0,1,1,0.13719789510712788
100602,49.0,107344.54,29.1,12.0,6.0,0,2,1,0.17444251483111478
100603,49.0,162559.19,72.7,23.0,6.9,0,0,1,0.10504627467305405
100604,44.0,70808.64,49.7,11.8,4.5,0,2,1,0.1933117811852017
100605,40.0,128591.9,64.1,18.9,7.7,0,0,1,0.1807761190893914
100606,54.0,100804.4,30.7,9.1,0.0,0,2,1,0.12509053747477134
100607,58.0,177249.97,85.4,16.7,8.0,0,0,1,0.06156301923371621
100608,20.0,24442.41,72.1,5.7,12.5,0,3,1,0.14397556010404072
100609,47.0,89616.65,42.5,10.9,4.2,0,2,1,0.1930090001933617
100610,38.0,66362.78,60.5,5.7,5.3,0,1,1,0.20965743885567595
100611,46.0,68301.14,33.9,13.6,0.0,0,2,1,0.12517358435224762
100612,53.0,108417.19,16.6,11.5,8.9,0,2,1,0.10827799317911868
100613,46.0,92864.48,78.6,16.5,10.1,0,0,1,0.15140234966002636
100614,40.0,138663.58,66.6,18.0,6.3,0,0,1,0.17562950993586185
100615,35.0,48880.25,62.9,7.4,2.2,0,1,1,0.17147895934575558
100616,57.0,91985.48,36.6,13.5,5.0,0,2,1,0.175565754564451
100617,58.0,89984.65,45.3,12.2,5.5,0,2,1,0.1621505158547571
100618,38.0,75846.55,65.2,6.1,5.1,0,1,1,0.199910204632041
100619,24.0,27621.82,67.5,0.0,5.4,0,3,1,0.13661977284945265
100620,34.0,28218.56,97.0,3.8,9.9,0,3,1,0.11790033702412672
100621,44.0,95079.84,53.9,15.1,4.8,0,2,1,0.19124052900594385
100622,30.0,51318.03,49.5,9.6,11.9,0,1,1,0.15864391547717938
100623,44.0,132362.37,87.5,16.0,8.2,0,0,1,0.14075816275364383
100624,38.0,52371.15,51.6,5.6,11.3,0,1,1,0.18184236613742388
100625,53.0,142892.77,69.3,16.8,8.0,0,0,1,0.1412201422856565
100626,33.0,60917.14,62.1,6.2,6.4,0,1,1,0.2210368948981239
100627,51.0,89569.67,30.6,13.5,0.0,0,2,1,0.1360043649455286
100628,32.0,32780.65,84.1,4.5,7.9,0,3,1,0.19769364739060713
100629,47.0,77348.2,32.5,13.4,2.2,0,2,1,0.16027640762176137
100630,46.0,80328.39,68.1,20.3,7.5,0,0,1,0.13793812184244358
100631,39.0,123447.55,41.7,16.0,11.2,0,0,1,0.12173269415874649
100632,40.0,128293.48,48.7,14.7,11.6,0,0,1,0.12642552381842537
100633,27.0,24526.75,71.7,2.9,6.4,0,3,1,0.18502813492067371
100634,26.0,60223.21,63.7,8.2,9.6,0,1,1,0.18221353261667145
100635,18.0,32333.52,75.3,2.8,9.4,0,3,1,0.16965422874807373
100636,21.0,14617.53,89.6,3.7,5.5,0,3,1,0.10021976996950299
100637,54.0,87351.09,30.8,10.5,5.6,0,2,1,0.18321972262144753
100638,48.0,76244.13,46.3,11.6,3.6,0,2,1,0.187780333230809
100639,55.0,83584.27,30.3,12.6,0.0,0,2,1,0.13526404786194318
100640,44.0,120956.07,80.6,19.1,9.2,0,0,1,0.1628617462763825
100641,44.0,93231.94,23.2,11.9,0.0,0,2,1,0.10973389642634723
100642,35.0,169963.65,75.7,17.3,5.3,0,0,1,0.10040660589639094
100643,19.0,33152.9,74.6,6.1,9.4,0,3,1,0.17209041651513896
100644,24.0,24002.22,74.4,3.4,8.9,0,3,1,0.19783061416104358
100645,50.0,100590.15,50.1,12.3,7.4,0,2,1,0.18935164364186352
100646,46.0,167325.71,65.9,17.6,7.4,0,0,1,0.15056017124125282
100647,27.0,36564.3,79.3,4.8,8.3,0,3,1,0.20653757995016042
100648,40.0,73336.43,64.8,7.3,9.1,0,1,1,0.2005358421947434
100649,48.0,98391.99,38.0,9.3,5.4,0,2,1,0.19217009420881676
100650,18.0,29535.19,78.4,1.5,10.2,0,3,1,0.14952296127928427
100651,36.0,52846.77,63.7,5.5,13.9,0,3,1,0.1671772066560988
100652,42.0,110483.39,62.2,20.3,6.8,0,0,1,0.16770171887651764
100653,45.0,109598.49,30.8,13.3,6.8,0,2,1,0.17488271167709618
100654,25.0,45800.43,60.8,1.4,9.2,0,3,1,0.1796591250916098
100655,54.0,185309.66,84.9,16.4,6.0,0,0,1,0.06571547350814799
100656,32.0,53256.96,72.9,6.5,6.7,0,1,1,0.21530222560276857
100657,47.0,98079.1,72.5,15.8,7.1,0,0,1,0.1783230438418183
100658,33.0,54880.13,60.3,7.4,6.3,0,1,1,0.21519058115936318
100659,54.0,80146.69,41.8,11.6,2.5,0,2,1,0.15753675131937012
100660,32.0,59306.0,76.7,6.9,3.6,0,1,1,0.17279723210854503
100661,29.0,29281.69,80.8,1.8,13.8,0,3,1,0.15255239908412932
100662,40.0,175226.02,61.5,17.4,12.2,0,0,1,0.10470854705652144
100663,25.0,45083.64,75.3,3.5,15.7,0,3,1,0.11888538416226752
100664,18.0,22566.56,70.0,4.6,5.2,0,3,1,0.11431114992566715
100665,39.0,67878.05,78.1,9.1,8.1,0,1,1,0.1916540611531068
100666,59.0,104215.26,30.4,9.7,2.3,0,2,1,0.12776306889138972
100667,43.0,144410.46,50.6,17.6,8.1,0,0,1,0.158914381579504
100668,46.0,180995.38,73.9,16.2,2.5,0,0,1,0.06278703896932414
100669,39.0,52300.99,66.7,9.8,2.4,0,1,1,0.1578422345963944
100670,39.0,76425.67,68.2,2.8,4.4,0,1,1,0.16727526122532843
100671,18.0,35015.2,82.1,0.0,9.1,0,3,1,0.11949324493059893
100672,56.0,97530.39,36.5,11.3,0.8,0,2,1,0.144506621008894
100673,43.0,141312.75,78.2,19.4,8.3,0,0,1,0.16290728132767057
100674,57.0,88588.79,20.6,13.0,4.4,0,2,1,0.13973776347772915
100675,54.0,73377.88,52.9,13.4,3.1,0,2,1,0.14837448383721968
100676,31.0,74021.03,47.0,11.5,5.2,0,1,1,0.18365340580859513
100677,52.0,135351.26,87.8,16.5,8.1,0,0,1,0.11687378522342873
100678,40.0,69388.78,69.0,6.0,7.3,0,1,1,0.20316986383850882
100679,30.0,27937.73,83.7,2.6,10.6,0,3,1,0.1883820000583163
100680,36.0,53202.76,55.4,7.3,6.7,0,1,1,0.21918326816867617
100681,32.0,37817.34,80.9,1.5,7.5,0,3,1,0.1893073077038372
100682,34.0,26183.06,79.1,3.7,9.1,0,3,1,0.18521724864840028
100683,19.0,27479.0,72.5,1.6,14.0,0,3,1,0.12182414407230002
100684,36.0,56154.38,1.0,49.4,6.0,1,2,-1,-0.06740266979619947
100685,57.0,73263.39,46.7,12.0,3.9,0,2,1,0.1546222362263397
100686,33.0,48297.19,41.3,5.5,8.8,0,1,1,0.16643443161047383
100687,31.0,44719.32,48.9,6.2,6.0,0,1,1,0.19146258005606814
100688,42.0,166021.68,84.5,22.0,3.1,0,0,1,0.06352866561908876
100689,48.0,106944.1,30.5,13.7,4.6,0,2,1,0.18286412386908063
100690,44.0,73636.71,1.0,27.3,6.7,1,2,-1,-0.01207852739565829
100691,34.0,45194.24,72.7,8.5,6.0,0,1,1,0.20696338115140328
100692,50.0,124114.74,53.6,20.0,4.2,0,0,1,0.13476977980345461
100693,23.0,33187.27,81.9,4.7,11.7,0,3,1,0.18870890004749824
100694,39.0,53175.21,60.9,4.0,11.7,0,1,1,0.18176037585832333
100695,36.0,131269.72,58.8,16.5,8.0,0,0,1,0.16373576264493567
100696,33.0,74769.79,60.3,6.1,6.6,0,1,1,0.20021696088435487
100697,58.0,110541.69,23.6,10.6,5.4,0,2,1,0.14404579575248455
100698,54.0,77038.48,42.5,10.2,7.9,0,2,1,0.16431321840561247
100699,55.0,75644.09,29.7,10.9,4.5,0,2,1,0.16679837604095682
100700,35.0,49216.34,44.1,8.1,7.9,0,1,1,0.18596131892735968
100701,25.0,33559.42,71.8,3.4,17.6,0,3,1,0.10695839112258942
100702,42.0,58781.36,52.8,1.3,10.2,0,1,1,0.15732339567983689
100703,28.0,28867.55,63.7,0.7,11.3,0,3,1,0.16906355512703053
100704,43.0,157428.12,72.9,19.9,9.1,0,0,1,0.14247441410276163
100705,40.0,38679.13,45.7,6.3,10.2,0,1,1,0.15234307274596232
100706,61.0,92191.57,28.9,8.1,6.6,0,2,1,0.1097008035644974
100707,49.0,145587.52,27.6,16.2,6.2,0,2,1,0.10994925721034488
100708,47.0,98969.66,42.7,11.5,6.5,0,2,1,0.1964108243774536
100709,40.0,68655.14,57.8,4.7,6.8,0,1,1,0.203338581528269
100710,37.0,41063.27,59.7,6.8,3.1,0,1,1,0.16707084241681747
100711,41.0,132141.47,91.3,18.4,11.1,0,0,1,0.09892504564174853
100712,51.0,62956.03,41.7,10.7,3.0,0,2,1,0.17225185015209554
100713,38.0,141833.75,82.7,19.9,12.8,0,0,1,0.09887151943194195
100714,52.0,88443.97,60.1,14.4,9.9,0,0,1,0.14559754639950023
100715,49.0,86635.02,32.8,12.8,0.0,0,2,1,0.13826227959684873
100716,18.0,32007.47,90.0,2.9,7.6,0,3,1,0.13727725465210971
100717,41.0,111290.75,27.6,9.7,0.0,0,2,1,0.10969365318387458
100718,18.0,26463.41,75.6,0.6,10.6,0,3,1,0.12288448538726476
100719,51.0,132996.07,18.0,12.3,4.5,0,2,1,0.11004558610599924
100720,38.0,142400.36,79.7,18.2,12.2,0,0,1,0.12713935129919302
100721,25.0,52600.68,72.8,8.8,8.6,0,3,1,0.17860371431129624
100722,42.0,40611.21,66.0,9.1,5.0,0,1,1,0.1806573921236747
100723,37.0,33130.97,56.1,3.8,7.8,0,1,1,0.18483756799243062
100724,49.0,153808.19,66.0,21.0,10.8,0,0,1,0.10717052082572454
100725,20.0,31124.22,83.2,2.3,9.0,0,3,1,0.17234991428420693
100726,24.0,25861.0,55.7,3.5,4.0,0,1,1,0.1288491359612991
100727,19.0,21795.69,61.5,3.9,9.3,0,3,1,0.14005971517909305
100728,23.0,24420.41,71.4,3.8,9.8,0,3,1,0.19598917398883153
100729,40.0,72770.43,55.5,3.3,4.7,0,1,1,0.18029966713503398
100730,36.0,53334.4,47.5,7.1,14.3,0,1,1,0.13821521469564574
100731,34.0,61968.69,44.9,9.5,9.6,0,1,1,0.1776971404744604
100732,28.0,39832.42,73.7,2.4,15.1,0,3,1,0.15547986519293455
100733,27.0,19217.28,82.5,1.8,12.7,0,3,1,0.14397971323243847
100734,38.0,42575.54,60.7,7.4,8.1,0,1,1,0.20807776784067794
100735,27.0,40616.76,82.1,3.0,13.4,0,3,1,0.17322964530367424
100736,63.0,110647.71,37.1,12.9,4.8,0,2,1,0.12478833486615981
100737,24.0,44471.38,70.5,5.3,9.6,0,3,1,0.19267858496117196
100738,29.0,59898.37,52.5,8.2,7.3,0,1,1,0.198281174447205
100739,31.0,78416.45,68.9,10.2,7.7,0,1,1,0.18890668023608187
100740,36.0,69851.73,52.2,7.3,6.5,0,1,1,0.21754891795514952
100741,18.0,32734.14,73.6,2.5,11.1,0,3,1,0.16611350335691621
100742,30.0,27111.08,74.6,1.5,7.5,0,3,1,0.19170264914581114
100743,40.0,135049.45,77.9,18.6,4.8,0,0,1,0.15182862429330163
100744,30.0,37439.81,69.0,5.4,11.0,0,3,1,0.20535331431643072
100745,35.0,65996.17,57.7,8.1,7.6,0,1,1,0.21442445856441422
100746,34.0,39391.77,63.3,6.3,9.3,0,1,1,0.2069114690103857
100747,38.0,58120.07,68.2,7.4,7.5,0,1,1,0.22139241711116314
100748,35.0,80788.48,50.9,6.4,3.3,0,1,1,0.17054233862691748
100749,56.0,85045.25,30.3,11.0,4.2,0,2,1,0.17536039979908863
100750,37.0,83470.22,76.6,13.8,10.6,0,0,1,0.14934316097665706
100751,32.0,31054.07,91.0,3.0,14.8,0,3,1,0.11671027864181599
100752,34.0,35607.92,57.2,10.4,8.6,0,1,1,0.183602064712514
100753,21.0,33894.47,87.7,2.8,17.9,0,3,1,0.0783773717712557
100754,33.0,73188.02,65.6,5.6,5.7,0,1,1,0.1992882057971821
100755,57.0,97475.87,38.4,8.7,6.0,0,2,1,0.1517108046891789
100756,25.0,31631.88,81.6,2.2,8.2,0,3,1,0.1992015424216082
100757,35.0,56819.49,79.8,8.8,4.1,0,1,1,0.16386447164698625
100758,53.0,129092.01,72.3,19.8,2.1,0,0,1,0.08703522784025941
100759,23.0,28697.6,1.0,45.4,9.8,1,0,-1,-0.09397428495169335
100760,35.0,73886.87,61.0,7.1,7.4,0,1,1,0.20624766573713527
100761,61.0,97952.73,29.9,8.2,0.0,0,2,1,0.06878383660686238
100762,22.0,31375.75,72.4,3.7,8.3,0,3,1,0.20143758608389345
100763,19.0,35528.83,91.7,0.8,10.7,0,3,1,0.11345524136923968
100764,18.0,23506.66,72.1,5.3,7.7,0,3,1,0.13265394059432872
100765,39.0,140909.4,72.4,16.4,14.0,0,0,1,0.10988373744785562
100766,23.0,32654.25,74.0,3.9,13.7,0,3,1,0.17434786807999902
100767,32.0,27609.35,89.0,4.1,12.9,0,3,1,0.1515670574944083
100768,24.0,30922.65,87.4,4.9,14.7,0,3,1,0.15247819382961825
100769,25.0,31384.17,53.4,0.0,8.8,0,3,1,0.1425839005565646
100770,46.0,108921.63,21.9,11.0,2.6,0,2,1,0.14958480616015252
100771,30.0,28496.54,82.5,3.4,12.7,0,3,1,0.17909499826810094
100772,56.0,94428.17,18.0,11.5,3.9,0,2,1,0.13845789650818652
100773,53.0,82387.81,46.4,12.0,1.2,0,2,1,0.15135080452308558
100774,41.0,188599.27,78.6,20.1,4.9,0,0,1,0.082824143900041
100775,21.0,28075.01,79.8,2.7,8.5,0,3,1,0.1814824326643727
100776,41.0,119990.31,70.2,20.2,3.5,0,0,1,0.14066254242673615
100777,54.0,118599.59,33.2,10.9,6.8,0,2,1,0.1763518564563375
100778,19.0,31869.3,67.6,0.0,9.5,0,3,1,0.1415908516318088
100779,46.0,94800.43,46.2,15.7,4.3,0,2,1,0.1749905951600954
100780,48.0,150053.86,68.2,14.2,12.9,0,0,1,0.11477936214103601
100781,19.0,39964.76,83.4,1.0,10.9,0,3,1,0.1365401775264281
100782,54.0,178698.45,66.9,16.6,8.3,0,0,1,0.09183126211067949
100783,35.0,75389.07,65.4,3.6,8.4,0,1,1,0.1913084497032096
100784,51.0,95634.55,37.5,14.4,6.9,0,2,1,0.18585466403870693
100785,39.0,138522.98,67.5,14.6,7.7,0,0,1,0.16940902641845035
100786,45.0,42893.6,57.8,6.9,7.9,0,1,1,0.18257069018500705
100787,38.0,104087.21,58.2,20.7,5.1,0,0,1,0.14596593580039524
100788,34.0,85487.7,50.7,7.7,10.2,0,1,1,0.16132144157409029
100789,57.0,72230.04,27.9,12.6,9.8,0,2,1,0.11401437538632275
100790,48.0,86559.22,39.2,13.2,6.0,0,2,1,0.19165635167172967
100791,20.0,28935.4,80.2,5.5,9.3,0,3,1,0.17318684504188836
100792,36.0,50550.64,76.6,7.3,10.2,0,3,1,0.1887730422719519
100793,36.0,62951.58,43.0,2.7,10.8,0,1,1,0.15059633098005382
100794,24.0,33189.03,65.5,1.2,13.2,0,3,1,0.16961938130398102
100795,33.0,28421.46,84.7,3.4,9.6,0,3,1,0.18652352719075382
100796,45.0,56942.27,70.4,7.8,6.9,0,1,1,0.1939009429417472
100797,31.0,33671.17,77.0,5.8,13.7,0,3,1,0.16355772432066334
100798,30.0,12000.0,82.4,3.4,9.9,0,3,1,0.15684936903005164
100799,55.0,99455.52,41.8,11.5,8.5,0,2,1,0.15947713607610076
100800,56.0,104277.2,39.9,14.3,7.1,0,2,1,0.16863906334229167
100801,51.0,111934.31,36.7,15.8,7.3,0,2,1,0.15767130909371674
100802,33.0,88010.73,37.0,8.3,4.9,0,1,1,0.15794875279158288
100803,52.0,146370.71,64.1,17.5,5.9,0,0,1,0.14727579489304532
100804,50.0,89380.13,27.5,12.5,5.2,0,2,1,0.18297254378757855
100805,19.0,22448.37,81.1,4.1,12.2,0,3,1,0.14565523536123876
100806,27.0,41058.85,88.0,8.4,19.3,0,3,1,0.06642678555146364
100807,43.0,57428.93,34.9,13.0,3.8,0,2,1,0.15827982898773357
100808,28.0,30443.41,71.1,1.9,9.4,0,3,1,0.20458452722312986
100809,40.0,56567.97,55.1,8.1,6.4,0,1,1,0.21077894058182944
100810,49.0,116828.44,60.6,18.6,9.2,0,0,1,0.1530398226312778
100811,20.0,39739.11,97.2,1.7,14.5,0,3,1,0.07114286095365197
100812,18.0,38198.41,69.4,5.0,7.1,0,3,1,0.13544223767413072
100813,43.0,119585.09,69.9,21.7,7.7,0,0,1,0.15462583639192512
100814,63.0,88402.61,49.9,8.7,3.1,0,2,1,0.08863271198340983
100815,21.0,40857.18,79.9,0.0,6.1,0,3,1,0.11140771444361419
100816,38.0,163538.07,80.1,17.4,6.4,0,0,1,0.13812391611936764
100817,47.0,111536.02,76.6,18.7,7.2,0,0,1,0.16549753667318856
100818,38.0,63139.37,63.0,4.3,8.8,0,1,1,0.20867957940867782
100819,57.0,100488.27,41.0,11.8,6.7,0,2,1,0.17903067932665095
100820,24.0,25387.86,86.2,0.0,10.8,0,3,1,0.15179122416472224
100821,22.0,29418.8,79.7,1.6,11.5,0,3,1,0.17419094307431915
100822,52.0,84444.27,48.4,12.4,5.9,0,2,1,0.19224847226101938
100823,43.0,77625.99,63.8,6.4,2.7,0,1,1,0.16589546398822153
100824,53.0,113717.39,38.5,5.1,6.6,0,2,1,0.13800253503108145
100825,48.0,132409.2,81.9,19.3,5.9,0,0,1,0.15607218910851034
100826,30.0,24699.33,77.4,2.7,7.5,0,3,1,0.19158888657892925
100827,54.0,117407.31,47.5,13.4,0.0,0,2,1,0.1254040352198506
100828,18.0,32957.13,77.7,2.0,15.7,0,3,1,0.08982290430482043
100829,44.0,153668.8,81.9,18.1,15.8,0,0,1,0.07209663538163136
100830,19.0,28509.03,68.6,6.1,12.4,0,3,1,0.13683819217530885
100831,49.0,80227.71,48.8,12.7,8.2,0,2,1,0.17732364023854136
100832,52.0,103747.25,38.0,10.8,3.6,0,2,1,0.20091558906023177
100833,30.0,67514.23,65.6,9.0,9.0,0,1,1,0.19472430606751862
100834,51.0,121538.7,43.9,14.8,8.4,0,2,1,0.15726707485559538
100835,51.0,101632.74,42.7,9.7,0.6,0,2,1,0.1499499898743744
100836,46.0,93151.49,31.7,9.1,4.4,0,2,1,0.18365296502509837
100837,52.0,115216.31,55.1,12.9,1.9,0,2,1,0.14720567521779182
100838,46.0,140234.43,69.6,16.3,6.6,0,0,1,0.17674679488111628
100839,35.0,70973.72,63.1,10.7,9.0,0,1,1,0.1976741599619306
100840,38.0,58582.47,47.6,5.9,4.9,0,1,1,0.19498537024728452
100841,18.0,26190.28,94.0,3.7,8.9,0,3,1,0.1085535934296612
100842,54.0,61596.78,37.8,14.6,3.6,0,2,1,0.1462840089301664
100843,27.0,57380.42,70.8,7.5,2.7,0,1,1,0.14529073719130375
100844,48.0,48007.5,55.6,4.9,3.9,0,1,1,0.14989937425242733
100845,22.0,35664.22,90.9,2.2,7.0,0,3,1,0.14516556789933538
100846,45.0,152800.68,74.4,18.6,7.7,0,0,1,0.16575900559507206
100847,36.0,59972.77,68.7,11.5,7.5,0,1,1,0.20710528091457187
100848,52.0,99375.23,28.4,13.5,5.3,0,2,1,0.1827312582524096
100849,22.0,37195.9,78.2,1.1,11.1,0,3,1,0.17307743888104787
100850,44.0,164202.54,80.3,17.8,6.6,0,0,1,0.1499499461395426
100851,24.0,34092.66,82.8,3.6,9.7,0,3,1,0.19901854698385946
100852,29.0,28116.02,100.0,4.5,6.6,0,3,1,0.10926815116311717
100853,44.0,159471.62,68.5,15.0,4.9,0,0,1,0.14289378346801324
100854,46.0,95783.66,57.5,19.1,7.3,0,0,1,0.17208044526172067
100855,21.0,29150.34,63.3,4.0,7.6,0,3,1,0.17412382582163338
100856,33.0,65870.12,55.4,5.6,1.0,0,1,1,0.1536784478089166
100857,54.0,96350.78,29.8,9.9,4.0,0,2,1,0.17257759956013646
100858,45.0,142463.52,88.4,19.4,7.7,0,0,1,0.12021964805084823
100859,40.0,62543.07,58.5,9.6,4.3,0,1,1,0.20194152239576263
100860,36.0,75277.16,61.1,6.3,1.9,0,1,1,0.15835253857541637
100861,41.0,130502.7,38.1,10.8,5.0,0,2,1,0.17190421602124883
100862,47.0,89336.46,25.6,9.2,0.0,0,2,1,0.13505209539104968
100863,44.0,112464.02,25.1,13.1,6.9,0,2,1,0.15299518460818146
100864,52.0,89894.5,36.3,11.2,7.6,0,2,1,0.18835366314123847
100865,33.0,40350.92,56.5,2.1,10.0,0,1,1,0.17842081764430678
100866,45.0,96471.67,54.6,20.6,6.3,0,0,1,0.14397390063105459
100867,36.0,112188.25,75.9,16.4,8.7,0,0,1,0.15154739939198858
100868,47.0,65174.18,49.2,12.8,3.0,0,2,1,0.17563833984895283
100869,21.0,40437.83,83.9,5.3,8.2,0,3,1,0.16305203465856516
100870,24.0,34316.67,72.5,2.8,8.2,0,3,1,0.20987436742984578
100871,54.0,72404.16,40.7,12.6,3.4,0,2,1,0.17071724584299547
100872,26.0,29897.94,71.3,4.1,11.8,0,3,1,0.19893586780517175
100873,40.0,125055.08,70.2,16.9,12.6,0,0,1,0.13539533638211904
100874,38.0,62162.94,48.7,8.5,5.2,0,1,1,0.21027919140168244
100875,49.0,108211.71,38.9,7.0,3.5,0,2,1,0.14785828675351176
100876,44.0,131442.18,73.6,14.4,0.0,0,0,1,0.10784068454521634
100877,31.0,65149.88,25.8,5.3,1.2,0,1,1,0.1014050800513977
100878,35.0,83850.16,55.8,6.8,9.5,0,1,1,0.17659712791317284
100879,52.0,91323.64,44.3,12.9,4.9,0,2,1,0.191357871618004
100880,51.0,89082.29,44.2,11.3,7.7,0,2,1,0.18869903596445514
100881,31.0,78001.03,62.7,5.1,8.5,0,1,1,0.1912840139819872
100882,49.0,95571.62,30.1,11.7,6.8,0,2,1,0.1826824768022529
100883,46.0,111640.79,61.3,18.5,9.0,0,0,1,0.16901465211850286
100884,33.0,79759.08,66.1,5.7,4.8,0,1,1,0.17996672580143597
100885,23.0,30088.52,90.6,5.0,10.1,0,3,1,0.16823845463188436
100886,39.0,71184.4,58.6,7.8,8.8,0,1,1,0.20797730179831808
100887,38.0,53308.55,51.2,6.4,4.9,0,1,1,0.19738738975110282
100888,18.0,35893.48,81.5,0.3,9.3,0,3,1,0.12302305533844826
100889,23.0,33048.0,67.2,0.3,11.6,0,3,1,0.1554090723088039
100890,44.0,91021.45,31.7,11.8,4.8,0,2,1,0.18245661493001447
100891,44.0,44149.67,66.8,2.0,11.2,0,1,1,0.14172673956391757
100892,33.0,201397.14,68.1,20.6,11.3,0,0,1,0.02559911639053103
100893,22.0,29927.84,69.6,4.6,8.7,0,3,1,0.1903857001952896
100894,20.0,35094.71,69.0,2.3,10.3,0,3,1,0.17144257500480375
100895,49.0,86594.52,50.3,11.6,2.9,0,2,1,0.16879276175089442
100896,42.0,151452.27,61.7,18.9,8.8,0,0,1,0.15592192116035802
100897,18.0,42334.91,92.6,1.4,6.6,0,3,1,0.08336738412408051
100898,25.0,23787.03,91.6,2.1,14.9,0,3,1,0.10124088347004467
100899,20.0,31353.72,90.7,2.4,10.8,0,3,1,0.14991593719383328
100900,41.0,55794.51,45.4,4.1,8.8,0,1,1,0.16642836607908645
100901,38.0,73848.16,55.3,4.1,0.0,0,1,1,0.14002022223367538
100902,38.0,35035.08,79.4,3.6,5.7,0,1,1,0.1713152093875453
100903,20.0,42041.58,84.6,1.5,6.3,0,3,1,0.13891240367460062
100904,33.0,58479.79,78.5,6.6,3.4,0,1,1,0.1695781629511705
100905,43.0,146661.33,59.2,18.8,11.6,0,0,1,0.1362987936709909
100906,53.0,81370.19,29.7,8.7,3.6,0,2,1,0.1487590582702666
100907,38.0,51993.58,77.4,8.6,1.6,0,1,1,0.12406150020861301
100908,18.0,26332.02,93.7,4.8,14.9,0,3,1,0.06694231387894678
100909,24.0,30793.34,65.5,3.7,9.4,0,3,1,0.20160292716935035
100910,35.0,80057.45,56.7,9.7,2.2,0,1,1,0.16202887562396873
100911,65.0,88617.08,42.1,13.7,2.5,0,2,1,0.08277006269495102
100912,47.0,161949.28,64.9,16.6,8.1,0,0,1,0.15959281006329668
100913,42.0,175106.88,79.0,17.9,9.8,0,0,1,0.11627344354169877
100914,33.0,124494.16,74.9,20.2,8.6,0,0,1,0.12219329276450164
100915,50.0,161872.08,67.1,17.7,9.2,0,0,1,0.13703663602556015
100916,41.0,178588.51,60.9,18.6,10.2,0,0,1,0.09988467578636984
100917,22.0,28896.52,77.2,4.6,8.5,0,3,1,0.19803381652471758
100918,19.0,38627.37,82.0,5.0,12.3,0,3,1,0.15268961174871548
100919,47.0,74443.09,50.8,7.9,5.3,0,1,1,0.19652793223004617
100920,50.0,70846.24,32.1,13.1,3.8,0,2,1,0.16705885493187606
100921,19.0,23227.41,99.1,3.7,7.5,0,3,1,0.07968294309848911
100922,45.0,195167.49,78.2,12.4,16.0,0,0,1,0.01306661358744765
100923,43.0,91477.2,23.7,10.5,4.9,0,2,1,0.16621229148060823
100924,26.0,60992.86,69.5,5.3,2.8,0,1,1,0.1470242220829533
100925,23.0,30051.15,72.0,0.6,11.6,0,3,1,0.16173725264369493
100926,27.0,25861.87,68.7,3.3,7.1,0,3,1,0.19483044179544662
100927,25.0,40455.95,77.4,0.6,11.2,0,3,1,0.16951575618071862
100928,42.0,136216.04,1.0,35.8,8.1,1,2,-1,-0.04579752911020518
100929,52.0,130286.56,47.0,13.7,4.4,0,2,1,0.17014733257010056
100930,47.0,114278.31,36.4,10.8,3.3,0,2,1,0.18176068885625313
100931,31.0,73799.79,64.8,7.4,6.9,0,1,1,0.20473515914263524
100932,33.0,38228.39,43.9,5.5,4.3,0,1,1,0.15650162324654787
100933,37.0,71056.27,56.7,9.8,4.7,0,1,1,0.19864520513017153
100934,51.0,94128.12,45.9,12.2,4.4,0,2,1,0.1936537848395492
100935,44.0,79611.6,46.0,7.8,8.0,0,1,1,0.17719121632007484
100936,26.0,27694.28,69.7,6.8,14.2,0,3,1,0.15561200437607697
100937,42.0,143391.71,65.5,18.3,6.0,0,0,1,0.18514984979525378
100938,24.0,42427.5,77.0,0.9,5.9,0,3,1,0.15849361104999043
100939,44.0,120825.44,74.5,14.8,10.1,0,0,1,0.16088913254204235
100940,19.0,32266.67,100.0,30.7,10.5,1,0,-1,-0.006260328421328287
100941,34.0,35229.88,92.3,2.6,11.0,0,3,1,0.1466997237781807
100942,49.0,162804.99,77.3,17.3,7.5,0,0,1,0.13586436760597131
100943,30.0,39752.45,72.1,1.5,7.3,0,3,1,0.19989351945590417
100944,40.0,51627.06,66.2,8.1,5.4,0,1,1,0.20529135780358376
100945,44.0,45681.19,74.6,7.6,0.8,0,1,1,0.11439434415232741
100946,32.0,37599.94,73.7,1.1,5.3,0,1,1,0.17532396746371037
100947,64.0,79210.17,22.4,12.5,0.0,0,2,1,0.06635456959393404
100948,38.0,165073.22,76.6,17.2,8.1,0,0,1,0.14124962994674356
100949,41.0,138437.66,64.4,16.8,6.2,0,0,1,0.1837029579848682
100950,32.0,73650.05,65.7,5.1,3.4,0,1,1,0.17284505953702917
100951,35.0,86053.01,47.7,6.7,7.3,0,1,1,0.17362653657028493
100952,23.0,29360.71,89.6,3.9,12.5,0,3,1,0.16633839769461561
100953,27.0,37149.14,93.8,5.7,17.0,0,3,1,0.07551634895249326
100954,30.0,28143.99,86.5,4.4,15.8,0,3,1,0.12197339589784878
100955,38.0,154060.37,65.2,19.0,7.4,0,0,1,0.1653495003683757
100956,45.0,104459.48,79.9,18.4,8.5,0,0,1,0.15839114526336973
100957,62.0,88459.53,38.4,12.2,4.6,0,2,1,0.1439997082296013
100958,47.0,62712.09,52.3,10.7,6.1,0,1,1,0.1956625150802349
100959,28.0,53732.18,45.5,3.4,5.9,0,1,1,0.15817217017271118
100960,36.0,75174.69,64.3,8.2,4.3,0,1,1,0.19182366463422407
100961,40.0,77526.16,61.9,7.8,3.2,0,1,1,0.1883960193985295
100962,41.0,81874.07,61.2,5.8,6.5,0,1,1,0.19868954886041706
100963,22.0,29923.81,84.5,3.6,13.0,0,3,1,0.1676892213839104
100964,26.0,27022.85,73.0,1.9,9.4,0,3,1,0.20200506362090181
100965,52.0,189263.47,80.4,18.2,3.9,0,0,1,0.06012379113026323
100966,37.0,53183.52,74.3,3.8,8.2,0,1,1,0.19664828474277946
100967,39.0,139760.22,78.7,20.0,7.8,0,0,1,0.15223798410362976
100968,28.0,28184.17,80.5,5.0,11.0,0,3,1,0.19898509155271799
100969,49.0,90228.38,45.2,9.8,1.2,0,2,1,0.1515629814663879
100970,27.0,29470.53,63.5,5.7,6.7,0,1,1,0.18717446823473205
100971,23.0,28431.56,75.0,1.2,12.1,0,3,1,0.17406992004948185
100972,25.0,37665.84,71.9,7.3,4.3,0,1,1,0.16314974327777693
100973,18.0,42097.77,82.7,3.7,11.3,0,3,1,0.1424040537757365
100974,46.0,147554.15,62.3,19.6,10.0,0,0,1,0.1362305419742399
100975,43.0,81688.93,61.3,4.5,12.3,0,1,1,0.14252163416921454
100976,47.0,100779.19,32.4,11.1,6.3,0,2,1,0.18914364026678443
100977,37.0,67727.78,49.8,6.7,4.7,0,1,1,0.20125924214995589
100978,35.0,60674.61,76.4,6.5,0.6,0,1,1,0.12375484586739743
100979,43.0,67013.73,56.7,6.1,4.2,0,1,1,0.19384305496888804
100980,34.0,32298.63,60.6,3.7,13.6,0,3,1,0.16451244790679015
100981,44.0,117279.84,62.1,16.2,12.6,0,0,1,0.1406513067609692
100982,43.0,97696.14,75.8,18.3,6.7,0,0,1,0.17695847128893527
100983,47.0,76807.4,45.9,12.5,5.4,0,2,1,0.1964964908627821
100984,37.0,65657.01,53.3,6.6,10.5,0,1,1,0.19499141150210314
100985,31.0,24960.75,75.9,4.7,15.6,0,3,1,0.12350882098810223
100986,52.0,119946.9,84.8,18.1,11.1,0,0,1,0.10655757361255613
100987,40.0,47894.16,63.5,9.0,6.9,0,1,1,0.206680589663517
100988,23.0,22947.22,84.8,3.4,7.2,0,3,1,0.16296315317910892
100989,34.0,63724.26,52.4,7.0,1.8,0,1,1,0.16448194186237575
100990,59.0,95272.05,24.0,7.1,7.1,0,2,1,0.09553438158281724
100991,55.0,98602.73,43.6,13.7,4.6,0,2,1,0.18385719306919213
100992,51.0,87866.88,39.2,14.8,3.7,0,2,1,0.17132393300435356
100993,59.0,101380.91,38.8,16.8,9.0,0,2,1,0.10366351613157032
100994,32.0,27405.75,99.9,2.8,9.3,0,3,1,0.10626008937472597
100995,32.0,148222.53,61.2,18.8,4.5,0,0,1,0.11099831365206647
100996,45.0,68155.57,80.8,5.0,11.6,0,1,1,0.12846529234954374
100997,43.0,98558.09,28.7,11.1,2.5,0,2,1,0.15753633384133464
100998,19.0,24744.2,73.6,3.2,13.5,0,3,1,0.14087874852224613
100999,44.0,169396.81,57.2,17.1,10.1,0,0,1,0.11552898183225324
101000,38.0,52389.29,67.3,5.9,4.7,0,1,1,0.19926059712692906
101001,26.0,32035.54,72.8,1.9,6.8,0,3,1,0.2007267237806415
101002,34.0,74276.11,60.4,8.9,8.5,0,1,1,0.1999110291466918
101003,21.0,22500.95,68.7,1.7,7.8,0,3,1,0.15391185872573654
101004,29.0,37590.59,100.0,1.5,14.8,0,3,1,0.08597302684131958
101005,60.0,91028.29,39.7,14.5,3.8,0,2,1,0.14624580679520927
101006,35.0,54998.91,34.4,7.1,4.9,0,1,1,0.1675636046556338
101007,38.0,150639.23,57.5,19.6,9.5,0,0,1,0.13456945118856628
101008,34.0,61293.46,46.1,8.5,7.6,0,1,1,0.19521416318471974
101009,53.0,103582.33,28.6,9.0,6.9,0,2,1,0.15888350484976016
101010,39.0,56025.4,62.1,9.5,10.4,0,1,1,0.19696155320106828
101011,49.0,69542.19,21.8,11.4,8.4,0,2,1,0.13505232253673438
101012,48.0,84802.79,28.8,10.9,4.0,0,2,1,0.1845963247422499
101013,30.0,74101.46,56.6,12.0,3.5,0,1,1,0.16789502320558297
101014,51.0,175061.9,67.9,17.2,5.2,0,0,1,0.12236854676798076
101015,31.0,61993.24,58.2,3.8,13.9,0,3,1,0.15254072553366194
101016,23.0,32377.93,71.7,2.5,8.9,0,3,1,0.20562464500364308
101017,52.0,94750.51,43.0,12.5,6.1,0,2,1,0.19163503802677928
101018,43.0,145827.56,69.6,20.0,9.0,0,0,1,0.15872835837706673
101019,23.0,30917.64,76.9,3.1,9.8,0,3,1,0.20881779979674103
101020,33.0,70536.29,66.3,10.6,5.2,0,1,1,0.19362988068013243
101021,46.0,91889.74,80.3,15.1,5.0,0,0,1,0.1511062793060674
101022,54.0,84372.37,27.4,11.0,6.2,0,2,1,0.17921009563053714
101023,38.0,138635.3,68.2,19.6,10.5,0,0,1,0.1481868652387135
101024,27.0,73663.42,51.9,7.5,4.2,0,1,1,0.1640236381993435
101025,54.0,138628.07,36.3,11.1,3.3,0,2,1,0.13294348938203127
101026,29.0,78170.43,61.1,4.9,4.0,0,1,1,0.15827898960625048
101027,43.0,163486.28,60.5,20.2,7.7,0,0,1,0.14367752163166675
101028,31.0,56780.57,75.5,4.2,4.8,0,1,1,0.18034258395377556
101029,57.0,98701.42,27.1,13.9,7.0,0,2,1,0.1573414733687331
101030,38.0,55165.65,53.4,7.6,3.1,0,1,1,0.18604915792874316
101031,59.0,124073.58,32.6,12.7,7.6,0,2,1,0.13070225056325763
101032,62.0,121624.38,17.6,11.4,5.5,0,2,1,0.07932205478062015
101033,34.0,81895.68,74.3,5.4,6.5,0,1,1,0.18500192133618493
101034,39.0,135082.76,1.0,42.8,5.3,1,0,-1,-0.04835992095340147
101035,23.0,44093.3,47.7,5.7,7.6,0,1,1,0.14776736923797168
101036,47.0,74290.18,25.7,9.8,2.3,0,2,1,0.1522496387501765
101037,33.0,69689.87,48.1,6.3,5.4,0,1,1,0.2003155384246702
101038,40.0,60278.24,68.5,4.7,6.9,0,1,1,0.20893070168606048
101039,33.0,48317.33,57.3,10.5,4.4,0,1,1,0.18169245567139336
101040,23.0,24441.55,63.4,1.4,8.7,0,3,1,0.1681177591259827
101041,22.0,30698.1,61.5,1.7,11.5,0,3,1,0.16423218235521447
101042,45.0,88927.01,37.9,10.4,5.0,0,2,1,0.19736023628010613
101043,44.0,110192.49,38.7,12.1,7.4,0,2,1,0.18502239815626853
101044,50.0,84434.66,48.7,15.7,1.9,0,2,1,0.13363268754002833
101045,23.0,38019.45,77.2,4.2,12.3,0,3,1,0.1925389022991471
101046,33.0,66679.11,57.9,4.6,4.0,0,1,1,0.17971162587254202
101047,21.0,37348.27,87.6,4.5,11.3,0,3,1,0.16969988455164325
101048,54.0,99746.28,39.1,13.0,0.0,0,2,1,0.14321618323810226
101049,39.0,114071.18,83.1,21.3,1.5,0,0,1,0.07064423734711911
101050,32.0,32499.52,88.1,4.0,14.3,0,3,1,0.13465437419040938
101051,53.0,71684.93,33.9,13.0,3.4,0,2,1,0.16887950272136976
101052,27.0,31621.58,72.0,0.8,8.8,0,3,1,0.18944856903597507
101053,25.0,20713.9,70.2,0.0,8.1,0,3,1,0.14720836036536694
101054,30.0,25167.97,85.0,8.7,14.4,0,3,1,0.12818992216713
101055,37.0,71580.13,44.3,3.9,7.1,0,1,1,0.1776923204508556
101056,54.0,113714.31,29.3,12.4,4.5,0,2,1,0.16794415180942363
101057,42.0,138173.63,63.5,18.6,8.6,0,0,1,0.1788649714618753
101058,22.0,35834.86,88.3,4.4,6.9,0,3,1,0.1652046532139848
101059,36.0,51828.42,59.0,5.2,10.8,0,1,1,0.20285826940591156
101060,56.0,114716.12,45.5,11.5,2.7,0,2,1,0.15186556311954608
101061,52.0,135838.98,58.5,20.0,8.4,0,0,1,0.13472931337448824
101062,60.0,99154.78,34.8,15.1,0.0,0,2,1,0.08858355507215343
101063,21.0,26888.79,56.0,4.7,8.3,0,3,1,0.15009748417491187
101064,57.0,101653.38,41.1,11.1,1.7,0,2,1,0.15533471796399329
101065,36.0,72257.92,57.5,5.6,3.4,0,1,1,0.1834165117987247
101066,44.0,126037.5,71.3,17.5,6.7,0,0,1,0.18671578804061684
101067,37.0,68188.27,1.0,25.6,11.8,1,2,-1,-0.0412209958914328
101068,48.0,67623.84,34.9,13.7,6.1,0,2,1,0.17677976045432447
101069,30.0,17389.5,90.5,3.7,5.4,0,3,1,0.12539962524677117
101070,40.0,63891.43,61.8,9.0,8.3,0,1,1,0.21078431207695025
101071,36.0,136395.74,55.8,19.3,12.2,0,0,1,0.11071075877753489
101072,46.0,83517.97,26.2,11.1,5.2,0,2,1,0.1825636519479384
101073,34.0,69282.24,68.7,9.2,3.6,0,1,1,0.1897351343459973
101074,50.0,176945.02,87.5,17.7,5.7,0,0,1,0.0753869815976631
101075,38.0,112235.15,72.1,19.7,11.9,0,0,1,0.13152814729824508
101076,34.0,61568.24,57.0,5.7,9.2,0,1,1,0.20672333616466748
101077,38.0,63582.75,61.6,8.2,8.8,0,1,1,0.21377136113405326
101078,32.0,72003.03,60.6,6.1,7.7,0,1,1,0.20153035314431844
101079,54.0,113498.5,24.5,14.6,4.1,0,2,1,0.1492804443514032
101080,33.0,56009.78,48.0,3.5,9.0,0,1,1,0.18656411333134987
101081,34.0,22682.54,68.5,4.5,9.9,0,3,1,0.1755520255744049
101082,47.0,137436.64,66.2,17.5,0.9,0,0,1,0.10822130738261093
101083,37.0,163896.64,83.9,20.8,9.3,0,0,1,0.0850679509249006
101084,32.0,123997.84,85.2,21.2,12.1,0,0,1,0.05940491449692897
101085,42.0,107074.29,71.6,18.0,12.7,0,0,1,0.13965215711606316
101086,53.0,95285.25,35.7,12.8,5.9,0,2,1,0.19359886125031095
101087,48.0,76914.69,48.7,8.7,8.9,0,1,1,0.1817385463655284
101088,42.0,85004.35,44.7,12.0,0.1,0,2,1,0.13811966460196717
101089,38.0,62747.77,55.8,5.8,6.9,0,1,1,0.22018337798497045
101090,33.0,89169.38,55.6,6.3,5.4,0,1,1,0.17989500556440297
101091,33.0,22558.97,81.6,2.5,5.7,0,3,1,0.15051763759089276
101092,48.0,100419.91,26.4,12.5,9.2,0,2,1,0.158551068937885
101093,37.0,45778.8,49.5,6.4,5.9,0,1,1,0.19623506384670514
101094,25.0,33799.67,95.3,3.0,6.5,0,3,1,0.12808908526223556
101095,58.0,116597.72,37.3,11.5,5.9,0,2,1,0.15735540829372646
101096,35.0,39058.29,63.6,8.8,11.3,0,1,1,0.18776290942556567
101097,20.0,33302.71,80.5,3.2,10.3,0,3,1,0.18824310376971165
101098,43.0,145336.08,79.4,20.4,5.7,0,0,1,0.14707975718994476
101099,42.0,129350.28,66.3,14.8,8.1,0,0,1,0.18492744655686172
101100,26.0,31106.63,77.9,3.8,14.2,0,3,1,0.17455363568612053
101101,22.0,25251.51,77.1,6.8,6.5,0,3,1,0.15569435787189406
101102,39.0,74922.31,34.3,7.8,8.8,0,1,1,0.15999784273154083
101103,51.0,83945.9,29.1,11.3,3.1,0,2,1,0.1774725054314637
101104,41.0,131319.22,83.9,15.6,2.8,0,0,1,0.11211103655252908
101105,30.0,30893.98,74.1,2.8,10.6,0,3,1,0.20832573941954635
101106,49.0,103651.42,25.4,11.4,0.0,0,2,1,0.12104002998888014
101107,30.0,30985.73,84.7,4.0,11.6,0,3,1,0.1838701979539269
101108,36.0,66332.62,48.4,4.7,6.7,0,1,1,0.2026566257329928
101109,40.0,175921.7,75.8,16.6,7.2,0,0,1,0.12324836827721458
101110,25.0,31608.3,80.7,3.1,5.8,0,3,1,0.18440497265604755
101111,18.0,29848.01,83.6,2.3,13.7,0,3,1,0.11147913392951192
101112,36.0,77146.31,69.5,9.1,3.4,0,1,1,0.17950090816888165
101113,52.0,115909.43,37.7,13.1,0.0,0,2,1,0.13054663168716607
101114,53.0,120057.37,52.1,17.3,0.7,0,2,1,0.0950581638132093
101115,38.0,204474.5,68.2,15.1,8.1,0,0,1,0.09558041301484821
101116,20.0,36979.63,69.1,3.5,6.6,0,3,1,0.16352395691669602
101117,37.0,34900.87,76.5,2.4,8.3,0,3,1,0.1893876419016563
101118,48.0,81518.42,51.8,10.9,0.0,0,2,1,0.14729655057698077
101119,18.0,37343.69,75.5,2.7,13.5,0,3,1,0.13374118946180558
101120,39.0,155936.93,65.3,19.2,6.8,0,0,1,0.16518086097261264
101121,51.0,109024.29,42.5,11.7,2.6,0,2,1,0.17373284941520073
101122,32.0,35394.55,74.1,1.7,13.1,0,3,1,0.17370976338313243
101123,44.0,135878.46,73.1,18.7,7.8,0,0,1,0.1804101510433957
101124,30.0,39253.79,83.3,5.7,10.0,0,3,1,0.19353225242718541
101125,39.0,73209.73,68.2,8.8,8.9,0,1,1,0.20310134425348875
101126,62.0,85771.2,33.4,11.6,2.9,0,2,1,0.13481434781811635
101127,26.0,77343.49,47.7,7.3,2.7,0,1,1,0.1207173164047573
101128,55.0,81569.73,23.6,12.4,1.9,0,2,1,0.13936928127666998
101129,49.0,97937.6,43.0,10.4,1.0,0,2,1,0.15458123100569088
101130,43.0,153589.17,86.6,15.9,7.0,0,0,1,0.13032002667075154
101131,49.0,189721.98,62.1,16.5,9.1,0,0,1,0.10091102745338199
101132,33.0,53526.97,60.4,10.1,3.1,0,1,1,0.18216730874024167
101133,31.0,28689.33,81.5,6.2,11.0,0,3,1,0.1882999341149711
101134,51.0,107280.8,33.3,13.0,3.4,0,2,1,0.18798826664442808
101135,47.0,104865.36,61.9,15.2,7.8,0,0,1,0.1866680364914758
101136,28.0,54279.16,46.9,10.0,4.0,0,1,1,0.16105883338545307
101137,30.0,64771.46,74.9,6.8,6.9,0,1,1,0.19892276989123936
101138,42.0,71801.04,62.3,5.8,8.4,0,1,1,0.20431567603965906
101139,18.0,28407.63,92.3,5.6,11.3,0,3,1,0.11369066311626419
101140,42.0,74339.41,28.2,11.7,0.2,0,2,1,0.1179094325396422
101141,35.0,81723.01,62.0,7.4,3.9,0,1,1,0.1775454028952635
101142,44.0,73997.84,18.2,12.2,5.2,0,2,1,0.1323331184371101
101143,38.0,143727.57,86.7,21.9,10.3,0,0,1,0.08737619828198806
101144,42.0,158600.23,85.5,14.0,12.4,0,0,1,0.09105232430044119
101145,33.0,56029.81,54.5,7.6,3.7,0,1,1,0.19210372616692656
101146,35.0,67862.09,60.2,7.8,6.0,0,1,1,0.21366845353650715
101147,55.0,113064.72,45.0,12.9,6.8,0,2,1,0.18069449161680762
101148,47.0,207448.0,84.2,17.8,5.3,0,0,1,0.07634177629383243
101149,35.0,58297.28,63.1,5.6,10.6,0,1,1,0.2071123032597994
101150,36.0,98860.37,70.6,16.3,4.2,0,0,1,0.14619947242081138
101151,21.0,27613.84,78.1,1.8,8.4,0,3,1,0.17827434510172374
101152,43.0,165558.89,86.7,18.3,8.7,0,0,1,0.11058777309596657
101153,23.0,34771.99,81.9,5.7,4.3,0,3,1,0.14150148723952494
101154,23.0,33953.73,77.7,1.1,6.1,0,3,1,0.17606975933448893
101155,40.0,53552.71,40.5,8.7,8.4,0,1,1,0.17488492831817226
101156,23.0,26732.18,76.9,5.4,5.2,0,3,1,0.16518647511041817
101157,18.0,28384.07,77.7,2.0,11.9,0,3,1,0.13934325671884668
101158,29.0,33605.71,83.6,3.5,10.0,0,3,1,0.2000039812990333
101159,30.0,50527.61,44.5,6.7,7.7,0,1,1,0.183246827976898
101160,45.0,96241.38,26.2,9.9,2.1,0,2,1,0.15465442131326457
101161,18.0,35494.36,76.3,4.6,8.7,0,3,1,0.1595011324336859
101162,50.0,127034.84,18.8,14.6,9.0,0,2,1,0.09828821301408586
101163,47.0,131672.14,86.3,17.4,5.9,0,0,1,0.1352231691048456
101164,22.0,28715.68,68.5,5.2,7.7,0,3,1,0.17611490224712611
101165,24.0,23683.87,78.3,0.7,6.5,0,3,1,0.14552521165262994
101166,42.0,166635.7,76.4,19.0,7.6,0,0,1,0.13803084993701298
101167,41.0,159936.74,66.4,19.7,11.7,0,0,1,0.1189042689585108
101168,32.0,54249.99,52.5,4.1,5.6,0,1,1,0.19286119951068725
101169,50.0,113651.5,85.3,17.1,14.3,0,0,1,0.06176201338458731
101170,21.0,31170.66,68.9,1.6,14.0,0,3,1,0.1366130922568226
101171,38.0,73481.61,44.8,8.3,4.1,0,1,1,0.1829619749386432
101172,45.0,99082.9,37.3,12.1,6.2,0,2,1,0.18673767586197737
101173,28.0,40465.64,66.1,6.0,15.6,0,3,1,0.13792200630383844
101174,50.0,66468.79,21.2,11.1,10.0,0,2,1,0.10789711021903792
101175,36.0,55112.23,51.1,4.4,9.6,0,1,1,0.19066381353201411
101176,52.0,130907.08,41.3,13.7,3.3,0,2,1,0.15544798976076796
101177,31.0,52250.84,44.3,8.8,5.8,0,1,1,0.1849611298957245
101178,41.0,63516.8,55.1,4.7,7.9,0,1,1,0.19922108683922307
101179,23.0,37196.58,70.8,4.2,14.9,0,3,1,0.15414190599516586
101180,25.0,36523.28,83.7,6.8,11.1,0,3,1,0.19153845580367423
101181,55.0,94379.68,27.3,9.6,7.8,0,2,1,0.15861852754964412
101182,19.0,36296.18,82.2,4.8,8.5,0,3,1,0.17219599143992503
101183,20.0,34179.42,75.1,0.5,15.8,0,3,1,0.08222852885664433
101184,20.0,26276.68,75.6,5.5,3.5,0,3,1,0.11738108784100987
101185,30.0,26749.91,80.6,1.6,16.0,0,3,1,0.10595183345684223
101186,44.0,122156.09,69.0,18.2,8.5,0,0,1,0.18200683344285
101187,38.0,61984.32,44.2,6.3,8.8,0,1,1,0.1823858832884701
101188,40.0,156954.09,72.3,17.6,11.6,0,0,1,0.133016553336537
101189,18.0,28110.15,90.3,6.7,16.9,0,3,1,0.04174185075611647
101190,52.0,102830.05,43.2,14.6,4.9,0,2,1,0.18458412266057483
101191,41.0,67131.08,63.2,5.2,6.0,0,1,1,0.20642504961750785
101192,33.0,48731.93,41.5,6.2,6.2,0,1,1,0.18108352936513394
101193,44.0,154004.59,73.9,17.5,5.3,0,0,1,0.16849631880451965
101194,47.0,137434.08,67.7,17.6,5.8,0,0,1,0.1751581976223619
101195,40.0,125826.05,69.1,19.3,9.2,0,0,1,0.1714009808254242
101196,32.0,38979.56,97.6,4.1,11.6,0,3,1,0.12690206826222933
101197,22.0,36757.85,1.0,35.0,14.6,1,0,-1,-0.09127879535058392
101198,46.0,102504.37,26.2,14.3,7.8,0,2,1,0.16377308092988707
101199,39.0,75909.43,58.1,11.5,9.2,0,1,1,0.19194619711689492
101200,47.0,96190.27,33.5,11.5,0.0,0,2,1,0.1462771040826329
101201,54.0,71303.62,9.7,11.3,1.7,0,2,1,0.07132919294767393
101202,48.0,41937.06,26.5,11.7,2.1,0,2,1,0.12338706002652933
101203,45.0,175095.05,77.2,20.1,11.3,0,0,1,0.09085175561668779
101204,47.0,102508.86,45.0,11.1,1.6,0,2,1,0.16699386046859188
101205,27.0,23465.82,67.1,1.7,11.4,0,3,1,0.1766630990636845
101206,25.0,37946.46,68.8,1.0,11.6,0,3,1,0.16544328749272696
101207,48.0,84680.08,16.4,12.6,8.6,0,2,1,0.12387697479557713
101208,31.0,73402.21,57.4,3.5,4.3,0,1,1,0.17073893054933714
101209,19.0,30176.8,82.2,6.7,5.7,0,3,1,0.13012837199838845
101210,34.0,52000.85,45.3,7.2,7.0,0,1,1,0.19623405504469021
101211,43.0,95310.37,22.9,12.0,7.8,0,2,1,0.15782553057835647
101212,45.0,144473.43,66.7,18.1,9.7,0,0,1,0.16611877965939714
101213,54.0,93303.36,37.2,9.4,1.8,0,2,1,0.15640778008747336
101214,40.0,71397.09,58.9,10.0,8.5,0,1,1,0.20062119278940238
101215,23.0,24974.22,92.4,4.5,15.4,0,3,1,0.09653272110625921
101216,47.0,47637.75,45.2,1.3,9.8,0,1,1,0.11665343104946652
101217,39.0,63091.21,45.7,6.8,7.6,0,1,1,0.19553850007134205
101218,56.0,99668.08,41.6,11.8,7.5,0,2,1,0.17610043975363104
101219,55.0,74703.44,48.9,14.5,5.4,0,2,1,0.1694503208901182
101220,25.0,41553.6,61.7,5.5,8.6,0,3,1,0.19505530414705652
101221,29.0,32693.36,65.6,2.0,13.1,0,3,1,0.18530246897638442
101222,23.0,28420.24,71.7,4.3,15.3,0,3,1,0.14915983862829196
101223,32.0,210577.25,74.0,19.2,6.7,0,0,1,0.061427665729516634
101224,52.0,98291.97,24.5,10.4,7.6,0,2,1,0.16565807640776786
101225,18.0,34540.39,74.3,1.1,15.9,0,3,1,0.07250182793790083
101226,38.0,111521.43,70.1,16.5,8.0,0,0,1,0.18198536794013098
101227,37.0,64618.78,56.8,5.6,8.9,0,1,1,0.20421674327885025
101228,35.0,56468.91,72.8,6.8,10.3,0,1,1,0.20446633544662285
101229,49.0,172449.36,78.9,18.0,7.8,0,0,1,0.11062575000608432
101230,23.0,19518.68,85.2,3.5,12.5,0,3,1,0.1533324345052275
101231,23.0,35829.39,64.2,0.7,2.6,0,1,1,0.10405640053746612
101232,51.0,81789.81,26.0,12.7,2.7,0,2,1,0.1541270140451087
101233,18.0,46657.86,77.6,0.8,8.0,0,3,1,0.11163309042285818
101234,51.0,92003.29,48.0,11.8,9.6,0,2,1,0.17005330816733927
101235,22.0,34456.27,88.2,5.4,13.9,0,3,1,0.1347317996799432
101236,23.0,31968.38,53.2,2.6,13.3,0,3,1,0.14378864115215406
101237,28.0,31501.83,95.0,2.2,7.9,0,3,1,0.143618093193782
101238,34.0,49473.29,64.2,7.6,8.8,0,1,1,0.2152633747584628
101239,22.0,31665.5,56.2,3.8,10.3,0,3,1,0.166632563821842
101240,18.0,31397.17,75.4,6.5,6.8,0,3,1,0.1398740177938082
101241,45.0,112512.64,66.4,18.6,7.4,0,0,1,0.18323472372541594
101242,36.0,65713.18,53.1,8.8,6.1,0,1,1,0.21569766968696774
101243,36.0,66032.23,60.3,8.3,8.0,0,1,1,0.21620133445792822
101244,26.0,30125.85,67.3,0.1,5.0,0,3,1,0.14280238358846886
101245,45.0,37305.45,69.9,5.4,10.6,0,1,1,0.14697902980212857
101246,18.0,30645.86,92.5,4.4,9.0,0,3,1,0.12179883072044423
101247,42.0,72385.45,48.9,11.3,3.8,0,2,1,0.19173058058479148
101248,25.0,24495.65,82.1,2.2,10.9,0,3,1,0.17904700904833337
101249,40.0,100357.48,67.7,19.3,9.2,0,0,1,0.16884900933285252
101250,43.0,162632.92,70.0,18.1,6.6,0,0,1,0.16969122876908205
101251,29.0,33679.2,72.4,0.0,13.3,0,3,1,0.1577692520707607
101252,20.0,32415.09,100.0,4.6,14.8,0,3,1,0.06404473821817769
101253,21.0,38168.82,78.3,3.7,16.1,0,3,1,0.10744530369046035
101254,51.0,95329.25,26.0,13.8,2.3,0,2,1,0.1499833173220944
101255,29.0,22496.5,83.5,1.7,12.2,0,3,1,0.14841894665987088
101256,43.0,126509.46,68.1,16.3,10.5,0,0,1,0.16748508666032397
101257,47.0,90432.96,38.5,15.2,4.0,0,2,1,0.1745953688641353
101258,42.0,146895.6,51.3,15.6,6.9,0,0,1,0.1572787070498936
101259,32.0,44134.7,66.6,7.5,7.4,0,1,1,0.21789846158874393
101260,40.0,142000.7,77.1,17.5,9.3,0,0,1,0.161541247770092
101261,20.0,32561.52,89.4,5.5,14.0,0,3,1,0.1167389805223929
101262,37.0,62352.81,53.5,3.4,3.0,0,1,1,0.16430689709081353
101263,35.0,60791.5,72.1,9.6,4.9,0,1,1,0.1951629353828107
101264,47.0,127977.86,78.8,19.6,11.7,0,0,1,0.12482283420382806
101265,50.0,112344.59,16.3,14.6,3.9,0,2,1,0.11391919590075128
101266,43.0,88656.6,68.1,20.7,6.7,0,0,1,0.14702929335219578
101267,28.0,32199.04,88.6,3.4,7.2,0,3,1,0.1823154925343558
101268,43.0,180350.67,77.0,17.8,14.8,0,0,1,0.05275215128168975
101269,42.0,71114.75,61.2,8.5,9.3,0,1,1,0.20122485833437248
101270,25.0,66407.49,56.4,6.0,6.4,0,1,1,0.1740747499218276
101271,35.0,94523.83,84.5,18.9,0.8,0,0,1,0.06243926029361013
101272,33.0,71826.96,55.2,9.5,10.1,0,1,1,0.18738885439685105
101273,29.0,60400.5,53.5,4.2,2.6,0,1,1,0.15424576223694242
101274,48.0,84040.18,37.8,14.1,5.5,0,2,1,0.1871073186068633
101275,28.0,30464.28,84.0,2.7,8.7,0,3,1,0.19398503406085688
101276,45.0,35991.89,39.3,7.8,6.2,0,1,1,0.15135004485747128
101277,18.0,25925.44,68.8,4.8,13.6,0,3,1,0.10830546152064313
101278,32.0,22847.3,64.3,0.1,13.9,0,3,1,0.10357075775270441
101279,45.0,142021.02,74.3,17.9,4.6,0,0,1,0.15791472766311193
101280,55.0,91817.03,23.0,13.1,2.7,0,2,1,0.1395664608408268
101281,37.0,60605.23,66.9,7.4,4.3,0,1,1,0.2056383030730719
101282,38.0,65958.33,63.1,9.1,5.2,0,1,1,0.21359451603781987
101283,39.0,42751.04,56.8,6.5,11.3,0,1,1,0.17478490196792368
101284,51.0,105396.61,17.4,11.3,1.5,0,2,1,0.10886639664302344
101285,55.0,123196.72,72.7,18.3,3.2,0,0,1,0.10972318324241315
101286,40.0,150200.12,72.9,13.4,6.3,0,0,1,0.14987476906315667
101287,41.0,68564.57,70.2,5.0,10.8,0,1,1,0.17117820076953288
101288,36.0,79769.2,58.0,2.9,9.5,0,1,1,0.1755404716804343
101289,34.0,57801.28,43.5,10.2,5.4,0,1,1,0.1865249686619967
101290,60.0,87625.74,25.7,14.6,3.8,0,2,1,0.1383896015655084
101291,36.0,47697.05,53.4,7.9,3.1,0,1,1,0.1711407394116356
101292,49.0,87810.37,35.7,15.0,3.1,0,2,1,0.1494272422703678
101293,49.0,141962.94,30.7,11.6,2.9,0,2,1,0.1143455274314702
101294,35.0,62867.74,67.2,7.8,10.2,0,1,1,0.19845380042034072
101295,41.0,64327.44,61.8,9.2,3.7,0,1,1,0.195084684769868
101296,48.0,56279.55,54.5,4.6,3.5,0,1,1,0.15630893801809803
101297,29.0,45076.31,72.3,3.7,10.7,0,3,1,0.20624819642127784
101298,29.0,44779.8,93.2,2.5,11.6,0,3,1,0.1378558741944686
101299,55.0,94656.45,24.0,10.4,7.4,0,2,1,0.1608055032481056
101300,42.0,59683.55,60.6,9.4,1.9,0,1,1,0.1709730103895431
101301,22.0,43622.94,81.0,0.7,10.4,0,3,1,0.14453483311914983
101302,57.0,51454.29,36.8,11.3,0.0,0,2,1,0.09339354486536966
101303,52.0,92666.19,34.8,11.3,0.9,0,2,1,0.1561692045564898
101304,18.0,28021.63,86.6,3.5,9.8,0,3,1,0.1464349164526937
101305,38.0,130577.34,79.4,19.0,6.6,0,0,1,0.1632771385301624
101306,30.0,122993.84,67.2,16.2,6.8,0,0,1,0.14619435285536597
101307,56.0,94362.23,44.9,9.0,3.1,0,2,1,0.1510857184076057
101308,42.0,87705.52,24.5,14.6,5.2,0,2,1,0.15555174326542454
101309,29.0,29526.96,67.8,0.9,10.8,0,3,1,0.18714449339658618
101310,52.0,150392.03,68.3,17.6,7.9,0,0,1,0.14652969035012403
101311,46.0,75767.07,60.6,7.2,7.9,0,1,1,0.19410315793028926
101312,45.0,129587.41,63.6,20.1,8.1,0,0,1,0.1710179440319366
101313,57.0,123149.31,40.2,12.7,13.6,0,0,1,0.07817661892978922
101314,25.0,25718.45,75.2,6.1,6.1,0,3,1,0.1779217269399953
101315,20.0,38373.02,75.3,2.8,13.2,0,3,1,0.16569517275828372
101316,48.0,69886.9,21.1,13.2,4.8,0,2,1,0.14202302208502493
101317,49.0,75184.66,32.3,14.2,1.5,0,2,1,0.13835253820554538
101318,21.0,25142.6,74.3,3.7,16.3,0,3,1,0.0979352528107702
101319,53.0,94082.1,43.6,13.4,2.3,0,2,1,0.1589897966423201
101320,55.0,139385.54,74.4,19.1,9.0,0,0,1,0.12435900770592273
101321,44.0,55416.62,100.0,41.6,9.9,1,0,-1,-0.05109558565385097
101322,35.0,58089.36,65.3,7.7,4.5,0,1,1,0.2056411888600541
101323,31.0,36219.25,77.3,2.1,11.1,0,3,1,0.19713559504727401
101324,55.0,67741.32,38.8,13.3,0.0,0,2,1,0.1224102536157925
101325,37.0,69751.84,63.8,8.6,6.0,0,1,1,0.21642582468084048
101326,38.0,94646.44,82.9,19.4,11.5,0,0,1,0.11781161295571962
101327,32.0,70970.81,43.0,5.3,7.4,0,1,1,0.17583063371173363
101328,55.0,123711.11,32.6,10.3,1.2,0,2,1,0.1303513791098735
101329,21.0,44793.11,85.6,5.2,9.3,0,3,1,0.14412625758547404
101330,24.0,36027.76,72.9,2.4,8.0,0,3,1,0.20908231137100336
101331,50.0,95837.53,26.8,12.6,4.9,0,2,1,0.18230448176589026
101332,35.0,52765.55,59.0,6.0,7.1,0,1,1,0.21505593227474734
101333,41.0,48017.19,79.7,6.9,8.2,0,1,1,0.17924579031917565
101334,39.0,168783.73,70.7,17.2,6.3,0,0,1,0.14161326740922564
101335,42.0,150542.35,73.7,17.9,5.9,0,0,1,0.1713721723098372
101336,39.0,128385.97,76.6,19.3,10.4,0,0,1,0.15021917377688493
101337,24.0,34209.32,76.3,0.0,9.4,0,3,1,0.17338215846049165
101338,50.0,77232.33,29.3,12.3,0.6,0,2,1,0.13391883473890065
101339,39.0,179007.13,56.0,17.6,4.5,0,0,1,0.10187186850782026
101340,32.0,59793.25,48.1,8.1,11.1,0,1,1,0.1765094498862424
101341,28.0,37901.77,64.2,2.5,11.4,0,3,1,0.19783822370649895
101342,47.0,184184.5,82.7,19.8,15.9,0,0,1,0.023105805405303825
101343,36.0,58774.11,59.8,5.2,7.2,0,1,1,0.22061395648577653
101344,43.0,85945.22,33.8,13.9,7.3,0,2,1,0.17714598340352378
101345,38.0,192316.04,73.5,18.5,3.1,0,0,1,0.05711317099712554
101346,49.0,112951.99,36.7,12.2,4.7,0,2,1,0.18196064903400289
101347,29.0,60921.85,72.1,9.2,6.6,0,1,1,0.1987058586555593
101348,44.0,47948.46,48.3,10.7,8.7,0,1,1,0.17292287546624263
101349,35.0,61382.64,49.9,7.6,7.6,0,1,1,0.20614472658925953
101350,24.0,25319.8,80.6,1.9,7.0,0,3,1,0.17740584259951675
101351,58.0,132102.24,54.4,13.3,3.2,0,2,1,0.11848447366596221
101352,43.0,150221.18,67.8,20.6,1.9,0,0,1,0.08747658053405727
101353,35.0,70939.96,49.5,6.5,8.8,0,1,1,0.19018815180684057
101354,44.0,47559.65,44.3,5.1,2.4,0,1,1,0.13092837514623623
101355,36.0,115488.94,84.3,17.4,8.1,0,0,1,0.1298429845598228
101356,19.0,35649.17,96.8,1.2,15.2,0,3,1,0.05867902326308394
101357,38.0,62188.2,62.0,7.8,12.6,0,1,1,0.18515115432756551
101358,39.0,68038.76,53.8,8.7,4.1,0,1,1,0.20205728797260503
101359,53.0,144304.15,10.0,12.5,4.8,0,2,1,0.055625353167861546
101360,23.0,30821.97,78.9,2.5,10.7,0,3,1,0.20213923404324774
101361,50.0,129582.92,32.5,13.1,2.0,0,2,1,0.13505733822620375
101362,41.0,70185.5,62.2,4.9,4.7,0,1,1,0.18452636136624184
101363,60.0,81944.6,41.4,10.1,7.0,0,2,1,0.14142566994085887
101364,21.0,26452.04,70.9,1.9,11.2,0,3,1,0.171623354539013
101365,36.0,49778.06,57.7,4.7,8.9,0,1,1,0.2023419162526628
101366,40.0,61732.75,60.7,10.5,6.5,0,1,1,0.2056768514232185
101367,19.0,35336.16,1.0,38.6,8.2,1,2,-1,-0.07540222584792522
101368,20.0,30559.5,87.0,5.2,12.8,0,3,1,0.14779338938390646
101369,26.0,30515.55,54.4,3.7,3.2,0,1,1,0.13709549979747487
101370,26.0,60195.79,60.6,6.1,11.6,0,3,1,0.16790141650768753
101371,26.0,30563.41,91.9,6.1,11.5,0,3,1,0.15275114264680062
101372,39.0,126133.19,57.5,17.9,4.8,0,0,1,0.16752656085449613
101373,34.0,64908.3,38.2,4.5,5.5,0,1,1,0.16842755593229142
101374,43.0,127553.95,69.3,16.6,3.7,0,0,1,0.16456658026052623
101375,40.0,134628.15,68.9,18.2,9.3,0,0,1,0.17033622361392897
101376,27.0,28350.75,62.2,5.5,11.2,0,3,1,0.19070052447290536
101377,47.0,99748.76,45.7,15.5,4.8,0,2,1,0.17886800171781808
101378,48.0,109518.03,71.6,17.3,9.0,0,0,1,0.16794579693637052
101379,60.0,99273.11,25.6,9.5,8.9,0,2,1,0.10507735018239528
101380,39.0,67000.59,54.6,7.5,4.0,0,1,1,0.19793647861377295
101381,38.0,48888.45,54.4,5.7,0.0,0,1,1,0.13695798349417238
101382,22.0,26822.53,75.9,3.0,15.3,0,3,1,0.13900695428490134
101383,38.0,65728.7,63.0,8.7,8.4,0,1,1,0.22254972781691745
101384,44.0,157923.42,47.7,22.2,12.8,0,0,1,0.061424529777999726
101385,44.0,104392.24,84.1,16.6,9.6,0,0,1,0.14600587126811804
101386,18.0,44824.1,63.6,3.1,3.6,0,1,1,0.09606626080539815
101387,52.0,87727.62,46.4,11.1,7.4,0,2,1,0.18707207437937123
101388,31.0,58853.31,55.4,8.0,8.1,0,1,1,0.2104807580304851
101389,47.0,146724.13,78.6,16.2,9.2,0,0,1,0.14637168147539803
101390,32.0,22323.24,82.9,4.4,14.4,0,3,1,0.12484043110211901
101391,47.0,142527.96,76.3,16.5,6.8,0,0,1,0.16672567669220556
101392,36.0,177473.14,76.5,16.2,8.8,0,0,1,0.08193658835119544
101393,30.0,37718.48,68.7,0.0,11.2,0,3,1,0.1711400461621917
101394,20.0,35584.61,87.5,5.2,15.2,0,3,1,0.11125088880264655
101395,49.0,184088.63,85.8,20.9,7.9,0,0,1,0.06476594638455868
101396,18.0,46297.88,78.6,5.5,8.3,0,3,1,0.13584697643009092
101397,41.0,34714.21,53.9,6.8,8.4,0,1,1,0.17076806886776447
101398,48.0,112427.6,78.6,20.5,15.0,0,0,1,0.0653820859155021
101399,56.0,87142.45,22.3,15.7,6.2,0,2,1,0.12406369836171083
101400,36.0,43922.83,48.7,8.3,8.1,0,1,1,0.1901392565313232
101401,26.0,69059.96,42.3,9.7,7.6,0,1,1,0.144476564816017
101402,22.0,37703.29,81.5,5.6,10.2,0,3,1,0.18014767645901564
101403,44.0,132811.69,74.6,21.4,6.5,0,0,1,0.1607830381998051
101404,39.0,52174.25,37.3,7.4,8.1,0,1,1,0.16518846010621646
101405,23.0,23383.13,81.0,3.5,7.3,0,3,1,0.17771428010460338
101406,29.0,59183.35,64.5,7.8,4.4,0,1,1,0.19668108435639803
101407,44.0,162355.59,60.3,18.1,12.0,0,0,1,0.11976176845049208
101408,18.0,38655.83,94.2,2.6,9.0,0,3,1,0.11381015567023878
101409,48.0,135309.51,48.5,17.8,9.4,0,0,1,0.14953040303184573
101410,56.0,79941.24,32.3,14.0,3.8,0,2,1,0.15705017133107818
101411,35.0,171188.48,69.9,20.2,3.8,0,0,1,0.06595309927611537
101412,42.0,152845.35,71.1,15.6,0.8,0,0,1,0.07789628332297494
101413,51.0,146250.56,83.7,19.9,9.8,0,0,1,0.10808758437722676
101414,41.0,152342.13,86.3,18.2,13.7,0,0,1,0.07957172171545113
101415,18.0,22744.21,87.9,1.4,16.1,0,3,1,0.046094542538199335
101416,59.0,122147.47,43.8,10.2,0.0,0,2,1,0.09741238054288914
101417,43.0,45264.82,73.8,8.3,6.8,0,1,1,0.18769591673838193
101418,38.0,67192.65,56.0,9.9,11.2,0,1,1,0.184019252003284
101419,44.0,124880.14,85.1,14.0,9.3,0,0,1,0.1356801439679463
101420,47.0,119125.53,81.7,17.9,6.4,0,0,1,0.15766314169040496
101421,57.0,76434.8,43.7,8.0,4.9,0,2,1,0.13818899002102092
101422,36.0,55977.0,61.9,6.8,10.2,0,1,1,0.2110481442658665
101423,39.0,67052.07,60.9,6.1,6.1,0,1,1,0.21142155615058106
101424,37.0,60065.31,69.1,7.2,8.1,0,1,1,0.2209882673856483
101425,29.0,72526.45,52.2,4.9,11.9,0,1,1,0.15795076279955567
101426,39.0,72904.39,62.5,6.8,6.2,0,1,1,0.21220938858486144
101427,28.0,38523.31,77.3,7.1,9.4,0,3,1,0.2076946267588028
101428,18.0,22084.03,61.1,2.2,9.3,0,3,1,0.11847001587799771
101429,55.0,94510.8,100.0,29.8,4.0,1,0,-1,-0.02391413268277376
101430,33.0,77876.09,42.7,7.6,6.5,0,1,1,0.18037797291083502
101431,47.0,139475.1,72.1,17.5,12.2,0,0,1,0.13956267687668783
101432,52.0,128681.04,37.7,12.0,3.6,0,2,1,0.1670797488895609
101433,27.0,28610.85,79.5,3.0,11.0,0,3,1,0.19686539224565963
101434,26.0,34315.49,78.9,6.1,11.3,0,3,1,0.20165170735098997
101435,37.0,32287.14,1.0,39.7,14.2,1,2,-1,-0.09214257813081572
101436,39.0,151488.13,69.4,18.9,7.3,0,0,1,0.1667866970991405
101437,20.0,30435.63,93.4,3.9,6.1,0,3,1,0.1228312482527939
101438,41.0,52050.7,65.4,8.1,8.8,0,1,1,0.19961164846693413
101439,52.0,119118.25,78.1,20.5,6.1,0,0,1,0.1320553863789885
101440,39.0,132762.87,75.2,15.2,9.7,0,0,1,0.15693752747216122
101441,18.0,39449.59,83.1,6.8,12.0,0,3,1,0.12428928730392474
101442,22.0,27399.62,80.4,2.9,13.6,0,3,1,0.15569809215559455
101443,19.0,43640.4,90.7,2.6,15.4,0,3,1,0.0810041636567016
101444,20.0,33184.2,65.2,6.7,5.1,0,1,1,0.1320092581061958
101445,18.0,28344.05,91.2,4.9,10.4,0,3,1,0.13159787565616482
101446,57.0,93026.43,39.2,15.3,3.3,0,2,1,0.15191874087566093
101447,39.0,151853.37,79.4,18.2,11.0,0,0,1,0.13239002867977878
101448,35.0,63423.41,61.7,7.6,11.8,0,1,1,0.18152513946806403
101449,54.0,89803.27,40.3,14.0,6.3,0,2,1,0.1789504344765232
101450,28.0,23371.23,53.1,5.6,11.3,0,3,1,0.1576230681243721
101451,43.0,157496.69,91.3,20.8,10.9,0,0,1,0.0557808955490775
101452,48.0,82058.88,11.1,13.3,7.3,0,2,1,0.11156851963098013
101453,49.0,157020.85,70.5,16.9,5.5,0,0,1,0.1450728590054129
101454,42.0,115358.78,89.6,15.4,7.4,0,0,1,0.12615524391924537
101455,26.0,65309.55,58.0,6.3,4.2,0,1,1,0.1669286955437292
101456,24.0,28863.91,76.6,6.9,10.5,0,3,1,0.19111803969909502
101457,27.0,29324.68,70.2,3.0,17.5,0,3,1,0.10287943182636583
101458,35.0,66033.65,49.7,1.5,4.6,0,1,1,0.1617151410204843
101459,55.0,155003.84,88.4,17.3,0.9,0,0,1,0.018948108346636072
101460,30.0,66430.8,60.4,7.0,5.4,0,1,1,0.20587896793051058
101461,57.0,86426.97,38.1,12.4,2.9,0,2,1,0.1629174694206813
101462,32.0,57231.0,76.7,9.2,10.1,0,3,1,0.1868803268046113
101463,20.0,23718.91,89.0,4.8,10.4,0,3,1,0.14492510195526248
101464,34.0,45662.38,66.7,9.4,5.0,0,1,1,0.20110117509517123
101465,48.0,116222.16,28.6,15.6,3.7,0,2,1,0.14374375769714387
101466,50.0,95771.35,31.1,14.3,6.7,0,2,1,0.1743060310748305
101467,41.0,64059.24,53.4,7.0,5.7,0,1,1,0.2128649031550996
101468,31.0,37773.1,77.1,1.1,14.6,0,3,1,0.1378921802449341
101469,53.0,92774.14,50.5,11.0,3.0,0,2,1,0.1623404956242166
101470,23.0,24416.56,81.2,1.5,8.3,0,3,1,0.17730396457452147
101471,39.0,125205.83,63.6,18.5,7.5,0,0,1,0.18226221365124884
101472,24.0,45557.82,76.4,4.2,12.2,0,3,1,0.18339250305036242
101473,24.0,33577.08,78.2,3.4,8.2,0,3,1,0.21265794406912997
101474,34.0,62188.85,38.3,10.0,13.5,0,1,1,0.11900980106153464
101475,37.0,69426.64,68.8,4.4,9.8,0,1,1,0.1890237144267357
101476,34.0,87564.48,56.1,8.8,6.5,0,1,1,0.1901852946726285
101477,47.0,56282.17,69.7,8.3,8.2,0,1,1,0.18735949002175767
101478,44.0,123191.28,46.1,20.1,6.5,0,0,1,0.14894295084604825
101479,42.0,65924.95,70.0,8.6,0.0,0,1,1,0.1330589202947121
101480,39.0,58164.58,69.7,8.2,8.8,0,1,1,0.2095451639471117
101481,35.0,51815.31,53.7,3.4,5.2,0,1,1,0.18459212025999716
101482,18.0,23718.61,79.2,4.1,9.9,0,3,1,0.14486480946076402
101483,50.0,78799.32,31.8,10.4,3.8,0,2,1,0.17229772948170785
101484,18.0,36039.59,72.3,3.8,12.7,0,3,1,0.14599537994786793
101485,54.0,108665.07,14.3,11.0,7.3,0,2,1,0.11619432501991078
101486,27.0,42647.15,95.0,3.6,9.2,0,3,1,0.14669506119025288
101487,38.0,128009.62,67.9,16.8,5.2,0,0,1,0.17069380202254986
101488,38.0,80934.5,67.3,6.4,10.0,0,1,1,0.18218168380217975
101489,45.0,138974.25,71.0,17.6,10.0,0,0,1,0.16549657086045982
101490,37.0,53870.8,50.2,7.6,8.3,0,1,1,0.20300637587985781
101491,22.0,25479.65,90.5,5.1,4.0,0,3,1,0.09752028909933663
101492,50.0,134733.81,73.9,20.3,13.0,0,0,1,0.09062657668710161
101493,57.0,99121.62,21.2,7.9,6.6,0,2,1,0.11421592179439277
101494,59.0,81069.57,32.3,10.9,2.2,0,2,1,0.13527825800789506
101495,41.0,64437.04,55.7,12.3,2.7,0,1,1,0.17385301149786503
101496,55.0,77062.47,33.4,12.3,6.5,0,2,1,0.17601692922262363
101497,42.0,130752.91,69.2,15.8,9.9,0,0,1,0.17040987558759368
101498,53.0,102441.38,34.3,11.6,7.5,0,2,1,0.18690143283480753
101499,41.0,77789.17,61.7,9.7,5.8,0,1,1,0.2060765850244165
101500,51.0,115436.22,43.4,11.4,0.9,0,2,1,0.14583493520965352
101501,51.0,83288.75,52.2,13.5,1.7,0,2,1,0.14439184150597267
101502,38.0,120386.51,100.0,45.8,11.3,1,0,-1,-0.02411573221640151
101503,31.0,87551.24,48.6,4.2,12.1,0,1,1,0.12044423757807937
101504,43.0,59964.99,61.8,7.8,7.4,0,1,1,0.20996568205549526
101505,37.0,77454.43,63.6,21.6,13.6,0,0,1,0.08902478818895665
101506,35.0,51309.12,60.8,7.9,8.8,0,1,1,0.21130577067137574
101507,39.0,148997.63,46.3,11.6,1.8,0,2,1,0.09470222588461574
101508,41.0,67528.6,58.9,7.9,6.7,0,1,1,0.21938119853068072
101509,26.0,36183.85,81.4,3.6,14.2,0,3,1,0.16154385632568108
101510,44.0,81356.21,35.3,10.5,2.8,0,2,1,0.17138588075738315
101511,30.0,31141.93,59.7,2.2,10.2,0,3,1,0.1935624945916884
101512,24.0,35202.78,82.7,2.7,6.4,0,3,1,0.1865774338114961
101513,50.0,84350.52,32.1,13.4,5.2,0,2,1,0.1815002885831905
101514,56.0,88432.18,1.0,47.0,4.3,1,2,-1,-0.044746123585417075
101515,46.0,122970.84,50.9,16.8,10.2,0,0,1,0.14810764071418614
101516,24.0,31211.83,69.5,0.0,14.3,0,3,1,0.13330879020312675
101517,23.0,29525.86,71.3,5.5,12.6,0,3,1,0.17797821566054173
101518,38.0,169346.48,70.5,16.8,7.1,0,0,1,0.1422432856917772
101519,20.0,24391.75,85.8,2.6,11.9,0,3,1,0.14233888963801805
101520,25.0,35159.6,57.5,1.3,11.7,0,3,1,0.16386190238124715
101521,30.0,66163.41,44.1,7.0,11.8,0,1,1,0.14957418210627837
101522,40.0,41345.73,66.5,10.6,15.4,0,3,1,0.10602712191166996
101523,45.0,105616.62,76.3,21.2,7.4,0,0,1,0.14886661454648542
101524,57.0,80642.79,38.7,7.0,1.1,0,2,1,0.10814550965044889
101525,52.0,88786.6,22.0,11.0,5.0,0,2,1,0.17324007892186427
101526,24.0,32351.0,85.3,2.3,14.1,0,3,1,0.15898334135657088
101527,31.0,83516.51,69.1,6.3,6.1,0,1,1,0.1831871235524748
101528,37.0,68681.17,68.9,4.3,8.3,0,1,1,0.19821683798220102
101529,18.0,30978.75,92.5,0.2,5.2,0,3,1,0.06153568729135994
101530,25.0,39991.59,81.3,0.0,5.0,0,3,1,0.12316269167134303
101531,36.0,48839.65,59.4,7.4,5.5,0,1,1,0.20842756002351015
101532,33.0,35401.09,90.1,4.8,9.5,0,3,1,0.17514842412773057
101533,51.0,89910.7,41.8,10.7,9.2,0,2,1,0.16626322562469276
101534,48.0,98667.52,32.7,11.1,10.5,0,2,1,0.15404466280452023
101535,22.0,30244.81,71.4,3.1,9.7,0,3,1,0.19397391040805811
101536,30.0,57264.03,64.1,9.1,7.1,0,1,1,0.2082689805512697
101537,52.0,88826.98,30.0,10.2,0.0,0,2,1,0.14437688104054308
101538,48.0,110459.3,30.8,11.3,2.9,0,2,1,0.17210189710129065
101539,49.0,116604.76,74.8,17.9,8.2,0,0,1,0.1558217492222253
101540,37.0,62637.96,65.9,6.9,12.2,0,1,1,0.19154709377285056
101541,43.0,97072.63,78.4,18.8,8.1,0,0,1,0.1663524164608164
101542,23.0,19819.79,58.5,6.3,8.2,0,3,1,0.14125028167829995
101543,41.0,44110.15,47.5,8.4,6.7,0,1,1,0.18745135708481508
101544,27.0,31921.48,75.9,1.6,6.4,0,3,1,0.19180410232391853
101545,43.0,79491.17,47.6,4.8,6.0,0,1,1,0.17822604886981203
101546,38.0,59970.91,63.0,6.9,6.7,0,1,1,0.22952245300156104
101547,36.0,28974.83,94.4,5.9,11.5,0,3,1,0.1252024520606248
101548,42.0,95531.08,29.9,12.0,0.8,0,2,1,0.1442481463249266
101549,40.0,72992.43,69.7,6.2,3.8,0,1,1,0.1762496513263579
101550,26.0,42114.99,78.7,3.9,9.3,0,3,1,0.2040690490196811
101551,21.0,35791.67,76.9,3.8,11.5,0,3,1,0.18863919040646931
101552,38.0,68225.67,49.5,5.2,6.9,0,1,1,0.205726063129257
101553,36.0,56170.88,60.4,8.8,10.6,0,1,1,0.2021285853650483
101554,43.0,47326.81,46.4,6.4,7.2,0,1,1,0.17818566307259037
101555,23.0,28816.8,75.0,4.0,6.0,0,3,1,0.18387117128214758
101556,64.0,95358.99,45.5,10.8,5.7,0,2,1,0.1267889788077199
101557,44.0,161591.57,70.0,21.1,3.5,0,0,1,0.10868748562769348
101558,41.0,63324.91,47.8,10.9,12.5,0,1,1,0.1535567285198991
101559,42.0,98023.01,42.1,12.9,8.5,0,2,1,0.17845368095178843
101560,50.0,146682.72,94.8,19.9,6.9,0,0,1,0.07636542022442339
101561,40.0,171332.21,64.1,17.2,7.3,0,0,1,0.13926949181884973
101562,54.0,91691.86,21.8,14.3,2.8,0,2,1,0.13518183277277873
101563,53.0,147660.55,84.7,19.3,11.9,0,0,1,0.08239637529952326
101564,46.0,145926.25,82.9,23.0,7.2,0,0,1,0.10990556622306846
101565,56.0,94910.31,40.1,12.1,0.0,0,2,1,0.13841917866746734
101566,35.0,73155.03,50.3,8.8,7.6,0,1,1,0.20108263248203073
101567,23.0,37217.5,84.8,3.8,13.0,0,3,1,0.1781568622744274
101568,25.0,22526.72,74.2,0.0,12.0,0,3,1,0.14552613697065203
101569,40.0,72509.4,62.9,8.9,2.3,0,1,1,0.17329428858606905
101570,35.0,46209.54,54.4,10.2,10.3,0,1,1,0.17786528434311838
101571,39.0,59973.12,48.1,7.4,10.3,0,1,1,0.18513197106390183
101572,54.0,67884.69,36.0,8.2,6.4,0,2,1,0.1655142430466724
101573,49.0,74084.62,43.2,13.1,4.7,0,2,1,0.1754113955395845
101574,54.0,156002.0,65.6,19.0,7.1,0,0,1,0.12834594502666824
101575,30.0,33618.43,81.8,0.1,10.2,0,3,1,0.17165431941746312
101576,24.0,26100.53,75.8,3.9,10.0,0,3,1,0.20359183627413358
101577,45.0,90327.99,30.3,12.4,4.3,0,2,1,0.1836721391638284
101578,41.0,128643.28,72.7,19.9,8.8,0,0,1,0.16885684515410226
101579,50.0,168556.41,87.0,20.7,12.7,0,0,1,0.033158643659147446
101580,37.0,156315.14,84.2,20.8,5.7,0,0,1,0.09827659011113354
101581,46.0,141895.12,90.5,15.2,5.7,0,0,1,0.09493794094940089
101582,27.0,63613.92,80.6,6.9,7.3,0,3,1,0.1716037140761713
101583,39.0,60702.2,61.7,7.8,4.5,0,1,1,0.21264202256405224
101584,24.0,36273.53,87.3,5.6,11.0,0,3,1,0.1896228982097805
101585,54.0,107828.16,29.1,10.7,3.6,0,2,1,0.1789816768370709
101586,37.0,150253.9,82.5,16.6,9.3,0,0,1,0.12423724126220703
101587,33.0,50655.02,78.6,5.0,3.2,0,1,1,0.15317832333140452
101588,53.0,99591.72,41.7,16.0,1.7,0,2,1,0.1302893311500974
101589,33.0,79954.27,67.4,8.6,5.2,0,1,1,0.18513730964997688
101590,30.0,36626.33,79.9,1.8,10.3,0,3,1,0.1919042233482281
101591,32.0,25698.75,70.0,1.7,8.8,0,3,1,0.18706019106891553
101592,24.0,37521.37,82.6,3.1,10.8,0,3,1,0.19924988859822768
101593,46.0,97621.01,82.7,16.3,6.7,0,0,1,0.15672288623437552
101594,38.0,61158.47,62.9,7.3,6.1,0,1,1,0.22610267669911494
101595,51.0,157843.25,75.0,19.4,5.9,0,0,1,0.1297809819379731
101596,63.0,76401.4,36.1,11.4,3.0,0,2,1,0.11585556916142592
101597,22.0,27554.95,89.9,0.6,13.0,0,3,1,0.115856060454893
101598,27.0,29806.07,83.3,2.7,6.7,0,3,1,0.18491302119584824
101599,38.0,156517.13,1.0,37.2,6.8,1,0,-1,-0.05426807498472208
101600,23.0,30124.81,60.5,3.1,11.6,0,3,1,0.172116996374496
101601,43.0,184582.56,62.0,16.7,8.4,0,0,1,0.12415563433608001
101602,25.0,21049.04,84.0,3.5,3.6,0,3,1,0.12429537364696863
101603,51.0,81173.94,30.5,9.3,5.2,0,2,1,0.1723252940745572
101604,52.0,146678.59,50.4,18.6,7.4,0,0,1,0.12878997390848845
101605,18.0,34036.87,86.8,1.7,5.1,0,3,1,0.10726058340224665
101606,18.0,28165.65,76.4,2.0,8.0,0,3,1,0.15191639883072666
101607,46.0,151663.22,74.0,19.6,6.0,0,0,1,0.158100882491151
101608,19.0,28991.36,72.1,0.0,8.4,0,3,1,0.13846364592349147
101609,42.0,70937.52,63.3,7.3,11.3,0,1,1,0.18403455734913143
101610,31.0,51232.53,69.2,7.1,5.0,0,1,1,0.20365245975164437
101611,27.0,29474.43,69.6,1.3,11.0,0,3,1,0.1932932542071497
101612,53.0,120936.37,32.1,11.4,8.3,0,2,1,0.15534321088052216
101613,57.0,97477.76,19.4,10.4,0.8,0,2,1,0.10661008164391561
101614,36.0,56326.91,74.0,3.9,3.5,0,1,1,0.16766342308956933
101615,44.0,153140.19,46.1,14.5,7.2,0,0,1,0.13704561145023947
101616,31.0,42873.5,73.9,2.7,7.5,0,3,1,0.20760151205545385
101617,27.0,40804.33,90.6,2.9,7.5,0,3,1,0.15573217383770405
101618,52.0,118611.45,31.0,8.4,2.9,0,2,1,0.130254362617081
101619,42.0,94103.29,74.3,19.0,13.6,0,0,1,0.11387658448146143
101620,18.0,36207.8,87.7,4.0,7.0,0,3,1,0.13303699486757853
101621,19.0,32559.85,78.9,1.9,13.9,0,3,1,0.13213269354332224
101622,34.0,40866.3,55.8,8.0,8.0,0,1,1,0.19733202297232583
101623,45.0,177648.52,60.9,17.2,12.6,0,0,1,0.08082340925203801
101624,18.0,31690.72,90.3,5.4,12.0,0,3,1,0.12239452430158904
101625,39.0,50382.18,71.7,4.6,3.6,0,1,1,0.16754721754263657
101626,54.0,86569.45,37.1,12.9,9.3,0,2,1,0.1523670464867115
101627,38.0,55097.16,64.8,5.3,9.7,0,1,1,0.20706941913691246
101628,24.0,34307.13,60.2,0.0,5.5,0,3,1,0.13554739161078516
101629,33.0,25386.63,85.3,1.7,9.3,0,3,1,0.16492806304069552
101630,36.0,80344.57,63.8,7.8,10.9,0,1,1,0.18216628958566905
101631,33.0,73922.71,67.0,8.8,6.5,0,1,1,0.19895325947038595
101632,41.0,118080.44,63.9,16.2,9.1,0,0,1,0.18048576240682745
101633,51.0,102376.94,39.9,9.9,0.7,0,2,1,0.15667422248134244
101634,51.0,81745.44,26.2,15.4,0.0,0,2,1,0.10288712294988678
101635,53.0,147279.68,81.9,19.7,9.9,0,0,1,0.09308401755596363
101636,44.0,49920.23,56.4,5.3,1.9,0,1,1,0.1483051294169594
101637,33.0,82897.63,56.3,11.0,13.3,0,1,1,0.13034979629136773
101638,58.0,188018.42,95.6,18.7,8.7,0,0,1,0.017987164136558542
101639,25.0,32000.36,79.5,4.5,8.6,0,3,1,0.20675978844858306
101640,45.0,101217.88,28.1,10.8,3.6,0,2,1,0.17811994384481394
101641,50.0,113981.73,33.3,14.3,4.6,0,2,1,0.17125781134129592
101642,24.0,32911.35,65.1,3.7,12.5,0,3,1,0.18937185923068806
101643,41.0,46909.74,42.8,5.9,11.2,0,1,1,0.13946729013788073
101644,25.0,27537.76,63.5,1.6,7.7,0,3,1,0.18791882820027928
101645,29.0,37832.25,67.5,4.5,12.0,0,3,1,0.1976295727882295
101646,30.0,61064.58,61.4,7.3,1.9,0,1,1,0.160920729829229
101647,37.0,69100.72,73.8,5.7,5.4,0,1,1,0.197784920032125
101648,51.0,99979.79,36.0,13.2,0.6,0,2,1,0.13970926190762945
101649,45.0,121296.17,70.6,21.4,3.8,0,0,1,0.13405186173089112
101650,42.0,107878.93,1.0,26.0,8.5,1,2,-1,-0.007619911444295302
101651,23.0,39651.6,81.3,4.6,12.1,0,3,1,0.1810192259737871
101652,18.0,31558.39,67.2,1.3,14.4,0,3,1,0.09462452584563807
101653,22.0,42901.19,63.9,0.8,12.3,0,3,1,0.13407172991765554
101654,22.0,33770.21,76.9,2.7,9.1,0,3,1,0.19917010559739012
101655,44.0,156169.28,88.1,17.6,6.8,0,0,1,0.12392106571579492
101656,33.0,78402.79,64.9,3.2,1.2,0,1,1,0.12971275419068962
101657,20.0,33325.64,77.7,4.0,9.5,0,3,1,0.1953653511121053
101658,50.0,159457.21,72.8,20.3,3.1,0,0,1,0.08372349045571958
101659,36.0,63534.64,64.0,3.6,6.2,0,1,1,0.2089292165581817
101660,26.0,34748.45,89.9,4.5,9.8,0,3,1,0.182353289761852
101661,27.0,30840.15,79.5,4.6,9.9,0,3,1,0.20185197801079574
101662,54.0,111438.38,42.1,14.5,11.0,0,2,1,0.11563204189116139
101663,56.0,87111.9,40.1,12.9,5.8,0,2,1,0.17548968505411078
101664,31.0,22299.52,93.1,6.7,11.7,0,3,1,0.12211798438756144
101665,46.0,133910.55,72.1,19.4,9.9,0,0,1,0.15872220447096075
101666,47.0,155792.05,81.0,19.6,4.9,0,0,1,0.11736428344492156
101667,47.0,186836.38,71.7,21.0,5.2,0,0,1,0.08963472813701745
101668,24.0,28306.93,91.8,6.3,9.7,0,3,1,0.15303451553771902
101669,30.0,41507.61,77.7,3.3,12.2,0,3,1,0.19176512839473642
101670,39.0,142774.46,93.4,17.0,10.6,0,0,1,0.09338751204495266
101671,39.0,60172.37,60.2,10.5,8.7,0,1,1,0.20818158051332675
101672,56.0,122374.75,32.1,9.9,9.3,0,2,1,0.11852977494839201
101673,53.0,110280.57,27.4,12.8,0.7,0,2,1,0.13177679925111502
101674,24.0,28267.96,69.2,2.4,3.1,0,1,1,0.1460345249519241
101675,46.0,108379.28,38.5,9.9,5.6,0,2,1,0.18992374402581325
101676,39.0,158193.49,70.8,17.3,7.7,0,0,1,0.16442374255455378
101677,65.0,82024.49,37.3,13.6,1.1,0,2,1,0.07257308528270101
101678,28.0,55291.74,65.6,6.3,6.3,0,1,1,0.20702991949825372
101679,48.0,119680.15,71.1,15.0,9.0,0,0,1,0.16805556145168965
101680,37.0,70878.19,46.5,6.6,3.2,0,1,1,0.17728512237218913
101681,51.0,120338.58,31.8,9.3,2.0,0,2,1,0.1434041461297209
101682,35.0,107346.52,78.7,15.1,8.9,0,0,1,0.14857347207160698
101683,52.0,85910.87,37.3,10.1,6.5,0,2,1,0.18993847763910882
101684,33.0,57688.15,52.9,8.4,8.6,0,1,1,0.20427093461149987
101685,18.0,33464.44,60.6,2.3,9.7,0,3,1,0.14015366410807967
101686,22.0,34884.72,85.2,1.5,7.6,0,3,1,0.17475159346953117
101687,36.0,44771.95,53.2,9.7,2.5,0,1,1,0.15878723418295737
101688,34.0,55389.92,78.1,5.9,5.6,0,1,1,0.19547002131667862
101689,47.0,95159.4,37.7,10.2,7.0,0,2,1,0.2017210952549907
101690,37.0,71507.2,54.7,7.5,6.4,0,1,1,0.21799817609476885
101691,59.0,96988.12,35.1,11.1,2.5,0,2,1,0.15332722364896223
101692,44.0,160653.6,65.2,18.3,8.6,0,0,1,0.1522396181147065
101693,26.0,22164.82,68.8,0.3,10.1,0,3,1,0.1551784348029454
101694,47.0,86514.28,23.1,11.2,0.6,0,2,1,0.13231881871578965
101695,56.0,103194.8,36.5,11.4,0.0,0,2,1,0.1332706958758157
101696,34.0,53502.14,60.5,8.2,8.0,0,1,1,0.21647124919592559
101697,30.0,28726.51,71.9,5.1,10.5,0,3,1,0.20143820913401972
101698,51.0,126575.51,40.8,11.6,1.9,0,2,1,0.150993484781346
101699,50.0,145216.32,72.2,19.4,10.6,0,0,1,0.13095697227929648
101700,55.0,110115.98,39.5,13.1,1.8,0,2,1,0.15286119777769952
101701,52.0,108911.35,75.1,15.3,7.7,0,0,1,0.16250474193482833
101702,40.0,143421.05,75.4,16.1,7.9,0,0,1,0.16687117053771683
101703,43.0,47355.12,49.5,8.7,7.2,0,1,1,0.18959037964322845
101704,53.0,112481.37,27.1,11.0,2.1,0,2,1,0.14988747528057905
101705,34.0,76949.07,41.0,4.6,2.9,0,1,1,0.14128205797192245
101706,50.0,124517.12,68.7,14.8,7.2,0,0,1,0.16460302823422057
101707,28.0,33457.03,76.9,0.0,9.0,0,3,1,0.1738824519111805
101708,37.0,50931.23,64.5,8.8,5.4,0,1,1,0.21260265554742125
101709,47.0,137234.56,83.5,22.1,4.7,0,0,1,0.10617989844826592
101710,40.0,76563.4,48.3,5.8,5.2,0,1,1,0.19063050287573952
101711,51.0,88906.15,33.0,13.7,0.0,0,2,1,0.1379445711188233
101712,31.0,69476.4,63.5,4.9,8.7,0,1,1,0.1964918919347755
101713,50.0,138764.53,61.9,19.7,13.2,0,0,1,0.09970380991502847
101714,39.0,140989.15,82.9,18.2,2.8,0,0,1,0.10592613458668654
101715,38.0,51076.5,45.3,3.5,10.6,0,1,1,0.15915455798710337
101716,48.0,100700.05,40.8,12.3,4.9,0,2,1,0.19839736182130996
101717,38.0,63541.17,50.4,5.3,6.7,0,1,1,0.21342543671305786
101718,51.0,102341.37,46.0,12.7,1.6,0,2,1,0.16275405600365334
101719,41.0,81851.17,21.6,10.5,4.7,0,2,1,0.1468369864906025
101720,43.0,186826.08,76.8,21.8,10.1,0,0,1,0.06956767774222983
101721,29.0,29932.72,67.3,2.1,10.0,0,3,1,0.20363222886277205
101722,21.0,26233.42,82.2,1.0,5.4,0,3,1,0.12752677882934532
101723,46.0,90992.52,25.1,11.5,5.8,0,2,1,0.17770322663969468
101724,55.0,83699.88,22.0,10.8,6.0,0,2,1,0.16007032344961802
101725,40.0,65938.25,70.0,10.5,5.6,0,1,1,0.20107869363239095
101726,31.0,30499.23,88.2,4.4,4.1,0,3,1,0.13687231933705474
101727,31.0,48370.43,40.2,8.8,13.2,0,1,1,0.12339663392106637
101728,42.0,161524.75,86.8,18.4,7.9,0,0,1,0.12096468879366434
101729,23.0,35096.34,86.7,3.9,11.3,0,3,1,0.18739321065039932
101730,36.0,44222.63,67.0,4.4,8.9,0,1,1,0.20735517466394215
101731,47.0,111261.11,65.9,22.2,7.8,0,0,1,0.14285330921759565
101732,18.0,36613.06,70.3,0.0,11.6,0,3,1,0.11305871079804564
101733,47.0,100492.32,26.9,13.4,4.6,0,2,1,0.1764003618864593
101734,18.0,34200.39,75.1,5.8,11.2,0,3,1,0.15034248745499257
101735,47.0,122094.37,64.1,17.9,6.9,0,0,1,0.18406129712487335
101736,59.0,92378.24,22.8,10.3,6.9,0,2,1,0.1265387630524607
101737,42.0,134438.06,82.6,16.2,1.3,0,0,1,0.09607845975537121
101738,20.0,33394.43,75.5,0.0,13.0,0,3,1,0.13321757463726208
101739,37.0,66341.4,62.2,4.4,7.9,0,1,1,0.21146894478063233
101740,57.0,114499.3,42.2,13.0,0.0,0,2,1,0.11542373304196862
101741,24.0,26490.13,90.8,5.3,7.1,0,3,1,0.14618856303589495
101742,24.0,33431.41,87.0,0.0,3.4,0,3,1,0.10234491044335958
101743,24.0,17419.04,79.6,4.2,13.7,0,3,1,0.1400295587550106
101744,40.0,144061.78,78.5,15.6,10.7,0,0,1,0.13402302212527772
101745,53.0,84646.87,36.4,11.7,6.3,0,2,1,0.18548581184194834
101746,50.0,98883.25,28.8,10.1,4.5,0,2,1,0.1760508495956929
101747,48.0,108689.92,40.9,10.5,4.6,0,2,1,0.19581295650612884
101748,32.0,44095.87,52.0,6.9,8.6,0,1,1,0.19422450855568313
101749,37.0,72129.65,48.2,6.2,11.9,0,1,1,0.17015685006158066
101750,26.0,56956.19,47.3,6.6,5.7,0,1,1,0.16520812863831197
101751,55.0,99369.4,21.9,10.8,4.0,0,2,1,0.1591664963774697
101752,28.0,46013.83,85.0,1.0,9.7,0,3,1,0.16022268517909904
101753,44.0,126911.35,76.7,13.5,9.7,0,0,1,0.16178861307846332
101754,41.0,137235.43,86.7,15.5,8.8,0,0,1,0.1272384101109139
101755,40.0,63900.95,41.9,9.7,6.4,0,1,1,0.1937041174853455
101756,49.0,89690.74,31.2,9.6,4.5,0,2,1,0.1820570774577272
101757,21.0,35864.32,83.2,6.3,9.4,0,3,1,0.1704442242006785
101758,39.0,102962.49,93.9,19.3,5.9,0,0,1,0.09091996278708037
101759,51.0,174175.29,58.5,16.5,7.6,0,0,1,0.12241571923442884
101760,38.0,137566.2,79.1,15.3,8.9,0,0,1,0.15151042117774477
101761,42.0,66466.46,57.2,5.7,9.5,0,1,1,0.1956695929269125
101762,18.0,33398.48,78.3,5.3,8.3,0,3,1,0.1545604837359984
101763,22.0,24846.86,1.0,44.0,7.4,1,2,-1,-0.09171318878311607
101764,20.0,35093.73,67.0,1.0,12.7,0,3,1,0.13473823079847014
101765,23.0,37503.36,74.4,3.0,10.5,0,3,1,0.19836602040400786
101766,31.0,39521.83,89.5,1.7,7.0,0,3,1,0.16455736074432936
101767,47.0,174694.34,83.6,18.0,10.2,0,0,1,0.09132838853705194
101768,28.0,32857.91,79.9,3.2,7.6,0,3,1,0.20655519965047747
101769,21.0,27959.42,62.0,3.3,9.9,0,3,1,0.17345177535137063
101770,47.0,171770.08,85.2,20.8,5.7,0,0,1,0.08855543592974857
101771,45.0,110915.72,1.0,40.8,5.5,1,2,-1,-0.032926937274014745
101772,42.0,101251.92,40.6,14.5,8.3,0,2,1,0.1674928855787196
101773,57.0,84957.53,24.7,13.1,1.6,0,2,1,0.12402371971631998
101774,50.0,97045.11,77.7,18.6,7.4,0,0,1,0.14575642707317898
101775,47.0,59743.63,29.7,11.0,7.3,0,2,1,0.15717024334947582
101776,32.0,67052.92,45.1,8.0,0.3,0,1,1,0.13865961324608
101777,62.0,92587.75,7.1,10.6,1.4,0,2,1,0.03375433138338835
101778,33.0,57930.6,51.4,5.4,3.5,0,1,1,0.18250734772647698
101779,40.0,75404.67,55.5,7.0,3.6,0,1,1,0.1911216412482334
101780,36.0,64566.4,55.8,7.8,7.9,0,1,1,0.21597180309741648
101781,19.0,38871.95,75.9,6.4,11.3,0,3,1,0.16220692201623493
101782,62.0,115097.1,37.3,10.6,1.9,0,2,1,0.10031084736508444
101783,27.0,32824.41,72.1,4.7,10.1,0,3,1,0.21215693597577256
101784,28.0,26381.29,88.0,4.0,13.6,0,3,1,0.15020954135868314
101785,29.0,31510.67,76.3,6.6,9.1,0,3,1,0.2029609900530998
101786,47.0,130389.05,53.4,15.5,9.2,0,0,1,0.16190201457429465
101787,40.0,66566.82,69.5,7.8,4.7,0,1,1,0.2015658534734167
101788,55.0,97900.3,29.2,12.9,4.2,0,2,1,0.1767150687735896
101789,40.0,135517.78,86.1,20.8,8.6,0,0,1,0.11449967554903628
101790,24.0,23745.66,95.2,5.1,12.3,0,3,1,0.11615188522626674
101791,41.0,95699.78,33.7,13.4,2.6,0,2,1,0.15871237139687644
101792,35.0,68912.65,50.3,5.9,7.6,0,1,1,0.20463425817907582
101793,31.0,36656.79,88.8,3.1,14.5,0,3,1,0.13488506758112456
101794,43.0,129580.29,56.5,12.9,6.5,0,0,1,0.18969306665814128
101795,43.0,134718.88,65.9,17.9,9.7,0,0,1,0.17772061510717985
101796,38.0,84170.49,59.0,4.0,11.9,0,1,1,0.15446899562631827
101797,46.0,85434.42,37.7,12.8,0.0,0,2,1,0.1489015220957145
101798,32.0,45474.47,64.2,9.4,3.3,0,1,1,0.18296576698830186
101799,57.0,110916.32,28.4,8.0,0.8,0,2,1,0.08698463630249442
101800,49.0,121362.57,33.8,10.0,4.4,0,2,1,0.1704572618250481
101801,46.0,103795.21,25.2,10.3,5.1,0,2,1,0.1757723829008293
101802,61.0,132582.17,24.6,10.8,5.5,0,2,1,0.08871938238935417
101803,30.0,19534.88,78.9,2.0,4.2,0,3,1,0.13604801407723072
101804,45.0,85291.06,35.6,14.0,5.1,0,2,1,0.18285183603595584
101805,57.0,95456.99,28.0,11.6,6.1,0,2,1,0.17572777322857785
101806,57.0,92471.34,25.7,12.7,5.4,0,2,1,0.16474625983905838
101807,30.0,28090.33,71.3,4.5,8.8,0,3,1,0.2077122249245396
101808,34.0,75996.2,44.3,11.1,5.2,0,1,1,0.18546425649311982
101809,40.0,60785.8,60.7,6.5,9.6,0,1,1,0.2017951876207375
101810,22.0,28699.83,96.1,3.1,8.0,0,3,1,0.1297639718858219
101811,18.0,42745.73,72.5,7.1,11.2,0,3,1,0.1320950767551573
101812,37.0,63895.46,80.2,2.6,7.6,0,1,1,0.1787694109206468
101813,51.0,91356.1,36.5,11.5,4.6,0,2,1,0.1917925964526968
101814,24.0,24433.9,81.8,4.4,8.4,0,3,1,0.18626028752539658
101815,52.0,173656.41,80.4,19.7,8.1,0,0,1,0.08832678922021941
101816,42.0,79529.62,66.1,5.9,6.9,0,1,1,0.20171723973424494
101817,55.0,109325.44,34.2,10.9,8.8,0,2,1,0.15645957152469747
101818,31.0,51494.74,44.7,5.1,10.7,0,1,1,0.16355589486369515
101819,42.0,61173.65,63.0,7.0,3.4,0,1,1,0.2001498137838027
101820,63.0,118508.05,38.5,10.3,3.3,0,2,1,0.10798799746220233
101821,40.0,142459.07,75.1,17.3,3.6,0,0,1,0.1406909329579349
101822,47.0,64650.8,62.6,6.2,2.3,0,1,1,0.158259233234739
101823,36.0,58392.84,65.1,8.8,9.3,0,1,1,0.21246453672336446
101824,57.0,125842.69,38.9,14.2,5.5,0,2,1,0.15105761719987287
101825,42.0,92357.7,26.3,12.5,1.6,0,2,1,0.1442879925005146
101826,27.0,37650.72,90.0,6.2,5.0,0,3,1,0.1424565321501764
101827,30.0,94674.42,68.1,7.4,7.1,0,1,1,0.17218992271346756
101828,36.0,40419.39,50.3,6.8,4.9,0,1,1,0.18226182807374475
101829,40.0,204480.03,69.5,18.6,8.7,0,0,1,0.09547087821229505
101830,39.0,56673.52,70.5,7.9,3.1,0,1,1,0.17986330269033418
101831,35.0,60078.82,55.8,8.0,8.9,0,1,1,0.2077122416988476
101832,46.0,148540.67,72.9,13.7,10.3,0,0,1,0.14061735235518064
101833,38.0,51010.06,60.8,8.3,10.5,0,1,1,0.20105413543559186
101834,27.0,33852.43,87.5,2.4,11.2,0,3,1,0.18633036929349778
101835,21.0,38395.31,61.9,4.6,10.1,0,3,1,0.17196848088538375
101836,29.0,27504.06,78.9,3.1,11.3,0,3,1,0.19736125168881585
101837,19.0,35664.6,59.5,1.7,5.3,0,3,1,0.12536840557306295
101838,40.0,66465.46,62.6,9.9,6.1,0,1,1,0.2140962473486145
101839,55.0,96128.98,34.1,14.6,10.2,0,2,1,0.13134061158509153
101840,50.0,109256.61,38.2,12.7,4.7,0,2,1,0.19196399986277352
101841,22.0,12000.0,93.3,1.6,9.3,0,3,1,0.10090866362313577
101842,51.0,81596.96,37.4,11.9,1.9,0,2,1,0.16690442916568243
101843,25.0,31809.65,87.3,0.3,7.6,0,3,1,0.1533041142738618
101844,47.0,123878.48,63.0,16.8,7.7,0,0,1,0.18474773430052743
101845,24.0,30790.64,67.7,4.5,14.0,0,3,1,0.16481994669795874
101846,42.0,68434.46,45.0,15.1,0.0,0,2,1,0.11308443063877138
101847,40.0,80278.74,49.4,10.2,6.5,0,1,1,0.20061598932592783
101848,54.0,82701.11,45.0,13.7,9.2,0,2,1,0.14028711848400538
101849,43.0,61897.89,89.1,9.7,8.6,0,1,1,0.13591215659245487
101850,47.0,68836.44,20.5,10.1,8.1,0,2,1,0.13622029878520497
101851,26.0,28466.97,76.6,2.5,12.4,0,3,1,0.19353187029828034
101852,39.0,148812.1,75.0,16.3,12.8,0,0,1,0.12366771772796697
101853,35.0,50920.91,66.5,7.1,8.2,0,1,1,0.21498487459663873
101854,46.0,108892.32,56.7,9.5,5.1,0,2,1,0.1917311692965738
101855,39.0,207778.07,84.4,18.6,4.3,0,0,1,0.059665328975156195
101856,38.0,158806.12,58.4,15.3,8.0,0,0,1,0.1481903534825073
101857,25.0,34188.98,73.6,4.8,7.4,0,3,1,0.2081941760680121
101858,39.0,64389.59,64.0,9.4,5.6,0,1,1,0.2169042126185896
101859,21.0,22274.85,57.8,2.6,9.7,0,3,1,0.13320223875216103
101860,19.0,26982.47,93.2,4.8,6.2,0,3,1,0.10738646120246553
101861,50.0,101942.65,28.7,10.4,3.0,0,2,1,0.17158098352565515
101862,48.0,169771.31,64.6,18.9,8.0,0,0,1,0.1364380462870829
101863,38.0,132513.72,59.4,20.3,12.7,0,0,1,0.10658958668029495
101864,34.0,54756.27,68.5,9.4,3.7,0,1,1,0.19461788602069413
101865,51.0,93992.15,27.3,12.8,1.9,0,2,1,0.15465432159166015
101866,40.0,137446.16,57.1,13.9,10.8,0,0,1,0.14956510283909324
101867,39.0,193798.57,91.7,17.0,15.0,0,0,1,0.014517371481927444
101868,29.0,28282.99,52.2,4.4,10.1,0,3,1,0.17397237827967105
101869,38.0,59446.19,46.6,6.1,9.1,0,1,1,0.18703660676464917
101870,41.0,130917.47,56.8,18.2,4.7,0,0,1,0.17073457089001498
101871,41.0,53807.43,55.0,11.3,6.1,0,1,1,0.18966112627354137
101872,34.0,68535.54,40.1,9.5,10.0,0,1,1,0.15998517976506688
101873,46.0,54897.14,69.4,15.5,11.4,0,1,1,0.13063536077298055
101874,48.0,149777.85,60.0,21.0,7.2,0,0,1,0.13666268262560805
101875,52.0,146687.75,77.1,17.1,12.2,0,0,1,0.11058256789255572
101876,55.0,119673.45,36.8,11.9,5.8,0,2,1,0.17413762849639824
101877,31.0,37856.39,79.4,0.0,12.4,0,3,1,0.1551307995921744
101878,29.0,62390.66,56.8,4.2,8.1,0,1,1,0.1978931273643869
101879,47.0,58511.32,65.7,11.7,9.6,0,1,1,0.1779259292368745
101880,49.0,99052.95,39.8,14.9,7.6,0,2,1,0.16894769569928852
101881,22.0,52444.76,57.3,5.0,0.0,0,1,1,0.08224592548320364
101882,48.0,94938.26,29.7,10.0,4.1,0,2,1,0.18299573332563895
101883,38.0,56770.46,71.7,7.1,4.4,0,1,1,0.19925495506398255
101884,46.0,91358.22,46.1,10.4,5.8,0,2,1,0.192777393884776
101885,36.0,84244.48,61.9,5.6,9.2,0,1,1,0.1852496742750711
101886,40.0,57569.36,46.4,8.1,7.2,0,1,1,0.1945643136402574
101887,18.0,33466.04,71.6,0.0,8.9,0,3,1,0.12382526637330338
101888,30.0,38958.43,87.5,3.5,11.8,0,3,1,0.17529466851804476
101889,43.0,112152.72,62.9,16.8,12.2,0,0,1,0.14738641352584836
101890,41.0,49948.57,58.5,6.2,6.5,0,1,1,0.2035911235751312
101891,21.0,40096.78,77.8,3.4,10.7,0,3,1,0.1856363996799686
101892,47.0,96856.27,45.6,14.9,0.6,0,2,1,0.1324915375501861
101893,44.0,96062.5,46.1,12.7,6.0,0,2,1,0.19522981437461823
101894,18.0,28705.35,56.0,2.7,3.5,0,1,1,0.0897655677936906
101895,43.0,79351.81,59.4,4.0,8.1,0,1,1,0.1841754772681346
101896,33.0,34740.24,89.8,2.0,7.4,0,3,1,0.17048146460182378
101897,52.0,62053.34,57.6,12.3,6.6,0,2,1,0.17680203702043368
101898,22.0,23111.82,92.3,0.8,11.0,0,3,1,0.10757430824618552
101899,26.0,32425.96,70.2,2.7,7.1,0,3,1,0.20424178790993158
101900,28.0,35292.11,77.8,1.9,16.3,0,3,1,0.11635484078596753
101901,45.0,68587.12,34.2,11.5,7.3,0,2,1,0.18305425528049174
101902,27.0,32170.07,83.0,4.0,16.3,0,3,1,0.12730114495315398
101903,44.0,122836.86,74.0,12.8,7.9,0,0,1,0.17845091567109683
101904,29.0,35468.58,81.0,4.3,13.3,0,3,1,0.1866527847282458
101905,59.0,102651.5,31.8,7.4,6.9,0,2,1,0.11479567880501285
101906,39.0,63703.68,51.1,8.9,6.2,0,1,1,0.21175179894969326
101907,36.0,61375.17,62.5,4.7,8.7,0,1,1,0.21393905949729985
101908,20.0,28049.77,86.9,1.0,12.7,0,3,1,0.12753537940480986
101909,44.0,98463.43,85.6,18.6,9.2,0,0,1,0.13563642070444576
101910,48.0,177780.36,74.0,19.2,9.1,0,0,1,0.10411526514353742
101911,22.0,22879.41,80.1,5.8,11.7,0,3,1,0.15775878568810547
101912,19.0,38321.72,74.9,0.0,13.1,0,3,1,0.1206014468174395
101913,38.0,184874.36,83.5,17.5,9.4,0,0,1,0.09206338265486513
101914,48.0,73160.08,60.4,12.8,7.4,0,1,1,0.19246416640205183
101915,27.0,26607.41,61.3,2.4,10.1,0,3,1,0.18932731369739453
101916,26.0,23822.12,84.6,1.3,11.8,0,3,1,0.15755008462974818
101917,57.0,88236.79,25.4,15.1,6.6,0,2,1,0.14324182464265867
101918,53.0,120110.11,35.8,10.8,1.0,0,2,1,0.1430634869618031
101919,51.0,108196.42,48.9,12.0,7.6,0,2,1,0.18927806925144702
101920,42.0,120303.73,58.9,17.0,4.2,0,0,1,0.16705064939804581
101921,46.0,66902.55,57.0,10.4,3.1,0,1,1,0.18404416101369298
101922,35.0,84316.36,56.6,11.9,9.4,0,1,1,0.17396039557723103
101923,43.0,76897.43,58.0,6.0,6.7,0,1,1,0.20416654966222186
101924,31.0,61263.85,58.0,10.4,8.8,0,1,1,0.20619330027854443
101925,36.0,19561.03,65.8,2.3,14.5,0,3,1,0.1140365276547799
101926,23.0,23545.32,75.5,0.6,5.8,0,3,1,0.13147856033411753
101927,46.0,58076.05,59.7,6.8,6.2,0,1,1,0.1954912278496464
101928,48.0,89688.15,38.4,14.8,6.8,0,2,1,0.18193078953840763
101929,18.0,37693.95,82.8,1.8,10.5,0,3,1,0.1425101900309575
101930,39.0,62525.11,62.8,5.3,13.0,0,1,1,0.1825390915109676
101931,42.0,104881.26,38.7,13.3,1.9,0,2,1,0.1618887906603158
101932,58.0,93153.53,23.1,9.8,4.4,0,2,1,0.13884184938604638
101933,44.0,125788.65,45.5,15.7,9.2,0,0,1,0.151149579314117
101934,41.0,118092.9,45.2,17.2,13.3,0,0,1,0.1058159975365005
101935,48.0,91410.35,29.5,12.7,7.9,0,2,1,0.17442304082348736
101936,18.0,24236.81,92.9,4.5,9.2,0,3,1,0.11137736149727961
101937,45.0,46766.28,67.3,6.9,8.8,0,1,1,0.18490205899290413
101938,40.0,90541.97,42.4,11.9,7.8,0,1,1,0.1821293713903251
101939,30.0,26478.67,86.2,1.0,10.2,0,3,1,0.16388080405352778
101940,27.0,27188.77,85.9,2.0,8.3,0,3,1,0.1805060394133826
101941,28.0,27184.8,69.1,5.1,10.3,0,3,1,0.19909665845344032
101942,29.0,71548.96,53.9,4.2,0.0,0,1,1,0.12183886661717841
101943,41.0,52403.31,45.6,8.3,9.4,0,1,1,0.1703711763882172
101944,20.0,37256.81,98.5,5.7,13.6,0,3,1,0.08203537135666183
101945,45.0,128818.3,71.4,18.9,4.2,0,0,1,0.16172808330846444
101946,39.0,104020.7,74.4,18.2,6.0,0,0,1,0.16789088755915205
101947,28.0,25983.1,71.1,4.6,12.8,0,3,1,0.18444152396979574
101948,39.0,145847.47,64.2,17.6,8.4,0,0,1,0.17371081603346988
101949,27.0,33829.14,80.7,0.8,11.2,0,3,1,0.17985668601257554
101950,46.0,157361.15,64.8,19.8,4.0,0,0,1,0.11814795223927271
101951,41.0,133056.92,59.4,17.4,8.7,0,0,1,0.17939473305313502
101952,18.0,29726.59,60.5,7.1,10.6,0,3,1,0.11842984531233369
101953,53.0,98968.46,41.0,14.0,0.0,0,2,1,0.13766481060394203
101954,50.0,171394.8,71.3,17.8,0.0,0,0,1,0.05026310147979973
101955,37.0,153075.0,84.0,19.5,7.8,0,0,1,0.11735326536006307
101956,53.0,165330.42,68.1,22.4,4.7,0,0,1,0.0837279534753479
101957,45.0,87799.1,27.4,11.3,6.4,0,2,1,0.1801670102855723
101958,24.0,31952.21,78.6,0.0,5.5,0,3,1,0.14055357759897286
101959,41.0,118758.19,69.7,20.8,7.8,0,0,1,0.1578896563768431
101960,45.0,81437.99,52.1,15.1,5.8,0,2,1,0.18554463452926778
101961,44.0,100246.36,38.8,12.1,2.3,0,2,1,0.17138080306370368
101962,34.0,54860.78,46.5,9.7,9.6,0,1,1,0.1837115080095632
101963,51.0,101022.25,38.9,16.7,6.6,0,2,1,0.15534931903214455
101964,28.0,32218.77,73.7,5.8,12.0,0,3,1,0.19576854998625237
101965,48.0,102761.12,43.4,7.8,1.2,0,2,1,0.13365116173767427
101966,26.0,20915.1,60.3,2.5,11.5,0,3,1,0.15540617617635216
101967,55.0,122059.03,35.8,11.3,0.1,0,2,1,0.12040862572980826
101968,41.0,157829.74,79.5,18.5,9.6,0,0,1,0.13794413663842697
101969,42.0,62840.03,71.7,5.5,6.8,0,1,1,0.20340898889571069
101970,34.0,70846.59,47.9,6.4,1.4,0,1,1,0.15084297953165593
101971,39.0,75914.18,67.1,8.6,9.5,0,1,1,0.19637126192028226
101972,46.0,155482.77,78.8,16.7,7.4,0,0,1,0.14816799695770727
101973,52.0,89259.44,19.3,9.5,4.7,0,2,1,0.14592456108198226
101974,41.0,62104.26,85.6,5.2,8.3,0,1,1,0.16606985007362246
101975,30.0,38138.3,84.6,5.1,10.2,0,3,1,0.1923678987938237
101976,32.0,39391.0,69.5,3.6,5.4,0,1,1,0.20386096638951917
101977,44.0,64502.42,71.5,6.8,1.4,0,1,1,0.14074164998982047
101978,56.0,143303.43,62.0,20.3,14.1,0,0,1,0.044174724195576776
101979,51.0,93302.95,37.4,9.8,1.9,0,2,1,0.1696176414688219
101980,33.0,31238.49,69.6,2.1,13.2,0,3,1,0.17439076521844588
101981,33.0,146417.18,96.6,22.1,9.7,0,0,1,0.021267121474457085
101982,43.0,76584.18,56.7,8.8,12.4,0,1,1,0.15656049384227727
101983,37.0,154531.6,75.6,18.2,8.0,0,0,1,0.1433700559278691
101984,25.0,33817.7,89.2,4.0,9.5,0,3,1,0.18615398183417048
101985,48.0,86921.23,37.6,10.6,6.8,0,2,1,0.19670906351144674
101986,45.0,168816.89,65.6,16.3,11.4,0,0,1,0.1187883875455451
101987,25.0,30833.5,85.0,4.3,6.2,0,3,1,0.18126879387874711
101988,59.0,87982.04,52.0,9.3,5.0,0,2,1,0.13475714135954903
101989,42.0,90224.09,78.6,14.2,7.1,0,0,1,0.17008417949726562
101990,30.0,28946.99,69.0,4.6,9.3,0,3,1,0.20341857584936401
101991,22.0,39343.96,66.3,2.1,12.6,0,3,1,0.15623240890418832
101992,46.0,125358.44,32.8,13.7,6.6,0,2,1,0.17269678313794024
101993,35.0,56654.22,57.6,8.4,4.0,0,1,1,0.1948195278225841
101994,18.0,40549.01,70.7,3.7,9.4,0,3,1,0.15765750171316706
101995,35.0,77963.15,57.1,6.3,6.2,0,1,1,0.20429633143660464
101996,49.0,83541.45,30.0,15.3,6.1,0,2,1,0.155248331317761
101997,34.0,72955.28,42.1,9.8,10.9,0,1,1,0.15061294754771043
101998,47.0,73288.91,62.4,9.6,5.1,0,1,1,0.1959023000983075
101999,41.0,138381.03,85.7,16.3,5.1,0,0,1,0.13607010949302956
102000,37.0,70007.64,51.0,8.3,11.1,0,1,1,0.18700215530313302
102001,49.0,148902.98,71.1,21.5,8.0,0,0,1,0.13182500254922308
102002,41.0,83854.42,66.4,5.0,3.3,0,1,1,0.15740917140325694
102003,42.0,157879.38,76.4,22.4,9.3,0,0,1,0.11731354600551586
102004,50.0,75619.85,46.8,12.0,0.0,0,2,1,0.14530978271771788
102005,24.0,26264.55,73.7,3.0,7.3,0,3,1,0.19517810050122575
102006,41.0,121248.18,64.8,16.0,6.6,0,0,1,0.18712487396277938
102007,32.0,68546.28,60.0,9.4,12.7,0,1,1,0.16107532850523826
102008,27.0,34589.62,85.4,3.9,10.2,0,3,1,0.20022130983510117
102009,24.0,26115.18,86.4,2.9,14.3,0,3,1,0.142586965448476
102010,57.0,84296.23,47.5,6.9,9.8,0,2,1,0.10898536901056077
102011,18.0,34851.85,82.3,5.2,9.0,0,3,1,0.14512830859219444
102012,25.0,58347.47,55.8,2.9,7.1,0,1,1,0.1635967292936299
102013,19.0,35738.73,75.5,6.9,9.2,0,3,1,0.16330315716842686
102014,38.0,59622.12,41.8,6.6,9.3,0,1,1,0.1740926513313955
102015,39.0,58727.13,43.4,8.3,8.3,0,1,1,0.18423270662978475
102016,40.0,58940.91,41.2,8.1,7.0,0,1,1,0.1909010405869796
102017,31.0,32165.5,77.5,3.8,8.2,0,3,1,0.21111110173264647
102018,21.0,31436.12,68.8,2.5,15.8,0,3,1,0.10892523125681253
102019,57.0,100267.45,50.5,10.4,11.5,0,2,1,0.10604735154596234
102020,34.0,84362.47,78.0,3.5,11.4,0,3,1,0.1486291172649405
102021,51.0,85287.74,40.2,10.0,5.5,0,2,1,0.1904500678656948
102022,19.0,33019.98,91.4,3.8,8.9,0,3,1,0.145283976890121
102023,27.0,23898.67,69.6,2.1,12.4,0,3,1,0.1708406005238658
102024,26.0,35082.56,77.7,1.4,14.5,0,3,1,0.15408033523677817
102025,33.0,66676.47,56.9,8.1,5.2,0,1,1,0.20841435179739987
102026,41.0,77381.58,67.9,7.3,5.7,0,1,1,0.20278111006438765
102027,57.0,115011.06,80.8,18.7,7.8,0,0,1,0.11306076468709847
102028,37.0,56306.0,62.3,7.6,15.0,0,3,1,0.15051245802044555
102029,41.0,67757.25,63.8,10.7,4.1,0,1,1,0.19394060087531223
102030,51.0,62387.93,40.6,13.7,1.0,0,2,1,0.13563645206780622
102031,31.0,27859.25,74.6,3.2,14.8,0,3,1,0.1515140855492289
102032,32.0,65250.32,65.7,8.1,8.8,0,1,1,0.20688570297648312
102033,40.0,55809.29,74.9,6.8,6.3,0,1,1,0.19548910222900678
102034,43.0,54962.87,61.2,5.6,14.6,0,1,1,0.11835132922491265
102035,36.0,31365.01,83.2,3.0,9.0,0,3,1,0.1754984986822941
102036,53.0,94305.72,19.8,12.5,3.9,0,2,1,0.15124816038650657
102037,45.0,138046.55,68.4,19.7,9.6,0,0,1,0.1613290054887344
102038,31.0,34849.64,76.0,4.2,4.1,0,1,1,0.17072061841677338
102039,63.0,99691.9,56.8,10.3,0.6,0,2,1,0.07534749649049999
102040,54.0,101199.34,38.4,12.4,2.1,0,2,1,0.17168737834071085
102041,29.0,65159.96,45.2,4.2,5.9,0,1,1,0.16719776874347803
102042,54.0,128990.68,44.8,14.9,6.0,0,2,1,0.14940549918192841
102043,54.0,137849.01,21.8,11.2,3.0,0,2,1,0.09749539299739451
102044,47.0,115334.83,79.6,19.2,10.4,0,0,1,0.13698364941665125
102045,47.0,178765.65,71.5,19.1,5.8,0,0,1,0.11976391733983988
102046,19.0,42165.41,69.9,4.3,11.6,0,3,1,0.1545831937128116
102047,42.0,43494.48,66.9,6.9,5.2,0,1,1,0.19441623592689672
102048,35.0,73570.36,65.3,6.7,3.6,0,1,1,0.1845048062679434
102049,19.0,36337.45,65.2,2.8,18.0,0,3,1,0.0635310335321303
102050,38.0,70283.5,47.4,4.5,9.4,0,1,1,0.17824532925068542
102051,42.0,169575.26,73.4,25.1,6.6,0,0,1,0.10285777956013831
102052,26.0,27425.72,89.3,4.1,7.4,0,3,1,0.17551885997531386
102053,35.0,78425.68,71.5,4.4,5.9,0,1,1,0.1873477723726627
102054,53.0,138307.12,74.8,20.3,4.3,0,0,1,0.10619624122368343
102055,32.0,59503.52,71.0,9.2,9.5,0,1,1,0.2030268816184997
102056,36.0,75722.0,57.5,8.4,10.0,0,1,1,0.18936375149196105
102057,52.0,141100.62,69.4,20.8,12.4,0,0,1,0.0922901284315002
102058,34.0,50783.82,71.2,3.9,2.2,0,1,1,0.14757191050723506
102059,23.0,32590.05,67.4,3.4,10.8,0,3,1,0.20101549285612852
102060,22.0,43712.75,82.3,5.3,5.6,0,3,1,0.15206008638124296
102061,36.0,151593.58,90.5,16.0,8.4,0,0,1,0.08626535130144886
102062,18.0,27860.73,79.9,2.0,6.1,0,3,1,0.13134961544739998
102063,29.0,40952.15,62.8,8.2,8.8,0,1,1,0.20461665334824092
102064,19.0,37794.28,85.1,3.0,9.5,0,3,1,0.16579237564454574
102065,33.0,64144.53,74.2,9.3,6.2,0,1,1,0.2013235873749838
102066,46.0,112243.96,79.3,16.3,10.1,0,0,1,0.1498045816807011
102067,51.0,55638.66,87.2,8.0,4.8,0,1,1,0.10942718626883263
102068,39.0,199596.88,76.9,16.9,7.4,0,0,1,0.08986356546107965
102069,26.0,31949.77,81.5,6.5,6.6,0,3,1,0.18363648177544084
102070,39.0,61186.46,53.0,9.1,2.6,0,1,1,0.1812441177951597
102071,31.0,145658.23,70.6,15.3,2.9,0,0,1,0.09780064712664605
102072,46.0,67167.25,58.2,11.4,10.1,0,1,1,0.1754853924584422
102073,33.0,25203.47,65.8,4.2,11.2,0,3,1,0.18135258451208564
102074,49.0,98904.12,79.0,20.0,10.8,0,0,1,0.11135820531251961
102075,34.0,67787.75,50.2,6.4,3.9,0,1,1,0.18475112322166964
102076,32.0,59310.86,53.1,5.5,3.1,0,1,1,0.18009678401209683
102077,53.0,127385.81,75.3,14.5,12.1,0,0,1,0.10476135186259028
102078,25.0,29443.28,73.6,4.7,1.1,0,1,1,0.11986286257703349
102079,32.0,60671.02,56.7,12.0,6.0,0,1,1,0.1928302200813749
102080,29.0,42435.15,84.7,1.7,6.1,0,3,1,0.17077183357209114
102081,40.0,80358.48,63.5,9.5,14.8,0,1,1,0.12203109471129836
102082,28.0,25660.35,78.5,5.7,9.3,0,3,1,0.1944797886876532
102083,60.0,93855.38,1.0,41.4,4.5,1,2,-1,-0.043234487356689444
102084,25.0,22734.8,73.6,0.5,8.8,0,3,1,0.15614211598381222
102085,48.0,112302.14,45.2,13.1,0.2,0,2,1,0.12897569192276453
102086,24.0,24240.17,76.5,4.3,13.0,0,3,1,0.18023656555722012
102087,38.0,76044.54,60.6,6.5,9.6,0,1,1,0.1955820220069608
102088,41.0,56150.24,61.8,6.4,1.0,0,1,1,0.15916119042044952
102089,54.0,72863.67,38.3,8.9,1.8,0,2,1,0.14005912495085193
102090,34.0,75411.25,52.7,4.9,8.1,0,1,1,0.18955593300882922
102091,35.0,70822.66,47.9,7.4,14.4,0,1,1,0.12434189913021726
102092,42.0,144705.61,55.4,16.3,9.4,0,0,1,0.16149103052398223
102093,50.0,105506.8,39.2,9.4,7.0,0,2,1,0.18156942071024845
102094,18.0,27594.05,80.3,6.1,7.0,0,3,1,0.1288135780175067
102095,44.0,143931.72,78.6,20.4,6.8,0,0,1,0.15535183543843484
102096,41.0,76846.39,75.8,8.0,7.5,0,1,1,0.18851061381627082
102097,22.0,23596.24,75.2,3.2,9.7,0,3,1,0.1797806122649347
102098,39.0,45771.43,56.2,11.0,10.0,0,1,1,0.17582955375014508
102099,27.0,34250.33,74.3,0.0,11.4,0,3,1,0.17697424168459075
102100,18.0,30124.8,78.0,2.1,16.5,0,3,1,0.07343315930901784
102101,61.0,112661.08,1.0,46.6,5.9,1,2,-1,-0.056339950102760494
102102,19.0,32188.45,87.6,1.8,10.4,0,3,1,0.1518891535983617
102103,45.0,112258.47,69.3,15.9,10.6,0,0,1,0.16351098249445267
102104,38.0,147353.45,58.1,15.7,4.5,0,0,1,0.14679023349477632
102105,51.0,98084.53,38.6,8.5,3.5,0,2,1,0.17031222262035928
102106,48.0,104134.45,32.3,11.8,1.8,0,2,1,0.163606282727644
102107,61.0,73050.79,31.0,12.2,3.2,0,2,1,0.1337391253568435
102108,39.0,94345.57,65.1,16.1,13.0,0,0,1,0.13805134338301178
102109,47.0,61433.16,44.0,8.5,4.1,0,2,1,0.17701457121475578
102110,21.0,28377.83,73.0,2.3,6.1,0,3,1,0.16461685686916327
102111,32.0,73382.58,57.7,7.3,0.3,0,1,1,0.14069518735733533
102112,41.0,54349.6,69.2,7.3,5.3,0,1,1,0.200453800833723
102113,18.0,44527.11,86.0,4.7,15.5,0,3,1,0.06742256722481321
102114,53.0,118126.04,30.2,13.5,2.1,0,2,1,0.14522395482717076
102115,21.0,32558.72,65.3,3.7,9.1,0,3,1,0.18069991818025088
102116,33.0,128466.92,68.5,19.7,8.9,0,0,1,0.12795891185748676
102117,31.0,34995.83,72.5,2.9,9.0,0,3,1,0.21398895271332818
102118,26.0,32344.58,71.7,3.0,11.4,0,3,1,0.2056518966063825
102119,19.0,33825.97,62.2,5.2,11.6,0,3,1,0.14777848602075722
102120,32.0,25568.4,89.3,4.9,9.5,0,3,1,0.16023970277869304
102121,22.0,25749.56,64.5,1.5,6.2,0,3,1,0.1548481897480954
102122,32.0,23348.18,79.5,3.9,11.1,0,3,1,0.1764899026597468
102123,26.0,37451.27,73.5,3.2,9.1,0,3,1,0.21329936824566342
102124,31.0,44095.23,66.1,0.0,11.7,0,3,1,0.16827765410053958
102125,41.0,83839.87,65.4,9.8,12.0,0,1,1,0.1606683119575017
102126,43.0,71833.75,45.2,7.0,7.9,0,1,1,0.19357095690123877
102127,36.0,61574.74,73.7,5.5,9.4,0,1,1,0.2052162703815184
102128,38.0,52429.94,47.2,3.6,8.5,0,1,1,0.18331404428059328
102129,24.0,27243.52,59.2,3.9,9.5,0,3,1,0.178984063181102
102130,20.0,26447.13,75.6,3.9,9.0,0,3,1,0.1799847029743541
102131,18.0,31665.2,88.5,3.1,10.2,0,3,1,0.14895543959954033
102132,50.0,79786.75,25.8,8.7,7.5,0,2,1,0.15025971881856742
102133,45.0,142078.67,75.0,18.7,5.8,0,0,1,0.16933634038056444
102134,41.0,128049.94,97.1,20.0,8.5,0,0,1,0.08562039473051242
102135,43.0,75834.92,44.2,6.6,7.0,0,1,1,0.191049659084375
102136,39.0,59500.24,57.0,6.1,10.1,0,1,1,0.19415235131200864
102137,29.0,57230.72,39.6,4.9,8.0,0,1,1,0.15755339281961178
102138,54.0,89644.42,46.2,14.7,3.8,0,2,1,0.16736687843310627
102139,53.0,87261.49,41.3,9.6,9.4,0,2,1,0.14477930794691968
102140,49.0,109787.06,64.1,18.8,7.0,0,0,1,0.1632562783553474
102141,46.0,130943.21,87.2,18.0,15.3,0,0,1,0.07218711587047166
102142,39.0,46940.65,78.9,9.2,8.1,0,1,1,0.18478523736790747
102143,55.0,74667.3,17.0,11.9,8.1,0,2,1,0.1114290242242737
102144,45.0,183071.12,85.2,18.0,11.6,0,0,1,0.0683071053438028
102145,44.0,61105.17,55.9,7.3,0.0,0,1,1,0.1557618232374855
102146,44.0,158155.04,73.4,18.7,7.9,0,0,1,0.16214640921363205
102147,18.0,41576.55,74.3,1.8,14.1,0,3,1,0.1080882031306245
102148,48.0,146881.26,79.7,15.7,7.8,0,0,1,0.14755264963222675
102149,58.0,83420.87,25.0,12.2,4.3,0,2,1,0.14783438347029487
102150,27.0,24061.84,52.5,4.8,6.8,0,1,1,0.1638066283010311
102151,49.0,57666.67,45.2,12.7,4.9,0,2,1,0.16821091622488565
102152,26.0,20133.47,68.1,2.1,7.8,0,3,1,0.17867361843490004
102153,51.0,99210.01,45.1,9.0,4.0,0,2,1,0.17994110794981621
102154,56.0,79198.18,33.1,12.9,4.0,0,2,1,0.16403316386084216
102155,55.0,96619.34,31.9,9.7,4.7,0,2,1,0.17548248915146097
102156,43.0,114980.63,77.8,20.5,6.0,0,0,1,0.15365049172624246
102157,20.0,27598.5,61.2,7.0,8.7,0,3,1,0.1472448163591059
102158,20.0,25509.78,74.1,1.6,14.3,0,3,1,0.12137228100556274
102159,30.0,44829.96,63.5,6.8,6.3,0,1,1,0.21340015512732774
102160,27.0,32787.46,77.5,0.2,5.0,0,3,1,0.1360866904306967
102161,32.0,49898.49,60.7,3.4,5.7,0,1,1,0.1967848853217931
102162,23.0,31771.59,82.0,2.3,8.0,0,3,1,0.19258054896591287
102163,42.0,58428.44,72.2,6.3,7.0,0,1,1,0.20388267864955956
102164,35.0,64580.4,53.8,7.2,11.6,0,1,1,0.1743157313501954
102165,48.0,166604.61,58.6,15.6,8.7,0,0,1,0.11656951274965238
102166,28.0,29009.78,71.0,5.8,12.1,0,3,1,0.18812855630310887
102167,48.0,128875.46,66.8,19.9,7.2,0,0,1,0.1685416240285048
102168,33.0,51808.73,52.9,8.8,2.5,0,1,1,0.16029042823662026
102169,39.0,54096.28,55.9,6.7,6.3,0,1,1,0.21405850494504064
102170,35.0,57040.99,52.3,9.6,7.1,0,1,1,0.20557971919554918
102171,35.0,54805.68,53.9,5.7,9.3,0,1,1,0.19865453619921009
102172,20.0,19061.62,78.6,2.4,8.2,0,3,1,0.1532996928164262
102173,41.0,31493.92,73.8,9.1,5.1,0,1,1,0.15619315288504027
102174,22.0,34905.27,83.3,1.7,5.1,0,3,1,0.1451872679133352
102175,47.0,72670.34,59.6,7.4,8.9,0,1,1,0.1909120200018518
102176,56.0,59323.13,31.5,11.1,3.5,0,2,1,0.14736606588833873
102177,40.0,42022.7,44.5,5.6,7.5,0,1,1,0.16662975614853176
102178,47.0,181109.35,69.1,19.7,10.1,0,0,1,0.08688648343276639
102179,27.0,31860.14,74.0,0.9,6.6,0,3,1,0.18537208386259652
102180,45.0,138628.55,67.8,19.3,7.4,0,0,1,0.17942109207561002
102181,47.0,90442.88,43.2,10.0,4.6,0,2,1,0.18717071071706376
102182,43.0,120827.59,69.1,14.9,8.3,0,0,1,0.18163944593540976
102183,36.0,167025.42,71.1,16.9,11.5,0,0,1,0.09744542451501026
102184,19.0,27693.35,59.7,5.6,15.6,0,3,1,0.08607817588892253
102185,28.0,52895.98,58.7,6.0,6.9,0,1,1,0.20656824986886607
102186,23.0,34347.5,68.4,3.4,6.7,0,3,1,0.18966812783066156
102187,41.0,96233.87,68.0,16.9,10.8,0,0,1,0.16335767933265372
102188,52.0,97094.81,34.8,7.7,0.0,0,2,1,0.12091106686047082
102189,22.0,33604.51,75.7,1.3,9.3,0,3,1,0.18521938955062095
102190,41.0,159630.88,79.2,16.9,7.9,0,0,1,0.1489195771893621
102191,25.0,34445.95,94.5,2.9,13.5,0,3,1,0.13391280586413545
102192,46.0,84095.78,13.6,12.3,5.9,0,2,1,0.13248836107330314
102193,39.0,98219.7,41.0,13.1,0.4,0,2,1,0.13219172590348255
102194,28.0,32053.59,83.9,2.7,11.1,0,3,1,0.19600759414925528
102195,58.0,91511.22,37.8,14.5,3.6,0,2,1,0.15978115913682772
102196,37.0,157036.29,86.3,20.6,10.1,0,0,1,0.0656810079008604
102197,18.0,28337.6,72.2,3.1,15.1,0,3,1,0.10111569681709387
102198,31.0,87022.98,54.2,5.5,9.5,0,1,1,0.1590236593833514
102199,29.0,35743.69,70.3,4.0,6.9,0,3,1,0.2153203753569602
102200,48.0,93377.72,26.8,14.1,2.3,0,2,1,0.15595231698132112
102201,23.0,26930.06,88.4,1.7,13.4,0,3,1,0.15105363005909916
102202,48.0,128762.29,72.3,17.1,9.6,0,0,1,0.17067129442688245
102203,42.0,129479.49,72.5,14.8,7.8,0,0,1,0.1784483520407883
102204,27.0,32795.19,87.5,2.2,8.6,0,3,1,0.18686548893920407
102205,30.0,57471.89,77.7,7.6,5.2,0,1,1,0.18129102463786118
102206,47.0,67665.12,26.7,13.5,2.7,0,2,1,0.14865213828528384
102207,47.0,80496.06,41.5,11.8,2.1,0,2,1,0.17563574166017287
102208,34.0,86617.66,70.2,9.9,1.7,0,1,1,0.1309690455217315
102209,23.0,28286.01,83.4,5.1,11.0,0,3,1,0.18860160193115583
102210,20.0,28192.56,84.2,4.4,10.4,0,3,1,0.17448412685200904
102211,44.0,141263.09,74.7,19.4,9.9,0,0,1,0.1554899703721645
102212,36.0,61452.61,57.1,5.4,4.6,0,1,1,0.20797572220780147
102213,46.0,122035.7,80.1,17.9,10.5,0,0,1,0.14700247433742053
102214,39.0,71407.1,53.2,7.8,9.2,0,1,1,0.19933279341098759
102215,35.0,182882.67,94.7,19.9,10.4,0,0,1,0.018981165116969123
102216,27.0,30137.02,76.9,4.9,7.1,0,3,1,0.20023540373970722
102217,19.0,29711.38,84.6,1.3,9.3,0,3,1,0.15435922200736113
102218,42.0,114500.9,47.6,15.9,8.8,0,0,1,0.16208282068017438
102219,45.0,152457.95,78.1,16.7,5.5,0,0,1,0.1502944243086783
102220,38.0,59636.87,67.1,7.8,10.9,0,1,1,0.20270990044658443
102221,34.0,73913.68,78.3,7.1,8.5,0,1,1,0.18894316630325575
102222,31.0,71977.67,69.3,6.0,8.8,0,1,1,0.1928721981468114
102223,37.0,66361.16,66.1,8.0,6.6,0,1,1,0.22337248644995872
102224,28.0,38404.29,72.5,3.0,4.7,0,1,1,0.17761037429026028
102225,46.0,170822.56,69.4,18.3,7.3,0,0,1,0.14356922872109762
102226,22.0,33337.31,70.2,2.5,7.3,0,3,1,0.18895708631636482
102227,55.0,99090.97,30.7,12.1,3.3,0,2,1,0.1787538692406479
102228,30.0,29459.77,1.0,40.9,12.4,1,2,-1,-0.09190600819456418
102229,29.0,38246.76,92.7,3.6,13.7,0,3,1,0.12802469847149545
102230,60.0,75812.9,29.0,9.0,7.2,0,2,1,0.1168712686386808
102231,28.0,42136.96,47.0,3.5,7.8,0,1,1,0.17554871161484958
102232,47.0,66096.16,34.6,12.0,0.0,0,2,1,0.13208796692121805
102233,20.0,31570.08,74.4,2.3,13.5,0,3,1,0.1567974873154483
102234,54.0,132104.88,58.8,17.5,8.6,0,0,1,0.13882525924944805
102235,52.0,105442.82,57.1,8.6,2.5,0,2,1,0.1359172461651062
102236,51.0,126844.45,79.9,19.3,11.7,0,0,1,0.11339441628401092
102237,34.0,33918.5,60.5,1.6,16.6,0,3,1,0.08742748383601184
102238,29.0,67544.36,32.9,4.3,9.7,0,1,1,0.13172308346381312
102239,36.0,57798.91,49.9,3.0,9.1,0,1,1,0.1866331518564952
102240,35.0,45015.98,58.3,8.2,6.4,0,1,1,0.21143699583486003
102241,37.0,62425.5,50.9,7.1,9.2,0,1,1,0.20207412050233203
102242,29.0,36554.6,100.0,30.8,11.4,1,0,-1,-0.0032111134254613205
102243,32.0,56818.27,64.8,9.8,1.6,0,1,1,0.16097020919587518
102244,32.0,38705.56,80.0,2.5,11.2,0,3,1,0.19098569635378965
102245,33.0,60016.92,43.2,3.5,14.0,0,1,1,0.11538019129383081
102246,24.0,33173.25,77.7,1.3,9.1,0,3,1,0.1980164160037523
102247,24.0,30867.36,70.5,4.0,10.6,0,3,1,0.20732156687856862
102248,54.0,107056.27,33.3,11.7,8.4,0,2,1,0.1635003739425781
102249,31.0,41090.27,63.6,5.7,3.8,0,1,1,0.1788261744503527
102250,40.0,60384.38,45.4,10.9,2.2,0,2,1,0.1612754556506037
102251,36.0,40915.67,60.7,5.7,9.5,0,1,1,0.19891262630774575
102252,52.0,118095.39,30.7,8.8,4.7,0,2,1,0.15567177464382065
102253,35.0,41697.06,47.4,5.5,11.7,0,1,1,0.1635220613258075
102254,56.0,89053.73,39.7,7.9,2.3,0,2,1,0.13059138429006134
102255,45.0,144167.48,66.6,17.9,9.0,0,0,1,0.17035990758645064
102256,36.0,71608.8,61.2,8.0,12.1,0,1,1,0.1804064138261962
102257,47.0,183872.15,65.3,14.8,7.6,0,0,1,0.10987395839309777
102258,51.0,119955.98,23.7,11.8,5.2,0,2,1,0.1635130760788872
102259,25.0,31011.99,81.6,5.2,14.6,0,3,1,0.1574082055162349
102260,36.0,52895.16,73.3,4.8,12.4,0,3,1,0.1857280252489935
102261,59.0,120468.72,41.9,7.8,0.9,0,2,1,0.07336403712062323
102262,45.0,122973.7,68.8,19.2,7.5,0,0,1,0.17962573708861063
102263,30.0,71883.95,63.1,6.5,9.1,0,1,1,0.19652840325925713
102264,24.0,39668.64,79.5,5.6,4.4,0,3,1,0.15738826720900534
102265,54.0,88196.56,26.4,14.3,6.7,0,2,1,0.16381552695314433
102266,18.0,36121.25,83.9,1.6,7.5,0,3,1,0.13928038420841188
102267,44.0,89228.2,33.2,13.6,4.8,0,2,1,0.18459618312603226
102268,31.0,64665.84,55.5,5.1,2.2,0,1,1,0.16172594669309387
102269,55.0,102633.39,40.6,10.5,4.5,0,2,1,0.1908036713832889
102270,36.0,115138.11,72.3,18.5,3.1,0,0,1,0.11660734340005596
102271,47.0,88751.78,44.6,10.4,4.4,0,2,1,0.1932345588058123
102272,53.0,90730.27,37.7,9.3,2.0,0,2,1,0.1604910796560325
102273,59.0,120731.48,43.4,14.2,0.0,0,2,1,0.08920228287729237
102274,38.0,132160.24,96.2,17.4,10.2,0,0,1,0.08313490720739769
102275,45.0,148974.31,71.8,15.6,0.0,0,0,1,0.08206422569634819
102276,30.0,28448.97,59.3,3.9,11.3,0,3,1,0.18836116444383388
102277,56.0,114078.74,25.8,10.3,3.0,0,2,1,0.13410424696549178
102278,28.0,19888.8,79.3,4.9,12.7,0,3,1,0.16612955614518043
102279,47.0,166787.61,44.5,21.2,9.0,0,0,1,0.07895565008085892
102280,59.0,74913.75,17.5,15.6,1.2,0,2,1,0.04758414968023439
102281,34.0,67886.39,65.7,9.2,7.7,0,1,1,0.21399770852062078
102282,19.0,36070.2,85.2,0.0,14.3,0,3,1,0.08772141386588506
102283,24.0,73544.08,51.7,8.4,8.5,0,1,1,0.14740353616782237
102284,52.0,102713.58,34.1,13.4,10.6,0,2,1,0.1391765531779256
102285,18.0,13636.28,73.8,2.0,8.9,0,3,1,0.11232519511366446
102286,19.0,37025.22,64.2,3.9,11.9,0,3,1,0.15653534478146625
102287,45.0,152276.01,81.5,18.1,7.0,0,0,1,0.15390940639582817
102288,54.0,105266.26,43.9,8.6,3.4,0,2,1,0.15164695410880086
102289,19.0,35231.16,85.3,2.5,7.8,0,3,1,0.1610136924351242
102290,39.0,60513.02,72.3,10.5,10.0,0,1,1,0.19185357053412783
102291,44.0,186004.49,74.4,17.0,6.0,0,0,1,0.11984200182194205
102292,48.0,94891.08,39.6,9.2,2.7,0,2,1,0.17589883259063088
102293,53.0,106006.01,34.7,12.5,0.3,0,2,1,0.14259026200613162
102294,31.0,61320.78,63.1,7.5,4.5,0,1,1,0.20680045796665214
102295,35.0,78872.12,63.4,6.7,3.9,0,1,1,0.18364568441453322
102296,20.0,32037.96,80.8,4.1,11.2,0,3,1,0.18632621010084216
102297,50.0,86260.11,55.5,10.9,0.1,0,2,1,0.13567704213458548
102298,18.0,29965.63,87.4,1.8,14.4,0,3,1,0.09291584951921705
102299,24.0,38391.05,70.4,1.5,10.3,0,3,1,0.18809768734352933
102300,54.0,91939.83,37.9,13.2,0.0,0,2,1,0.13821292535214919
102301,41.0,126929.2,67.3,18.8,6.5,0,0,1,0.18615429040782566
102302,42.0,90955.53,24.4,13.0,6.4,0,2,1,0.15895327981134455
102303,25.0,53359.57,61.5,4.2,9.3,0,3,1,0.18906536892992903
102304,41.0,60191.91,50.3,2.4,9.4,0,1,1,0.17978559111427983
102305,46.0,82039.47,56.1,4.8,9.5,0,1,1,0.1666846799797449
102306,35.0,67335.95,61.0,7.2,10.1,0,1,1,0.19413552019716834
102307,41.0,56166.81,48.8,2.0,6.0,0,1,1,0.1682067294366063
102308,31.0,66678.24,54.6,6.5,9.4,0,1,1,0.19665347865503385
102309,54.0,93004.6,51.9,13.5,2.8,0,2,1,0.15414174822640164
102310,41.0,159867.17,74.0,15.8,10.7,0,0,1,0.13678154486204536
102311,49.0,169771.0,87.4,22.1,13.2,0,0,1,0.027881178528123662
102312,26.0,30799.46,59.7,3.0,11.6,0,3,1,0.17971705880458616
102313,36.0,40927.45,55.1,8.3,3.9,0,1,1,0.16881217362115508
102314,25.0,34486.17,89.2,6.4,8.9,0,3,1,0.17250155628366542
102315,37.0,64400.17,64.5,8.1,11.3,0,1,1,0.19354048517816863
102316,24.0,66665.12,62.9,6.5,0.2,0,1,1,0.11042655048521055
102317,24.0,27907.17,94.8,3.8,7.6,0,3,1,0.13574829110553893
102318,42.0,105099.56,42.0,11.6,5.8,0,2,1,0.19117229123244284
102319,34.0,73910.12,67.9,3.7,2.8,0,1,1,0.15388252647401351
102320,53.0,163491.35,59.4,14.9,8.6,0,0,1,0.10006397846444526
102321,18.0,30175.77,77.5,2.8,13.4,0,3,1,0.13770916682550133
102322,33.0,29241.43,66.7,3.8,14.9,0,3,1,0.14112704012752308
102323,34.0,71490.01,49.6,7.0,3.5,0,1,1,0.18333913382436606
102324,24.0,31329.22,84.1,6.6,8.8,0,3,1,0.18655462086642216
102325,18.0,30835.88,81.0,3.4,9.5,0,3,1,0.16110568404864983
102326,50.0,143432.61,100.0,29.0,2.8,1,0,-1,-0.015667701164641223
102327,26.0,33413.61,67.4,2.9,9.6,0,3,1,0.20969494561017182
102328,21.0,27430.53,82.1,2.5,8.2,0,3,1,0.1709878924924893
102329,48.0,92777.26,44.2,12.4,3.3,0,2,1,0.18415829443540055
102330,38.0,77226.54,62.9,7.5,8.9,0,1,1,0.206074521926164
102331,51.0,98147.56,30.1,8.9,5.0,0,2,1,0.1708239903025403
102332,38.0,58789.12,68.4,5.6,1.7,0,1,1,0.16274793516321112
102333,40.0,101168.33,75.4,16.5,11.0,0,0,1,0.1463634504482138
102334,29.0,26672.15,69.9,4.1,12.9,0,3,1,0.18730216949878248
102335,26.0,65143.45,36.0,5.9,10.3,0,1,1,0.11586916963468014
102336,67.0,90916.11,22.5,11.0,4.2,0,2,1,0.10156182764393451
102337,40.0,116694.44,67.7,18.8,7.5,0,0,1,0.17883812643836933
102338,32.0,54522.1,53.9,5.0,4.9,0,1,1,0.1953005854196716
102339,55.0,91061.51,17.5,14.0,5.3,0,2,1,0.13049796468633973
102340,18.0,29895.42,70.1,4.4,8.9,0,3,1,0.15574211685545813
102341,24.0,30910.24,63.2,5.8,12.0,0,3,1,0.17510964372209165
102342,20.0,33105.12,87.7,3.1,14.7,0,3,1,0.12098225895885789
102343,67.0,92843.32,29.2,10.0,0.0,0,2,1,0.06655436485324484
102344,42.0,58055.01,66.8,9.2,3.8,0,1,1,0.1873687672216593
102345,47.0,124834.15,34.3,10.7,0.9,0,2,1,0.14930709736446918
102346,23.0,40685.47,84.9,3.4,14.8,0,3,1,0.13999821981766158
102347,50.0,148419.88,99.8,17.5,11.3,0,0,1,0.05250447040184325
102348,41.0,162751.78,69.5,18.9,15.2,0,0,1,0.08601562172418742
102349,29.0,34746.6,70.3,3.4,7.0,0,3,1,0.2144122906173232
102350,28.0,36964.42,76.2,6.3,14.6,0,3,1,0.16611692597402367
102351,25.0,35257.34,72.1,2.5,6.8,0,3,1,0.19855670748689902
102352,41.0,137369.4,55.4,19.2,11.1,0,0,1,0.14299663802566226
102353,24.0,16463.89,75.5,0.2,8.2,0,3,1,0.13681255676171333
102354,43.0,34831.28,49.8,8.7,4.9,0,1,1,0.157772667144421
102355,32.0,84681.65,61.8,8.9,8.5,0,1,1,0.17761446993770397
102356,53.0,116614.83,54.1,8.6,3.9,0,2,1,0.13927338310201742
102357,36.0,57209.27,67.8,7.5,12.8,0,3,1,0.18331730711695837
102358,42.0,77230.08,46.0,5.4,4.8,0,1,1,0.17814456559080827
102359,50.0,115627.16,62.6,15.8,16.3,0,0,1,0.07616608120683599
102360,23.0,35052.15,66.6,4.9,4.7,0,1,1,0.15818172228386923
102361,38.0,121569.38,74.2,16.4,12.6,0,0,1,0.1278306125306779
102362,27.0,28027.88,88.0,2.2,8.2,0,3,1,0.17652273638087923
102363,40.0,34626.48,65.3,5.6,4.9,0,1,1,0.1672273901078034
102364,53.0,126613.44,81.6,18.6,9.1,0,0,1,0.1231305174295258
102365,51.0,89823.56,50.3,13.9,2.5,0,2,1,0.16193738017273868
102366,47.0,85005.5,44.8,14.4,5.7,0,2,1,0.1858166802336531
102367,18.0,36341.77,91.0,3.3,15.9,0,3,1,0.07005856127443388
102368,29.0,69642.45,47.8,9.1,8.8,0,1,1,0.1759192679571916
102369,45.0,67576.75,54.0,6.0,6.2,0,1,1,0.19947902601350814
102370,33.0,77033.74,70.8,4.0,7.1,0,1,1,0.18677194116965745
102371,36.0,53280.74,62.4,9.9,9.7,0,1,1,0.20115475149757023
102372,43.0,53981.9,58.4,5.5,7.7,0,1,1,0.19964998954237723
102373,38.0,72711.79,71.1,8.4,4.4,0,1,1,0.18856829410312337
102374,18.0,34995.32,93.0,3.0,5.4,0,3,1,0.10150830540848677
102375,46.0,67461.75,59.7,4.7,7.0,0,1,1,0.19081229410408618
102376,27.0,34897.4,71.2,2.9,8.2,0,3,1,0.21476400070773988
102377,51.0,162550.82,66.8,15.7,8.8,0,0,1,0.1218995505724147
102378,50.0,87846.96,23.6,10.0,4.5,0,2,1,0.16283181109040168
102379,23.0,46379.92,83.9,0.7,5.4,0,3,1,0.1240442376852447
102380,54.0,88213.57,48.3,12.6,0.0,0,2,1,0.1378774035280454
102381,38.0,122982.89,76.4,15.9,8.5,0,0,1,0.1674146492202821
102382,18.0,32035.63,81.7,5.9,10.7,0,3,1,0.1482401416359786
102383,20.0,40599.71,76.2,4.5,8.2,0,3,1,0.1735643965269678
102384,24.0,27384.7,1.0,42.7,8.5,1,2,-1,-0.08446585423390895
102385,21.0,34055.27,69.7,0.0,11.1,0,3,1,0.14737967662130147
102386,51.0,92796.5,40.2,13.3,3.5,0,2,1,0.1831383812433936
102387,37.0,123907.61,77.8,18.3,6.4,0,0,1,0.156664004271167
102388,20.0,35558.66,75.8,4.5,12.6,0,3,1,0.17504277451760292
102389,50.0,111238.97,36.4,12.5,0.0,0,2,1,0.13266740188462317
102390,19.0,26719.84,74.8,3.2,10.5,0,3,1,0.17447032914160387
102391,53.0,83287.45,41.9,15.6,2.9,0,2,1,0.13429534159598844
102392,49.0,83280.83,35.9,10.9,0.0,0,2,1,0.14068796051188698
102393,29.0,73385.32,70.8,10.2,7.7,0,1,1,0.18443285217800376
102394,19.0,29477.03,100.0,36.6,10.8,1,0,-1,-0.01767181036773602
102395,55.0,128488.19,34.2,9.3,3.6,0,2,1,0.1402399133886601
102396,42.0,127620.96,75.4,15.6,8.4,0,0,1,0.17202896578731341
102397,27.0,40177.69,81.1,5.1,8.7,0,3,1,0.2000085472591706
102398,22.0,39763.6,64.3,2.2,13.4,0,3,1,0.14641503905309405
102399,23.0,30354.93,75.3,3.2,13.3,0,3,1,0.19132408928803513
102400,57.0,95195.92,45.9,12.7,6.6,0,2,1,0.17327370081786614
102401,47.0,124729.25,37.2,6.5,9.0,0,2,1,0.13650862810457404
102402,52.0,88237.05,28.9,12.9,1.3,0,2,1,0.15347736227042097
102403,49.0,85545.78,32.1,11.0,6.6,0,2,1,0.1848705096727083
102404,44.0,149904.53,78.1,17.8,4.9,0,0,1,0.14373025956482138
102405,52.0,163373.87,88.1,20.1,6.6,0,0,1,0.0760148379487835
102406,18.0,24920.4,84.4,2.8,8.7,0,3,1,0.13429685042208483
102407,40.0,94775.52,24.2,10.6,6.6,0,2,1,0.16534495146961692
102408,31.0,51580.03,59.9,8.7,5.8,0,1,1,0.20760136062887885
102409,43.0,47730.05,43.5,3.9,2.0,0,1,1,0.11660368288376088
102410,45.0,115359.71,57.9,18.8,10.5,0,0,1,0.1480243192470217
102411,57.0,109967.36,25.8,12.6,5.5,0,2,1,0.15898065997148264
102412,41.0,144151.75,59.5,16.7,9.1,0,0,1,0.1699499583060431
102413,44.0,74850.07,64.6,7.2,6.8,0,1,1,0.20867573828601027
102414,29.0,52675.75,50.0,8.1,9.8,0,1,1,0.18217598071978797
102415,40.0,75198.56,58.7,5.0,6.9,0,1,1,0.19921860648533224
102416,20.0,35789.27,74.4,2.8,12.1,0,3,1,0.1745293020988426
102417,20.0,37552.51,64.5,3.6,9.7,0,3,1,0.17268282266736074
102418,40.0,46661.99,42.7,8.5,5.8,0,1,1,0.17991308320923427
102419,24.0,28199.84,87.1,3.6,10.7,0,3,1,0.19163519811228708
102420,37.0,152637.94,62.1,16.7,3.9,0,0,1,0.11949057655086792
102421,23.0,38131.37,80.3,2.1,10.3,0,3,1,0.19308769571033468
102422,25.0,32380.56,79.8,0.9,10.3,0,3,1,0.18709899663436858
102423,43.0,104843.16,24.0,14.4,0.0,0,2,1,0.10066113604224591
102424,32.0,22558.09,66.0,3.6,11.9,0,3,1,0.16460839421794288
102425,42.0,162493.67,64.0,17.2,7.1,0,0,1,0.16297248310584916
102426,49.0,61925.55,34.8,11.8,7.2,0,2,1,0.16943311262795419
102427,18.0,28317.01,90.0,3.6,11.6,0,3,1,0.13487774710696382
102428,54.0,102829.61,53.2,12.2,1.0,0,2,1,0.13850559330026718
102429,55.0,85311.97,33.9,12.7,1.5,0,2,1,0.1549967057987663
102430,49.0,103137.01,29.5,13.9,1.0,0,2,1,0.13808404111800376
102431,38.0,188032.61,56.7,17.9,13.6,0,0,1,0.05990861789523971
102432,52.0,118029.78,41.5,12.0,3.6,0,2,1,0.18186721476561424
102433,41.0,89543.19,37.3,12.5,11.4,0,1,1,0.13084559160560189
102434,37.0,69032.42,69.6,8.1,6.7,0,1,1,0.21601276954254262
102435,52.0,89003.81,39.4,11.7,5.9,0,2,1,0.19699348505852432
102436,38.0,143700.58,87.5,17.6,13.5,0,0,1,0.08792054522059123
102437,53.0,94033.71,36.2,11.4,0.0,0,2,1,0.14204485994217303
102438,56.0,132495.4,39.8,13.1,3.5,0,2,1,0.1354193668831551
102439,42.0,61561.73,60.7,3.9,5.4,0,1,1,0.20041719090124144
102440,54.0,110513.32,44.3,8.8,0.0,0,2,1,0.11243707289048943
102441,46.0,121180.43,80.9,14.7,7.7,0,0,1,0.16038748754998838
102442,24.0,34767.49,67.7,0.0,10.5,0,3,1,0.1729209203542138
102443,27.0,37802.94,74.4,4.6,11.5,0,3,1,0.2032495012247132
102444,43.0,61381.87,40.7,6.9,7.3,0,1,1,0.1807237800371309
102445,39.0,44895.26,54.9,8.7,6.7,0,1,1,0.2044862825345033
102446,50.0,127598.18,24.3,14.5,7.1,0,2,1,0.13760526161329661
102447,23.0,31810.55,77.6,3.4,8.2,0,3,1,0.20887048249954276
102448,34.0,58035.69,54.8,6.4,0.3,0,1,1,0.1513465102424339
102449,52.0,85980.3,16.3,11.3,2.9,0,2,1,0.1276977176315729
102450,58.0,85779.17,41.7,14.8,2.1,0,2,1,0.12295587519897183
102451,52.0,124560.63,37.3,12.7,2.8,0,2,1,0.15836974365468237
102452,55.0,94322.11,16.7,11.3,0.5,0,2,1,0.08625963056630903
102453,53.0,79322.05,39.8,12.1,0.3,0,2,1,0.1415469095941666
102454,50.0,105611.62,46.5,10.2,0.7,0,2,1,0.14987748910634213
102455,62.0,94832.97,35.9,10.5,4.6,0,2,1,0.1411141393749884
102456,45.0,64838.72,68.6,7.1,3.9,0,1,1,0.1926275746037714
102457,49.0,75885.58,37.2,14.4,4.5,0,2,1,0.1618663917953861
102458,22.0,27451.68,81.6,0.5,6.6,0,3,1,0.1386952795541495
102459,29.0,30400.25,75.0,2.7,12.2,0,3,1,0.1933264813419185
102460,37.0,53707.21,50.9,6.6,7.9,0,1,1,0.20674076424369486
102461,43.0,136862.85,72.5,17.9,5.7,0,0,1,0.1824827026747171
102462,58.0,86752.47,36.3,7.9,3.4,0,2,1,0.13551466330287298
102463,19.0,26360.83,100.0,3.5,13.7,0,3,1,0.0548603898866985
102464,56.0,111813.45,33.0,15.2,6.5,0,2,1,0.15794636960855146
102465,24.0,33516.55,76.6,3.1,9.9,0,3,1,0.21162120046085403
102466,54.0,124753.55,22.9,14.3,2.9,0,2,1,0.11596248099358764
102467,49.0,131597.18,76.1,17.7,2.8,0,0,1,0.11021530998503393
102468,61.0,78878.91,35.8,9.9,0.0,0,2,1,0.09568280028056442
102469,51.0,84850.96,23.3,11.9,0.0,0,2,1,0.12241324352136496
102470,37.0,60579.03,33.2,6.0,8.4,0,1,1,0.15764033496732838
102471,31.0,67711.6,62.3,5.0,7.0,0,1,1,0.20810419978019212
102472,47.0,117914.16,69.9,20.3,5.4,0,0,1,0.15774767386887878
102473,54.0,76545.83,33.4,12.9,0.0,0,2,1,0.1340123423524907
102474,33.0,66791.34,60.3,6.0,3.7,0,1,1,0.18511647244874813
102475,39.0,58401.94,63.5,7.8,5.7,0,1,1,0.22137684464191043
102476,29.0,28576.96,89.9,5.6,13.2,0,3,1,0.1570121240085814
102477,23.0,46671.18,79.5,3.5,9.9,0,3,1,0.18631644901624594
102478,18.0,39459.62,72.3,4.8,13.5,0,3,1,0.12746556985854612
102479,39.0,54277.62,54.6,1.6,6.7,0,1,1,0.1838164460984144
102480,47.0,134014.87,66.1,17.4,11.6,0,0,1,0.14971524844300715
102481,36.0,82734.34,52.3,7.4,5.7,0,1,1,0.1971307679473115
102482,34.0,33035.1,1.0,43.0,14.6,1,0,-1,-0.09411050415069067
102483,25.0,36819.14,65.8,3.7,6.8,0,3,1,0.20179428122676912
102484,37.0,45054.77,57.1,9.2,8.6,0,1,1,0.19883552372476143
102485,37.0,92160.66,77.0,21.2,5.1,0,0,1,0.12060474868938115
102486,46.0,61927.53,38.4,3.9,9.3,0,1,1,0.14231684571724862
102487,53.0,120345.98,23.0,12.2,4.0,0,2,1,0.14774917634823842
102488,42.0,130358.3,68.4,18.3,8.9,0,0,1,0.1810800992897995
102489,25.0,38946.49,66.0,0.0,13.1,0,3,1,0.1466410071217915
102490,47.0,88510.96,28.9,10.7,0.0,0,2,1,0.144901131982131
102491,40.0,156363.14,72.0,19.0,6.5,0,0,1,0.15945287106127976
102492,41.0,56326.68,36.9,7.6,9.3,0,1,1,0.15836052315093768
102493,21.0,38907.43,69.5,4.3,15.2,0,3,1,0.12434688250531672
102494,43.0,134292.63,70.9,21.3,9.2,0,0,1,0.14859247970762723
102495,54.0,147037.13,65.5,16.8,8.2,0,0,1,0.1352560980216082
102496,26.0,56699.11,53.5,7.5,12.8,0,3,1,0.14095622614077047
102497,52.0,62122.53,25.9,12.5,4.3,0,2,1,0.1532366619513097
102498,32.0,37530.05,87.3,2.6,13.3,0,3,1,0.16025859206418114
102499,39.0,164401.02,69.2,15.1,9.8,0,0,1,0.128673840113268
102500,43.0,57462.32,73.6,3.7,3.4,0,1,1,0.15422573459297256
102501,23.0,29864.4,71.3,3.3,8.4,0,3,1,0.20730319043558731
102502,50.0,99761.07,28.3,11.8,2.1,0,2,1,0.15857422205185606
102503,37.0,159245.29,89.1,20.1,9.0,0,0,1,0.06031453618832505
102504,40.0,132769.65,82.6,13.4,6.9,0,0,1,0.15103931833528272
102505,28.0,25443.5,82.2,3.8,5.6,0,3,1,0.1686709916865919
102506,24.0,28443.52,82.2,4.3,11.2,0,3,1,0.19763953802218476
102507,43.0,147279.56,60.2,17.9,5.6,0,0,1,0.16974467445746644
102508,48.0,157217.6,78.8,21.4,7.0,0,0,1,0.12429383582941406
102509,33.0,58053.79,42.0,4.0,8.9,0,1,1,0.1655613026830674
102510,45.0,76619.0,34.0,11.2,6.7,0,2,1,0.18464540911964022
102511,36.0,53089.09,67.7,8.5,2.8,0,1,1,0.1756715664864606
102512,37.0,54019.74,50.6,10.7,7.4,0,1,1,0.19657444640560773
102513,23.0,32489.32,86.7,1.6,8.4,0,3,1,0.1809249445098457
102514,27.0,23265.6,87.9,0.0,9.3,0,3,1,0.1417346125090428
102515,18.0,25915.99,91.0,5.1,13.5,0,3,1,0.095938408745321
102516,36.0,113513.38,75.4,19.4,5.6,0,0,1,0.14570485046619502
102517,21.0,25483.44,94.6,2.1,10.1,0,3,1,0.12840524393973463
102518,24.0,38368.37,68.5,5.3,6.2,0,3,1,0.19003220441076812
102519,42.0,42857.26,57.0,10.3,9.1,0,1,1,0.17691468516550257
102520,26.0,25961.13,70.7,5.7,11.4,0,3,1,0.18623516892552766
102521,28.0,32425.05,75.2,4.5,10.8,0,3,1,0.21371335735157487
102522,51.0,70820.48,44.5,12.9,2.2,0,2,1,0.16196706939703615
102523,42.0,64720.95,60.6,8.8,9.0,0,1,1,0.20597061609346923
102524,53.0,91775.2,54.8,10.5,6.2,0,2,1,0.17234135767336317
102525,43.0,151458.78,84.3,17.4,9.8,0,0,1,0.1362084096182673
102526,25.0,28306.1,90.6,4.4,8.7,0,3,1,0.17164551442650228
102527,49.0,119048.22,71.7,17.1,10.3,0,0,1,0.14461198949825627
102528,41.0,159113.77,77.9,17.2,13.5,0,0,1,0.10399753695491598
102529,39.0,104492.85,80.6,13.7,12.5,0,0,1,0.12265635779016831
102530,53.0,70598.56,25.5,8.7,5.1,0,2,1,0.1473588714701713
102531,45.0,103585.72,32.0,11.0,5.5,0,2,1,0.1861444207997195
102532,55.0,114593.23,28.7,11.9,2.1,0,2,1,0.1426451780717773
102533,53.0,81691.25,30.8,11.2,4.9,0,2,1,0.1874294096226271
102534,24.0,34916.3,76.9,1.8,10.6,0,3,1,0.20051247418193768
102535,38.0,154342.78,69.1,18.4,8.7,0,0,1,0.15670308187062648
102536,60.0,101525.08,35.7,10.6,6.4,0,2,1,0.15393888699478359
102537,51.0,68914.29,33.0,12.4,1.5,0,2,1,0.14982014657070453
102538,35.0,61202.25,57.4,9.5,3.1,0,1,1,0.1868293522860489
102539,34.0,31810.87,83.8,3.3,4.8,0,1,1,0.16486440105127376
102540,31.0,56149.08,67.9,4.2,4.4,0,1,1,0.19278820677155434
102541,37.0,67277.08,62.4,5.0,2.2,0,1,1,0.1656713465443454
102542,39.0,77993.66,54.5,4.7,5.7,0,1,1,0.194710515107347
102543,38.0,59398.12,72.1,8.8,7.6,0,1,1,0.21598929873313488
102544,18.0,28012.56,72.5,1.5,10.6,0,3,1,0.14498292668564655
102545,37.0,43317.32,66.0,7.0,8.1,0,1,1,0.21728707475122838
102546,40.0,53440.62,70.6,6.7,11.5,0,1,1,0.1762965765804425
102547,39.0,176243.81,63.0,23.1,5.1,0,0,1,0.08307669695529218
102548,29.0,29912.61,85.2,2.9,6.7,0,3,1,0.18604626448031192
102549,22.0,89984.63,58.7,1.1,7.9,0,1,1,0.08165695011509944
102550,39.0,54019.7,50.9,7.0,10.6,0,1,1,0.1897793657645332
102551,36.0,78329.59,69.3,6.5,2.3,0,1,1,0.15946168195608257
102552,35.0,67875.54,58.6,8.3,9.6,0,1,1,0.1999984353864886
102553,55.0,90291.88,40.2,16.5,0.0,0,2,1,0.09748878226481972
102554,45.0,186166.48,60.3,20.0,11.4,0,0,1,0.07059003773642025
102555,29.0,69949.96,55.3,6.9,6.0,0,1,1,0.19917291561734485
102556,59.0,93082.73,30.4,11.1,3.0,0,2,1,0.15700307452686385
102557,19.0,29280.51,79.2,3.8,13.6,0,3,1,0.14106079808127697
102558,25.0,29267.05,67.9,3.6,9.6,0,3,1,0.2044499861384496
102559,36.0,64929.83,63.2,7.5,6.5,0,1,1,0.22471908558658116
102560,20.0,28470.36,86.5,2.2,6.0,0,3,1,0.1417331211424674
102561,58.0,78885.33,35.4,13.0,4.0,0,2,1,0.1581939457365637
102562,40.0,101677.34,48.3,13.6,0.0,0,2,1,0.1352572282484666
102563,63.0,72327.94,24.2,13.6,5.4,0,2,1,0.09628095010519033
102564,36.0,55645.43,71.3,6.9,2.3,0,1,1,0.16821199605706338
102565,58.0,98749.77,46.2,13.1,11.2,0,2,1,0.10818501845768902
102566,34.0,62179.6,65.2,6.4,9.4,0,1,1,0.21197249148338027
102567,18.0,31580.77,77.0,2.7,7.4,0,3,1,0.16294493598841447
102568,29.0,29094.4,80.0,2.9,11.5,0,3,1,0.18786653817531623
102569,59.0,98336.28,43.4,12.3,2.5,0,2,1,0.14407149362201327
102570,42.0,132854.73,77.7,18.2,5.6,0,0,1,0.16694814657169077
102571,23.0,23210.72,76.2,3.0,15.4,0,3,1,0.13254865923953812
102572,59.0,77317.32,37.0,12.4,3.3,0,2,1,0.14900509157332026
102573,51.0,88947.46,53.7,11.2,5.0,0,2,1,0.1859971904070577
102574,30.0,160753.92,83.8,15.9,6.5,0,0,1,0.09242090541565251
102575,38.0,62217.18,62.7,6.4,12.6,0,1,1,0.18816072558589547
102576,49.0,141025.93,47.4,13.7,0.9,0,2,1,0.11281799301593387
102577,57.0,105327.35,13.8,9.2,5.1,0,2,1,0.10359502850230073
102578,42.0,126984.75,82.8,16.2,6.6,0,0,1,0.1638797057710802
102579,21.0,34938.57,60.8,2.0,4.8,0,1,1,0.1379087594702938
102580,41.0,158220.84,79.4,16.5,9.6,0,0,1,0.13903639896706926
102581,23.0,39839.85,76.7,0.0,12.7,0,3,1,0.14304192024546353
102582,41.0,133090.16,75.4,15.2,8.2,0,0,1,0.16801361729172398
102583,27.0,34097.01,72.0,5.0,7.0,0,3,1,0.20150387157883226
102584,21.0,31216.63,81.0,2.4,13.7,0,3,1,0.15051471430263563
102585,25.0,32435.79,80.6,4.5,10.7,0,3,1,0.2063627081935701
102586,27.0,74158.92,59.2,8.4,5.8,0,1,1,0.17317325083016705
102587,27.0,36567.37,48.6,8.0,10.9,0,1,1,0.16189745341353612
102588,26.0,25939.17,70.2,5.7,6.1,0,3,1,0.17814761794457812
102589,47.0,82936.58,79.3,7.8,6.0,0,1,1,0.1618597248601466
102590,38.0,72139.81,51.5,4.8,6.1,0,1,1,0.19862091629367012
102591,48.0,116219.16,28.8,12.2,6.9,0,2,1,0.1664223378870887
102592,49.0,145255.69,75.8,16.0,11.1,0,0,1,0.12795150760570873
102593,58.0,63016.96,52.6,10.6,5.8,0,2,1,0.14643526151389985
102594,24.0,31652.24,75.9,1.0,11.6,0,3,1,0.18247950869846224
102595,35.0,47386.85,47.6,4.4,5.4,0,1,1,0.18475576349098016
102596,45.0,122079.83,81.8,17.8,7.1,0,0,1,0.16330361220128153
102597,24.0,40036.09,64.3,6.3,12.9,0,3,1,0.17458768541624736
102598,36.0,75202.57,54.8,7.6,5.4,0,1,1,0.2066884673260434
102599,48.0,122177.16,71.5,19.4,11.1,0,0,1,0.14275827085370701
102600,39.0,158979.08,62.2,13.7,5.8,0,0,1,0.14520119093384742
102601,40.0,61863.66,52.7,7.1,7.1,0,1,1,0.21075720004857923
102602,55.0,67439.76,34.0,12.2,0.0,0,2,1,0.12407294012108006
102603,29.0,57929.85,58.1,7.0,5.3,0,1,1,0.20375336156913004
102604,49.0,88242.48,38.0,14.5,0.0,0,2,1,0.129099488738167
102605,27.0,31359.77,83.3,5.4,7.7,0,3,1,0.1904918727795798
102606,29.0,24776.71,79.3,2.5,10.1,0,3,1,0.19008576397288107
102607,47.0,102470.71,50.9,10.1,4.6,0,2,1,0.1835127270071833
102608,28.0,30290.77,91.6,2.1,9.7,0,3,1,0.1566644977091768
102609,47.0,97164.7,35.0,13.3,2.1,0,2,1,0.17376761887869674
102610,33.0,67161.41,72.0,8.3,12.5,0,3,1,0.1705721041518783
102611,46.0,153086.18,78.8,21.0,11.7,0,0,1,0.10070674744165309
102612,38.0,160174.66,74.7,17.6,2.7,0,0,1,0.09247057340785814
102613,28.0,57932.55,43.4,6.3,9.1,0,1,1,0.16694865311319912
102614,49.0,96427.21,24.3,12.6,5.5,0,2,1,0.1713409046117677
102615,18.0,27669.13,65.3,4.0,10.5,0,3,1,0.15089786266506805
102616,36.0,60568.38,61.2,7.7,5.5,0,1,1,0.21708039067153062
102617,21.0,31660.19,76.1,7.1,8.8,0,3,1,0.17200188024553065
102618,44.0,151741.35,86.0,16.4,12.0,0,0,1,0.1086569245457486
102619,42.0,203033.9,75.6,15.5,7.4,0,0,1,0.08903754182387702
102620,50.0,142054.84,71.4,19.4,7.0,0,0,1,0.15821212253504868
102621,42.0,116194.2,89.3,15.6,8.5,0,0,1,0.12122134748416463
102622,45.0,139655.99,59.5,16.0,9.6,0,0,1,0.1669111396925308
102623,20.0,20065.18,81.9,1.3,11.9,0,3,1,0.13385120016182983
102624,42.0,133704.73,72.5,15.7,5.5,0,0,1,0.17733701852688233
102625,51.0,75431.74,42.1,11.4,0.0,0,2,1,0.14693732564346668
102626,33.0,63129.42,53.5,7.8,8.7,0,1,1,0.20310261004599633
102627,64.0,114676.02,18.6,11.3,3.2,0,2,1,0.07323865439563271
102628,39.0,51581.18,52.7,4.5,5.2,0,1,1,0.1872436912634296
102629,33.0,58506.86,46.1,9.0,8.4,0,1,1,0.1930397733709021
102630,18.0,32149.6,62.3,5.7,14.8,0,3,1,0.09087273802725637
102631,24.0,27088.76,71.4,2.1,9.7,0,3,1,0.19514803645637457
102632,43.0,72664.52,67.7,7.3,3.5,0,1,1,0.18328911391546687
102633,39.0,141530.18,60.0,18.6,10.4,0,0,1,0.1549683484574757
102634,55.0,103638.74,16.3,14.7,0.0,0,2,1,0.0688255658617406
102635,35.0,68902.95,61.6,4.4,3.7,0,1,1,0.17371648511842397
102636,37.0,67701.03,46.9,7.8,2.5,0,1,1,0.16248446002766032
102637,39.0,52136.33,58.8,6.8,10.5,0,1,1,0.1988954147589408
102638,25.0,28549.17,81.6,7.3,12.2,0,3,1,0.16568983369518953
102639,43.0,118992.95,65.8,19.4,5.3,0,0,1,0.17857354314810125
102640,24.0,40280.68,79.5,0.8,16.5,0,3,1,0.08204210872217355
102641,61.0,103570.12,47.8,11.5,6.2,0,2,1,0.1436831884193947
102642,50.0,71822.4,60.9,9.2,4.9,0,1,1,0.17973270148954762
102643,53.0,103823.7,34.1,11.8,4.4,0,2,1,0.1934047533121307
102644,45.0,139954.23,71.3,15.4,14.0,0,0,1,0.11000104900321372
102645,39.0,64331.4,51.8,5.0,9.6,0,1,1,0.18915803227997324
102646,42.0,155650.83,58.5,21.1,10.7,0,0,1,0.11337409783016206
102647,52.0,102996.39,42.4,9.3,9.0,0,2,1,0.15556763453134193
102648,54.0,82959.85,24.0,14.0,4.6,0,2,1,0.15488937310941608
102649,54.0,95455.96,25.0,13.0,3.4,0,2,1,0.165459255922086
102650,43.0,199900.47,80.7,19.9,16.2,0,0,1,0.0025000832544594953
102651,45.0,143016.63,100.0,39.0,1.9,1,0,-1,-0.03849480534185845
102652,40.0,47861.16,67.0,6.9,7.4,0,1,1,0.20717552633077518
102653,43.0,174929.08,84.1,17.9,5.3,0,0,1,0.12001808289360522
102654,57.0,78334.77,19.5,13.0,7.7,0,2,1,0.11647828166826962
102655,34.0,66514.42,53.8,8.4,10.3,0,1,1,0.18745697812096795
102656,42.0,114104.4,57.4,19.9,4.6,0,0,1,0.1556350350368923
102657,38.0,70675.86,53.0,6.7,10.0,0,1,1,0.19486896357848826
102658,48.0,79443.93,32.7,14.6,8.8,0,2,1,0.1505610987608328
102659,24.0,27898.18,88.6,0.0,10.7,0,3,1,0.151341177670354
102660,24.0,39452.45,92.0,1.1,10.5,0,3,1,0.14778859923206428
102661,40.0,132608.15,78.2,17.3,8.6,0,0,1,0.16427572184939443
102662,41.0,78909.2,60.9,7.2,3.7,0,1,1,0.1906754946557248
102663,44.0,67532.02,59.4,7.2,8.1,0,1,1,0.2108443012327943
102664,28.0,37158.37,94.1,3.5,15.3,0,3,1,0.11107578382020478
102665,41.0,61328.93,41.3,7.2,11.7,0,1,1,0.1435806774702723
102666,39.0,142078.06,73.7,19.9,6.8,0,0,1,0.16895797467678275
102667,39.0,154364.05,64.6,14.3,13.5,0,0,1,0.11261727122031262
102668,29.0,42848.31,86.7,4.4,11.1,0,3,1,0.1794009612524235
102669,51.0,103757.02,29.5,9.9,3.0,0,2,1,0.16830577391039953
102670,42.0,48246.34,45.8,8.2,5.8,0,1,1,0.18599111792172834
102671,54.0,111926.56,39.6,10.7,7.8,0,2,1,0.17860409359540935
102672,40.0,62299.4,57.8,7.7,6.1,0,1,1,0.2163972249232058
102673,28.0,70371.76,64.9,2.4,8.5,0,1,1,0.18203415697418585
102674,45.0,49415.56,1.0,39.5,12.0,1,2,-1,-0.08532249914438084
102675,58.0,79979.08,38.4,16.6,2.1,0,2,1,0.09701325220190049
102676,36.0,67730.74,51.9,10.5,5.6,0,1,1,0.20253514111131504
102677,29.0,56141.2,64.5,5.4,7.9,0,1,1,0.2155064712939339
102678,46.0,109534.86,66.4,18.7,10.1,0,0,1,0.16062367640463543
102679,49.0,97595.31,32.2,13.5,5.6,0,2,1,0.1827214149605887
102680,34.0,67339.43,53.9,7.9,8.4,0,1,1,0.2072693105448828
102681,55.0,131526.19,70.6,16.7,4.9,0,0,1,0.14030595420375325
102682,41.0,156760.54,79.4,18.6,7.1,0,0,1,0.149636829404175
102683,22.0,26719.06,72.4,0.4,14.1,0,3,1,0.11683739610686567
102684,61.0,61896.75,37.9,12.5,4.6,0,2,1,0.12555805500713302
102685,33.0,73411.26,62.1,9.1,4.8,0,1,1,0.195287135275023
102686,45.0,102436.88,25.4,14.1,0.0,0,2,1,0.11440570107387282
102687,22.0,28452.29,74.7,3.5,11.2,0,3,1,0.19396145676206467
102688,55.0,107910.27,33.3,16.2,8.2,0,2,1,0.13506231184212603
102689,22.0,31211.61,74.7,3.7,7.1,0,3,1,0.19234161898396435
102690,32.0,37812.19,54.0,9.1,6.5,0,1,1,0.1920510223111096
102691,43.0,147009.61,62.0,18.1,10.7,0,0,1,0.15648333709207407
102692,38.0,72916.32,70.6,8.3,4.9,0,1,1,0.19340119841190723
102693,41.0,188673.52,75.1,18.4,5.4,0,0,1,0.10635428025879079
102694,43.0,158052.61,1.0,39.4,7.1,1,0,-1,-0.04391795436915935
102695,49.0,156828.08,77.3,18.9,4.5,0,0,1,0.11416498817549625
102696,25.0,38151.72,75.4,5.0,11.6,0,3,1,0.19346218145254634
102697,47.0,141283.6,80.9,15.1,8.1,0,0,1,0.14895419258476822
102698,28.0,33706.69,89.0,2.7,8.4,0,3,1,0.1793628087893786
102699,28.0,58953.69,100.0,46.8,2.8,1,0,-1,-0.04914812326082163
102700,49.0,115444.6,70.8,16.9,9.3,0,0,1,0.15944440755109096
102701,52.0,106593.26,53.4,12.8,2.3,0,2,1,0.16054406327880993
102702,38.0,83707.75,64.6,8.9,2.2,0,1,1,0.16113099963794147
102703,38.0,59008.92,51.2,7.0,7.3,0,1,1,0.21445684930857706
102704,40.0,144749.29,70.3,19.4,8.7,0,0,1,0.1596220651035149
102705,54.0,111747.53,40.5,12.0,0.0,0,2,1,0.13461465899651998
102706,39.0,51822.94,57.1,7.7,11.0,0,1,1,0.19161832154751252
102707,52.0,116785.3,58.8,18.7,8.7,0,0,1,0.1461346761546627
102708,18.0,31904.37,84.0,0.5,7.0,0,3,1,0.11540290025365496
102709,21.0,30777.38,84.9,2.3,10.2,0,3,1,0.17518173149170818
102710,63.0,78647.09,28.5,13.4,7.0,0,2,1,0.10754902952207956
102711,45.0,185585.98,75.2,14.0,8.3,0,0,1,0.0970879030478764
102712,21.0,39970.76,87.6,0.0,14.1,0,3,1,0.08709426314459334
102713,29.0,30131.1,77.2,5.8,4.1,0,1,1,0.16083575462113553
102714,26.0,38298.04,77.1,4.3,10.3,0,3,1,0.21243694895171977
102715,39.0,119612.44,79.1,16.7,3.4,0,0,1,0.13261316063045353
102716,25.0,29044.65,66.0,3.1,12.3,0,3,1,0.18397719402597595
102717,36.0,50100.75,62.8,9.1,13.6,0,3,1,0.16349302881164446
102718,50.0,114664.97,80.6,18.5,4.5,0,0,1,0.12508837498934638
102719,25.0,43051.58,90.0,1.0,10.0,0,3,1,0.1503200461443555
102720,54.0,65418.65,18.0,12.3,4.5,0,2,1,0.12457224482889256
102721,27.0,66329.78,68.9,6.6,7.2,0,1,1,0.18798805037881144
102722,46.0,151063.54,55.3,16.2,6.8,0,0,1,0.15986684741334167
102723,32.0,78371.37,64.3,4.8,6.4,0,1,1,0.19261113974338512
102724,42.0,54787.97,66.5,9.8,10.6,0,1,1,0.1804161803996675
102725,25.0,39205.9,72.8,8.0,10.7,0,3,1,0.18267852956442504
102726,58.0,88809.65,40.0,13.1,1.2,0,2,1,0.13349268007813997
102727,47.0,91503.01,46.1,8.3,2.9,0,2,1,0.16229619352642677
102728,31.0,24902.93,90.5,0.7,7.3,0,3,1,0.128773205963098
102729,35.0,82907.8,51.6,3.5,2.8,0,1,1,0.1413547701653879
102730,48.0,105860.54,83.9,18.1,7.9,0,0,1,0.13919726911204117
102731,25.0,27386.7,79.4,0.6,14.0,0,3,1,0.13568740889025493
102732,31.0,66897.91,47.7,5.9,5.9,0,1,1,0.19811601777261234
102733,67.0,94752.97,26.8,11.1,0.0,0,2,1,0.07135340386805022
102734,35.0,82658.13,61.4,8.8,4.3,0,1,1,0.18541046853458754
102735,23.0,33174.48,70.7,3.8,11.8,0,3,1,0.1964160471765602
102736,39.0,60313.91,68.9,6.5,6.0,0,1,1,0.21196421898013446
102737,31.0,25623.87,61.0,1.3,11.2,0,3,1,0.17191596335304787
102738,42.0,54628.61,76.1,7.1,6.7,0,1,1,0.1861767024781787
102739,48.0,128368.17,33.5,9.3,11.4,0,2,1,0.11990002008894568
102740,54.0,108660.0,51.8,13.2,6.9,0,2,1,0.17339847799453967
102741,24.0,36226.3,77.7,3.0,10.4,0,3,1,0.20411458388338138
102742,41.0,152710.32,77.0,19.6,9.9,0,0,1,0.1369783970224252
102743,34.0,38063.15,75.9,3.9,14.2,0,3,1,0.1597930908214339
102744,47.0,129443.53,27.3,13.8,4.0,0,2,1,0.1434155759419456
102745,36.0,47459.49,67.1,4.4,2.7,0,1,1,0.16599199123848113
102746,58.0,125602.26,28.3,14.0,6.4,0,2,1,0.12310069795895245
102747,24.0,39694.31,76.4,4.0,6.2,0,3,1,0.18978363013087818
102748,18.0,38733.7,83.5,2.7,15.7,0,3,1,0.0842079806316064
102749,45.0,66901.11,43.4,6.8,4.5,0,1,1,0.18371358568915963
102750,24.0,26606.93,66.0,0.0,10.5,0,3,1,0.16387857134406264
102751,18.0,30155.41,84.9,1.6,6.7,0,3,1,0.13132926841339254
102752,52.0,80830.85,36.9,9.9,3.7,0,2,1,0.1783773026398936
102753,41.0,139709.66,88.4,18.4,9.5,0,0,1,0.11879683651299333
102754,21.0,33285.96,75.3,3.1,11.9,0,3,1,0.18680498620749303
102755,40.0,129969.26,67.1,17.0,8.5,0,0,1,0.18159313952195483
102756,50.0,120615.05,61.8,10.9,4.9,0,2,1,0.1777068797586432
102757,48.0,133303.12,62.1,21.5,10.1,0,0,1,0.12856037636111867
102758,54.0,119803.93,42.7,11.9,1.1,0,2,1,0.1389463729225447
102759,50.0,115602.48,41.8,11.6,9.3,0,2,1,0.16347925203571356
102760,35.0,73020.7,100.0,37.5,9.3,1,0,-1,-0.030049755022472313
102761,52.0,91942.49,34.8,10.5,0.0,0,2,1,0.14722112786769181
102762,45.0,126555.33,66.6,17.8,8.2,0,0,1,0.18552174850588432
102763,24.0,42012.58,84.6,7.2,8.7,0,3,1,0.17201029410267127
102764,40.0,57721.12,52.4,11.3,4.7,0,1,1,0.18657204158483326
102765,18.0,27922.21,57.9,1.1,7.4,0,3,1,0.11886670611244438
102766,43.0,88350.16,84.0,14.2,7.6,0,0,1,0.15295590351704674
102767,34.0,71210.91,61.5,9.4,5.9,0,1,1,0.20853386574836413
102768,50.0,102058.73,45.3,13.7,5.0,0,2,1,0.19171113389438965
102769,44.0,139085.51,76.1,22.1,7.3,0,0,1,0.1417486565916255
102770,41.0,128885.39,75.9,13.8,7.6,0,0,1,0.16995091999123263
102771,28.0,28968.91,79.9,7.2,11.0,0,3,1,0.18927651058080774
102772,41.0,70890.98,32.5,10.4,4.3,0,2,1,0.17248579655158552
102773,42.0,169385.0,61.1,17.6,8.7,0,0,1,0.1376530633017436
102774,26.0,32845.6,53.9,3.2,9.5,0,3,1,0.179414098451194
102775,56.0,107362.79,37.4,12.6,8.1,0,2,1,0.15733206493737806
102776,42.0,65072.71,79.5,5.7,3.4,0,1,1,0.1483976303743741
102777,52.0,88607.85,10.3,10.7,5.0,0,2,1,0.11437881111067905
102778,36.0,53334.69,58.4,7.2,9.1,0,1,1,0.20999727227037518
102779,21.0,37033.42,67.1,2.0,15.1,0,3,1,0.11406071638492055
102780,19.0,28205.5,65.5,1.3,10.4,0,3,1,0.15031152511923834
102781,28.0,31892.64,74.8,0.5,7.8,0,3,1,0.17373055315607905
102782,18.0,36242.58,86.1,2.9,11.3,0,3,1,0.14865971189892702
102783,56.0,96730.67,48.9,10.0,3.0,0,2,1,0.15757428635995613
102784,34.0,69223.18,43.7,9.9,8.7,0,1,1,0.17611919246449026
102785,33.0,31766.31,72.5,4.3,13.1,0,3,1,0.18882180170353446
102786,48.0,60841.1,16.7,12.5,8.6,0,2,1,0.10475805058275978
102787,45.0,90342.54,31.5,15.8,10.8,0,2,1,0.1211589018094601
102788,38.0,72021.68,66.7,4.4,9.1,0,1,1,0.19505201539529815
102789,38.0,135677.3,83.4,18.2,11.3,0,0,1,0.12713583179246685
102790,42.0,42392.62,36.2,9.3,10.6,0,1,1,0.1396373274672016
102791,44.0,149883.84,80.9,19.7,7.1,0,0,1,0.149045629031829
102792,29.0,30004.31,80.4,3.4,7.4,0,3,1,0.20382737569604992
102793,48.0,133203.26,26.1,12.7,5.7,0,2,1,0.14082812374015474
102794,43.0,156921.55,75.3,16.3,9.6,0,0,1,0.15130272484262636
102795,40.0,183864.86,76.3,16.6,9.0,0,0,1,0.09587176346860371
102796,47.0,99408.02,32.7,10.3,1.5,0,2,1,0.16503521535415505
102797,64.0,96562.81,30.7,10.8,5.4,0,2,1,0.1370506384119478
102798,33.0,49784.06,57.7,6.9,5.7,0,1,1,0.20614999750235935
102799,48.0,88314.39,30.3,10.8,4.8,0,2,1,0.19117360365446395
102800,63.0,117773.18,54.4,10.9,9.0,0,2,1,0.08443409587277895
102801,44.0,164856.36,76.6,17.3,10.2,0,0,1,0.1305273702791523
102802,38.0,42267.04,56.8,8.7,7.8,0,1,1,0.19865008987093485
102803,26.0,27671.8,80.6,2.8,9.4,0,3,1,0.1946856709829871
102804,49.0,110644.15,38.5,12.5,10.2,0,2,1,0.1473061831236055
102805,26.0,38914.86,80.7,2.3,6.8,0,3,1,0.1878616467186736
102806,25.0,16658.3,80.7,3.6,9.3,0,3,1,0.17470948795714747
102807,36.0,48036.95,71.9,6.3,4.1,0,1,1,0.18251245632110064
102808,55.0,96893.93,31.4,11.1,4.0,0,2,1,0.18819675862871943
102809,31.0,34704.59,77.7,4.7,10.1,0,3,1,0.20633029827773858
102810,26.0,32870.5,83.9,2.1,6.6,0,3,1,0.18441780726866042
102811,29.0,40668.39,67.1,3.4,8.7,0,3,1,0.21831396810057302
102812,47.0,146215.47,100.0,17.4,12.6,0,0,1,0.0499634894538149
102813,60.0,104124.52,35.4,12.2,4.0,0,2,1,0.16002875490140156
102814,30.0,26973.61,76.4,2.4,4.8,0,3,1,0.16712015633871485
102815,28.0,38122.42,71.7,5.1,5.2,0,1,1,0.19000543253647212
102816,52.0,92840.98,35.9,12.2,3.8,0,2,1,0.18896177463735786
102817,34.0,60786.84,71.6,5.8,13.8,0,3,1,0.1607357976484058
102818,49.0,99105.01,40.7,11.4,8.1,0,2,1,0.18148705614629118
102819,39.0,59713.29,71.7,5.0,5.3,0,1,1,0.2015998837540403
102820,46.0,160196.95,75.2,17.7,7.2,0,0,1,0.1525921615492053
102821,42.0,64682.8,49.3,5.1,11.5,0,1,1,0.15372014987891108
102822,48.0,99663.7,48.5,13.1,1.7,0,2,1,0.1610980049408543
102823,19.0,42770.56,67.6,1.9,11.1,0,3,1,0.15185488228130117
102824,42.0,154459.89,57.3,17.6,10.0,0,0,1,0.14338667657357895
102825,46.0,125574.18,61.8,18.4,4.1,0,0,1,0.15722336337321058
102826,58.0,97691.69,28.0,9.9,2.1,0,2,1,0.13491973570540094
102827,28.0,67521.73,50.0,7.8,8.6,0,1,1,0.18037540689576342
102828,29.0,33450.64,89.3,5.8,10.8,0,3,1,0.1744736110840861
102829,45.0,125951.66,62.1,20.6,9.8,0,0,1,0.14251648501745479
102830,55.0,84898.87,51.2,11.5,1.6,0,2,1,0.14192853036238368
102831,21.0,41050.06,66.9,1.5,18.7,0,3,1,0.056152126991755424
102832,41.0,53819.1,47.2,3.7,7.3,0,1,1,0.1781321120873383
102833,40.0,78949.79,39.1,4.3,6.6,0,1,1,0.1656960221502779
102834,57.0,162324.74,75.7,15.6,1.6,0,0,1,0.028178217780037818
102835,52.0,93300.78,32.3,11.2,1.8,0,2,1,0.16762098045712326
102836,47.0,118760.58,26.1,11.4,3.9,0,2,1,0.1645618924571825
102837,56.0,80433.7,44.8,10.8,3.5,0,2,1,0.1597231131930109
102838,32.0,26417.25,85.2,5.0,10.9,0,3,1,0.1763825657507257
102839,35.0,85722.86,57.9,7.4,6.0,0,1,1,0.18684070090658367
102840,25.0,37553.32,75.2,0.0,11.5,0,3,1,0.16481298079032025
102841,47.0,107686.09,35.0,13.9,1.2,0,2,1,0.15294168553249915
102842,33.0,58205.2,43.2,9.2,2.1,0,1,1,0.1519253708610276
102843,41.0,66736.29,56.0,7.7,8.0,0,1,1,0.21363231081606848
102844,22.0,33717.34,85.3,1.1,11.0,0,3,1,0.16761065137159564
102845,18.0,20885.5,83.6,2.2,7.4,0,3,1,0.11956242742626916
102846,52.0,88229.23,25.1,8.7,0.0,0,2,1,0.1173876110726862
102847,28.0,29566.4,87.7,2.1,11.1,0,3,1,0.17944263255430792
102848,23.0,32256.01,78.9,2.1,6.3,0,3,1,0.18591170359945686
102849,56.0,122249.65,51.6,10.9,1.8,0,2,1,0.12722603962137596
102850,33.0,60037.65,57.5,5.0,2.6,0,1,1,0.17540379656552202
102851,36.0,22600.63,57.0,5.1,9.3,0,1,1,0.15807892945981145
102852,41.0,73955.1,54.5,4.7,4.6,0,1,1,0.18152557435918265
102853,44.0,98524.22,85.9,17.3,9.5,0,0,1,0.130737010727498
102854,27.0,51666.04,38.9,9.0,6.5,0,1,1,0.15174119953590354
102855,55.0,96084.37,39.7,11.3,3.4,0,2,1,0.1898407618429757
102856,43.0,150221.92,76.3,23.6,13.0,0,0,1,0.07686487364164862
102857,43.0,92552.9,30.9,14.6,3.1,0,2,1,0.15991574488832117
102858,38.0,35918.39,42.9,11.2,7.2,0,1,1,0.15681869909139845
102859,47.0,99153.09,24.5,11.4,0.0,0,2,1,0.12665474269560956
102860,32.0,57353.68,69.2,7.9,8.9,0,1,1,0.21329583025634763
102861,36.0,71183.0,49.3,5.5,8.2,0,1,1,0.19245424840201314
102862,35.0,61845.48,56.4,9.5,10.9,0,1,1,0.19059582630771793
102863,33.0,42359.86,50.9,5.2,9.5,0,1,1,0.18718087922927007
102864,29.0,26061.01,70.5,0.0,10.4,0,3,1,0.16813849975123651
102865,36.0,70806.6,63.0,8.2,2.4,0,1,1,0.17207370748415057
102866,21.0,37465.65,72.6,0.0,12.4,0,3,1,0.13661478551447304
102867,33.0,73859.03,57.8,6.4,11.1,0,1,1,0.18354564463716017
102868,45.0,119525.18,28.6,12.3,4.5,0,2,1,0.16576669305915243
102869,41.0,120794.76,68.3,16.0,13.9,0,0,1,0.11515593485966102
102870,22.0,38675.54,88.3,3.7,9.6,0,3,1,0.17238069291560565
102871,53.0,104784.1,36.0,8.9,0.0,0,2,1,0.1246470679942327
102872,44.0,32596.59,60.0,6.5,7.5,0,1,1,0.16925163029520174
102873,18.0,34019.9,80.1,8.5,10.4,0,3,1,0.13828802952329977
102874,31.0,23367.57,88.2,3.5,10.8,0,3,1,0.15891631828401992
102875,25.0,41828.51,80.6,1.4,8.2,0,3,1,0.1846622367389748
102876,28.0,34577.34,62.7,4.0,6.8,0,1,1,0.2091841385928172
102877,26.0,27360.01,75.2,1.9,14.6,0,3,1,0.15883349312275835
102878,38.0,76074.02,87.0,7.1,11.5,0,3,1,0.145118290519961
102879,33.0,76004.44,49.9,7.0,8.6,0,1,1,0.1870601724649183
102880,27.0,24670.1,69.3,4.2,8.9,0,3,1,0.2001843962771802
102881,18.0,31591.17,76.8,3.4,11.6,0,3,1,0.15871781123441003
102882,26.0,27575.32,73.9,4.9,8.4,0,3,1,0.20965606927114488
102883,34.0,45212.36,57.7,7.7,1.1,0,1,1,0.1492972102897377
102884,31.0,46133.52,65.9,3.2,6.8,0,1,1,0.2110700682899047
102885,40.0,64096.09,53.6,7.7,10.1,0,1,1,0.18786128454495804
102886,23.0,19103.72,1.0,31.0,9.9,1,2,-1,-0.07841016157679337
102887,18.0,30281.74,69.2,0.6,9.6,0,3,1,0.12984722387064995
102888,40.0,128153.51,79.4,18.5,6.5,0,0,1,0.1692345307066438
102889,21.0,29380.01,75.5,4.2,6.9,0,3,1,0.1768995720898202
102890,31.0,35368.29,50.6,3.2,13.1,0,3,1,0.15753808864089425
102891,26.0,29624.92,77.4,3.4,12.3,0,3,1,0.19312272641093842
102892,36.0,124753.54,88.4,18.1,12.6,0,0,1,0.07045784137945243
102893,67.0,86586.2,23.0,11.5,7.3,0,2,1,0.09817508718586221
102894,58.0,133850.81,34.6,13.0,1.9,0,2,1,0.09769210943936812
102895,30.0,139000.75,60.5,19.3,2.4,0,0,1,0.0767245462325229
102896,20.0,33541.83,81.7,2.9,15.6,0,3,1,0.11672281688664865
102897,51.0,122754.95,88.1,21.5,7.6,0,0,1,0.08986814772294816
102898,24.0,31707.84,71.6,1.9,14.0,0,3,1,0.16810938491264815
102899,54.0,85523.36,25.7,10.5,3.5,0,2,1,0.1719115569570308
102900,41.0,52401.49,67.0,7.4,7.4,0,1,1,0.20751527394239572
102901,41.0,71411.88,44.0,4.8,6.3,0,1,1,0.17384665871429733
102902,45.0,174387.31,72.7,21.4,5.9,0,0,1,0.11507360659880961
102903,21.0,30239.27,69.8,5.3,1.7,0,1,1,0.09552969104030451
102904,40.0,168934.82,68.9,20.1,14.6,0,0,1,0.07128986879845256
102905,36.0,75045.31,82.2,7.8,6.9,0,1,1,0.17661180833242146
102906,57.0,115250.11,34.6,11.0,9.2,0,2,1,0.13395338752707064
102907,42.0,170081.97,74.6,21.7,5.5,0,0,1,0.11759846389582967
102908,20.0,36921.84,66.7,3.2,14.6,0,3,1,0.11913073079008413
102909,34.0,150133.91,84.1,17.9,5.2,0,0,1,0.10602080341773645
102910,51.0,80661.31,35.7,11.4,2.5,0,2,1,0.16544038255671156
102911,54.0,122002.88,38.3,14.7,8.7,0,2,1,0.1353009437689438
102912,21.0,33583.18,73.8,0.0,11.1,0,3,1,0.1525408513366695
102913,31.0,67404.82,42.4,7.3,2.3,0,1,1,0.14877657059448707
102914,55.0,88273.2,30.1,14.3,3.0,0,2,1,0.16111682621893186
102915,37.0,59783.44,63.1,9.1,9.5,0,1,1,0.21043547352053854
102916,22.0,38964.11,68.8,1.5,9.6,0,3,1,0.17315806556135716
102917,29.0,25259.93,86.9,2.9,8.7,0,3,1,0.17423812194794275
102918,48.0,119772.7,94.9,17.6,8.4,0,0,1,0.10597268483447753
102919,32.0,33013.35,89.9,0.0,8.7,0,3,1,0.13935252271788018
102920,54.0,113492.27,42.7,13.4,7.2,0,2,1,0.1734453438825782
102921,45.0,85991.76,86.4,16.3,8.9,0,0,1,0.12936765354781632
102922,25.0,32272.61,66.9,0.0,7.0,0,3,1,0.15490727444865687
102923,28.0,23667.46,69.2,3.8,6.9,0,3,1,0.19424619302712542
102924,49.0,96399.15,37.8,9.9,4.4,0,2,1,0.1894191748536604
102925,26.0,24666.36,80.1,1.6,10.4,0,3,1,0.18291553103792596
102926,56.0,91985.97,44.1,13.6,6.7,0,2,1,0.16623635058559066
102927,54.0,113823.11,38.9,8.7,1.6,0,2,1,0.12924736849224983
102928,51.0,93508.49,38.6,10.4,10.0,0,2,1,0.16012183057696439
102929,35.0,61914.2,51.3,5.0,6.6,0,1,1,0.20692035720982827
102930,52.0,93513.94,51.6,11.7,3.7,0,2,1,0.17796402969523867
102931,56.0,92074.77,40.4,9.4,0.2,0,2,1,0.1292202960883686
102932,25.0,30665.88,69.9,3.2,10.6,0,3,1,0.20378428239082425
102933,48.0,86128.59,37.2,10.0,2.2,0,2,1,0.1740231223585571
102934,46.0,139399.33,67.2,16.2,5.0,0,0,1,0.1667146651816518
102935,51.0,129641.39,40.7,9.3,6.1,0,2,1,0.16852830085310655
102936,32.0,61945.79,52.1,11.0,3.6,0,1,1,0.18375344469695054
102937,38.0,54351.79,65.4,7.6,10.8,0,1,1,0.20341379989690983
102938,28.0,28005.24,100.0,4.1,8.3,0,3,1,0.11693094846546837
102939,25.0,35633.6,83.9,4.0,12.9,0,3,1,0.1897301062563797
102940,28.0,27118.02,99.1,6.9,12.4,0,3,1,0.10059847114781684
102941,43.0,141408.32,68.8,17.6,1.4,0,0,1,0.11489980665638189
102942,32.0,38782.13,61.2,4.8,10.0,0,3,1,0.20585068895136094
102943,42.0,152419.61,54.6,18.0,8.2,0,0,1,0.15708187493632475
102944,24.0,24123.26,82.5,5.1,11.2,0,3,1,0.1806107911089745
102945,35.0,92009.69,48.8,8.5,7.7,0,1,1,0.17247697399900214
102946,46.0,66316.13,64.0,8.0,3.8,0,1,1,0.19469908512781192
102947,32.0,58923.55,67.6,7.5,6.4,0,1,1,0.21585896233062146
102948,59.0,61100.45,22.0,7.0,7.6,0,2,1,0.0824169529330272
102949,43.0,164350.55,70.9,20.0,7.6,0,0,1,0.149607023506318
102950,45.0,146640.54,75.4,21.4,3.1,0,0,1,0.10311101227979502
102951,24.0,33140.41,78.5,2.2,8.4,0,3,1,0.20896446393978607
102952,60.0,93790.67,59.4,13.1,3.1,0,2,1,0.12843213264157943
102953,27.0,32627.45,91.4,0.7,4.6,0,3,1,0.10372294204191457
102954,45.0,161059.54,74.9,19.3,9.6,0,0,1,0.14081718857262565
102955,29.0,65138.64,71.2,7.3,3.1,0,1,1,0.1639931531438631
102956,34.0,68213.41,76.0,3.1,8.1,0,1,1,0.18803038124789623
102957,19.0,34924.51,83.9,2.5,11.9,0,3,1,0.16268971138418303
102958,30.0,31052.07,64.6,5.9,12.5,0,3,1,0.18492641662483167
102959,27.0,28020.03,87.9,7.1,9.6,0,3,1,0.17457664259057049
102960,43.0,113157.2,64.8,15.9,8.4,0,0,1,0.18802904616613636
102961,50.0,101374.88,26.1,11.7,1.1,0,2,1,0.13985953074466256
102962,44.0,98865.43,73.5,17.4,8.5,0,0,1,0.1771181375881274
102963,18.0,35771.16,75.0,3.4,4.4,0,3,1,0.12887318977759726
102964,46.0,88328.36,48.8,13.1,4.4,0,2,1,0.19352908241962163
102965,19.0,25627.91,80.8,4.4,10.6,0,3,1,0.16604105682457315
102966,45.0,54383.73,59.8,3.6,7.6,0,1,1,0.1840837259136291
102967,43.0,50376.76,66.4,9.9,4.9,0,1,1,0.1824029092126087
102968,38.0,79628.69,60.3,8.6,1.7,0,1,1,0.1595010563105258
102969,55.0,103844.77,21.7,10.1,5.8,0,2,1,0.15004541943592498
102970,22.0,38404.77,81.1,3.1,9.5,0,3,1,0.1923884118618363
102971,37.0,70960.73,63.3,6.2,10.7,0,1,1,0.19897226884225067
102972,55.0,101587.5,35.9,13.0,0.0,0,2,1,0.13637927254241589
102973,25.0,41447.45,80.2,3.2,8.2,0,3,1,0.2014528905372403
102974,45.0,135084.12,100.0,32.6,6.6,1,0,1,1.0164675723123295e-05
102975,33.0,82473.9,56.1,5.9,0.7,0,1,1,0.1313865471576668
102976,38.0,153302.7,77.2,16.7,6.2,0,0,1,0.15137317479525186
102977,61.0,141108.09,46.5,15.1,9.3,0,2,1,0.06898436526593454
102978,63.0,89837.03,26.2,15.7,1.1,0,2,1,0.07128817541110244
102979,47.0,77803.65,33.7,8.0,0.0,0,2,1,0.12741813460584223
102980,40.0,109862.68,82.6,18.0,9.7,0,0,1,0.14686244483900307
102981,54.0,91464.18,44.9,12.9,3.0,0,2,1,0.16644960076156723
102982,18.0,34998.99,65.4,3.8,10.2,0,3,1,0.15346444092071243
102983,18.0,33488.37,79.9,3.4,10.4,0,3,1,0.16075838489483435
102984,49.0,105116.52,28.1,9.9,6.0,0,2,1,0.16697653469511892
102985,29.0,35491.7,75.9,0.0,14.4,0,3,1,0.13393994934301212
102986,18.0,35375.71,99.1,3.3,10.9,0,3,1,0.09810975054582072
102987,26.0,33141.44,100.0,1.3,7.1,0,3,1,0.11426680851935433
102988,34.0,81427.68,52.2,7.9,10.2,0,1,1,0.1674326941568251
102989,28.0,37864.11,92.2,3.6,8.6,0,3,1,0.16608766392141566
102990,53.0,89202.19,60.2,10.9,5.4,0,2,1,0.17411829077124913
102991,44.0,97271.19,32.1,13.4,6.1,0,2,1,0.18518415415227885
102992,50.0,173706.75,71.3,16.1,5.5,0,0,1,0.11803114042763868
102993,38.0,63760.89,60.6,5.9,11.3,0,1,1,0.18998625339326375
102994,29.0,55410.41,47.2,6.6,10.7,0,1,1,0.17840695050568162
102995,51.0,96735.26,41.6,11.3,5.1,0,2,1,0.20209834714679215
102996,37.0,49380.17,53.4,7.7,10.8,0,1,1,0.1871783976392321
102997,58.0,130832.83,39.9,11.2,3.8,0,2,1,0.1331208163508505
102998,23.0,29650.61,81.8,3.9,6.5,0,3,1,0.17966976377707877
102999,48.0,93712.55,69.8,20.3,9.8,0,0,1,0.13200259991772129
103000,22.0,43340.42,73.6,0.0,11.4,0,3,1,0.1426797073472516
103001,34.0,119047.5,78.2,17.1,9.7,0,0,1,0.1395708522930711
103002,46.0,109680.01,18.1,14.6,2.6,0,2,1,0.11857640911347606
103003,32.0,27158.65,97.2,1.1,4.6,0,3,1,0.0815682087909746
103004,52.0,116101.21,42.9,14.3,6.4,0,2,1,0.1780211089529143
103005,20.0,36414.56,78.9,1.6,10.5,0,3,1,0.17489690130201863
103006,52.0,119213.47,29.9,10.9,1.9,0,2,1,0.14969206589994472
103007,61.0,84010.06,48.0,9.9,5.5,0,2,1,0.13374618054237208
103008,25.0,39104.2,88.9,3.2,8.4,0,3,1,0.18410138458807618
103009,32.0,28331.18,55.3,0.0,5.2,0,1,1,0.12803576190875027
103010,55.0,132867.4,14.6,10.4,4.3,0,2,1,0.07722663888720482
103011,44.0,53206.62,63.9,6.5,14.8,0,1,1,0.11942608364474872
103012,44.0,148963.36,72.8,17.2,10.8,0,0,1,0.15281133659938712
103013,46.0,60766.44,33.5,13.6,2.3,0,2,1,0.144131779133298
103014,53.0,74126.09,45.6,13.3,4.1,0,2,1,0.16450460878459888
103015,25.0,23973.01,64.5,2.8,11.5,0,3,1,0.17183096580855572
103016,55.0,88793.85,42.5,14.8,3.7,0,2,1,0.15949167495517963
103017,45.0,134762.08,70.7,18.3,13.1,0,0,1,0.12627128024804785
103018,29.0,36753.06,73.5,1.2,11.2,0,3,1,0.19088316944571698
103019,42.0,81233.19,33.5,11.9,8.3,0,2,1,0.16711502720729032
103020,29.0,21977.92,75.6,4.6,6.5,0,3,1,0.18160800150298645
103021,22.0,65744.24,57.5,9.9,6.5,0,1,1,0.13845819705692403
103022,52.0,106930.29,45.3,10.6,6.8,0,2,1,0.1905845549950722
103023,33.0,62184.38,64.7,8.7,8.0,0,1,1,0.2168328268983868
103024,47.0,63018.64,33.1,13.9,5.3,0,2,1,0.17124139077432105
103025,37.0,61921.58,61.1,5.0,9.3,0,1,1,0.21190858336759322
103026,28.0,29953.67,82.4,0.0,10.5,0,3,1,0.17053601762569398
103027,23.0,39253.18,76.0,4.7,8.8,0,3,1,0.20005357359270215
103028,32.0,134316.48,74.0,18.3,8.5,0,0,1,0.13501454391686196
103029,49.0,89464.26,23.7,8.0,3.7,0,2,1,0.14341012844015327
103030,32.0,74050.97,36.2,7.6,13.4,0,1,1,0.10652772603494143
103031,51.0,94953.01,39.3,13.0,2.8,0,2,1,0.18072636758005467
103032,19.0,35759.67,58.9,4.7,8.8,0,3,1,0.15293893354462473
103033,24.0,28972.5,92.3,3.5,9.0,0,3,1,0.16192156596730278
103034,22.0,31146.61,100.0,0.4,13.2,0,3,1,0.06571090268903479
103035,46.0,178803.26,78.3,18.0,11.1,0,0,1,0.08968848229060844
103036,53.0,107909.75,49.3,12.2,2.7,0,2,1,0.16484520039635175
103037,49.0,102704.24,26.2,11.3,1.1,0,2,1,0.13879465399120489
103038,27.0,27667.58,65.1,0.8,8.3,0,3,1,0.17993861936505312
103039,22.0,33448.37,76.4,3.7,11.4,0,3,1,0.1973353888938787
103040,56.0,62376.2,23.7,13.1,4.6,0,2,1,0.13093872724836952
103041,41.0,44768.76,53.2,6.4,7.5,0,1,1,0.19166361715513203
103042,43.0,151820.76,70.9,20.7,13.1,0,0,1,0.10351349153298606
103043,46.0,95771.4,43.0,13.2,2.8,0,2,1,0.17066030567120227
103044,37.0,44328.61,57.8,4.1,8.5,0,1,1,0.20506162659653338
103045,46.0,97787.87,38.2,12.2,2.1,0,2,1,0.18072986694376703
103046,42.0,169763.01,67.8,18.0,6.3,0,0,1,0.15115022430314878
103047,41.0,62868.59,50.4,7.0,6.3,0,1,1,0.2079160385624313
103048,59.0,94235.84,21.2,13.0,9.4,0,2,1,0.09342117655563553
103049,49.0,112206.07,69.3,17.9,7.9,0,0,1,0.1632914769958887
103050,26.0,30017.98,68.8,4.9,6.6,0,3,1,0.19480368271246346
103051,39.0,111529.52,78.1,18.2,10.7,0,0,1,0.14560400670991336
103052,20.0,24782.64,73.6,2.6,10.6,0,3,1,0.1709833441171294
103053,44.0,103186.3,26.1,10.7,7.5,0,2,1,0.16725435787531456
103054,41.0,100514.78,38.2,10.4,2.7,0,2,1,0.17103993308700266
103055,58.0,128565.99,45.6,15.8,1.9,0,2,1,0.0835437986795059
103056,28.0,61412.74,66.0,3.3,4.2,0,1,1,0.1752310374925588
103057,48.0,101097.24,37.3,10.4,4.5,0,2,1,0.19248074378068447
103058,18.0,29543.79,65.4,2.7,7.6,0,3,1,0.14731769568082437
103059,27.0,31849.16,75.7,6.5,11.1,0,3,1,0.2024518166970345
103060,22.0,28637.68,66.2,2.9,10.9,0,3,1,0.1805927762234631
103061,42.0,71675.88,29.8,9.8,4.1,0,2,1,0.1652698856884604
103062,37.0,60635.05,63.5,5.8,6.9,0,1,1,0.22613444195565435
103063,19.0,33639.41,78.8,0.6,9.5,0,3,1,0.1512807555562678
103064,43.0,147081.5,75.2,16.6,10.3,0,0,1,0.1562387574091842
103065,39.0,53913.69,46.6,5.7,2.6,0,1,1,0.14939011775464411
103066,37.0,75208.53,72.2,4.8,9.4,0,1,1,0.18559196147018425
103067,36.0,35261.31,54.7,6.1,10.6,0,1,1,0.1827932821183627
103068,20.0,35243.25,76.9,0.1,8.3,0,3,1,0.14868266539651104
103069,60.0,92035.36,44.1,13.7,2.7,0,2,1,0.1280127408693017
103070,30.0,49145.71,72.5,7.3,1.8,0,1,1,0.1373065963757839
103071,28.0,21707.74,69.7,3.2,17.6,0,3,1,0.09317007029865432
103072,47.0,127843.78,72.3,19.8,12.3,0,0,1,0.13016457647815216
103073,42.0,134490.85,63.7,19.3,11.1,0,0,1,0.1545577758245943
103074,42.0,88214.62,22.9,12.3,0.3,0,2,1,0.11419551219117818
103075,36.0,168312.69,70.3,17.9,9.3,0,0,1,0.10907754345206944
103076,48.0,129451.46,68.0,17.2,11.2,0,0,1,0.15236468958964078
103077,36.0,58751.34,61.9,10.7,7.2,0,1,1,0.21234034772499205
103078,51.0,128225.27,48.3,14.4,2.5,0,2,1,0.14209342279026915
103079,49.0,63635.96,44.6,12.2,0.0,0,2,1,0.1310218606649759
103080,30.0,30056.86,75.9,0.0,11.5,0,3,1,0.16364924952755533
103081,27.0,31723.59,73.8,8.3,6.4,0,1,1,0.1857509734443954
103082,20.0,36079.56,67.9,0.8,13.4,0,3,1,0.12355722026162885
103083,55.0,103278.76,1.0,35.4,3.2,1,2,-1,-0.022541625009900534
103084,52.0,109470.3,39.3,10.1,6.4,0,2,1,0.1966002358411328
103085,44.0,89520.79,23.6,10.3,9.8,0,2,1,0.13678742432448537
103086,29.0,52857.79,63.1,6.1,7.5,0,1,1,0.21609523504766703
103087,31.0,35770.66,73.3,2.7,11.6,0,3,1,0.19563498446870436
103088,39.0,62231.6,61.6,7.7,6.7,0,1,1,0.22419918602709715
103089,33.0,70287.37,60.9,2.8,4.5,0,1,1,0.1735403522259975
103090,41.0,134931.49,84.0,24.4,0.6,0,0,1,0.049743262800412746
103091,45.0,141753.57,70.2,19.1,8.4,0,0,1,0.17783127982066826
103092,41.0,140736.92,77.6,18.9,8.6,0,0,1,0.15813747021789687
103093,40.0,211042.4,75.6,19.5,6.5,0,0,1,0.08357163592536931
103094,44.0,144576.52,52.9,16.6,5.8,0,0,1,0.16120443976101534
103095,33.0,50060.6,58.4,9.8,7.4,0,1,1,0.2025452610956885
103096,18.0,26061.99,74.2,0.2,10.9,0,3,1,0.11550479892940801
103097,31.0,28682.79,78.8,2.1,8.1,0,3,1,0.20249516122469063
103098,37.0,54597.51,49.9,3.8,7.2,0,1,1,0.199218613712203
103099,29.0,36074.1,92.9,1.7,12.6,0,3,1,0.14467860163619134
103100,18.0,36085.33,94.4,4.0,15.0,0,3,1,0.06972143467530212
103101,40.0,136617.38,62.8,18.1,8.8,0,0,1,0.17671713530872202
103102,24.0,29268.96,73.1,3.7,9.5,0,3,1,0.20874790198042675
103103,37.0,92188.39,66.0,15.2,5.5,0,0,1,0.17876942701843263
103104,50.0,92501.7,28.3,16.4,0.2,0,2,1,0.09035881048011873
103105,58.0,92220.09,28.4,13.2,2.6,0,2,1,0.13916109790766973
103106,48.0,125605.75,13.1,11.5,4.6,0,2,1,0.11030566760659999
103107,43.0,57553.51,84.6,8.5,0.0,0,1,1,0.09940113430403308
103108,45.0,99051.57,23.6,13.1,2.6,0,2,1,0.14086927738359878
103109,18.0,26443.97,86.5,0.0,13.1,0,3,1,0.08727246120766585
103110,48.0,131648.55,100.0,48.4,6.5,1,0,-1,-0.010365484837323358
103111,28.0,83306.0,49.2,4.1,7.9,0,1,1,0.15010029510334383
103112,24.0,40560.45,74.2,2.3,11.0,0,3,1,0.19914146454667064
103113,53.0,98933.64,37.7,12.3,2.8,0,2,1,0.17544758969463953
103114,56.0,88845.75,43.0,14.8,2.0,0,2,1,0.13333596450830992
103115,48.0,54047.24,50.9,8.1,8.3,0,1,1,0.1805451890740183
103116,52.0,108992.09,37.5,16.1,3.8,0,2,1,0.15336677559898454
103117,20.0,28822.15,82.7,4.0,10.6,0,3,1,0.17648963274026458
103118,48.0,113957.88,54.4,12.1,9.4,0,0,1,0.17471386490055935
103119,28.0,44779.64,82.7,3.3,12.5,0,3,1,0.17270280506861957
103120,22.0,34345.0,91.3,4.6,9.9,0,3,1,0.15888444570153198
103121,25.0,36364.22,85.2,4.5,11.0,0,3,1,0.1995009644722267
103122,32.0,54576.89,62.6,8.7,9.1,0,1,1,0.21360373930144977
103123,33.0,60312.97,46.3,4.2,7.2,0,1,1,0.18389221292466623
103124,43.0,63113.81,77.1,6.7,7.1,0,1,1,0.18480402750979835
103125,19.0,29999.87,66.1,0.0,6.5,0,3,1,0.11383308810913229
103126,24.0,27756.57,73.0,3.8,5.4,0,3,1,0.18492194746059942
103127,36.0,71464.52,67.3,8.0,6.8,0,1,1,0.21250210993797752
103128,21.0,31525.61,94.5,3.5,9.7,0,3,1,0.1395909145510318
103129,55.0,95850.28,37.3,11.5,2.8,0,2,1,0.17533362961084564
103130,48.0,90851.19,76.8,17.0,2.3,0,0,1,0.10611691583657701
103131,31.0,61597.73,59.0,8.5,9.4,0,1,1,0.20532572818678752
103132,35.0,149513.09,79.3,18.4,9.5,0,0,1,0.12350822213852902
103133,18.0,26296.36,91.7,2.4,16.7,0,3,1,0.030777767106167087
103134,18.0,41007.33,71.9,4.7,9.1,0,3,1,0.1525889607534519
103135,53.0,105183.79,28.9,13.6,3.2,0,2,1,0.17464355109603152
103136,53.0,49767.57,31.6,14.5,6.1,0,2,1,0.1272886177478315
103137,47.0,141343.61,88.8,18.6,6.0,0,0,1,0.10907284021458996
103138,28.0,37314.17,84.3,2.2,10.8,0,3,1,0.1950144703445328
103139,59.0,103166.1,20.2,10.7,2.0,0,2,1,0.10387221092838184
103140,32.0,38438.07,76.9,5.2,4.6,0,1,1,0.1761805463009074
103141,26.0,71669.35,57.1,6.3,6.1,0,1,1,0.17338698157214727
103142,27.0,29235.08,58.1,0.4,6.0,0,1,1,0.1506097640119971
103143,44.0,163436.48,86.7,14.7,9.9,0,0,1,0.09105091094546958
103144,21.0,48839.12,91.8,6.4,12.4,0,3,1,0.10273106152607003
103145,45.0,129854.91,66.0,16.4,9.9,0,0,1,0.17461898031368372
103146,60.0,88898.59,27.8,9.0,4.7,0,2,1,0.12867130806581012
103147,58.0,116876.5,48.8,12.8,4.3,0,2,1,0.1534262126336552
103148,58.0,76017.95,30.6,15.4,0.8,0,2,1,0.08840431828454265
103149,43.0,155909.53,72.8,20.3,12.6,0,0,1,0.10981384080908463
103150,26.0,40006.76,68.7,2.7,17.2,0,3,1,0.10097464445159499
103151,34.0,24644.83,77.9,3.3,11.2,0,3,1,0.17811727127225901
103152,58.0,126449.62,35.4,14.2,5.9,0,2,1,0.13650774088438833
103153,36.0,43048.55,68.2,8.2,8.2,0,1,1,0.20959712201745628
103154,19.0,43284.63,79.5,0.7,6.1,0,3,1,0.11145255158385159
103155,27.0,36073.76,73.4,3.9,12.0,0,3,1,0.204133079064364
103156,37.0,54173.03,67.6,8.7,8.7,0,1,1,0.2123134766629547
103157,20.0,24333.25,78.8,4.9,13.1,0,3,1,0.15292355493752657
103158,27.0,29405.38,70.0,3.0,10.0,0,3,1,0.20167256833928354
103159,49.0,127911.2,68.0,22.1,12.7,0,0,1,0.09141449469681973
103160,32.0,78391.27,46.8,6.1,6.0,0,1,1,0.1848115540706653
103161,43.0,155617.86,73.1,19.2,6.8,0,0,1,0.17292859558276064
103162,45.0,141989.96,58.1,19.0,8.3,0,0,1,0.16689731012506737
103163,20.0,29552.91,74.0,2.5,15.3,0,3,1,0.12477437937955355
103164,62.0,48384.74,39.9,13.9,3.4,0,2,1,0.0859964714477045
103165,57.0,123286.27,21.3,12.3,9.9,0,2,1,0.08120266357240324
103166,46.0,93029.53,30.5,14.1,7.6,0,2,1,0.17698618206301664
103167,25.0,32185.53,60.8,5.8,8.9,0,3,1,0.1846716228974798
103168,23.0,37596.41,80.0,5.0,11.8,0,3,1,0.18705814002952253
103169,25.0,33788.15,66.8,2.7,13.3,0,3,1,0.18347642858004765
103170,48.0,82768.78,26.2,12.3,8.2,0,2,1,0.1610860736810238
103171,46.0,85140.54,78.5,17.1,9.5,0,0,1,0.1402814300396124
103172,51.0,80286.19,34.3,11.1,4.9,0,2,1,0.19106485525823053
103173,48.0,75766.44,42.3,14.2,5.7,0,2,1,0.18447388627681638
103174,40.0,121350.24,65.2,19.8,5.5,0,0,1,0.16291362404652998
103175,56.0,105891.04,47.4,14.1,5.6,0,2,1,0.17896325059594037
103176,18.0,35514.34,79.2,2.3,14.1,0,3,1,0.11440299771701068
103177,42.0,126657.89,83.2,17.2,6.3,0,0,1,0.1625152379475145
103178,30.0,52846.84,50.7,8.2,3.9,0,1,1,0.17598770612343112
103179,18.0,33746.6,71.7,3.0,13.8,0,3,1,0.12012528572598974
103180,36.0,78847.37,57.3,9.0,5.4,0,1,1,0.20698556827759024
103181,44.0,116489.21,63.9,17.6,4.0,0,0,1,0.16526206874262928
103182,25.0,30256.1,80.3,0.4,12.1,0,3,1,0.1575744669330914
103183,44.0,78589.71,77.0,7.1,5.9,0,1,1,0.1754262712701694
103184,26.0,30627.85,60.6,4.6,9.3,0,3,1,0.19178165066175978
103185,18.0,29072.29,75.9,3.0,10.1,0,3,1,0.15643984150772405
103186,31.0,24578.01,76.5,1.2,13.8,0,3,1,0.13071055024234413
103187,49.0,89120.51,45.5,14.6,8.4,0,2,1,0.16063105096602343
103188,35.0,152169.44,74.7,17.9,8.2,0,0,1,0.13192222569171375
103189,30.0,37982.27,87.0,3.4,16.8,0,3,1,0.10268463382803561
103190,34.0,43965.87,55.3,7.1,10.9,0,1,1,0.1890146026500485
103191,21.0,34829.49,63.2,5.2,10.2,0,3,1,0.16698686408209762
103192,23.0,44278.32,88.7,0.9,9.7,0,3,1,0.13848769719395343
103193,66.0,128837.77,44.2,8.3,8.0,0,2,1,0.06330543358071972
103194,49.0,117632.16,27.8,13.0,2.1,0,2,1,0.1377138617088523
103195,50.0,105639.56,21.8,16.7,0.9,0,2,1,0.08297643346675387
103196,31.0,68976.49,70.9,6.4,3.8,0,1,1,0.17597337670748414
103197,47.0,77386.67,38.1,11.9,5.3,0,2,1,0.1945738156591899
103198,26.0,36748.04,73.9,1.5,10.5,0,3,1,0.1946910922809092
103199,24.0,33457.0,70.9,4.3,6.5,0,3,1,0.19817599567043587
103200,41.0,168451.84,60.7,20.1,3.8,0,0,1,0.09911885602583659
103201,44.0,69454.96,36.2,13.5,7.9,0,2,1,0.16949409269489218
103202,49.0,161740.0,63.7,16.3,10.4,0,0,1,0.1221490321967103
103203,50.0,114015.25,84.9,14.2,9.2,0,0,1,0.11962050479374875
103204,51.0,91508.36,35.3,10.3,5.3,0,2,1,0.19125580922241803
103205,43.0,163569.85,87.9,18.3,5.5,0,0,1,0.11518706834061865
103206,30.0,80952.49,73.7,8.8,7.2,0,1,1,0.1745976654815009
103207,28.0,39513.72,71.8,3.1,6.7,0,3,1,0.20643757229782111
103208,23.0,40895.02,88.8,3.3,1.9,0,3,1,0.08755118460548905
103209,21.0,32589.86,75.8,3.1,10.7,0,3,1,0.19642679471568308
103210,21.0,31956.62,76.5,1.6,15.5,0,3,1,0.12092932834886333
103211,34.0,36843.03,100.0,49.5,9.7,1,0,-1,-0.03505241523570912
103212,49.0,104734.66,34.5,14.0,3.4,0,2,1,0.17949127108923296
103213,49.0,99395.04,31.2,8.1,2.2,0,2,1,0.13859549998014487
103214,66.0,63854.52,37.4,11.5,9.5,0,2,1,0.0834743650137475
103215,18.0,32583.51,84.9,2.6,7.7,0,3,1,0.15337468955354916
103216,52.0,89707.61,31.9,13.9,5.2,0,2,1,0.18223057212943278
103217,39.0,65686.11,67.6,9.6,6.1,0,1,1,0.21173183137894064
103218,28.0,24533.96,55.5,6.7,9.0,0,1,1,0.17140239894244674
103219,37.0,48326.59,45.3,5.6,8.9,0,1,1,0.17116174423962183
103220,33.0,58252.58,100.0,49.5,9.6,1,0,-1,-0.04426573131092526
103221,22.0,35940.51,75.5,2.3,9.9,0,3,1,0.19402260549798633
103222,46.0,117516.57,77.0,23.0,8.5,0,0,1,0.1322470067885098
103223,52.0,93560.73,39.8,8.8,9.1,0,2,1,0.1525960354173908
103224,57.0,83978.78,35.3,10.9,4.9,0,2,1,0.174655169720987
103225,24.0,33316.93,67.7,2.0,13.4,0,3,1,0.1777147410937892
103226,40.0,73383.94,70.5,22.8,10.5,0,0,1,0.11484474213015561
103227,49.0,94134.71,41.8,8.5,1.4,0,2,1,0.13734040229707795
103228,26.0,41184.24,73.6,6.1,7.7,0,3,1,0.203223322834724
103229,35.0,107719.17,40.4,13.5,6.1,0,2,1,0.1608132857459953
103230,37.0,59111.62,55.8,6.1,5.8,0,1,1,0.21449353375752656
103231,27.0,48448.32,56.4,2.5,1.0,0,1,1,0.11473776991306928
103232,22.0,31260.81,74.9,0.0,14.7,0,3,1,0.11466313061198552
103233,29.0,52869.32,45.4,9.6,8.3,0,1,1,0.17126997276839273
103234,22.0,28868.54,79.8,0.5,11.1,0,3,1,0.1591953394037135
103235,21.0,34993.12,82.9,1.8,3.8,0,3,1,0.12519482817486471
103236,23.0,23651.04,78.8,2.5,8.2,0,3,1,0.18354097960108962
103237,37.0,169907.09,67.5,22.7,8.1,0,0,1,0.091992742545425
103238,38.0,62437.61,61.4,9.2,10.3,0,1,1,0.19893957859981098
103239,27.0,71547.35,63.0,7.1,12.1,0,3,1,0.16085172978150314
103240,45.0,72095.29,52.6,4.6,9.3,0,1,1,0.17398777593351006
103241,50.0,88877.82,82.9,17.5,2.6,0,0,1,0.08689184820526286
103242,54.0,110550.51,31.5,9.9,9.1,0,2,1,0.14035210923392416
103243,40.0,169218.7,56.9,18.8,9.2,0,0,1,0.12665698460932678
103244,40.0,78661.69,49.9,8.0,2.9,0,1,1,0.17421211766257721
103245,18.0,28668.79,82.1,6.4,15.6,0,3,1,0.07748982486744349
103246,50.0,100224.64,44.4,13.5,3.5,0,2,1,0.1829310425193521
103247,36.0,60770.38,55.9,6.3,6.6,0,1,1,0.21845627690282893
103248,41.0,111387.47,80.6,19.0,13.6,0,0,1,0.09864973783335362
103249,45.0,129492.6,65.7,18.1,9.7,0,0,1,0.178290204627708
103250,35.0,45591.93,50.6,7.0,9.2,0,1,1,0.19027282854952865
103251,36.0,146680.1,74.2,17.1,6.2,0,0,1,0.14915453733795947
103252,48.0,97407.79,46.3,14.4,0.6,0,2,1,0.13839340067524264
103253,23.0,19365.38,79.1,4.2,14.7,0,3,1,0.13309092957702506
103254,27.0,49857.25,59.4,3.8,7.5,0,1,1,0.20025768579336367
103255,27.0,24619.78,79.3,0.6,14.1,0,3,1,0.13054707689810374
103256,44.0,123870.39,59.6,18.8,12.1,0,0,1,0.14174295364397316
103257,20.0,29467.65,70.5,6.1,4.3,0,3,1,0.12236979034731016
103258,42.0,57790.47,57.3,6.3,7.7,0,1,1,0.20742188400985895
103259,48.0,113098.35,46.0,10.0,6.0,0,2,1,0.18535534718090318
103260,22.0,32297.41,93.3,1.7,12.8,0,3,1,0.12963331228847685
103261,26.0,30882.4,81.7,3.5,6.5,0,3,1,0.18582059376213034
103262,49.0,77126.18,32.2,14.7,5.7,0,2,1,0.15640865302057472
103263,18.0,30425.4,80.3,4.5,8.0,0,3,1,0.1561441401883678
103264,30.0,61371.21,63.7,7.5,4.3,0,1,1,0.2004068679215974
103265,45.0,60897.22,59.9,5.7,10.3,0,1,1,0.17071099736859263
103266,27.0,33812.46,66.5,5.2,12.3,0,3,1,0.18611891244226209
103267,29.0,32213.29,77.3,2.6,16.8,0,3,1,0.12054472183907744
103268,49.0,74715.21,31.3,10.9,7.8,0,2,1,0.1635723899261322
103269,36.0,125855.47,73.9,20.5,10.1,0,0,1,0.11839490673939868
103270,32.0,33991.77,76.0,4.7,5.9,0,1,1,0.19669413505870398
103271,34.0,164601.84,74.1,19.9,5.4,0,0,1,0.1015470224522681
103272,58.0,106463.14,34.7,12.4,5.0,0,2,1,0.1751711354972283
103273,48.0,88416.25,38.3,11.1,0.0,0,2,1,0.1530261314109554
103274,53.0,109296.18,45.7,13.1,6.5,0,2,1,0.1831289233577122
103275,57.0,96362.11,13.8,14.3,1.3,0,2,1,0.07680647364986759
103276,37.0,112194.13,96.8,18.9,4.9,0,0,1,0.07158333367958103
103277,33.0,61991.91,63.4,7.6,4.2,0,1,1,0.2036667340850163
103278,38.0,55179.14,68.5,7.1,4.7,0,1,1,0.20623979387584862
103279,39.0,66277.01,53.3,8.5,8.9,0,1,1,0.20733206232477808
103280,30.0,36090.4,75.9,0.0,10.6,0,3,1,0.17270110615358963
103281,54.0,95875.47,4.9,13.4,1.3,0,2,1,0.04834605021950911
103282,27.0,41795.94,75.5,3.9,10.1,0,3,1,0.2065881235380989
103283,27.0,32595.84,72.8,1.2,14.8,0,3,1,0.15088846705742348
103284,26.0,36783.77,82.0,5.0,7.3,0,3,1,0.19070223404826175
103285,24.0,34911.6,90.9,8.3,11.2,0,3,1,0.14806527354634774
103286,49.0,74554.5,26.0,10.5,0.0,0,2,1,0.1189273397884581
103287,49.0,107256.27,35.8,11.5,0.0,0,2,1,0.13819022549734672
103288,41.0,67711.84,57.9,2.6,5.5,0,1,1,0.18839989953462466
103289,26.0,31835.45,79.9,4.4,10.5,0,3,1,0.20762241897261685
103290,39.0,52585.99,45.8,8.0,9.0,0,1,1,0.1824358621796784
103291,39.0,63468.5,54.8,7.4,8.1,0,1,1,0.21295320398963175
103292,54.0,139582.09,25.8,18.5,0.2,0,2,1,0.037320443788116164
103293,54.0,74568.19,38.1,14.0,4.1,0,2,1,0.16260925341757604
103294,41.0,57271.71,37.5,8.3,7.1,0,1,1,0.17655779150067757
103295,34.0,57418.13,62.1,5.4,8.1,0,1,1,0.223088380266052
103296,49.0,191913.77,86.0,18.3,8.8,0,0,1,0.07108623871066
103297,50.0,87037.5,43.7,11.4,5.1,0,2,1,0.188339627419975
103298,31.0,77292.69,54.8,9.2,4.9,0,1,1,0.1940616981620087
103299,32.0,76820.83,51.7,3.9,3.9,0,1,1,0.16387406538661808
103300,28.0,36381.17,70.4,1.7,12.0,0,3,1,0.1826826549236129
103301,50.0,138266.25,77.5,19.7,14.5,0,0,1,0.0744785980496202
103302,30.0,54537.05,52.9,8.7,6.2,0,1,1,0.20402319550872455
103303,26.0,32701.82,78.0,3.2,13.1,0,3,1,0.19965817087617138
103304,38.0,136258.9,59.8,18.5,7.4,0,0,1,0.17395803351011813
103305,57.0,94917.52,30.6,11.5,9.2,0,2,1,0.14579151748882258
103306,18.0,28385.51,78.4,1.7,11.5,0,3,1,0.1414942881667801
103307,24.0,33474.47,79.2,2.8,6.1,0,3,1,0.18893124494560232
103308,25.0,21842.77,71.3,4.0,13.6,0,3,1,0.15429071610128842
103309,64.0,87676.86,26.3,13.0,9.6,0,2,1,0.07321579426063451
103310,32.0,26037.94,76.6,4.7,12.8,0,3,1,0.17224602538225886
103311,46.0,128691.54,77.8,19.9,5.2,0,0,1,0.1568686578340383
103312,50.0,164997.38,64.6,19.8,10.4,0,0,1,0.1006328749808254
103313,40.0,79587.86,57.9,7.7,0.0,0,1,1,0.14623786389282661
103314,58.0,112434.93,48.6,10.1,6.9,0,2,1,0.15413589422095336
103315,41.0,54735.77,68.6,7.9,1.9,0,1,1,0.15327377492146838
103316,27.0,27580.89,61.2,3.7,9.8,0,3,1,0.19491985831900727
103317,59.0,98107.4,42.8,13.0,7.1,0,2,1,0.15704503547875842
103318,20.0,33143.57,76.6,4.3,10.8,0,3,1,0.1928462285791967
103319,21.0,30053.5,94.5,0.0,12.1,0,3,1,0.09753176659176499
103320,42.0,68459.82,77.7,8.9,8.2,0,1,1,0.18528846433655127
103321,22.0,34319.36,84.8,3.0,7.8,0,3,1,0.18446339419347318
103322,30.0,64069.14,43.2,6.1,0.0,0,1,1,0.12419718530424884
103323,56.0,114734.2,35.8,15.7,8.0,0,2,1,0.13101960733803186
103324,45.0,137147.0,68.5,19.1,7.6,0,0,1,0.18269428533553383
103325,55.0,105643.96,32.7,14.2,3.3,0,2,1,0.17731750015768832
103326,43.0,115366.38,69.3,22.3,5.3,0,0,1,0.14672728425575132
103327,38.0,56927.88,35.9,8.1,5.3,0,1,1,0.1779700052759618
103328,45.0,164940.92,74.3,18.7,5.4,0,0,1,0.15559996070824955
103329,40.0,59883.13,38.0,8.7,10.4,0,1,1,0.15302393906065614
103330,31.0,44503.94,85.7,4.0,13.3,0,3,1,0.15776785297974943
103331,39.0,97866.37,67.2,20.6,6.0,0,0,1,0.15062672676042826
103332,26.0,35302.19,80.4,0.4,11.0,0,3,1,0.1715354482496953
103333,22.0,41808.48,89.4,2.2,15.3,0,3,1,0.10930131983301072
103334,26.0,22371.37,77.2,6.3,7.5,0,3,1,0.17919404682447088
103335,36.0,46824.12,46.0,5.3,3.3,0,1,1,0.15298815512890596
103336,33.0,81399.24,57.6,8.6,10.3,0,1,1,0.17350366523836558
103337,30.0,52720.32,65.7,5.7,9.1,0,1,1,0.21259614395206133
103338,51.0,103324.35,68.4,17.6,6.4,0,0,1,0.16313310023853095
103339,33.0,56507.93,57.8,7.3,9.9,0,1,1,0.20620467632475237
103340,36.0,74478.83,52.1,4.6,6.1,0,1,1,0.19848901111368794
103341,38.0,71602.81,72.6,7.6,9.3,0,1,1,0.20407882174783742
103342,50.0,120362.98,69.9,23.5,10.6,0,0,1,0.09361796282246693
103343,27.0,37147.66,64.6,1.7,7.0,0,3,1,0.19461313043097989
103344,26.0,29874.76,79.0,2.4,5.1,0,3,1,0.17369839880174065
103345,40.0,42333.89,50.7,4.4,4.4,0,1,1,0.16439349439440748
103346,53.0,116118.89,19.4,10.9,0.0,0,2,1,0.0901107728953151
103347,49.0,96229.35,42.7,7.8,5.7,0,2,1,0.15677813635953203
103348,47.0,74203.14,35.7,13.3,3.7,0,2,1,0.17870563985027343
103349,47.0,93273.22,27.7,13.2,7.2,0,2,1,0.17692218114567737
103350,41.0,61779.61,69.2,5.0,12.3,0,1,1,0.16768930513748814
103351,19.0,20306.51,91.7,1.6,10.4,0,3,1,0.10627805926263922
103352,19.0,45614.36,96.2,6.1,10.3,0,3,1,0.09017124120335918
103353,29.0,31694.42,89.2,2.2,14.8,0,3,1,0.13304423617834538
103354,34.0,58124.23,53.3,7.4,5.8,0,1,1,0.21177642548403686
103355,38.0,56632.19,65.9,10.0,7.2,0,1,1,0.20901896813132398
103356,47.0,74583.23,79.4,6.9,2.0,0,1,1,0.12144359061867133
103357,48.0,84669.26,25.5,7.6,7.1,0,2,1,0.16369694519182743
103358,27.0,72366.29,79.9,5.4,8.2,0,3,1,0.16331974411083394
103359,50.0,109143.0,23.1,11.7,7.4,0,2,1,0.1575488614360166
103360,52.0,67150.47,47.4,9.4,4.2,0,2,1,0.18363105904298677
103361,39.0,63337.53,83.4,8.5,6.4,0,1,1,0.1819339867423273
103362,39.0,64342.98,58.4,7.5,5.7,0,1,1,0.21578789448755803
103363,53.0,86356.1,16.0,14.3,2.3,0,2,1,0.10262303926958338
103364,53.0,81996.78,27.7,9.9,6.8,0,2,1,0.1667364402801199
103365,42.0,62289.43,52.6,3.6,9.4,0,1,1,0.18108595134684913
103366,33.0,49531.37,58.3,6.3,2.4,0,1,1,0.163392017713677
103367,45.0,100754.89,28.4,13.0,4.4,0,2,1,0.17496596262620612
103368,57.0,80770.32,37.3,13.3,2.1,0,2,1,0.1404070782047957
103369,30.0,22402.24,69.7,0.0,7.8,0,3,1,0.14988871871746673
103370,35.0,71279.55,56.4,5.8,2.4,0,1,1,0.16498592067186985
103371,37.0,147817.19,80.8,17.2,11.6,0,0,1,0.11862458293345857
103372,19.0,29750.49,74.9,6.1,10.4,0,3,1,0.1619456175645564
103373,34.0,163981.69,90.5,17.5,5.3,0,0,1,0.06049026972922067
103374,28.0,43314.16,86.5,0.0,12.3,0,3,1,0.13817850557434658
103375,38.0,51346.33,70.9,7.9,10.9,0,1,1,0.19799302858707102
103376,31.0,66450.36,49.0,7.5,11.4,0,1,1,0.1667449963195899
103377,18.0,24114.55,87.6,3.0,13.5,0,3,1,0.10438275739135827
103378,39.0,141290.0,78.9,18.4,2.6,0,0,1,0.11097202510307269
103379,50.0,64369.54,44.6,7.6,8.3,0,1,1,0.16464530669038713
103380,48.0,163364.05,69.9,14.6,9.4,0,0,1,0.12490331277995326
103381,28.0,75562.13,50.7,8.3,5.0,0,1,1,0.17345196564367482
103382,41.0,119815.56,79.2,16.8,10.3,0,0,1,0.15524523003173435
103383,40.0,134168.26,72.4,18.3,5.2,0,0,1,0.1704342287286884
103384,56.0,90360.1,40.4,12.0,5.8,0,2,1,0.17836822143299835
103385,22.0,27451.92,82.3,2.0,14.4,0,3,1,0.1389189464533397
103386,52.0,71510.91,29.1,10.0,7.2,0,2,1,0.1619891018346689
103387,40.0,61318.76,60.9,6.8,9.6,0,1,1,0.20423019073997756
103388,46.0,157639.39,70.1,16.7,10.0,0,0,1,0.1446657374825706
103389,44.0,74343.08,73.8,7.3,4.1,0,1,1,0.17467846565438405
103390,20.0,39946.32,59.4,6.0,7.6,0,3,1,0.14899003457483284
103391,34.0,31593.33,85.2,7.8,9.0,0,3,1,0.18321774246322042
103392,50.0,83118.25,25.0,11.3,2.3,0,2,1,0.1500815744657531
103393,37.0,134695.88,76.5,16.2,7.5,0,0,1,0.15441980775164432
103394,31.0,23823.5,97.3,1.7,10.6,0,3,1,0.10784889052949453
103395,58.0,122092.22,39.7,10.6,1.7,0,2,1,0.12762829684360555
103396,40.0,187609.26,68.2,18.6,4.9,0,0,1,0.10475365231791045
103397,18.0,32152.02,74.8,2.5,5.6,0,3,1,0.1433312123938426
103398,24.0,40923.8,69.5,4.8,0.0,0,1,1,0.10444161631194981
103399,48.0,62332.32,47.4,13.8,0.9,0,2,1,0.14197281447325366
103400,53.0,115549.23,48.6,11.2,0.0,0,2,1,0.1307854254451924
103401,20.0,36412.99,99.0,2.9,8.2,0,3,1,0.11487121119951083
103402,55.0,150224.46,59.7,17.8,11.0,0,0,1,0.10203883670702807
103403,36.0,70865.06,41.9,4.1,4.8,0,1,1,0.16222076718751405
103404,42.0,148415.51,78.4,22.9,5.8,0,0,1,0.12351814849409254
103405,41.0,122091.49,82.8,20.3,6.7,0,0,1,0.1519581373649112
103406,53.0,122135.75,82.3,20.9,3.9,0,0,1,0.08947363673979392
103407,39.0,31588.49,66.2,4.8,8.7,0,1,1,0.18385731139144273
103408,28.0,38452.0,86.9,3.1,8.9,0,3,1,0.18631752539313845
103409,36.0,49545.42,55.9,6.4,4.6,0,1,1,0.18948337456111797
103410,18.0,24644.85,46.5,2.4,11.1,0,3,1,0.08387354114331125
103411,39.0,99047.82,33.8,9.6,2.7,0,2,1,0.15257813467134523
103412,29.0,26388.67,78.8,3.7,7.5,0,3,1,0.20004556542927143
103413,41.0,66506.86,55.5,11.7,10.0,0,1,1,0.18950510314030933
103414,18.0,29758.45,100.0,1.0,10.2,0,3,1,0.07702090183256927
103415,42.0,69279.91,66.0,8.5,7.1,0,1,1,0.21510087629633107
103416,20.0,34504.24,74.0,2.0,14.4,0,3,1,0.13511894791687096
103417,50.0,124174.83,37.6,11.7,0.0,0,2,1,0.12746694510330447
103418,63.0,94897.92,12.3,14.0,3.8,0,2,1,0.06362892161848244
103419,19.0,37363.62,52.5,1.6,9.1,0,3,1,0.12158187825177269
103420,47.0,196454.34,69.6,18.9,16.2,0,0,1,0.020490303346017646
103421,43.0,151798.62,59.6,21.9,5.9,0,0,1,0.13779714987634106
103422,37.0,64681.03,58.9,6.1,7.7,0,1,1,0.21659390342482115
103423,61.0,134003.97,33.2,11.1,1.6,0,2,1,0.07714147205891209
103424,49.0,63437.8,69.2,8.4,13.6,0,1,1,0.1182831337844133
103425,23.0,25623.29,96.6,4.8,11.4,0,3,1,0.12347816405668743
103426,44.0,67728.77,73.7,7.5,9.7,0,1,1,0.18592007751898537
103427,27.0,30126.37,75.9,2.2,10.8,0,3,1,0.2034541454118069
103428,41.0,150984.67,76.0,18.4,8.7,0,0,1,0.15334950129468383
103429,40.0,132894.2,55.3,17.8,5.0,0,0,1,0.17368671690694681
103430,43.0,121994.87,51.5,22.5,7.3,0,0,1,0.13263439152912088
103431,59.0,85988.48,52.0,9.7,4.5,0,2,1,0.13120332468936874
103432,47.0,139472.71,32.5,13.7,5.4,0,2,1,0.14525756128179618
103433,43.0,153046.54,85.6,19.3,8.5,0,0,1,0.13381112778266957
103434,27.0,43030.62,73.8,0.0,6.7,0,3,1,0.15800776258847715
103435,19.0,26923.83,69.5,3.0,10.7,0,3,1,0.1638227764355436
103436,53.0,82512.25,44.9,13.1,8.7,0,2,1,0.15330584102346795
103437,40.0,58099.23,71.1,7.5,9.4,0,1,1,0.20167473622330123
103438,40.0,60612.59,59.0,6.7,4.4,0,1,1,0.20634952751740515
103439,18.0,28003.68,80.0,5.2,12.4,0,3,1,0.13561845603209283
103440,51.0,83368.98,33.2,10.0,0.0,0,2,1,0.13784179436493377
103441,18.0,39918.51,96.6,4.5,9.8,0,3,1,0.0912011359320043
103442,18.0,31071.88,84.1,4.7,12.1,0,3,1,0.14536104387649762
103443,30.0,43191.41,73.9,8.6,3.9,0,1,1,0.16989747718536596
103444,32.0,64232.0,63.5,6.6,5.5,0,1,1,0.21257673187649445
103445,54.0,126303.23,61.8,21.4,10.5,0,0,1,0.09450442937461156
103446,41.0,64185.92,44.2,7.2,2.5,0,1,1,0.16036769262400602
103447,53.0,106173.19,45.8,11.8,6.2,0,2,1,0.18805282637501136
103448,47.0,111529.4,41.7,10.4,5.6,0,2,1,0.19195522665619952
103449,41.0,62877.69,49.8,7.4,8.7,0,1,1,0.1987422808716406
103450,39.0,114607.37,77.2,19.6,14.4,0,0,1,0.08124566535066968
103451,55.0,74324.7,55.4,14.1,0.0,0,2,1,0.11952891729358184
103452,47.0,86594.35,43.4,7.2,3.6,0,2,1,0.1701544662264342
103453,28.0,15675.51,85.5,4.7,7.5,0,3,1,0.16114088738895976
103454,18.0,27033.19,51.3,2.3,10.7,0,3,1,0.10705118650964995
103455,37.0,164495.65,73.0,18.5,6.8,0,0,1,0.14439077782676357
103456,56.0,117068.59,30.9,13.5,6.3,0,2,1,0.1570531190500415
103457,45.0,182261.77,64.7,17.2,5.7,0,0,1,0.12173324505287048
103458,47.0,133133.35,65.0,21.3,13.4,0,0,1,0.09675669498078598
103459,22.0,24123.73,96.6,3.9,11.3,0,3,1,0.11560290326711942
103460,53.0,81314.57,30.9,13.4,2.7,0,2,1,0.1578539158325062
103461,38.0,62149.16,47.4,10.2,8.8,0,1,1,0.19686956900931907
103462,54.0,104490.86,17.1,11.0,0.0,0,2,1,0.08736069831204485
103463,25.0,33877.25,79.4,5.4,5.5,0,3,1,0.17990746661941542
103464,32.0,66624.12,60.6,4.4,10.6,0,1,1,0.18698082912506575
103465,60.0,102277.54,19.9,12.3,5.0,0,2,1,0.12630196570414598
103466,51.0,118037.88,33.8,16.2,6.3,0,2,1,0.15209830303795796
103467,53.0,110739.31,50.3,13.8,3.8,0,2,1,0.1738765698738579
103468,33.0,49477.28,33.6,7.3,5.8,0,1,1,0.16092161765098378
103469,34.0,73482.05,56.9,10.8,5.3,0,1,1,0.19782167199466233
103470,38.0,108307.56,79.2,20.3,6.2,0,0,1,0.15195464444871432
103471,31.0,79077.88,43.5,9.0,5.3,0,1,1,0.17874763455541715
103472,38.0,74018.45,62.8,6.4,11.2,0,1,1,0.18794320718357937
103473,53.0,157970.91,17.9,8.6,7.0,0,2,1,0.05887599054664505
103474,36.0,70845.52,47.0,7.1,8.4,0,1,1,0.1949832279914503
103475,49.0,98964.29,21.4,12.8,8.3,0,2,1,0.1374198598188901
103476,30.0,47514.84,69.9,4.4,9.5,0,3,1,0.2079474064216827
103477,43.0,129470.89,86.7,19.9,8.8,0,0,1,0.1254708950689875
103478,32.0,157948.79,61.3,17.6,8.0,0,0,1,0.118788403346539
103479,52.0,133618.3,57.8,20.9,10.2,0,0,1,0.10486882835212608
103480,56.0,120451.95,52.2,10.2,0.0,0,2,1,0.11462365994792012
103481,40.0,59070.86,56.3,4.8,8.8,0,1,1,0.19737569549923312
103482,54.0,92340.98,21.1,14.4,4.8,0,2,1,0.14595665705429645
103483,49.0,87004.08,72.6,16.6,8.1,0,0,1,0.15051337696751554
103484,57.0,101326.1,35.2,12.0,0.0,0,2,1,0.13084974599217303
103485,47.0,114174.02,29.9,14.3,6.5,0,2,1,0.1619526185033312
103486,56.0,100692.84,30.6,11.7,5.9,0,2,1,0.18087619091859675
103487,41.0,116268.58,30.0,11.8,3.8,0,2,1,0.15479261100787506
103488,52.0,72536.73,36.5,13.2,0.0,0,2,1,0.13484344564275003
103489,18.0,37160.18,85.1,3.6,8.0,0,3,1,0.15046567653773246
103490,40.0,48575.63,56.6,4.4,6.5,0,1,1,0.19387668853113943
103491,47.0,107924.37,39.3,10.9,7.3,0,2,1,0.18823141943006022
103492,19.0,31796.76,71.9,4.5,11.9,0,3,1,0.16870437702919483
103493,50.0,142091.21,42.4,17.1,12.7,0,0,1,0.09542936834803051
103494,50.0,62210.13,39.5,13.0,1.8,0,2,1,0.15145807229274977
103495,23.0,27119.58,83.2,3.1,6.5,0,3,1,0.1767354145249524
103496,43.0,121527.79,86.6,19.8,7.6,0,0,1,0.1323776086251514
103497,52.0,112335.57,33.3,13.5,8.4,0,2,1,0.16254535744476112
103498,50.0,123149.08,48.6,12.5,2.7,0,2,1,0.16371419334854037
103499,37.0,59271.37,50.1,8.1,3.9,0,1,1,0.19080198253828923
103500,41.0,131799.88,58.3,19.3,7.3,0,0,1,0.1756184216492731
103501,42.0,59269.67,53.9,5.2,7.1,0,1,1,0.20032165451694478
103502,52.0,107684.21,35.7,16.2,5.4,0,2,1,0.15984061202715655
103503,19.0,25828.3,83.3,1.0,11.8,0,3,1,0.12819668443215793
103504,56.0,110727.59,26.3,13.8,5.0,0,2,1,0.16320515752167458
103505,49.0,92274.24,39.7,10.7,4.9,0,2,1,0.19461484450246558
103506,59.0,111485.36,35.8,12.5,2.4,0,2,1,0.14135322214126095
103507,33.0,44844.89,60.5,8.4,6.8,0,1,1,0.20896742274004243
103508,39.0,141666.44,85.4,19.8,7.9,0,0,1,0.13205965111252232
103509,62.0,141148.06,30.2,11.5,6.1,0,2,1,0.0788739501613559
103510,19.0,36891.01,79.0,3.7,8.3,0,3,1,0.17609539914518807
103511,39.0,89966.27,86.8,19.9,10.0,0,0,1,0.09909152200109317
103512,54.0,55597.71,27.5,11.5,0.8,0,2,1,0.10683976213921687
103513,35.0,115370.46,72.5,18.1,10.7,0,0,1,0.13799961066724797
103514,53.0,157281.19,70.2,21.6,3.3,0,0,1,0.07439198257734692
103515,33.0,117654.57,80.1,18.3,4.6,0,0,1,0.1168844515868972
103516,48.0,73770.63,22.6,15.1,3.6,0,2,1,0.13392445311682455
103517,61.0,79780.75,39.9,12.5,6.6,0,2,1,0.13732301306297212
103518,25.0,37674.08,83.5,0.8,12.2,0,3,1,0.15955470882090145
103519,35.0,53331.81,64.9,8.8,5.5,0,1,1,0.21312133958546098
103520,50.0,71280.24,17.0,11.5,6.4,0,2,1,0.1298017107994594
103521,33.0,77934.18,55.9,6.6,6.1,0,1,1,0.20279208078782346
103522,48.0,115835.45,70.7,16.9,6.3,0,0,1,0.17406449564455262
103523,24.0,31347.26,88.5,3.0,11.7,0,3,1,0.16879267094950623
103524,37.0,77665.95,55.0,6.4,9.2,0,1,1,0.1962765262049444
103525,34.0,67562.05,81.4,5.0,11.6,0,3,1,0.15634752241237904
103526,34.0,76928.49,64.9,8.2,6.5,0,1,1,0.20870759771338138
103527,23.0,27841.24,78.1,2.6,10.6,0,3,1,0.19996263307812562
103528,18.0,32130.44,90.6,4.9,10.1,0,3,1,0.1339997156713249
103529,56.0,125450.7,71.1,15.1,6.8,0,0,1,0.1359294424808153
103530,45.0,57921.23,42.7,8.7,8.2,0,1,1,0.16643614001817997
103531,28.0,30288.99,67.9,2.6,11.7,0,3,1,0.1936607791313007
103532,24.0,34234.62,72.6,3.9,10.0,0,3,1,0.21099940815279522
103533,32.0,63561.84,54.1,8.2,9.6,0,1,1,0.19564905227550605
103534,27.0,22582.47,68.4,1.7,7.6,0,3,1,0.17914398228847273
103535,49.0,110821.75,42.0,11.2,5.8,0,2,1,0.1885508244902594
103536,54.0,94438.11,46.5,10.7,4.2,0,2,1,0.18273573761169093
103537,19.0,26223.13,64.4,1.0,10.2,0,3,1,0.13913117757766252
103538,50.0,90385.2,32.0,15.5,0.6,0,2,1,0.10973155763084474
103539,18.0,27130.37,77.3,4.0,11.9,0,3,1,0.1482656748610462
103540,41.0,60792.05,54.0,10.3,0.0,0,2,1,0.14900768043754237
103541,43.0,150836.18,90.7,14.7,6.7,0,0,1,0.09894309835617532
103542,29.0,41931.24,56.0,8.7,10.6,0,1,1,0.18400012986324016
103543,40.0,156796.46,70.0,19.1,11.5,0,0,1,0.12837172879654962
103544,23.0,38203.37,65.9,4.3,13.1,0,3,1,0.177024250202716
103545,41.0,48775.16,55.9,7.6,8.3,0,1,1,0.19453009864949417
103546,37.0,77949.72,45.0,6.5,1.9,0,1,1,0.14726440265758656
103547,39.0,68189.55,91.5,9.1,8.0,0,1,1,0.14806869350338503
103548,44.0,132021.41,73.3,18.6,2.1,0,0,1,0.12620531189105727
103549,25.0,32581.82,95.5,2.7,7.7,0,3,1,0.1390580263995732
103550,44.0,141873.57,70.7,15.4,7.5,0,0,1,0.17478518910781948
103551,40.0,134544.67,79.3,16.7,7.3,0,0,1,0.16288318396849777
103552,55.0,90393.22,61.1,12.5,0.3,0,2,1,0.11894216023443799
103553,32.0,51510.33,49.7,8.1,3.7,0,1,1,0.17942696580226464
103554,34.0,74753.06,52.8,8.3,2.0,0,1,1,0.15748070266950165
103555,34.0,52112.85,61.0,4.9,13.2,0,3,1,0.18016980379919673
103556,44.0,114421.86,43.8,12.6,4.2,0,2,1,0.1802308853666586
103557,45.0,89575.96,55.9,7.3,5.3,0,1,1,0.19213941544786067
103558,37.0,151670.44,74.5,14.8,9.4,0,0,1,0.13421070290207793
103559,53.0,84718.72,28.3,12.8,8.8,0,2,1,0.1523968246523592
103560,38.0,70710.2,49.7,6.2,8.8,0,1,1,0.1958774989130203
103561,45.0,98543.15,39.9,11.9,5.0,0,2,1,0.19652349336215869
103562,36.0,55056.68,46.2,6.8,10.9,0,1,1,0.17571838382244015
103563,48.0,131297.63,68.3,17.1,6.7,0,0,1,0.18281888706961913
103564,25.0,38091.09,100.0,1.3,12.0,0,3,1,0.10770393390318544
103565,46.0,131690.39,61.7,18.6,14.4,0,0,1,0.10353006847873159
103566,44.0,120161.76,70.4,15.7,8.1,0,0,1,0.1852898780639562
103567,46.0,122546.48,39.4,18.6,6.5,0,2,1,0.1534759981666156
103568,32.0,53526.19,62.0,6.2,9.8,0,1,1,0.21574476281471072
103569,48.0,133180.07,66.8,18.3,7.6,0,0,1,0.1779562342188753
103570,27.0,83361.4,65.1,6.1,1.3,0,1,1,0.1048539071134883
103571,51.0,84945.6,34.4,7.7,2.6,0,2,1,0.14469634774183993
103572,22.0,30892.49,75.6,3.1,14.6,0,3,1,0.15807507399307014
103573,33.0,51831.48,40.7,6.0,2.8,0,1,1,0.14502315096609303
103574,41.0,60927.46,67.4,9.9,4.4,0,1,1,0.19335631474527115
103575,34.0,76861.62,59.9,8.0,10.1,0,1,1,0.18471675935416076
103576,40.0,66579.61,72.0,6.9,8.6,0,1,1,0.20649995654259673
103577,42.0,165717.9,1.0,44.3,10.0,1,0,-1,-0.06504562431320371
103578,19.0,25553.16,90.6,4.9,9.0,0,3,1,0.13065533266985085
103579,37.0,104118.41,41.6,13.0,5.4,0,2,1,0.17678447901149674
103580,23.0,29635.7,66.9,1.6,11.0,0,3,1,0.18707461417229998
103581,54.0,108506.0,20.9,8.7,2.9,0,2,1,0.11575293740196657
103582,47.0,98180.39,21.9,14.4,1.5,0,2,1,0.1261281820999423
103583,44.0,67851.21,47.4,11.2,7.8,0,1,1,0.19619383017013853
103584,53.0,93884.87,39.7,13.1,1.4,0,2,1,0.15701472764522095
103585,42.0,142915.66,77.8,19.2,8.5,0,0,1,0.16014466358581025
103586,40.0,124839.88,60.1,19.2,6.2,0,0,1,0.17170080257718962
103587,35.0,64653.22,58.0,7.0,4.3,0,1,1,0.204947186653597
103588,37.0,58508.83,57.1,9.3,8.5,0,1,1,0.21294118078663643
103589,49.0,92453.57,51.0,11.4,4.1,0,2,1,0.17553663630336996
103590,39.0,64401.54,54.3,5.5,7.0,0,1,1,0.21215302550424897
103591,46.0,173286.69,57.3,21.5,7.1,0,0,1,0.10633807863954947
103592,41.0,53769.11,41.9,4.4,6.0,0,1,1,0.16322787526531413
103593,46.0,140786.05,69.5,20.2,8.0,0,0,1,0.1617580598705773
103594,25.0,49919.52,77.9,1.6,11.4,0,3,1,0.1734634128693775
103595,28.0,33733.66,79.6,6.0,14.1,0,3,1,0.163073908637909
103596,42.0,123783.94,76.3,16.7,10.7,0,0,1,0.15936518701979396
103597,45.0,207284.78,86.7,15.8,6.4,0,0,1,0.06155648937461444
103598,33.0,86128.78,73.1,15.6,12.9,0,0,1,0.12417121563700922
103599,49.0,133158.34,68.7,21.0,13.1,0,0,1,0.08599639913494839
103600,31.0,50157.2,55.0,7.9,5.5,0,1,1,0.19584914591140412
103601,38.0,83765.33,43.9,6.1,2.8,0,1,1,0.14586649955515418
103602,20.0,30302.66,70.7,4.0,10.5,0,3,1,0.18386249034564256
103603,37.0,58577.25,55.9,6.3,6.3,0,1,1,0.2138469730750453
103604,26.0,20920.69,80.9,1.3,9.0,0,3,1,0.1645246831827729
103605,35.0,130961.47,74.8,18.9,4.4,0,0,1,0.11825687612435265
103606,26.0,38565.11,73.1,3.0,3.8,0,1,1,0.16792720260202426
103607,20.0,33558.2,87.6,1.8,18.0,0,3,1,0.06233309406686183
103608,26.0,24665.46,90.9,0.5,11.0,0,3,1,0.13432271918068178
103609,19.0,24181.18,87.6,2.5,15.2,0,3,1,0.09231301061730957
103610,19.0,23016.47,73.2,8.8,12.5,0,3,1,0.12021170997546493
103611,55.0,105036.66,30.2,17.5,5.4,0,2,1,0.14246288593498646
103612,38.0,72991.07,45.3,5.2,6.3,0,1,1,0.1870230404780942
103613,57.0,72803.29,34.3,11.6,0.0,0,2,1,0.12300315237921222
103614,40.0,153664.75,57.2,20.8,9.4,0,0,1,0.12515501851683003
103615,54.0,95140.02,24.1,10.7,5.1,0,2,1,0.17754504182885433
103616,49.0,98227.61,26.0,12.9,5.6,0,2,1,0.17082453596995417
103617,28.0,62751.16,42.8,3.3,5.2,0,1,1,0.14780254974901874
103618,38.0,36466.23,91.9,4.2,10.6,0,3,1,0.13742542458299117
103619,40.0,54862.38,62.7,9.4,9.1,0,1,1,0.19965762285634608
103620,49.0,144601.52,88.9,17.6,14.4,0,0,1,0.05567243731679983
103621,55.0,88434.52,23.2,10.4,1.1,0,2,1,0.1287942156347901
103622,24.0,24662.0,90.9,3.2,10.2,0,3,1,0.16022770101527573
103623,30.0,53417.54,35.8,10.2,2.7,0,1,1,0.13702504527157106
103624,36.0,175611.97,75.9,18.2,9.0,0,0,1,0.09181417246143542
103625,57.0,96707.87,19.6,13.5,5.3,0,2,1,0.14475238608406027
103626,58.0,73640.41,27.7,12.8,1.2,0,2,1,0.11911293626851183
103627,31.0,144972.73,81.0,17.7,9.6,0,0,1,0.11760939529351805
103628,54.0,95179.47,36.4,14.7,1.1,0,2,1,0.1326346690586025
103629,56.0,74806.99,27.1,14.4,0.4,0,2,1,0.09822159227583405
103630,23.0,45601.36,88.3,1.5,8.3,0,3,1,0.14722685844002387
103631,23.0,39556.8,68.0,0.9,12.1,0,3,1,0.15558879352430371
103632,35.0,117040.86,71.1,17.9,3.9,0,0,1,0.12785401840349708
103633,54.0,104469.38,28.4,15.3,5.0,0,2,1,0.16767001922500285
103634,31.0,80087.91,52.8,7.4,5.5,0,1,1,0.18807379915212813
103635,55.0,86765.87,30.8,11.7,2.5,0,2,1,0.16726127506912775
103636,29.0,24755.11,77.6,3.2,9.6,0,3,1,0.19871485393981164
103637,48.0,102100.51,77.7,15.5,6.5,0,0,1,0.16028185297498776
103638,18.0,30087.15,72.2,6.3,10.7,0,3,1,0.14287320515830843
103639,45.0,112090.91,79.4,21.3,10.6,0,0,1,0.11746931027461233
103640,29.0,56820.18,59.1,5.8,14.6,0,3,1,0.14695105290455707
103641,22.0,31750.3,72.0,3.5,14.1,0,3,1,0.15850535476561406
103642,25.0,30738.48,67.3,5.4,9.6,0,3,1,0.19294784629643036
103643,42.0,81058.78,70.7,17.2,2.5,0,0,1,0.12142458585879723
103644,29.0,28917.0,97.0,5.8,7.8,0,3,1,0.1285687145179663
103645,31.0,41276.72,72.4,0.9,3.5,0,1,1,0.14766311501394108
103646,54.0,78356.13,39.1,10.9,1.7,0,2,1,0.15424861229189613
103647,33.0,47494.04,52.4,5.5,7.0,0,1,1,0.20522185076614258
103648,37.0,50045.69,69.0,6.7,11.5,0,1,1,0.19098007049771787
103649,25.0,32398.04,73.1,4.2,10.1,0,3,1,0.21137881665620106
103650,47.0,180437.49,64.7,19.2,9.8,0,0,1,0.10192482319702256
103651,38.0,57165.5,53.9,5.8,5.2,0,1,1,0.205939852087004
103652,20.0,31398.1,70.4,3.9,10.2,0,3,1,0.18604661727694383
103653,37.0,58947.86,58.7,6.5,9.3,0,1,1,0.21242539241242264
103654,22.0,34163.02,64.9,4.4,8.3,0,3,1,0.1880835235998407
103655,31.0,49291.0,45.8,6.0,11.5,0,1,1,0.1575768671313459
103656,21.0,19275.17,81.7,0.8,12.4,0,3,1,0.12120082378484792
103657,22.0,30421.71,90.0,4.2,6.3,0,3,1,0.15075928829904323
103658,31.0,42095.81,84.0,5.3,10.5,0,3,1,0.1928102535164365
103659,40.0,112787.64,72.2,17.3,10.4,0,0,1,0.16270375989712815
103660,28.0,28600.79,63.6,0.6,3.2,0,1,1,0.12710224453300412
103661,23.0,31932.03,66.6,0.5,10.0,0,3,1,0.1675406948652911
103662,40.0,134634.19,68.3,18.5,6.3,0,0,1,0.17857767519813733
103663,41.0,92578.67,71.5,18.2,7.5,0,0,1,0.1811154452020871
103664,62.0,97783.52,33.4,13.0,10.3,0,2,1,0.09207608929801481
103665,25.0,19192.74,82.3,1.2,4.2,0,3,1,0.11400798213294794
103666,44.0,78532.94,48.9,5.2,7.5,0,1,1,0.18460903884021118
103667,20.0,31221.98,70.9,2.2,5.8,0,3,1,0.16047458007871485
103668,28.0,38933.82,77.0,2.9,11.9,0,3,1,0.1938455784307166
103669,36.0,81301.93,44.8,8.7,6.7,0,1,1,0.18890627479592714
103670,46.0,133425.22,58.9,11.6,5.3,0,0,1,0.17480331152891448
103671,34.0,58537.11,46.7,4.4,12.5,0,1,1,0.15579244926206787
103672,52.0,95865.0,26.9,12.4,0.0,0,2,1,0.1293639967074282
103673,32.0,48610.51,70.9,3.7,3.5,0,1,1,0.17002770975496095
103674,26.0,52067.46,53.4,9.0,6.3,0,1,1,0.16830202909066228
103675,50.0,100128.43,30.6,16.8,2.2,0,2,1,0.12226861510216203
103676,45.0,160826.69,65.8,18.3,6.5,0,0,1,0.16150389673075144
103677,37.0,63126.31,56.6,4.7,12.6,0,1,1,0.17440270606378766
103678,55.0,67834.3,30.8,8.9,6.3,0,2,1,0.15735089905252136
103679,24.0,32023.49,69.6,2.4,12.4,0,3,1,0.18860633416785832
103680,29.0,36875.39,62.5,2.6,10.8,0,3,1,0.20594457524207216
103681,48.0,66630.83,22.1,15.0,0.4,0,2,1,0.08393662817338698
103682,24.0,31099.51,76.5,2.4,12.4,0,3,1,0.19430042830505895
103683,36.0,55017.69,58.5,4.4,8.4,0,1,1,0.21473075446283302
103684,33.0,55043.18,63.1,6.2,5.9,0,1,1,0.21883944461874355
103685,30.0,26394.44,83.0,4.9,13.5,0,3,1,0.16184835358926625
103686,35.0,28301.27,69.3,4.6,12.8,0,3,1,0.16885080308853628
103687,32.0,67410.42,85.2,7.2,9.8,0,3,1,0.1603787890996598
103688,51.0,203094.4,74.5,20.5,5.6,0,0,1,0.06799334321416506
103689,52.0,87365.66,16.1,8.8,5.3,0,2,1,0.11934467919796593
103690,38.0,50375.43,73.6,4.8,7.8,0,1,1,0.19411859327125586
103691,22.0,32616.02,87.0,4.5,12.1,0,3,1,0.1664952662176788
103692,55.0,73236.07,46.3,9.9,3.7,0,2,1,0.16454626024191243
103693,22.0,34016.71,73.2,2.7,14.9,0,3,1,0.1489129135230437
103694,30.0,61972.47,46.9,8.3,4.8,0,1,1,0.18421177700231461
103695,52.0,72348.23,47.9,12.1,4.4,0,2,1,0.18121768198508398
103696,40.0,48034.28,51.8,7.3,1.7,0,1,1,0.15189079728733634
103697,28.0,52834.71,46.6,6.3,8.6,0,1,1,0.1788437426210634
103698,28.0,42422.21,77.8,3.3,9.9,0,3,1,0.20897753997037882
103699,26.0,34294.6,87.2,4.8,11.6,0,3,1,0.1833410319855493
103700,44.0,62298.61,51.9,6.1,6.7,0,1,1,0.19825840312676418
103701,38.0,124543.14,60.6,18.7,9.1,0,0,1,0.16331825311848397
103702,18.0,28232.49,96.3,4.3,11.4,0,3,1,0.10325525822763904
103703,49.0,99912.53,34.9,10.4,2.5,0,2,1,0.1692835050639223
103704,50.0,69543.69,21.8,11.6,1.5,0,2,1,0.12124901212950928
103705,22.0,22751.44,86.0,7.2,13.1,0,3,1,0.12504114840428493
103706,30.0,35606.47,80.7,3.2,7.3,0,3,1,0.20444111332828296
103707,39.0,69038.71,53.4,8.1,4.9,0,1,1,0.2084592681380839
103708,49.0,108254.3,39.3,11.5,3.0,0,2,1,0.18060269297373227
103709,37.0,41516.93,50.4,4.5,7.0,0,1,1,0.1879889137253159
103710,57.0,103159.41,29.9,10.6,1.7,0,2,1,0.15129991020856315
103711,53.0,141715.17,74.0,13.8,4.5,0,0,1,0.1204135420273933
103712,52.0,86481.43,36.3,12.2,5.8,0,2,1,0.18989115112504157
103713,34.0,112148.24,71.0,16.7,7.1,0,0,1,0.1588649881663895
103714,53.0,82261.65,36.9,13.1,4.2,0,2,1,0.17626146412782728
103715,47.0,85241.88,66.1,19.8,5.4,0,0,1,0.14975322766676497
103716,38.0,136818.04,71.8,16.9,13.5,0,0,1,0.11952314443228523
103717,53.0,79560.7,20.6,12.8,1.2,0,2,1,0.11387167365514583
103718,54.0,150784.16,77.6,18.5,11.4,0,0,1,0.09509553321595787
103719,31.0,109677.6,82.3,21.0,4.3,0,0,1,0.08706370823090004
103720,27.0,63869.54,62.9,7.3,6.8,0,1,1,0.1918714830392586
103721,43.0,88587.33,32.7,10.9,0.0,0,2,1,0.14156178052414808
103722,39.0,71661.91,50.1,6.6,5.5,0,1,1,0.20684906674326675
103723,41.0,152427.78,77.2,20.1,11.2,0,0,1,0.11824721727371112
103724,35.0,93717.89,73.5,5.7,7.4,0,1,1,0.17761318597345593
103725,33.0,140686.89,88.7,23.6,7.6,0,0,1,0.05055170145563925
103726,54.0,105350.84,54.8,10.0,12.0,0,0,1,0.12035891609531252
103727,41.0,110512.12,68.8,16.4,9.3,0,0,1,0.17823185691214316
103728,18.0,32815.85,84.6,6.0,12.0,0,3,1,0.1317918861823178
103729,59.0,84643.08,38.9,7.5,3.7,0,2,1,0.12507954191879211
103730,54.0,103160.68,19.3,11.2,3.2,0,2,1,0.144513812203047
103731,41.0,158270.15,69.8,18.2,6.5,0,0,1,0.16659200004946734
103732,48.0,168708.7,68.9,23.7,5.7,0,0,1,0.09068571309137485
103733,57.0,78737.89,42.7,13.4,1.0,0,2,1,0.12072153505088445
103734,51.0,126938.34,26.9,12.8,5.0,0,2,1,0.15836256061090037
103735,24.0,22028.69,86.3,3.0,13.3,0,3,1,0.14492140692800992
103736,44.0,141624.62,75.7,16.0,12.7,0,0,1,0.1283908769350865
103737,22.0,29911.65,90.9,3.5,9.3,0,3,1,0.16190215890381737
103738,54.0,105704.33,33.8,13.8,0.2,0,2,1,0.12899235946918342
103739,53.0,108684.61,41.2,7.5,3.6,0,2,1,0.14717703078273892
103740,30.0,76349.21,54.1,9.3,3.3,0,1,1,0.1737770140145472
103741,26.0,32045.74,100.0,5.4,13.3,0,3,1,0.11132678802792839
103742,34.0,33634.5,77.0,2.6,11.0,0,3,1,0.1959783139004066
103743,29.0,140058.62,74.3,17.7,3.4,0,0,1,0.09894144992459841
103744,35.0,44883.92,75.7,6.5,0.8,0,1,1,0.11891544468806081
103745,23.0,37157.49,79.8,1.2,8.0,0,3,1,0.18454001588101598
103746,51.0,87481.76,22.4,11.9,0.0,0,2,1,0.12011969940227302
103747,29.0,38169.57,68.0,1.6,8.7,0,3,1,0.2072116372590896
103748,43.0,146472.56,76.6,18.9,12.7,0,0,1,0.12598140667873736
103749,36.0,47464.31,41.9,10.3,8.5,0,1,1,0.16522007210415973
103750,25.0,34586.31,79.6,3.9,8.9,0,3,1,0.20944253626209164
103751,29.0,28976.78,69.0,0.0,9.3,0,3,1,0.1754131108929166
103752,42.0,56895.97,44.2,7.6,5.0,0,1,1,0.18537748107324503
103753,44.0,73992.51,45.3,6.7,4.7,0,1,1,0.18243340280059767
103754,46.0,94043.52,43.2,11.8,2.5,0,2,1,0.17025832925158152
103755,25.0,54569.5,63.5,4.3,10.8,0,3,1,0.18444917977369946
103756,33.0,64161.91,54.0,4.6,8.3,0,1,1,0.19704745048246203
103757,21.0,27201.74,54.2,5.6,10.0,0,3,1,0.1355016251119318
103758,30.0,35572.31,89.1,1.9,5.9,0,3,1,0.16326936623243982
103759,47.0,143281.01,67.3,19.5,8.9,0,0,1,0.15710516969645244
103760,27.0,26111.01,87.8,3.0,13.3,0,3,1,0.1577199260079663
103761,48.0,157294.71,70.9,19.4,11.3,0,0,1,0.1212247430933982
103762,39.0,64260.99,65.1,5.9,11.5,0,1,1,0.1815111835137322
103763,18.0,32198.16,73.9,1.7,10.9,0,3,1,0.15503819540690494
103764,18.0,44395.13,64.5,1.1,6.9,0,3,1,0.10903399417193826
103765,25.0,37843.77,83.3,5.9,7.5,0,3,1,0.18864610381036823
103766,55.0,89809.52,37.3,14.2,0.0,0,2,1,0.13310672066387197
103767,46.0,60379.08,41.9,5.6,7.3,0,1,1,0.16085124715914623
103768,33.0,39145.51,59.0,5.6,9.0,0,1,1,0.19869288282507347
103769,47.0,133672.16,40.1,12.4,5.9,0,2,1,0.16789653269266597
103770,43.0,86502.02,52.8,11.4,3.8,0,2,1,0.18653702101688668
103771,41.0,176905.6,69.6,15.5,15.7,0,0,1,0.05248591683813231
103772,36.0,137546.02,63.6,16.6,4.8,0,0,1,0.14657930828181648
103773,49.0,111826.97,16.0,14.5,7.3,0,2,1,0.1102945105272003
103774,46.0,143179.5,74.8,20.8,2.8,0,0,1,0.0997627965106137
103775,56.0,82240.46,43.3,10.8,6.1,0,2,1,0.16694801975000756
103776,28.0,43110.88,56.9,9.9,8.6,0,1,1,0.1841088949438079
103777,55.0,109709.31,31.0,13.2,2.3,0,2,1,0.15650299378265825
103778,22.0,30906.47,72.5,2.9,9.2,0,3,1,0.19479272949765836
103779,48.0,92595.71,36.6,9.8,5.3,0,2,1,0.18667415234572227
103780,41.0,144994.74,65.3,20.1,10.9,0,0,1,0.13886014835330207
103781,19.0,35024.0,92.5,1.1,7.4,0,3,1,0.12164057166118514
103782,47.0,107059.1,64.2,16.0,10.2,0,0,1,0.15908479181712365
103783,40.0,132827.99,64.5,20.3,5.4,0,0,1,0.15737546803829033
103784,18.0,23666.48,84.9,4.5,13.7,0,3,1,0.10079288258087082
103785,30.0,59419.67,82.3,6.4,5.3,0,1,1,0.17271719852120343
103786,43.0,153354.76,77.1,16.8,6.2,0,0,1,0.16047456457760956
103787,42.0,121601.82,59.7,21.6,6.8,0,0,1,0.15734966257996474
103788,22.0,30162.06,77.2,3.9,8.6,0,3,1,0.20158668358182114
103789,42.0,68671.63,56.1,5.7,10.3,0,1,1,0.1860103079970219
103790,51.0,73748.95,45.2,10.5,6.6,0,2,1,0.18723614264728933
103791,18.0,29876.5,89.6,3.0,11.8,0,3,1,0.1322727492548264
103792,31.0,65880.39,58.0,7.5,13.1,0,3,1,0.16476098191910532
103793,31.0,36561.88,86.0,1.2,8.6,0,3,1,0.17729870411451792
103794,18.0,24687.19,69.1,2.9,6.3,0,3,1,0.1269512101181463
103795,52.0,92366.1,23.7,15.1,0.0,0,2,1,0.09782679913528891
103796,58.0,56451.88,33.6,9.6,2.0,0,2,1,0.10932060231365048
103797,61.0,89066.85,24.0,13.0,2.9,0,2,1,0.11809890046876265
103798,53.0,79362.83,26.3,10.4,6.4,0,2,1,0.17299139799056756
103799,35.0,50301.42,59.6,7.2,8.7,0,1,1,0.21114995176732304
103800,22.0,31553.19,82.2,1.0,12.7,0,3,1,0.15047130357177457
103801,24.0,25658.17,66.9,2.8,8.3,0,3,1,0.1909887871428662
103802,28.0,30348.31,81.0,1.3,9.9,0,3,1,0.18941914537139443
103803,43.0,60346.89,52.5,5.3,6.9,0,1,1,0.1975686251070335
103804,31.0,24145.7,77.5,0.0,8.8,0,3,1,0.15371415551250817
103805,25.0,22897.04,73.6,3.6,10.4,0,3,1,0.19129820500019212
103806,26.0,26386.32,80.9,1.8,12.1,0,3,1,0.1699726928980278
103807,40.0,90047.68,36.0,14.7,4.3,0,2,1,0.17012635865209969
103808,53.0,101420.88,47.5,11.2,0.0,0,2,1,0.1442619653882099
103809,35.0,156737.72,74.2,17.5,6.2,0,0,1,0.1280577498984844
103810,53.0,98586.27,39.8,9.8,0.0,0,2,1,0.14510091827255062
103811,47.0,71895.7,21.0,15.1,0.0,0,2,1,0.08312584479334306
103812,26.0,37224.31,87.9,3.6,14.0,0,3,1,0.1542940999914557
103813,61.0,89831.85,39.5,14.6,1.4,0,2,1,0.10582092855452274
103814,23.0,28395.27,82.6,0.0,14.3,0,3,1,0.12728956424267274
103815,39.0,68583.74,34.4,4.9,11.5,0,1,1,0.12045478797493314
103816,35.0,42759.45,60.2,8.4,8.6,0,1,1,0.2045882043426835
103817,35.0,74672.89,51.0,8.1,7.4,0,1,1,0.20095905006169607
103818,23.0,29816.98,74.6,3.1,9.1,0,3,1,0.2056173148429149
103819,56.0,85834.65,50.7,10.8,6.8,0,2,1,0.1531624488344699
103820,48.0,144179.73,72.8,16.5,6.4,0,0,1,0.16506301958991254
103821,53.0,94228.18,46.8,11.1,2.8,0,2,1,0.17534381059123633
103822,44.0,106004.33,40.5,14.0,7.1,0,2,1,0.18158513086835
103823,40.0,71275.25,64.1,8.5,1.5,0,1,1,0.16307123708424792
103824,19.0,24724.0,90.7,1.4,8.1,0,3,1,0.12052252735422048
103825,52.0,73733.08,38.8,7.7,0.5,0,2,1,0.13104595440378897
103826,37.0,48143.34,71.0,7.1,10.4,0,1,1,0.20209325919561433
103827,26.0,31931.28,68.0,4.9,11.3,0,3,1,0.20286181748560628
103828,46.0,71244.95,54.0,7.6,8.3,0,1,1,0.19284269905001988
103829,49.0,173311.12,70.4,15.6,2.4,0,0,1,0.06278146327040834
103830,46.0,84880.62,50.0,15.0,6.9,0,2,1,0.18689644738832117
103831,42.0,54105.5,42.8,5.0,0.9,0,1,1,0.12675478673433271
103832,46.0,86348.31,36.7,12.3,1.9,0,2,1,0.17198756094470563
103833,39.0,54517.89,58.1,4.8,10.3,0,1,1,0.19222237503128758
103834,36.0,69575.69,45.8,7.3,8.7,0,1,1,0.18828801189556532
103835,26.0,75035.96,45.5,7.4,12.4,0,1,1,0.113725888620957
103836,41.0,45372.29,56.2,9.5,4.5,0,1,1,0.18405688874014453
103837,50.0,88367.21,40.7,8.9,5.9,0,2,1,0.18027643518683167
103838,21.0,31934.7,75.8,4.2,9.9,0,3,1,0.19605962877390615
103839,59.0,111919.24,27.0,14.7,5.0,0,2,1,0.14024636012062702
103840,37.0,71466.01,47.6,4.2,7.1,0,1,1,0.19471405401772807
103841,49.0,130460.59,27.4,12.1,4.6,0,2,1,0.14596375052428784
103842,58.0,77993.01,18.9,14.8,4.2,0,2,1,0.10573611670379168
103843,56.0,109649.52,45.3,11.2,2.1,0,2,1,0.1533817636585793
103844,42.0,77987.19,35.6,10.6,0.6,0,2,1,0.14166659209553212
103845,43.0,173842.14,1.0,40.0,11.8,1,0,-1,-0.07192515185778958
103846,32.0,78509.79,55.4,7.2,11.7,0,1,1,0.16333957114871073
103847,45.0,77043.2,31.7,11.7,11.9,0,1,1,0.10804070998101445
103848,48.0,72697.37,25.6,12.5,5.5,0,2,1,0.17441997166781636
103849,20.0,32121.17,97.5,3.1,11.0,0,3,1,0.11980290132410049
103850,45.0,54210.03,50.4,6.1,5.4,0,1,1,0.18329659961821065
103851,27.0,63540.01,60.2,6.6,7.7,0,1,1,0.19536521567024684
103852,25.0,24418.96,80.9,4.1,5.2,0,3,1,0.162850955813218
103853,43.0,48208.51,46.6,7.4,8.6,0,1,1,0.1731839367868369
103854,40.0,68260.67,52.8,7.2,6.0,0,1,1,0.21284208129429694
103855,53.0,96170.61,100.0,37.8,0.0,1,0,-1,-0.05243087420461712
103856,28.0,33713.93,1.0,50.0,9.8,1,0,-1,-0.08834231253413061
103857,38.0,114159.29,65.1,16.1,5.6,0,0,1,0.17756861920932382
103858,45.0,66141.77,78.4,7.5,8.7,0,1,1,0.18122730329784636
103859,48.0,92126.71,34.2,13.2,3.9,0,2,1,0.18965684575220682
103860,26.0,33817.44,75.0,2.2,8.0,0,3,1,0.2082855595931717
103861,41.0,58624.86,61.3,6.7,10.2,0,1,1,0.19512647348903356
103862,18.0,33745.11,65.5,3.8,9.6,0,3,1,0.15508427016081483
103863,45.0,100773.64,37.2,11.5,3.7,0,2,1,0.18547462175117774
103864,37.0,75148.94,54.9,9.0,6.9,0,1,1,0.21030364951516872
103865,49.0,134074.43,65.3,15.8,7.9,0,0,1,0.16318511348703235
103866,32.0,77674.09,49.3,5.6,8.7,0,1,1,0.1769959442126347
103867,58.0,107500.88,45.6,11.8,3.8,0,2,1,0.1629877177053774
103868,34.0,41735.95,85.1,5.2,12.6,0,3,1,0.16664729939799483
103869,46.0,94321.95,50.0,13.4,3.8,0,2,1,0.19182142662096557
103870,44.0,66121.41,65.6,7.7,8.6,0,1,1,0.20291640207913958
103871,39.0,76504.36,72.3,6.1,8.1,0,1,1,0.1946679296532462
103872,30.0,31242.22,64.9,1.2,7.5,0,3,1,0.1942044296181274
103873,22.0,27701.72,88.3,2.4,13.8,0,3,1,0.13271071229058712
103874,18.0,29964.86,79.0,4.6,13.4,0,3,1,0.1336475702801626
103875,40.0,165034.15,55.2,19.7,4.0,0,0,1,0.10845659600467417
103876,38.0,74601.72,66.9,3.7,5.7,0,1,1,0.1858484803105065
103877,28.0,35964.58,80.8,0.0,13.6,0,3,1,0.1416461313712346
103878,50.0,144126.24,74.3,19.0,12.4,0,0,1,0.11963482468121373
103879,25.0,30898.83,81.8,3.0,10.0,0,3,1,0.1954848456175589
103880,27.0,67834.8,69.7,9.0,9.9,0,1,1,0.16714649198199477
103881,52.0,97491.06,46.9,13.7,8.5,0,2,1,0.17521068535342482
103882,40.0,122890.31,68.7,16.1,4.0,0,0,1,0.1572402598787916
103883,54.0,101849.41,37.5,12.7,0.0,0,2,1,0.1410921953824666
103884,34.0,58724.89,58.5,4.1,4.2,0,1,1,0.1933725466915559
103885,41.0,166668.79,74.6,20.0,7.6,0,0,1,0.13359925350632212
103886,24.0,34874.68,76.2,1.8,5.5,0,3,1,0.17830907160559073
103887,40.0,161071.92,84.6,16.5,2.8,0,0,1,0.08303982052148562
103888,48.0,141746.33,58.5,11.8,5.1,0,0,1,0.16134526673002558
103889,41.0,110978.4,78.9,16.4,8.0,0,0,1,0.17136081094215477
103890,36.0,32676.58,76.8,2.8,12.0,0,3,1,0.17250533834802556
103891,27.0,26219.53,73.9,1.7,9.2,0,3,1,0.19478194056831644
103892,61.0,105558.35,34.2,14.5,4.6,0,2,1,0.1375762102864485
103893,28.0,80569.85,56.4,2.5,2.2,0,1,1,0.11417501945371222
103894,42.0,44329.26,71.5,7.2,9.1,0,1,1,0.1901643856161031
103895,42.0,153188.79,75.2,17.9,4.8,0,0,1,0.14724574330274653
103896,54.0,63928.89,44.3,12.4,5.4,0,2,1,0.1747023797169902
103897,23.0,49436.81,52.9,8.3,4.2,0,1,1,0.12674998295234946
103898,49.0,59061.43,47.8,6.6,4.1,0,2,1,0.16108523946865383
103899,18.0,37823.24,83.1,4.0,13.8,0,3,1,0.11463108326980254
103900,26.0,25851.74,85.1,0.7,8.6,0,3,1,0.1586425359804992
103901,24.0,31152.24,60.1,1.1,9.9,0,3,1,0.1782739132806614
103902,40.0,168381.7,85.0,15.8,8.2,0,0,1,0.11051014437197804
103903,60.0,92704.87,30.9,13.7,3.2,0,2,1,0.1511471421803679
103904,42.0,55362.63,53.3,8.6,7.3,0,1,1,0.20127482486415077
103905,37.0,40691.86,54.5,8.7,4.6,0,1,1,0.17583613315076985
103906,56.0,99582.63,33.0,14.7,3.0,0,2,1,0.15244230855550212
103907,42.0,134679.36,72.8,19.5,3.6,0,0,1,0.14823034501993093
103908,47.0,141716.07,77.5,22.8,6.5,0,0,1,0.12253453577900453
103909,30.0,64162.8,61.5,8.7,5.4,0,1,1,0.2039645427562467
103910,39.0,101369.13,58.3,17.2,7.7,0,0,1,0.17638869026910298
103911,46.0,43110.77,61.4,5.5,7.7,0,1,1,0.1733516949207053
103912,33.0,73554.89,68.3,6.8,11.3,0,1,1,0.18299568517213355
103913,47.0,175092.49,71.6,19.9,5.7,0,0,1,0.12163774750950523
103914,32.0,86326.85,47.1,6.1,1.3,0,1,1,0.12355374020328608
103915,32.0,50904.33,51.3,7.6,8.6,0,1,1,0.1965919279786748
103916,31.0,53187.32,68.8,10.4,10.8,0,1,1,0.19010493868338857
103917,28.0,75273.78,76.5,3.6,10.2,0,3,1,0.1558211137900069
103918,37.0,58349.14,59.1,7.9,10.5,0,1,1,0.20106798010098947
103919,58.0,69231.54,28.5,12.2,8.7,0,2,1,0.12022343014622333
103920,22.0,55183.08,42.7,4.3,10.0,0,1,1,0.10692553344348754
103921,21.0,18557.9,76.4,7.1,4.6,0,3,1,0.1081079931923995
103922,46.0,179506.14,71.5,21.9,6.0,0,0,1,0.09401355519092358
103923,43.0,75502.9,57.7,4.0,4.0,0,1,1,0.16536378871265284
103924,31.0,154972.58,76.7,18.2,7.6,0,0,1,0.11452651971764405
103925,31.0,33715.32,72.5,3.3,16.1,0,3,1,0.12341793890363001
103926,55.0,88332.4,34.6,12.9,2.7,0,2,1,0.16788460541641098
103927,33.0,61873.65,73.2,8.6,5.8,0,1,1,0.20427114109552214
103928,47.0,140216.05,75.4,18.5,1.7,0,0,1,0.09171198964040805
103929,18.0,33305.34,69.5,0.0,7.5,0,3,1,0.11893765489663666
103930,48.0,149017.21,79.7,18.9,5.2,0,0,1,0.1436431787743847
103931,40.0,68536.85,56.8,7.1,9.4,0,1,1,0.2006743549556293
103932,48.0,113602.8,40.7,12.0,8.6,0,2,1,0.17452144335972847
103933,30.0,56864.34,51.2,7.7,10.5,0,1,1,0.18575473190319486
103934,19.0,51039.67,71.4,3.7,10.0,0,3,1,0.1502337897701368
103935,36.0,53156.69,68.7,5.3,1.7,0,1,1,0.15934210120377174
103936,18.0,40325.02,90.5,0.0,12.4,0,3,1,0.07819483950628703
103937,26.0,61696.14,45.9,8.8,8.7,0,1,1,0.1485206303219675
103938,57.0,89951.4,33.1,9.0,0.9,0,2,1,0.12890000283562697
103939,41.0,66098.68,59.0,9.5,3.1,0,1,1,0.18927529117368125
103940,28.0,25208.06,92.8,4.1,12.9,0,3,1,0.13929327577099543
103941,20.0,44568.89,98.0,3.9,13.5,0,3,1,0.07767184721021658
103942,22.0,24693.55,86.0,1.2,13.9,0,3,1,0.11445359754542872
103943,29.0,33354.88,79.8,5.0,10.8,0,3,1,0.20365618422814652
103944,50.0,69101.93,44.6,12.7,12.3,0,1,1,0.12661791832832986
103945,24.0,33739.73,81.3,4.3,7.1,0,3,1,0.19226379386948778
103946,43.0,160857.02,68.7,19.6,8.3,0,0,1,0.1530470141390335
103947,26.0,38630.55,75.7,0.1,9.2,0,3,1,0.17534906045338028
103948,20.0,19755.76,76.9,3.4,13.1,0,3,1,0.14840201366131706
103949,37.0,142230.86,83.3,16.9,9.6,0,0,1,0.12874870637838237
103950,44.0,41215.46,60.7,9.3,5.9,0,1,1,0.185166097706355
103951,43.0,69077.92,75.7,8.2,12.6,0,1,1,0.14422300799693455
103952,45.0,105531.55,65.7,20.0,11.0,0,0,1,0.13574496056045582
103953,41.0,185468.38,68.5,18.9,9.3,0,0,1,0.10654444391611395
103954,45.0,93110.59,58.8,10.2,5.9,0,1,1,0.20024961241581662
103955,18.0,26627.71,63.9,4.9,7.4,0,3,1,0.1434453003332028
103956,58.0,85914.43,36.3,12.8,0.0,0,2,1,0.1195025661933049
103957,44.0,148817.42,83.4,16.1,5.5,0,0,1,0.14330124985610893
103958,46.0,175592.28,66.1,15.5,7.0,0,0,1,0.13121180880249778
103959,19.0,34291.22,67.2,4.9,10.6,0,3,1,0.17005843410499671
103960,41.0,34955.88,40.4,9.6,4.8,0,1,1,0.15351644731463737
103961,29.0,59737.89,60.4,6.7,8.4,0,1,1,0.21546452391845466
103962,26.0,33613.67,91.5,3.0,9.9,0,3,1,0.16165143714073715
103963,56.0,104450.48,26.0,11.8,5.3,0,2,1,0.17250169245337577
103964,21.0,28894.35,64.1,0.0,8.9,0,3,1,0.13808623415235838
103965,37.0,49775.18,71.8,4.9,9.7,0,1,1,0.20033574151825834
103966,26.0,44535.69,83.4,0.1,13.2,0,3,1,0.13981433533958326
103967,44.0,42222.11,64.4,8.7,6.4,0,1,1,0.18975629135056804
103968,18.0,30295.28,72.2,6.1,9.7,0,3,1,0.14423739389904755
103969,34.0,55454.52,61.3,7.1,4.6,0,1,1,0.20986998574733468
103970,25.0,28790.21,52.1,4.3,11.7,0,3,1,0.15578786736053268
103971,44.0,128849.81,71.3,19.6,6.1,0,0,1,0.18173562250159075
103972,28.0,23504.88,79.7,3.1,13.0,0,3,1,0.16859972514786992
103973,31.0,52962.52,44.1,5.9,7.8,0,1,1,0.18252921735803046
103974,18.0,29448.82,84.1,2.8,10.2,0,3,1,0.15259740795830162
103975,18.0,31423.74,78.3,2.7,10.5,0,3,1,0.1663994190006734
103976,22.0,29373.22,67.6,4.9,6.3,0,3,1,0.1685692701525628
103977,25.0,42444.02,89.0,4.0,10.7,0,3,1,0.1753056221074477
103978,23.0,26808.23,75.5,4.1,11.2,0,3,1,0.1993156608538118
103979,40.0,75611.54,56.4,7.4,1.3,0,1,1,0.16239770995622838
103980,63.0,87923.18,41.5,11.2,2.7,0,2,1,0.11445262429732939
103981,23.0,24828.12,53.2,5.3,11.6,0,3,1,0.13990012228192916
103982,31.0,67043.32,66.2,5.6,8.2,0,1,1,0.20693550113035408
103983,57.0,70404.18,40.3,12.7,9.6,0,2,1,0.12783678177055485
103984,27.0,29633.33,75.0,7.0,8.9,0,3,1,0.19864300836971344
103985,39.0,59339.67,68.8,9.3,6.9,0,1,1,0.21556022346372478
103986,22.0,29519.7,60.7,3.2,10.2,0,3,1,0.1759434210859293
103987,20.0,21431.49,80.1,3.7,11.2,0,3,1,0.15722376694319962
103988,31.0,66427.99,56.2,8.7,4.1,0,1,1,0.19796761919206557
103989,49.0,178051.66,73.2,18.8,10.4,0,0,1,0.09002945332864909
103990,38.0,127746.13,73.8,22.1,4.4,0,0,1,0.12095947388210387
103991,51.0,135130.7,71.7,20.4,14.1,0,0,1,0.06702165982872033
103992,38.0,74998.58,48.8,5.9,2.9,0,1,1,0.16544284670250348
103993,21.0,35255.75,80.1,6.5,16.2,0,3,1,0.09965819942043841
103994,35.0,54414.72,69.6,9.5,8.3,0,1,1,0.2101480430651137
103995,28.0,35163.12,68.1,0.6,9.8,0,3,1,0.18294503843656917
103996,23.0,33595.2,76.7,0.0,3.7,0,3,1,0.11252368315916983
103997,28.0,28182.33,75.7,1.9,7.3,0,3,1,0.20046964043887183
103998,31.0,73381.37,55.6,8.3,9.3,0,1,1,0.19148375735381878
103999,38.0,70950.81,58.1,9.7,9.5,0,1,1,0.20243306067934264
104000,29.0,26594.14,80.6,0.0,14.2,0,3,1,0.1261628539467301
104001,49.0,86711.6,21.3,11.9,3.2,0,2,1,0.15168675038057722
104002,45.0,71589.07,52.9,3.7,0.1,0,1,1,0.13210870479631825
104003,38.0,106453.34,75.5,17.7,8.1,0,0,1,0.16731220060211166
104004,19.0,32875.71,63.8,2.8,12.5,0,3,1,0.14968811434280865
104005,34.0,66951.07,38.2,2.9,8.0,0,1,1,0.14825751431454448
104006,29.0,30627.77,99.5,0.1,8.0,0,3,1,0.09516410032081268
104007,37.0,67182.42,52.2,4.9,8.9,0,1,1,0.19490506083941683
104008,25.0,30014.98,83.0,2.7,9.6,0,3,1,0.19376553846209787
104009,23.0,27270.71,68.8,1.9,10.1,0,3,1,0.18606417458462537
104010,43.0,111155.13,35.2,9.9,8.8,0,2,1,0.16786109099062257
104011,24.0,24309.54,93.7,5.7,7.3,0,3,1,0.13153840635240832
104012,22.0,29364.3,59.1,3.6,12.5,0,3,1,0.15464357887897529
104013,46.0,140825.4,81.4,15.7,13.5,0,0,1,0.10357227790566959
104014,20.0,28192.6,72.2,1.7,9.4,0,3,1,0.1709681300577443
104015,51.0,97216.84,26.8,12.3,0.7,0,2,1,0.13934522392334336
104016,40.0,70035.98,57.9,5.7,7.9,0,1,1,0.21009168620467367
104017,20.0,32198.95,76.5,8.3,6.3,0,3,1,0.14950355408453564
104018,23.0,54884.6,40.8,5.5,3.1,0,1,1,0.09301058224485181
104019,19.0,25866.12,87.6,2.9,13.2,0,3,1,0.13687981983092307
104020,52.0,110878.89,32.0,15.2,5.4,0,2,1,0.16687395031485114
104021,20.0,35566.3,78.3,2.6,10.3,0,3,1,0.18548380900953737
104022,28.0,19803.13,74.5,4.4,10.7,0,3,1,0.19032689755841714
104023,30.0,35575.77,75.0,6.6,11.5,0,3,1,0.19979259946511296
104024,47.0,120000.94,47.0,17.1,7.9,0,0,1,0.16467467746902792
104025,54.0,76003.98,36.8,12.4,7.0,0,2,1,0.17524553848624402
104026,41.0,151157.54,74.9,19.8,5.5,0,0,1,0.15000509264264866
104027,37.0,90949.64,32.7,9.7,0.0,0,2,1,0.12299929671144855
104028,49.0,93035.6,36.0,7.4,0.0,0,2,1,0.11201917421580809
104029,42.0,59883.97,58.0,4.3,7.0,0,1,1,0.2061135169065223
104030,41.0,124412.99,57.4,16.3,13.9,0,0,1,0.111301043164173
104031,34.0,70812.15,56.0,6.4,5.1,0,1,1,0.2056077195316401
104032,43.0,66163.48,50.1,6.2,10.2,0,1,1,0.1720540140748677
104033,38.0,100309.59,40.4,10.5,4.5,0,2,1,0.18834049248652296
104034,39.0,48260.41,66.4,7.6,6.5,0,1,1,0.21447890019946425
104035,25.0,36073.43,100.0,4.2,12.4,0,3,1,0.11618078022734663
104036,37.0,83222.43,43.3,3.5,7.5,0,1,1,0.15272575481338224
104037,39.0,33267.29,58.0,6.6,9.2,0,1,1,0.18043094591546532
104038,45.0,94432.81,61.2,16.4,10.2,0,0,1,0.17003260232336936
104039,38.0,55072.71,59.4,4.9,13.1,0,1,1,0.1817117742332789
104040,46.0,159811.66,85.8,20.0,8.1,0,0,1,0.11411712382638872
104041,35.0,76377.25,58.3,5.5,12.9,0,1,1,0.16112252428440033
104042,47.0,65336.54,44.9,10.5,5.3,0,2,1,0.19472092195370033
104043,33.0,24080.88,77.6,6.0,12.0,0,3,1,0.16927862574015495
104044,42.0,200212.36,71.0,18.8,12.9,0,0,1,0.07184138879459323
104045,41.0,76750.39,49.0,9.5,7.5,0,1,1,0.20233021394354
104046,20.0,33278.4,79.9,6.7,11.1,0,3,1,0.1737185664717814
104047,20.0,26174.18,77.5,0.3,7.9,0,3,1,0.13054747291625657
104048,23.0,29569.94,85.3,1.5,2.6,0,3,1,0.12127612225897816
104049,28.0,61801.15,52.1,4.5,12.9,0,3,1,0.16245869734057938
104050,56.0,94000.9,37.3,11.5,0.2,0,2,1,0.13559639877872487
104051,48.0,161453.52,52.2,18.5,9.0,0,0,1,0.12752297761555076
104052,50.0,130863.24,54.9,11.2,3.3,0,2,1,0.16121498681357166
104053,34.0,55177.53,48.8,8.0,12.9,0,1,1,0.16236492128247615
104054,44.0,70807.22,33.9,3.3,10.2,0,1,1,0.1256143986667762
104055,51.0,153954.11,68.9,20.7,10.3,0,0,1,0.10248195105117497
104056,49.0,93214.46,75.4,21.5,9.6,0,0,1,0.12341400163700772
104057,41.0,62405.92,59.1,9.8,5.0,0,1,1,0.20122795382774233
104058,39.0,127949.01,72.2,14.8,10.2,0,0,1,0.15459574784266567
104059,35.0,71527.17,36.8,8.7,11.0,0,1,1,0.1481597845157871
104060,45.0,140756.48,80.7,20.5,9.6,0,0,1,0.1357855600457349
104061,46.0,181754.94,79.6,16.4,11.8,0,0,1,0.07920535767440307
104062,51.0,95569.14,36.1,13.9,9.2,0,2,1,0.1639387004879994
104063,24.0,41972.07,79.6,5.8,10.6,0,3,1,0.19101099932825938
104064,50.0,127867.89,29.1,10.7,0.2,0,2,1,0.11005376582148374
104065,30.0,40659.86,81.7,1.0,10.0,0,3,1,0.17839769219858004
104066,50.0,77378.99,30.1,13.0,2.2,0,2,1,0.15160209226418697
104067,37.0,42176.24,74.8,6.2,9.6,0,1,1,0.19266694720885075
104068,53.0,101882.72,23.7,10.5,1.8,0,2,1,0.13882265079977407
104069,43.0,173419.12,76.3,16.2,8.3,0,0,1,0.13005802539255962
104070,24.0,29979.02,77.8,4.5,7.8,0,3,1,0.20255178465360274
104071,34.0,72960.47,62.7,9.6,11.3,0,1,1,0.1842975157008528
104072,45.0,99929.89,29.9,9.6,1.6,0,2,1,0.1536043341031384
104073,34.0,58713.15,51.9,7.0,14.3,0,1,1,0.1479214357198118
104074,18.0,38550.14,77.8,2.1,3.9,0,3,1,0.10200142360282216
104075,28.0,23700.03,86.3,6.5,6.2,0,3,1,0.16252984869134623
104076,42.0,62283.9,37.1,4.6,7.5,0,1,1,0.15599353418971384
104077,54.0,67970.18,35.3,13.6,7.0,0,2,1,0.1631284978690637
104078,50.0,102497.82,45.7,13.7,6.7,0,2,1,0.18333927293696878
104079,25.0,31455.58,80.7,1.5,13.3,0,3,1,0.17363794842621622
104080,28.0,56371.9,57.6,7.9,9.0,0,1,1,0.200555872516058
104081,43.0,62867.71,50.8,6.7,6.0,0,1,1,0.20208240200391558
104082,27.0,25854.09,76.2,6.2,10.5,0,3,1,0.1922501747780918
104083,47.0,89189.68,12.7,11.9,8.9,0,2,1,0.11494361839496414
104084,30.0,45750.52,51.5,8.8,12.1,0,1,1,0.15749067336621791
104085,38.0,47649.25,57.8,10.6,6.1,0,1,1,0.19618070312257918
104086,44.0,146062.1,56.5,20.0,10.6,0,0,1,0.12765503067577072
104087,26.0,47149.93,48.3,8.5,4.7,0,1,1,0.1564915966753655
104088,54.0,91891.65,35.7,13.0,4.8,0,2,1,0.18688407291322234
104089,24.0,33883.98,80.2,2.6,8.7,0,3,1,0.20534211348694248
104090,33.0,29450.02,91.7,1.6,12.4,0,3,1,0.13099456922475589
104091,33.0,30055.96,71.3,2.1,9.9,0,3,1,0.19546017428344353
104092,54.0,94316.05,30.8,15.9,3.4,0,2,1,0.14691031125234333
104093,40.0,160928.88,80.5,20.8,13.8,0,0,1,0.05876292702592678
104094,26.0,30339.66,59.0,1.1,10.6,0,3,1,0.17454437611875018
104095,18.0,22869.7,78.7,4.6,9.3,0,3,1,0.13878491206904986
104096,40.0,68881.07,69.5,11.3,14.8,0,1,1,0.13223826423735457
104097,56.0,87136.56,35.6,15.1,1.3,0,2,1,0.11886396859200549
104098,59.0,92094.3,37.3,10.4,0.0,0,2,1,0.11693654078944837
104099,51.0,117281.5,28.0,15.2,2.3,0,2,1,0.12262092028973054
104100,38.0,146391.65,78.8,18.4,8.5,0,0,1,0.1507515940799733
104101,44.0,63059.25,53.3,4.7,10.8,0,1,1,0.15843383775392766
104102,50.0,89389.44,45.5,16.1,4.8,0,2,1,0.16048066870170524
104103,51.0,94903.34,30.4,11.3,2.9,0,2,1,0.17842999634513906
104104,41.0,61016.02,71.6,6.8,5.9,0,1,1,0.2093821533314163
104105,49.0,140543.06,70.7,18.1,12.4,0,0,1,0.1294101859749605
104106,26.0,39197.03,75.7,5.2,10.7,0,3,1,0.20272183266413712
104107,56.0,111529.65,25.6,12.1,6.9,0,2,1,0.1551293279636311
104108,58.0,116433.73,36.0,15.1,2.0,0,2,1,0.10837822402024333
104109,36.0,133004.21,84.0,15.8,3.6,0,0,1,0.11166673125424376
104110,27.0,70213.14,43.5,8.1,6.0,0,1,1,0.15867693841779995
104111,32.0,50854.26,60.1,5.5,7.0,0,1,1,0.21559193205462174
104112,45.0,155439.06,81.3,18.3,4.8,0,0,1,0.13171333051009415
104113,54.0,106221.08,33.2,11.4,11.4,0,2,1,0.12093811014148342
104114,30.0,67509.41,68.5,6.3,6.5,0,1,1,0.2067210663863333
104115,50.0,95003.8,44.0,11.6,13.3,0,1,1,0.11528747797191452
104116,22.0,39934.49,83.4,3.2,14.4,0,3,1,0.1403075754120629
104117,44.0,102270.55,27.8,11.1,2.6,0,2,1,0.16166411702439243
104118,38.0,98354.98,75.9,17.9,7.1,0,0,1,0.16741065039460296
104119,40.0,67043.59,55.3,13.1,10.1,0,1,1,0.18061140691819288
104120,48.0,57369.1,60.5,4.5,6.0,0,1,1,0.17939711630269295
104121,40.0,215486.73,65.1,17.5,3.6,0,0,1,0.07413228998587174
104122,55.0,79606.15,44.2,8.4,3.6,0,2,1,0.1447826591207469
104123,34.0,127639.07,69.1,16.8,6.5,0,0,1,0.15491294204824607
104124,41.0,86266.91,61.4,5.3,7.2,0,1,1,0.18442636930780604
104125,41.0,162412.7,74.9,14.8,11.3,0,0,1,0.11586666741088786
104126,29.0,40611.37,72.8,3.6,6.4,0,3,1,0.20820307352566508
104127,36.0,66430.36,51.6,7.7,7.5,0,1,1,0.21387768428206538
104128,34.0,77595.78,55.7,7.3,2.6,0,1,1,0.16706946431870184
104129,55.0,86845.12,44.6,9.4,5.3,0,2,1,0.17427560262561603
104130,32.0,155519.88,70.3,18.8,6.2,0,0,1,0.12408451875228727
104131,47.0,87570.0,36.9,13.2,4.9,0,2,1,0.19025338566867928
104132,47.0,126424.32,38.3,10.8,5.3,0,2,1,0.18777538480778994
104133,37.0,60043.28,55.1,9.0,12.2,0,1,1,0.1793219592595836
104134,26.0,75732.78,58.2,7.5,11.1,0,1,1,0.14824262670171195
104135,23.0,71093.05,70.8,5.6,2.8,0,1,1,0.11232952594727641
104136,32.0,21883.18,82.2,5.0,11.2,0,3,1,0.1609805620641609
104137,39.0,59042.38,62.6,5.6,5.3,0,1,1,0.21555580832356241
104138,43.0,101195.93,77.8,13.0,9.1,0,0,1,0.16969975768215156
104139,54.0,81413.7,22.7,11.2,5.9,0,2,1,0.16195463616667138
104140,54.0,75992.78,36.1,12.5,4.7,0,2,1,0.17589683149731833
104141,31.0,63737.64,67.2,8.1,8.2,0,1,1,0.20953934136521435
104142,44.0,63872.55,49.6,5.3,7.5,0,1,1,0.18728223975295455
104143,18.0,30208.74,82.6,5.3,5.4,0,3,1,0.12321457562322935
104144,36.0,61238.48,58.4,7.3,6.9,0,1,1,0.2256202281253728
104145,43.0,75883.0,79.4,7.0,5.8,0,1,1,0.16845860339643443
104146,19.0,29008.04,85.1,4.7,12.0,0,3,1,0.15317291792332366
104147,21.0,28203.73,97.6,1.3,14.2,0,3,1,0.07668093883777316
104148,54.0,82472.56,23.2,10.6,5.3,0,2,1,0.16251196054877154
104149,31.0,79347.22,55.9,8.4,8.9,0,1,1,0.18281721981413657
104150,44.0,57112.25,59.1,4.2,7.3,0,1,1,0.1867270968853978
104151,30.0,33264.16,100.0,4.0,8.4,0,3,1,0.11944032074358524
104152,38.0,45668.51,50.0,4.6,7.0,0,1,1,0.19531473478478695
104153,36.0,75449.02,57.0,5.0,11.7,0,1,1,0.17155222924886393
104154,21.0,62429.28,60.2,7.0,8.5,0,1,1,0.14502045464578617
104155,53.0,103544.19,29.0,9.1,3.9,0,2,1,0.1672846693079631
104156,19.0,27803.7,89.6,6.1,13.4,0,3,1,0.11798120835071052
104157,48.0,141510.77,82.2,18.7,13.8,0,0,1,0.08738886820871672
104158,19.0,35874.22,65.4,4.4,4.8,0,3,1,0.13466159070892197
104159,30.0,47685.92,60.5,7.7,14.4,0,3,1,0.15069273424131496
104160,24.0,36449.83,79.6,4.4,10.4,0,3,1,0.20512590794486102
104161,41.0,50252.16,33.5,7.8,1.6,0,2,1,0.1169041034012413
104162,43.0,55882.99,47.6,12.4,6.9,0,1,1,0.18364054004306246
104163,42.0,158848.98,80.2,20.3,4.0,0,0,1,0.10692929347598223
104164,39.0,58728.04,48.8,7.1,1.6,0,1,1,0.16254922890526607
104165,57.0,90029.44,30.2,11.7,3.5,0,2,1,0.17369657809472933
104166,30.0,25688.69,74.2,2.6,6.8,0,3,1,0.19358966631361996
104167,25.0,27830.49,100.0,45.8,14.6,1,0,-1,-0.03734059558894964
104168,36.0,60847.33,56.8,6.0,10.5,0,1,1,0.19947310526726952
104169,36.0,37686.37,70.0,8.9,8.8,0,1,1,0.1972312408582173
104170,22.0,61967.1,66.9,7.8,7.6,0,1,1,0.1498392784759836
104171,47.0,143510.57,84.0,18.3,8.2,0,0,1,0.14764545683780217
104172,56.0,88184.16,24.0,12.0,5.8,0,2,1,0.16072178511635238
104173,48.0,163458.67,71.3,17.7,6.2,0,0,1,0.1552776651878115
104174,37.0,43685.06,58.2,12.7,2.5,0,1,1,0.1393847467594707
104175,53.0,101460.99,40.1,10.1,5.5,0,2,1,0.19378426223359368
104176,49.0,70588.32,44.5,13.3,1.1,0,2,1,0.13919625602552638
104177,49.0,85081.79,18.6,13.5,6.4,0,2,1,0.13619785314254923
104178,41.0,139291.24,73.1,18.5,4.0,0,0,1,0.15023098649496142
104179,54.0,74898.83,41.8,9.9,0.1,0,2,1,0.1319124342253461
104180,43.0,138727.27,73.0,16.2,8.6,0,0,1,0.1750711421217679
104181,53.0,114933.7,36.9,10.8,0.0,0,2,1,0.1301313044532454
104182,18.0,33860.35,85.9,1.2,10.8,0,3,1,0.13183136794839512
104183,51.0,107282.37,43.7,7.5,7.1,0,2,1,0.15467619286109108
104184,37.0,56070.07,53.0,7.1,5.5,0,1,1,0.21022245520933502
104185,38.0,122163.5,61.6,20.7,8.2,0,0,1,0.14878266874978635
104186,54.0,149351.12,77.9,15.9,7.3,0,0,1,0.11626814355928977
104187,24.0,28329.45,1.0,48.0,11.3,1,0,-1,-0.0959417026056062
104188,18.0,33634.35,83.5,1.8,7.9,0,3,1,0.14526472677153818
104189,26.0,17179.02,78.0,6.3,2.2,0,1,1,0.09545785729319345
104190,40.0,68075.75,43.6,8.0,10.0,0,1,1,0.17135485822665975
104191,18.0,27926.39,78.3,5.0,8.4,0,3,1,0.153641505592575
104192,52.0,83630.32,35.2,14.1,4.3,0,2,1,0.1752531202848796
104193,50.0,94439.86,27.0,10.0,7.6,0,2,1,0.1678927084743641
104194,51.0,94853.91,77.8,19.7,4.4,0,0,1,0.11846866719463411
104195,22.0,28676.21,97.0,6.3,7.2,0,3,1,0.10686548395631734
104196,29.0,70626.42,63.4,9.5,3.8,0,1,1,0.17945549553055967
104197,28.0,27785.07,84.2,2.9,15.7,0,3,1,0.1260676561946666
104198,45.0,132087.34,73.4,17.8,4.5,0,0,1,0.1659478289941015
104199,34.0,41208.63,76.2,4.4,16.2,0,3,1,0.11210902709515469
104200,30.0,30229.43,77.1,0.0,12.3,0,3,1,0.15757091288451558
104201,30.0,39198.31,85.0,3.7,7.0,0,3,1,0.18901625833104535
104202,45.0,124082.12,77.3,16.5,9.6,0,0,1,0.16607018513464866
104203,31.0,34172.39,81.3,4.8,15.3,0,3,1,0.14119658463674822
104204,51.0,103909.48,50.1,13.3,0.0,0,2,1,0.13770988781162552
104205,48.0,107842.82,31.0,14.9,9.6,0,2,1,0.15038511656876408
104206,49.0,77344.2,31.4,11.2,8.6,0,2,1,0.1526935517180244
104207,19.0,36276.4,91.9,4.6,11.3,0,3,1,0.13721101075478453
104208,23.0,42650.11,75.5,4.9,9.5,0,3,1,0.19707314881346705
104209,27.0,58990.79,56.4,6.7,5.0,0,1,1,0.17975100329206212
104210,27.0,36245.64,74.9,2.4,6.8,0,3,1,0.20107758494009836
104211,53.0,118562.42,48.8,10.8,10.0,0,2,1,0.1423022027717532
104212,34.0,50662.11,44.4,4.8,8.0,0,1,1,0.16800621764697793
104213,35.0,54946.79,49.5,4.8,4.3,0,1,1,0.18346360141846924
104214,29.0,42387.22,96.7,4.4,8.5,0,3,1,0.13618441911569462
104215,49.0,107929.99,32.5,12.8,9.8,0,2,1,0.15122052750133308
104216,25.0,45120.42,66.7,3.9,10.9,0,3,1,0.19200111712283324
104217,47.0,108708.31,50.3,16.4,5.2,0,2,1,0.17642156334091258
104218,18.0,34747.46,85.4,2.5,10.6,0,3,1,0.1536441364289532
104219,41.0,136630.87,82.2,20.8,4.2,0,0,1,0.11977453654139208
104220,49.0,67837.43,53.4,13.7,0.0,0,2,1,0.12764171007404745
104221,24.0,30367.28,70.4,5.1,13.0,0,3,1,0.18119853499427108
104222,25.0,28304.08,71.7,3.1,8.6,0,3,1,0.2094953976356737
104223,36.0,68228.19,42.7,5.5,6.9,0,1,1,0.18886163228497127
104224,32.0,36869.12,78.0,3.8,9.7,0,3,1,0.20757260128725596
104225,29.0,34498.42,90.8,0.3,7.6,0,3,1,0.1358939937817384
104226,44.0,152436.48,96.0,14.4,7.9,0,0,1,0.08426290610742426
104227,52.0,99067.04,52.3,13.8,0.0,0,2,1,0.13764240955298984
104228,32.0,40673.77,80.6,0.0,9.5,0,3,1,0.1636408050582716
104229,54.0,112041.02,17.3,10.5,7.3,0,2,1,0.11870697894264792
104230,32.0,34479.84,89.5,3.9,12.9,0,3,1,0.15852357225591757
104231,44.0,152094.7,59.8,19.4,4.2,0,0,1,0.13797426388009432
104232,28.0,29471.46,81.7,1.1,8.5,0,3,1,0.1852112642975121
104233,54.0,107899.07,45.9,9.7,0.0,0,2,1,0.13114540366642546
104234,47.0,76778.1,50.7,14.7,1.0,0,2,1,0.14423573569813758
104235,33.0,39375.67,61.7,0.9,5.0,0,1,1,0.16433272284083633
104236,24.0,32100.29,78.2,0.0,5.7,0,3,1,0.13968978420712003
104237,37.0,68944.0,37.8,4.4,10.1,0,1,1,0.14481522157300425
104238,37.0,139629.58,58.8,19.7,1.9,0,0,1,0.08016679978551566
104239,34.0,72493.82,64.1,6.1,4.9,0,1,1,0.19897174543512058
104240,51.0,72952.1,34.0,11.8,2.7,0,2,1,0.1628826667029189
104241,57.0,76694.73,18.0,10.9,4.4,0,2,1,0.12330074168552496
104242,42.0,136190.72,60.7,16.0,6.5,0,0,1,0.18123547651175076
104243,33.0,74254.63,60.6,5.9,10.3,0,1,1,0.18800389698142173
104244,38.0,46849.81,25.6,4.3,8.8,0,1,1,0.12072557077071394
104245,56.0,66610.06,41.6,13.2,8.2,0,2,1,0.1431110773963346
104246,29.0,39786.84,82.9,3.9,9.0,0,3,1,0.19538176034610277
104247,47.0,106423.35,70.6,19.1,12.2,0,0,1,0.13651455875861845
104248,22.0,37567.51,76.0,5.0,7.6,0,3,1,0.18634244567027192
104249,28.0,31450.85,66.1,2.7,14.0,0,3,1,0.1707153700645197
104250,38.0,102595.2,76.0,14.6,12.7,0,0,1,0.12838177574646709
104251,44.0,73587.21,57.9,10.3,11.0,0,1,1,0.16960534083724382
104252,21.0,40287.7,68.9,2.6,4.6,0,3,1,0.13451189874499947
104253,25.0,30303.63,73.5,2.7,8.3,0,3,1,0.21015080274037362
104254,36.0,76324.63,47.4,8.7,7.6,0,1,1,0.1940718176065951
104255,45.0,139226.14,64.8,18.9,9.6,0,0,1,0.16651520394048397
104256,20.0,24290.16,78.9,4.5,13.0,0,3,1,0.15312267861920226
104257,30.0,34139.21,75.4,3.0,6.3,0,3,1,0.2041867673991813
104258,33.0,61405.78,55.3,7.2,2.9,0,1,1,0.1795327045646406
104259,37.0,159544.96,63.7,16.6,8.3,0,0,1,0.14891716637675978
104260,19.0,38372.46,65.4,3.0,7.8,0,3,1,0.15582239517044683
104261,44.0,127463.9,71.8,20.4,5.9,0,0,1,0.16777905625695333
104262,40.0,132039.3,86.7,17.8,11.7,0,0,1,0.11182268450999089
104263,35.0,75276.35,62.1,8.1,2.7,0,1,1,0.17143070522243709
104264,35.0,166969.08,82.6,22.8,3.5,0,0,1,0.027712426192899375
104265,54.0,77492.66,27.6,11.0,5.1,0,2,1,0.17232446241267357
104266,33.0,62375.6,66.3,9.3,9.1,0,1,1,0.20745102180347302
104267,38.0,60419.37,52.3,8.1,3.8,0,1,1,0.19343209250870802
104268,44.0,112892.93,71.6,15.9,6.8,0,0,1,0.18397087876052493
104269,49.0,81378.86,34.1,7.2,0.0,0,2,1,0.11201965004626646
104270,56.0,97521.89,27.8,13.9,2.1,0,2,1,0.14662118691480114
104271,40.0,120258.69,91.1,18.5,8.6,0,0,1,0.11251541102227514
104272,38.0,41323.76,52.1,7.9,7.0,0,1,1,0.1942211150718346
104273,54.0,126513.17,81.4,19.6,8.4,0,0,1,0.114767270427937
104274,45.0,132686.95,52.3,18.7,9.3,0,0,1,0.15754351168293018
104275,27.0,32363.43,87.7,1.3,14.4,0,3,1,0.14250031939937108
104276,19.0,31378.85,84.8,2.0,12.2,0,3,1,0.1496374854214902
104277,34.0,63318.36,56.2,5.8,13.8,0,3,1,0.15716965132752847
104278,39.0,82389.97,64.0,18.3,6.9,0,0,1,0.17086706319523148
104279,41.0,72961.17,54.8,3.6,3.2,0,1,1,0.16787370298761628
104280,52.0,68246.89,31.3,14.8,5.0,0,2,1,0.15859979460955975
104281,24.0,26005.15,79.8,2.5,10.7,0,3,1,0.19259982179599333
104282,40.0,72023.06,59.3,8.0,5.5,0,1,1,0.2076904684892289
104283,58.0,79830.18,32.9,14.5,2.6,0,2,1,0.13313899554320252
104284,18.0,29634.08,91.9,0.0,10.3,0,3,1,0.09693181930115136
104285,40.0,135775.62,68.5,19.9,8.2,0,0,1,0.17143628866882565
104286,29.0,39396.6,78.3,2.3,11.1,0,3,1,0.20199260847280326
104287,46.0,110937.07,74.4,17.5,6.7,0,0,1,0.1815068907830215
104288,21.0,28395.85,90.6,2.3,13.4,0,3,1,0.13104312405663754
104289,44.0,111455.59,73.9,15.6,9.8,0,0,1,0.16550537148875027
104290,51.0,109623.61,49.3,8.5,2.6,0,2,1,0.1475742200206055
104291,18.0,44431.58,73.6,0.4,16.7,0,3,1,0.028438853767633332
104292,20.0,22658.08,66.4,3.3,10.1,0,3,1,0.15454075914219106
104293,20.0,29206.12,78.5,5.6,11.0,0,3,1,0.173975828769052
104294,49.0,91093.93,42.7,15.4,0.7,0,2,1,0.11278409422013658
104295,49.0,132117.99,55.8,14.4,12.0,0,0,1,0.12413651816589943
104296,43.0,55649.04,55.9,3.4,9.3,0,1,1,0.18088554009510394
104297,36.0,44676.59,60.0,4.2,8.7,0,1,1,0.20638432516330124
104298,47.0,100763.88,28.5,7.3,7.0,0,2,1,0.1489025779492435
104299,41.0,56176.9,60.7,7.9,8.4,0,1,1,0.21074334168506298
104300,61.0,102127.25,31.4,12.9,2.7,0,2,1,0.12996945661704618
104301,31.0,75612.3,63.3,3.3,4.9,0,1,1,0.16965414670932044
104302,56.0,68258.6,27.5,17.3,3.0,0,2,1,0.09493434388947442
104303,48.0,177811.77,62.9,18.5,14.2,0,0,1,0.060692821481181825
104304,38.0,88399.19,51.6,10.6,7.1,0,1,1,0.1968338170477692
104305,22.0,35686.63,76.9,2.8,11.5,0,3,1,0.18793512567826448
104306,18.0,27399.74,85.2,5.0,11.1,0,3,1,0.14760887926987415
104307,53.0,101880.05,44.6,9.1,2.5,0,2,1,0.1510104147449287
104308,36.0,64185.01,36.9,4.5,7.0,0,1,1,0.16624081958720927
104309,48.0,129440.19,65.3,19.1,7.0,0,0,1,0.17944132572542104
104310,56.0,91215.33,23.8,14.8,7.7,0,2,1,0.13761620197318397
104311,31.0,66416.05,54.7,8.2,4.4,0,1,1,0.2000905018235966
104312,56.0,115433.67,25.5,12.1,7.6,0,2,1,0.14143345989255868
104313,19.0,28147.56,84.6,2.7,5.3,0,3,1,0.1398504126056036
104314,41.0,184010.3,92.6,16.7,5.3,0,0,1,0.06580512504586089
104315,22.0,42378.95,86.4,5.9,13.0,0,3,1,0.14245601910068578
104316,45.0,78774.7,28.0,11.0,2.0,0,2,1,0.15749245112979904
104317,40.0,156140.36,73.4,20.4,8.8,0,0,1,0.1325499003992564
104318,49.0,98222.7,19.9,7.4,5.9,0,2,1,0.12131786551954027
104319,48.0,141817.66,68.1,15.3,11.5,0,0,1,0.14234483929690306
104320,38.0,65249.5,58.0,6.1,3.7,0,1,1,0.19003399608085664
104321,44.0,126429.17,67.8,21.4,7.9,0,0,1,0.15426775410201732
104322,40.0,85843.66,100.0,26.4,0.0,1,0,-1,-0.027006915654604557
104323,54.0,89937.26,30.2,12.3,3.8,0,2,1,0.18415762948800785
104324,23.0,30708.68,77.8,3.7,10.7,0,3,1,0.20550585093135398
104325,30.0,28851.07,80.4,7.9,9.9,0,3,1,0.18767984487828027
104326,52.0,73396.1,27.9,11.8,5.6,0,2,1,0.17069568359639092
104327,27.0,33879.34,86.0,1.0,11.5,0,3,1,0.1680202340433528
104328,52.0,97135.71,31.4,10.1,0.4,0,2,1,0.14375651590076616
104329,45.0,152545.86,70.7,18.0,5.8,0,0,1,0.166961612039006
104330,46.0,141527.76,68.3,19.7,9.9,0,0,1,0.14971119699645724
104331,18.0,32283.11,68.4,3.3,0.5,0,1,1,0.0817695772763003
104332,44.0,157941.99,70.9,15.7,13.9,0,0,1,0.1010145983510925
104333,30.0,28941.09,75.4,0.0,11.4,0,3,1,0.16393957529278463
104334,29.0,69436.64,68.3,6.9,3.8,0,1,1,0.1791762513347115
104335,49.0,140054.67,72.9,16.1,8.6,0,0,1,0.1551262408764107
104336,23.0,24347.91,91.4,6.5,13.1,0,3,1,0.12826521947417363
104337,28.0,42167.0,67.5,0.9,8.8,0,3,1,0.19261812380127363
104338,25.0,30314.49,67.8,3.0,9.7,0,3,1,0.1982758774404475
104339,40.0,62497.07,39.0,7.8,11.7,0,1,1,0.14182779569877474
104340,43.0,164871.36,66.9,19.1,5.8,0,0,1,0.156518998979213
104341,23.0,30625.5,82.8,1.4,5.6,0,3,1,0.16167505733579995
104342,26.0,34491.35,79.1,4.9,9.4,0,3,1,0.20811451144328164
104343,53.0,89016.39,32.4,12.7,10.8,0,2,1,0.1250063777341921
104344,28.0,35159.99,85.7,0.0,11.0,0,3,1,0.16419898550010792
104345,57.0,96443.7,34.6,10.1,2.7,0,2,1,0.1625925414120606
104346,39.0,165187.57,87.0,21.9,5.5,0,0,1,0.0852851435148404
104347,49.0,82180.21,24.8,10.0,2.5,0,2,1,0.13973128066770646
104348,47.0,121910.55,82.5,20.7,8.9,0,0,1,0.12687816443715444
104349,42.0,46808.34,52.4,7.4,7.7,0,1,1,0.19389212580701376
104350,50.0,114829.1,66.6,17.8,6.4,0,0,1,0.1646877013626093
104351,19.0,29255.07,75.5,5.9,6.9,0,3,1,0.14583130568966785
104352,28.0,39327.5,72.9,3.5,11.7,0,3,1,0.20230985601676438
104353,54.0,96404.65,28.2,13.3,2.9,0,2,1,0.1613782525067443
104354,24.0,33012.71,86.6,6.9,7.8,0,3,1,0.17516232131634646
104355,43.0,102592.69,86.8,18.1,7.1,0,0,1,0.14099267701865664
104356,52.0,96757.26,27.7,14.4,5.9,0,2,1,0.17339781332572685
104357,47.0,122863.76,64.7,17.8,10.4,0,0,1,0.1582499809023596
104358,39.0,53321.04,64.7,5.1,5.0,0,1,1,0.20154291068023006
104359,37.0,48926.36,48.4,10.1,11.1,0,1,1,0.17040160318806014
104360,63.0,102704.8,41.4,11.7,2.9,0,2,1,0.11277347390238146
104361,28.0,39844.99,85.9,1.3,11.2,0,3,1,0.1751767041362281
104362,32.0,58378.58,74.4,4.6,13.5,0,3,1,0.17102876792426447
104363,55.0,87029.47,35.7,10.6,2.4,0,2,1,0.16773252890416535
104364,43.0,131711.19,62.7,17.6,4.1,0,0,1,0.16514644773142761
104365,46.0,73076.88,51.7,12.8,5.8,0,2,1,0.1994869649731234
104366,24.0,34916.19,89.8,3.8,14.9,0,3,1,0.13888616562790673
104367,36.0,68683.86,65.0,5.1,7.1,0,1,1,0.21592874577990084
104368,43.0,92779.14,32.2,11.3,2.8,0,2,1,0.172913201616737
104369,27.0,26897.61,96.6,4.1,7.6,0,3,1,0.12167355439600108
104370,39.0,73102.56,61.7,5.0,13.7,0,1,1,0.1428425586151536
104371,39.0,48077.01,60.1,6.6,7.0,0,1,1,0.21547553951312548
104372,18.0,32312.92,69.7,2.3,11.2,0,3,1,0.15003237200583192
104373,34.0,58758.89,66.2,5.2,5.1,0,1,1,0.20907468504497645
104374,18.0,27260.31,79.3,4.3,7.6,0,3,1,0.15018465990921498
104375,55.0,96799.18,21.2,12.3,7.6,0,2,1,0.14861350184193522
104376,18.0,43549.98,71.9,0.0,10.4,0,3,1,0.11384613904051366
104377,56.0,90204.59,38.1,16.2,4.6,0,2,1,0.14413366071809963
104378,39.0,39284.27,78.5,3.6,9.0,0,3,1,0.18227188925638366
104379,44.0,154151.26,68.0,15.2,12.0,0,0,1,0.13010589857101418
104380,29.0,23837.57,79.7,5.1,12.8,0,3,1,0.1702310683379355
104381,33.0,72960.42,58.2,7.8,4.2,0,1,1,0.19325356770782542
104382,18.0,53325.01,63.4,6.6,9.0,0,3,1,0.11941267306002629
104383,30.0,30096.2,73.7,0.0,5.4,0,3,1,0.1471714524862343
104384,29.0,68212.09,54.8,5.9,5.1,0,1,1,0.19401187189204594
104385,39.0,163271.22,72.9,20.0,1.4,0,0,1,0.059090485183595276
104386,46.0,127808.42,69.2,20.7,6.8,0,0,1,0.1630672417163888
104387,38.0,50639.73,58.4,3.8,6.8,0,1,1,0.20802102178103815
104388,26.0,38372.72,69.8,1.9,8.1,0,3,1,0.2052723949569475
104389,51.0,78517.2,13.4,9.9,3.9,0,2,1,0.11537930153346132
104390,51.0,104441.24,43.4,11.1,0.0,0,2,1,0.14579785183925342
104391,26.0,31943.5,75.4,5.4,11.4,0,3,1,0.2032117522545117
104392,53.0,97802.42,43.5,10.6,1.4,0,2,1,0.1598523610436915
104393,35.0,48854.24,57.5,7.2,6.8,0,1,1,0.2133925786737466
104394,50.0,123266.48,44.4,11.8,4.3,0,2,1,0.17736337996381935
104395,43.0,55476.37,48.3,7.5,8.2,0,1,1,0.18826107088834643
104396,38.0,71238.0,50.7,4.2,5.2,0,1,1,0.1905242763572254
104397,27.0,26689.88,58.7,3.3,8.3,0,3,1,0.18740691274994065
104398,43.0,96273.12,31.1,15.4,4.3,0,2,1,0.16461074500584244
104399,27.0,31900.76,72.0,2.0,13.2,0,3,1,0.18623056562613793
104400,56.0,69544.45,22.5,9.6,7.2,0,2,1,0.12943995994885377
104401,43.0,108448.94,39.0,12.3,2.6,0,2,1,0.17062251518245286
104402,58.0,96940.31,20.6,9.6,0.0,0,2,1,0.08051142510951725
104403,30.0,40203.71,88.9,2.7,5.7,0,3,1,0.15759756977135153
104404,19.0,26304.09,77.5,5.8,14.2,0,3,1,0.12045656250428488
104405,34.0,37040.01,46.3,9.4,7.7,0,1,1,0.18018454577721138
104406,50.0,87726.25,27.5,9.6,10.2,0,2,1,0.12495150799656568
104407,52.0,119288.97,54.5,18.3,7.6,0,0,1,0.15809264062487738
104408,39.0,71537.41,46.3,9.6,5.9,0,1,1,0.20330908468047426
104409,46.0,133411.07,81.2,13.3,10.2,0,0,1,0.14225467699807315
104410,20.0,32423.15,90.4,1.4,7.1,0,3,1,0.13401759647318479
104411,34.0,57144.61,47.5,7.2,7.5,0,1,1,0.2008289164488472
104412,26.0,27279.27,68.6,2.8,9.3,0,3,1,0.20284893431403617
104413,51.0,82906.37,38.3,10.1,3.6,0,2,1,0.18473781615141333
104414,22.0,31807.28,89.9,0.4,2.8,0,3,1,0.07229701167783054
104415,21.0,25368.48,100.0,34.0,11.7,1,0,-1,-0.021332090032261886
104416,55.0,90118.5,39.2,11.2,6.4,0,2,1,0.18839200912199938
104417,37.0,61592.38,58.4,9.9,7.5,0,1,1,0.2149687527815597
104418,19.0,33936.46,82.9,2.7,9.8,0,3,1,0.1703759465639172
104419,19.0,32559.16,65.9,2.5,8.0,0,3,1,0.164961494641857
104420,41.0,79297.37,46.6,7.0,6.1,0,1,1,0.19387873841786607
104421,38.0,63074.06,54.1,7.2,6.4,0,1,1,0.22015389994478135
104422,32.0,27428.6,80.6,4.0,11.3,0,3,1,0.18304181088408644
104423,51.0,118397.48,14.1,9.8,6.0,0,2,1,0.11191994291134022
104424,20.0,26594.18,73.3,1.4,11.9,0,3,1,0.15361396838971453
104425,57.0,96510.19,45.5,9.2,4.2,0,2,1,0.15946706982317438
104426,43.0,72901.71,72.4,5.8,9.8,0,1,1,0.1766308062684031
104427,22.0,35428.08,91.1,1.4,4.4,0,3,1,0.10782904353618006
104428,33.0,34811.61,76.9,2.7,3.7,0,1,1,0.16233700806404883
104429,25.0,28943.94,78.5,3.1,0.0,0,1,1,0.11482147214911143
104430,26.0,33088.46,81.2,2.6,10.1,0,3,1,0.20431872672753726
104431,37.0,65060.78,62.8,7.6,12.5,0,1,1,0.18137116308468032
104432,39.0,130551.14,88.9,17.7,10.8,0,0,1,0.10685462387909506
104433,44.0,134259.14,81.9,19.0,3.4,0,0,1,0.13270504824177304
104434,37.0,50895.11,70.7,10.5,12.6,0,1,1,0.1568098390996595
104435,54.0,87107.19,38.2,10.1,11.0,0,2,1,0.12374590774119365
104436,58.0,100207.4,45.0,11.0,0.7,0,2,1,0.12800584409130167
104437,32.0,142093.03,69.9,19.0,8.0,0,0,1,0.13471080696476367
104438,26.0,36671.84,63.4,4.7,8.8,0,3,1,0.20903329602024395
104439,39.0,73408.05,68.3,7.3,7.5,0,1,1,0.21253274088603685
104440,40.0,45246.87,48.5,6.4,3.0,0,1,1,0.1562474592947607
104441,23.0,30120.23,78.9,2.9,13.2,0,3,1,0.18534233409618123
104442,39.0,61207.29,54.7,6.9,6.9,0,1,1,0.21864033902351815
104443,56.0,103270.31,62.7,15.9,8.8,0,0,1,0.13555043372982173
104444,44.0,125558.59,81.0,18.7,10.8,0,0,1,0.14696919374645107
104445,30.0,19725.18,84.9,0.4,10.7,0,3,1,0.13789274326074924
104446,36.0,61662.81,46.0,9.1,3.1,0,1,1,0.17523532756511961
104447,40.0,46020.1,57.8,10.6,14.1,0,1,1,0.1177399075036914
104448,28.0,54137.35,52.8,11.5,6.8,0,1,1,0.1725622931661992
104449,57.0,100124.99,23.0,8.3,2.2,0,2,1,0.10118370189071935
104450,36.0,33483.85,88.5,0.2,9.0,0,3,1,0.12903696197769066
104451,47.0,112502.59,71.4,16.2,10.5,0,0,1,0.15719944164089594
104452,45.0,157221.31,80.7,17.5,11.0,0,0,1,0.12690769401129887
104453,49.0,105699.81,15.3,10.5,10.9,0,2,1,0.07700551326663685
104454,55.0,105454.03,26.8,9.8,3.2,0,2,1,0.16060545814707788
104455,36.0,83365.45,68.2,7.2,7.2,0,1,1,0.19782944481737375
104456,40.0,47282.24,38.8,8.5,7.2,0,1,1,0.17569276346923807
104457,18.0,19933.49,86.9,2.0,11.2,0,3,1,0.11577299801667396
104458,51.0,94414.51,29.1,11.8,5.7,0,2,1,0.1854851562155389
104459,23.0,30082.94,84.1,4.3,6.6,0,3,1,0.18186953895608987
104460,43.0,126801.18,72.1,20.9,9.1,0,0,1,0.15405674299526118
104461,47.0,64450.67,56.3,7.0,7.4,0,1,1,0.20174547416970623
104462,38.0,50929.64,55.7,5.6,10.1,0,1,1,0.19405147057534794
104463,26.0,63751.04,42.8,7.9,5.8,0,1,1,0.14712125077187882
104464,34.0,163744.21,46.8,17.9,10.1,0,0,1,0.07933449037198936
104465,31.0,22725.5,72.8,5.2,13.5,0,3,1,0.15673547566728752
104466,30.0,46754.71,72.9,3.7,9.0,0,3,1,0.2081761752531538
104467,18.0,31481.58,58.1,2.0,5.6,0,3,1,0.10844197260599753
104468,54.0,81687.2,17.1,13.7,2.2,0,2,1,0.11008398702442024
104469,41.0,115360.52,83.5,18.5,6.2,0,0,1,0.15956392417785625
104470,18.0,46461.25,97.8,5.9,7.9,0,3,1,0.06615884939689187
104471,40.0,150096.77,63.1,16.0,12.4,0,0,1,0.1334224581548497
104472,24.0,25549.55,87.5,1.9,4.1,0,3,1,0.1264414429785808
104473,46.0,86167.96,37.2,12.3,7.7,0,2,1,0.1889587422985245
104474,23.0,29317.84,90.5,5.0,9.4,0,3,1,0.1677770401850297
104475,37.0,56695.4,46.4,11.4,5.4,0,1,1,0.18874749572491606
104476,53.0,69087.56,42.4,9.6,9.0,0,2,1,0.1506250743025908
104477,45.0,68312.53,100.0,34.1,6.9,1,0,-1,-0.023416304643138264
104478,26.0,32516.93,87.8,1.2,14.6,0,3,1,0.13352369063395542
104479,41.0,121203.85,75.6,18.9,2.8,0,0,1,0.12258537031965278
104480,41.0,85264.34,65.2,16.7,8.9,0,0,1,0.1700628610643482
104481,32.0,55850.31,71.0,11.1,4.2,0,1,1,0.18070254346656894
104482,57.0,101631.5,17.6,10.4,0.0,0,2,1,0.08002584255350842
104483,54.0,76586.87,36.3,17.1,8.8,0,2,1,0.10681989182145435
104484,20.0,26189.41,90.9,1.0,13.0,0,3,1,0.10349472827807626
104485,57.0,157020.54,83.8,20.1,6.3,0,0,1,0.08551209522163306
104486,37.0,51326.18,70.9,4.8,9.1,0,1,1,0.1991048074409138
104487,58.0,86592.92,27.8,11.7,1.3,0,2,1,0.13109546480434275
104488,25.0,26718.25,69.6,4.1,11.9,0,3,1,0.18589598122188672
104489,35.0,43625.91,69.7,6.1,13.2,0,3,1,0.17460185321063404
104490,35.0,63515.28,53.7,7.5,17.4,0,3,1,0.08449494649657985
104491,34.0,76243.83,58.9,9.3,1.2,0,1,1,0.15229188476393457
104492,53.0,148593.84,69.3,19.8,8.4,0,0,1,0.1232337847003585
104493,37.0,78933.35,90.3,17.6,6.2,0,0,1,0.08878931519168054
104494,21.0,40435.34,73.1,4.3,9.0,0,3,1,0.1831758955491833
104495,18.0,37191.4,89.0,1.6,9.9,0,3,1,0.12800652676220375
104496,36.0,66967.59,77.7,6.4,6.0,0,1,1,0.18305822930011606
104497,35.0,51484.88,40.8,7.3,8.6,0,1,1,0.17382280913994685
104498,36.0,61300.2,49.0,7.5,7.5,0,1,1,0.20617673510649603
104499,45.0,148156.64,75.9,20.6,9.7,0,0,1,0.1367211426113938
104500,54.0,65203.06,45.5,11.4,4.2,0,2,1,0.16974592913975678
104501,18.0,44037.67,53.3,6.0,11.3,0,3,1,0.10197115355184827
104502,26.0,84726.19,63.1,2.3,5.7,0,1,1,0.13481209641031305
104503,55.0,124296.37,30.9,6.7,8.4,0,2,1,0.1036083296156185
104504,38.0,37084.7,61.4,7.9,6.0,0,1,1,0.19554071964889091
104505,20.0,28487.95,74.7,3.7,12.4,0,3,1,0.1722721053968691
104506,25.0,64856.65,62.9,7.3,5.8,0,1,1,0.17740528947367729
104507,43.0,77003.53,54.3,6.8,9.3,0,1,1,0.1849581268545149
104508,30.0,27302.58,67.5,3.5,6.6,0,1,1,0.1995249931236729
104509,42.0,80971.57,39.2,15.1,1.9,0,2,1,0.14247561459348435
104510,35.0,63735.88,51.5,5.5,8.0,0,1,1,0.20311657318932086
104511,46.0,81877.23,33.0,12.6,0.0,0,2,1,0.13849008407150043
104512,35.0,47594.05,51.2,8.6,6.8,0,1,1,0.20357292369607022
104513,51.0,138180.62,81.7,19.6,8.0,0,0,1,0.12934877501572534
104514,18.0,31394.47,72.7,1.9,10.5,0,3,1,0.1572089413121291
104515,18.0,26966.66,67.9,2.5,7.7,0,3,1,0.14802255515842633
104516,32.0,63511.77,53.5,7.0,3.7,0,1,1,0.19107935377206786
104517,32.0,84775.65,51.0,2.8,8.0,0,1,1,0.15383758487268007
104518,32.0,64721.33,57.1,8.1,6.7,0,1,1,0.21222924273045857
104519,51.0,114629.44,12.8,9.3,1.5,0,2,1,0.07834331157704622
104520,18.0,29238.73,72.2,4.9,9.7,0,3,1,0.15360590590094636
104521,23.0,29812.13,67.5,4.8,13.6,0,3,1,0.16452030671599466
104522,30.0,80079.82,51.3,5.5,8.4,0,1,1,0.17754715098037716
104523,55.0,93781.38,31.5,14.3,2.1,0,2,1,0.15726253423350256
104524,43.0,182683.44,58.6,17.1,11.1,0,0,1,0.0917463470727704
104525,55.0,110287.7,21.8,12.6,3.1,0,2,1,0.14189192747230783
104526,63.0,108840.36,34.8,12.6,4.2,0,2,1,0.12319004171482068
104527,55.0,80357.26,48.7,9.4,4.6,0,2,1,0.1694775555231431
104528,48.0,95732.35,44.9,8.6,3.5,0,2,1,0.17362579960801855
104529,18.0,30390.76,63.6,3.3,8.7,0,3,1,0.15036622835616226
104530,56.0,116008.34,35.1,13.8,8.1,0,2,1,0.1414284795157545
104531,47.0,119538.25,34.6,10.0,4.9,0,2,1,0.18199206631558468
104532,36.0,46297.75,47.0,10.3,7.8,0,1,1,0.17899878098551003
104533,59.0,87876.6,27.0,8.6,6.9,0,2,1,0.11725567135586884
104534,38.0,57451.8,50.1,9.3,6.5,0,1,1,0.21206823899520943
104535,35.0,55295.4,53.9,8.1,2.8,0,1,1,0.17961108628520783
104536,24.0,37504.17,77.2,5.1,14.0,0,3,1,0.17070786274734667
104537,57.0,85812.93,34.6,12.7,2.6,0,2,1,0.15768176861292338
104538,40.0,125804.5,97.4,17.5,11.2,0,0,1,0.07056199857751111
104539,20.0,41802.22,74.2,3.1,4.5,0,3,1,0.13936984502455618
104540,42.0,76878.73,46.1,9.3,3.0,0,2,1,0.18044672540029283
104541,27.0,30341.29,91.4,3.5,12.8,0,3,1,0.1599731174246884
104542,30.0,30323.66,77.7,0.8,9.1,0,3,1,0.1821850294764239
104543,53.0,159045.72,61.6,21.3,9.2,0,0,1,0.09381059144453852
104544,40.0,67474.3,62.2,3.0,10.3,0,1,1,0.17720865730511842
104545,25.0,73338.43,59.0,8.7,7.5,0,1,1,0.16162225205077468
104546,29.0,32093.01,80.8,3.8,15.6,0,3,1,0.14275636095161554
104547,46.0,106815.31,66.4,19.2,11.8,0,0,1,0.14079239870172722
104548,20.0,44901.7,79.8,3.8,6.2,0,3,1,0.1443086879773393
104549,58.0,87377.09,27.5,11.4,8.1,0,2,1,0.14096543855871424
104550,38.0,52077.81,52.7,9.8,6.3,0,1,1,0.20001382799197892
104551,27.0,36637.66,43.8,5.5,7.4,0,1,1,0.16925018750116066
104552,50.0,121322.36,49.5,13.0,6.2,0,2,1,0.1877293984744885
104553,29.0,40237.42,93.6,3.2,7.8,0,3,1,0.15102130779558648
104554,51.0,97175.12,34.5,10.0,5.3,0,2,1,0.19515541758438204
104555,18.0,32491.83,79.5,3.2,12.6,0,3,1,0.14932743997578568
104556,56.0,133007.8,29.8,12.6,4.6,0,2,1,0.12438672049986654
104557,53.0,73370.99,23.2,12.0,0.0,0,2,1,0.11360078104456284
104558,50.0,83927.07,32.0,14.3,0.8,0,2,1,0.132341773932022
104559,28.0,28709.38,73.5,3.9,9.2,0,3,1,0.21395957726408565
104560,48.0,88668.26,17.2,12.8,0.0,0,2,1,0.09367221627036981
104561,47.0,155504.6,88.0,22.4,10.8,0,0,1,0.06189932606940052
104562,21.0,44514.3,66.1,0.0,15.6,0,3,1,0.06304984157275617
104563,27.0,21195.29,64.4,4.1,7.4,0,3,1,0.18260514688319462
104564,39.0,189553.85,93.5,18.3,7.5,0,0,1,0.06595033652889148
104565,29.0,28765.15,55.7,0.0,9.8,0,3,1,0.1538841186648755
104566,56.0,95273.6,43.1,13.8,8.2,0,2,1,0.15551924805528133
104567,53.0,99717.47,34.6,11.5,0.0,0,2,1,0.14424375534562872
104568,30.0,29789.54,73.6,1.9,6.0,0,3,1,0.1942902855439015
104569,52.0,103830.87,27.9,14.1,2.9,0,2,1,0.15973848730614787
104570,44.0,118490.24,37.0,13.7,6.7,0,2,1,0.17594880823415587
104571,31.0,56175.44,68.3,10.7,7.2,0,1,1,0.2028977410087076
104572,40.0,182394.87,65.7,18.7,6.7,0,0,1,0.12540980160873638
104573,25.0,26554.2,74.3,1.7,12.0,0,3,1,0.1792739357243477
104574,37.0,71823.04,49.7,6.6,8.9,0,1,1,0.19821849449053608
104575,47.0,103566.24,75.2,16.4,10.7,0,0,1,0.14467450484835015
104576,33.0,16955.35,71.4,3.5,10.0,0,3,1,0.17634610263113948
104577,48.0,141992.42,66.7,16.0,4.4,0,0,1,0.15669200381193138
104578,20.0,28745.04,81.8,2.7,8.0,0,3,1,0.17473036621479665
104579,31.0,54158.67,52.4,5.5,9.0,0,1,1,0.20130912173514176
104580,31.0,25225.88,89.2,4.4,10.5,0,3,1,0.16260665106911526
104581,60.0,92088.41,39.0,12.2,4.1,0,2,1,0.15780129157497869
104582,54.0,95793.81,39.7,10.7,2.1,0,2,1,0.17355309663199925
104583,40.0,130807.1,82.1,17.1,10.0,0,0,1,0.14597928744182187
104584,44.0,128876.17,85.1,19.5,8.0,0,0,1,0.14298819951157737
104585,52.0,96602.72,19.7,10.4,5.4,0,2,1,0.1580860534315252
104586,44.0,82215.62,31.1,17.8,6.0,0,2,1,0.13176615835717892
104587,41.0,53014.56,61.6,3.5,6.0,0,1,1,0.193899582258452
104588,46.0,104277.04,75.9,19.0,6.2,0,0,1,0.1678521119043932
104589,48.0,82769.37,31.5,11.4,5.5,0,2,1,0.18348727187835523
104590,40.0,180373.58,87.9,18.5,7.0,0,0,1,0.08948611022791719
104591,21.0,33824.53,82.9,2.6,8.8,0,3,1,0.17959907334239272
104592,38.0,62770.5,52.3,7.2,5.2,0,1,1,0.2148382273412066
104593,48.0,94914.89,29.3,10.5,7.1,0,2,1,0.18389220261240863
104594,22.0,42617.76,84.3,1.4,13.5,0,3,1,0.13971321820739657
104595,20.0,43366.48,80.3,4.1,10.1,0,3,1,0.16595501121982553
104596,44.0,134226.44,62.7,18.7,11.1,0,0,1,0.15244934272758448
104597,30.0,79191.69,64.0,6.1,5.6,0,1,1,0.18976969798049614
104598,33.0,37407.05,89.4,2.5,11.7,0,3,1,0.15568088465255991
104599,38.0,60050.9,59.1,9.2,11.8,0,1,1,0.18472095054703352
104600,35.0,47346.29,74.4,10.3,8.2,0,1,1,0.19073402975350462
104601,61.0,100602.22,25.9,9.4,0.0,0,2,1,0.07462536264977859
104602,43.0,128250.61,66.2,17.8,10.6,0,0,1,0.17022178905075874
104603,40.0,121972.08,67.2,19.8,7.8,0,0,1,0.1708941020669043
104604,53.0,121556.7,63.4,13.3,5.6,0,0,1,0.1628094832301149
104605,46.0,101301.62,35.6,13.8,2.8,0,2,1,0.16972817155090264
104606,37.0,68754.39,77.0,10.1,10.8,0,1,1,0.1739189921273408
104607,47.0,129130.57,79.3,16.5,7.4,0,0,1,0.1656775927674775
104608,33.0,35098.77,80.3,3.7,9.7,0,3,1,0.20270599793771837
104609,18.0,24717.13,84.2,1.2,9.7,0,3,1,0.12026909661563484
104610,37.0,121890.08,72.0,19.8,11.4,0,0,1,0.12884209407461267
104611,39.0,147728.92,57.7,18.1,10.9,0,0,1,0.14538576202653802
104612,36.0,76683.07,66.4,7.5,6.3,0,1,1,0.20644895312640427
104613,49.0,70068.77,22.0,14.0,8.5,0,2,1,0.1196803704049994
104614,31.0,62760.97,42.3,5.0,7.8,0,1,1,0.17507517285431906
104615,33.0,40615.28,75.2,6.9,3.7,0,1,1,0.1743976097332819
104616,37.0,61097.52,62.2,6.3,7.9,0,1,1,0.22132892384772884
104617,29.0,24407.26,71.1,4.7,8.3,0,3,1,0.19988362303211527
104618,36.0,56750.42,53.9,6.0,3.2,0,1,1,0.18561950779741904
104619,38.0,73855.3,56.2,8.9,5.5,0,1,1,0.21198558114797678
104620,33.0,66583.38,62.3,6.8,9.0,0,1,1,0.20813847563304705
104621,18.0,30249.12,87.6,4.9,12.5,0,3,1,0.1334426119470254
104622,48.0,130611.98,54.9,17.5,9.9,0,0,1,0.15546977635029163
104623,56.0,86000.76,100.0,47.2,2.4,1,0,-1,-0.06444386831054016
104624,34.0,126715.93,72.5,17.8,7.0,0,0,1,0.15378419263823717
104625,21.0,28700.63,72.4,4.4,10.0,0,3,1,0.1866339608102084
104626,68.0,89317.04,39.4,11.4,3.0,0,2,1,0.11227344716477883
104627,51.0,165138.22,54.5,16.0,7.6,0,0,1,0.1292830303872083
104628,33.0,45167.07,59.2,3.2,7.4,0,1,1,0.20302564040319476
104629,28.0,37026.96,76.6,6.0,11.0,0,3,1,0.20541602457243446
104630,28.0,27759.12,93.2,3.0,14.7,0,3,1,0.10988449361768582
104631,31.0,33483.99,82.1,2.6,7.5,0,3,1,0.19416280283019105
104632,39.0,68071.51,41.8,6.8,9.6,0,1,1,0.17080005920272906
104633,43.0,70094.53,42.8,4.9,6.0,0,1,1,0.17040439594529616
104634,31.0,28503.24,88.6,1.8,11.6,0,3,1,0.15452787749470925
104635,47.0,91685.79,23.7,14.9,1.9,0,2,1,0.13795124683797977
104636,18.0,22632.41,77.1,2.1,11.9,0,3,1,0.1293641438810063
104637,35.0,75012.18,54.1,9.1,4.1,0,1,1,0.19186396083975
104638,44.0,80920.91,23.7,9.5,5.2,0,2,1,0.1601125146079027
104639,23.0,32816.63,83.3,0.0,11.7,0,3,1,0.1512618470378121
104640,18.0,28677.52,59.1,4.3,4.9,0,3,1,0.10582885390947927
104641,18.0,25505.13,76.7,2.7,12.4,0,3,1,0.13587469585762674
104642,23.0,37562.84,81.8,1.1,8.0,0,3,1,0.1806576262670081
104643,44.0,75698.13,66.2,8.9,8.4,0,1,1,0.19766285414634283
104644,26.0,32286.36,95.0,2.1,10.7,0,3,1,0.14406842048949936
104645,18.0,23759.07,96.2,4.2,9.4,0,3,1,0.09631121553278765
104646,43.0,105775.32,67.7,15.1,7.1,0,0,1,0.183788940114326
104647,46.0,151423.19,87.9,18.6,0.6,0,0,1,0.039952102529312694
104648,34.0,27157.61,79.6,3.2,10.7,0,3,1,0.1827272427874893
104649,36.0,62732.95,44.8,12.2,9.0,0,1,1,0.1774349310177824
104650,36.0,82555.23,47.3,8.7,5.3,0,1,1,0.19575887622293608
104651,45.0,150696.21,48.6,15.1,12.8,0,0,1,0.09197242443030207
104652,42.0,190439.82,85.1,17.6,7.1,0,0,1,0.09615516366783239
104653,32.0,44113.39,75.1,6.1,13.1,0,3,1,0.18471849233454063
104654,30.0,32582.6,71.3,0.9,6.1,0,3,1,0.1829999663519118
104655,46.0,62122.14,46.6,9.0,5.6,0,1,1,0.19506058425913053
104656,40.0,192113.85,58.7,18.5,6.2,0,0,1,0.10815866284786813
104657,39.0,103110.86,72.6,16.3,9.8,0,0,1,0.16468850139427788
104658,24.0,30199.28,69.3,5.9,12.2,0,3,1,0.17913271235499378
104659,49.0,71757.59,16.1,14.3,6.7,0,2,1,0.10926786053867754
104660,29.0,31307.14,86.1,5.1,9.8,0,3,1,0.18865960228622353
104661,50.0,78305.55,39.3,13.1,2.8,0,2,1,0.16506726286125123
104662,42.0,134524.17,79.9,15.3,4.7,0,0,1,0.1484220261935839
104663,31.0,60342.38,61.2,4.9,9.7,0,1,1,0.20709511872791297
104664,31.0,34383.47,89.2,1.2,7.3,0,3,1,0.16860761688002024
104665,55.0,94343.31,26.1,14.9,4.9,0,2,1,0.16703267307090586
104666,40.0,54475.35,100.0,47.0,10.1,1,0,-1,-0.0522442408096071
104667,40.0,144249.93,77.6,22.0,6.7,0,0,1,0.13640427309039072
104668,37.0,68605.1,43.9,2.7,4.0,0,1,1,0.15490210604533872
104669,48.0,183253.45,62.8,15.6,12.6,0,0,1,0.07006948072453445
104670,21.0,29858.49,92.6,5.6,12.8,0,3,1,0.12502042673180047
104671,18.0,24751.3,89.2,3.6,7.7,0,3,1,0.12792401260812258
104672,34.0,74398.6,73.3,7.0,4.9,0,1,1,0.18698053341783333
104673,23.0,39736.06,91.2,3.4,8.4,0,3,1,0.15928680036535048
104674,41.0,80112.06,43.5,6.5,10.5,0,1,1,0.14828389719531704
104675,52.0,86645.17,36.9,12.7,0.6,0,2,1,0.14964712052450335
104676,24.0,34115.84,73.1,1.4,8.4,0,3,1,0.1989346456654862
104677,19.0,36899.57,68.2,3.4,8.9,0,3,1,0.17094713612132595
104678,20.0,39898.85,76.7,1.7,7.7,0,3,1,0.1648229094397901
104679,26.0,36761.15,90.7,2.7,9.3,0,3,1,0.16925402449060645
104680,44.0,144211.54,64.3,20.9,8.1,0,0,1,0.1536489799951063
104681,46.0,150696.26,76.0,16.0,8.0,0,0,1,0.15284924379100367
104682,35.0,41142.09,79.6,2.3,3.3,0,1,1,0.14313743960098874
104683,50.0,93659.03,31.8,11.5,5.9,0,2,1,0.18656728268172384
104684,47.0,99662.34,33.9,10.2,9.0,0,2,1,0.18194611906327007
104685,47.0,120182.73,77.2,15.2,6.0,0,0,1,0.161680519286169
104686,43.0,65922.91,60.7,9.0,8.8,0,1,1,0.20161031142604102
104687,35.0,72450.28,41.1,5.7,6.7,0,1,1,0.18579142873948573
104688,39.0,58373.01,40.2,3.2,6.8,0,1,1,0.16610157634098888
104689,41.0,117068.57,61.2,18.3,11.9,0,0,1,0.14745006659426652
104690,53.0,117496.8,31.3,12.9,8.1,0,2,1,0.15246370552383975
104691,35.0,62289.85,54.3,8.2,9.7,0,1,1,0.19630953161506992
104692,26.0,30678.41,63.0,2.9,9.4,0,3,1,0.19911739918536847
104693,53.0,96997.15,50.7,10.6,0.0,0,2,1,0.13876585327301738
104694,37.0,124032.7,100.0,49.9,4.5,1,0,-1,-0.02132081363581506
104695,38.0,71478.26,42.5,3.5,4.6,0,1,1,0.15931417706930862
104696,55.0,97449.18,27.5,13.5,4.4,0,2,1,0.17782265189258922
104697,35.0,43983.87,50.3,10.9,6.0,0,1,1,0.18053163547336654
104698,31.0,57734.07,59.2,8.8,8.9,0,1,1,0.2103834724691494
104699,33.0,76190.8,66.1,6.1,6.6,0,1,1,0.20146982805059005
104700,55.0,113377.43,19.8,12.1,3.9,0,2,1,0.13154209252191545
104701,40.0,125489.81,82.5,19.1,14.3,0,0,1,0.08227836554450263
104702,33.0,63530.42,61.1,8.8,11.1,0,1,1,0.18911463440182485
104703,36.0,49782.31,50.9,7.3,10.4,0,1,1,0.18647113419368588
104704,29.0,48942.77,65.6,4.4,3.6,0,1,1,0.1789492905151493
104705,30.0,30725.19,75.0,5.7,6.8,0,3,1,0.19752550252392426
104706,30.0,80182.01,60.3,8.4,6.1,0,1,1,0.18364521390254795
104707,23.0,27946.31,81.2,4.7,10.6,0,3,1,0.19957264904685118
104708,41.0,69392.34,47.5,6.7,5.7,0,1,1,0.20292042543598232
104709,28.0,34658.74,79.3,5.0,4.4,0,1,1,0.16632917803366948
104710,33.0,56215.92,60.5,8.1,7.0,0,1,1,0.21546780387978715
104711,45.0,101955.8,36.3,9.1,3.1,0,2,1,0.1717590255358209
104712,26.0,41522.48,67.1,4.6,6.8,0,3,1,0.2008275865767442
104713,46.0,74281.79,41.1,12.3,3.1,0,2,1,0.17988855419564875
104714,45.0,141028.7,73.1,17.4,4.9,0,0,1,0.16604430471232162
104715,60.0,118947.38,50.9,10.9,2.0,0,2,1,0.10757545724787143
104716,22.0,38186.86,78.0,1.9,11.1,0,3,1,0.1853446606429942
104717,32.0,46873.84,59.3,6.0,7.0,0,1,1,0.21316176306759177
104718,39.0,79745.46,34.5,9.0,0.0,0,2,1,0.12984053607640145
104719,36.0,69829.65,49.1,6.5,6.3,0,1,1,0.208361210292336
104720,18.0,38819.18,76.2,2.7,11.1,0,3,1,0.15985850042269462
104721,28.0,72266.47,68.5,7.3,8.4,0,1,1,0.1910968734423561
104722,34.0,71634.36,49.8,6.9,7.1,0,1,1,0.20576085408641548
104723,24.0,38158.17,99.9,2.8,11.4,0,3,1,0.12217264833624619
104724,48.0,112645.86,29.8,18.3,0.0,0,2,1,0.07438240457955825
104725,35.0,37709.44,100.0,41.8,7.2,1,0,-1,-0.03806284143207794
104726,34.0,47530.03,56.5,6.9,9.5,0,1,1,0.19940150877207302
104727,55.0,127073.39,44.5,19.3,6.3,0,2,1,0.13305951485891476
104728,33.0,31800.79,70.4,1.0,11.9,0,3,1,0.16837717461422574
104729,51.0,120097.79,32.9,14.8,0.0,0,2,1,0.10946041266634021
104730,27.0,71253.73,53.4,6.5,4.0,0,1,1,0.1613024308034789
104731,31.0,69094.04,57.8,4.9,9.4,0,1,1,0.1932720882717685
104732,49.0,137257.43,82.0,16.0,9.7,0,0,1,0.13033644752798101
104733,37.0,53166.18,78.5,7.5,5.2,0,1,1,0.18495590906271858
104734,24.0,26990.56,66.4,2.1,8.9,0,3,1,0.19094827231278855
104735,39.0,171528.06,64.3,16.1,4.4,0,0,1,0.11847488369089731
104736,46.0,112569.42,37.6,13.4,7.1,0,2,1,0.1859809863911323
104737,50.0,120175.3,28.7,9.8,5.1,0,2,1,0.16082884649840457
104738,25.0,32823.45,88.2,3.2,10.9,0,3,1,0.18606963725478975
104739,31.0,33536.08,82.9,0.2,21.2,0,3,1,0.05283343397819229
104740,44.0,85777.47,29.3,16.2,2.2,0,2,1,0.12479859037513452
104741,26.0,28758.47,67.6,4.1,7.8,0,3,1,0.20699587935134556
104742,25.0,35609.75,97.1,0.5,9.5,0,3,1,0.12327199182852883
104743,51.0,95015.87,60.7,11.7,0.0,0,2,1,0.1343092424159384
104744,35.0,60678.91,55.6,5.6,3.0,0,1,1,0.17943771555221905
104745,35.0,33833.37,76.1,7.3,7.4,0,1,1,0.1907136446165006
104746,27.0,24805.41,85.5,0.7,11.4,0,3,1,0.15699342786638087
104747,46.0,63042.9,36.1,7.1,8.4,0,1,1,0.16414531213099887
104748,57.0,120198.41,50.2,11.7,2.0,0,2,1,0.13023157237569216
104749,37.0,126393.27,1.0,29.1,5.2,1,2,-1,-0.023160151225466774
104750,27.0,28276.23,81.7,1.4,10.9,0,3,1,0.18891044335121365
104751,20.0,21044.62,87.6,1.6,9.3,0,3,1,0.1311449830469577
104752,33.0,68076.37,61.3,8.1,5.4,0,1,1,0.2095307846761742
104753,36.0,66654.08,73.5,7.6,4.0,0,1,1,0.1871505070357144
104754,37.0,60158.62,38.0,3.3,6.8,0,1,1,0.16884858041752793
104755,43.0,132572.31,80.8,16.1,3.8,0,0,1,0.13929095372326916
104756,32.0,55194.9,57.4,5.4,0.6,0,1,1,0.15430253490518664
104757,23.0,63374.46,46.7,3.0,8.9,0,1,1,0.12807976708079016
104758,51.0,137619.64,74.7,18.6,1.1,0,0,1,0.07532402837107699
104759,28.0,39141.72,96.4,2.1,6.6,0,3,1,0.12885585822014922
104760,50.0,152572.54,80.7,16.7,8.8,0,0,1,0.13212695423712145
104761,31.0,61941.52,54.5,11.7,8.6,0,1,1,0.1961399320499469
104762,25.0,61982.64,61.7,6.1,3.7,0,1,1,0.16029961069059756
104763,46.0,115773.04,77.8,15.9,6.4,0,0,1,0.16555382683528502
104764,41.0,67459.18,58.3,6.9,7.3,0,1,1,0.2153679424854112
104765,32.0,45073.66,63.7,10.1,8.8,0,1,1,0.2016350365960059
104766,25.0,25038.9,86.8,4.0,12.3,0,3,1,0.1672750832566386
104767,57.0,122120.72,23.9,9.4,4.4,0,2,1,0.12243356335331879
104768,47.0,76263.46,47.2,10.0,4.0,0,2,1,0.19222834950087053
104769,18.0,32363.11,89.8,5.4,13.1,0,3,1,0.11817046472541565
104770,52.0,114006.73,39.3,11.1,5.1,0,2,1,0.19715471532475698
104771,56.0,72296.02,24.4,11.7,0.3,0,2,1,0.10562341803631303
104772,30.0,57306.25,67.9,8.9,8.0,0,1,1,0.21013671526767413
104773,25.0,44023.88,72.6,3.5,8.2,0,3,1,0.205190177143168
104774,30.0,75223.27,54.9,8.4,6.3,0,1,1,0.19273153291333373
104775,30.0,26255.92,89.6,4.8,4.6,0,3,1,0.13019198322501951
104776,21.0,37879.97,94.4,4.4,8.8,0,3,1,0.13828101593425374
104777,31.0,68323.86,53.7,6.2,6.3,0,1,1,0.20661811681967807
104778,28.0,42405.12,88.3,3.0,7.3,0,3,1,0.16941641109990518
104779,27.0,41592.95,88.0,3.4,8.5,0,3,1,0.17766544068345247
104780,54.0,114743.26,37.3,11.8,1.9,0,2,1,0.1512545539559338
104781,49.0,52057.21,48.2,7.3,6.4,0,1,1,0.1707535531341608
104782,48.0,166639.23,59.9,16.5,5.4,0,0,1,0.1358940926574787
104783,47.0,150794.16,68.3,18.4,4.6,0,0,1,0.14684045712300947
104784,48.0,72769.65,36.5,12.3,1.0,0,2,1,0.15021420922722156
104785,45.0,166639.31,61.7,17.3,9.5,0,0,1,0.13616867411828026
104786,43.0,105424.65,67.6,17.1,7.5,0,0,1,0.18456127757058244
104787,35.0,79476.63,55.9,3.6,7.3,0,1,1,0.18478206841092626
104788,61.0,92142.32,30.6,11.4,5.8,0,2,1,0.14630609384936094
104789,22.0,23270.09,71.3,2.9,11.6,0,3,1,0.16838176483346312
104790,49.0,89934.74,35.4,10.4,3.7,0,2,1,0.18628614764053814
104791,38.0,48758.7,61.1,4.8,3.8,0,1,1,0.1739648550098114
104792,21.0,39864.81,60.8,2.1,9.9,0,3,1,0.16427449214169926
104793,30.0,43220.15,73.8,4.1,9.7,0,3,1,0.21124716893341233
104794,42.0,146886.39,56.1,17.9,9.4,0,0,1,0.15917112808621525
104795,32.0,67104.67,40.7,7.2,11.0,0,1,1,0.15108990117756338
104796,23.0,26365.7,63.7,3.8,12.8,0,3,1,0.17299139810324765
104797,24.0,29329.14,58.7,3.2,7.9,0,3,1,0.18032550782436568
104798,33.0,80039.2,40.0,3.7,7.7,0,1,1,0.14692324337208673
104799,41.0,126926.22,74.7,18.5,5.1,0,0,1,0.16920907960475878
104800,49.0,95847.44,36.7,13.0,2.3,0,2,1,0.16861771333055492
104801,38.0,72605.88,58.5,6.8,6.3,0,1,1,0.21347376165433374
104802,21.0,26597.24,75.0,3.9,7.3,0,3,1,0.18066111814481822
104803,24.0,30897.33,95.8,4.4,12.1,0,3,1,0.13397328981763656
104804,41.0,55910.05,71.8,7.3,6.9,0,1,1,0.208161859353782
104805,37.0,129879.33,54.3,17.5,6.3,0,0,1,0.15735610473015105
104806,50.0,71300.16,42.0,13.2,9.1,0,2,1,0.16434452828374635
104807,44.0,63743.26,68.2,7.5,5.7,0,1,1,0.20543549961703522
104808,51.0,105925.54,75.9,14.3,4.7,0,0,1,0.15424357292586827
104809,38.0,67299.53,57.1,8.5,6.5,0,1,1,0.2228129472031825
104810,47.0,103236.42,41.2,11.7,4.9,0,2,1,0.19895725850627005
104811,41.0,61421.8,1.0,42.8,6.2,1,2,-1,-0.05375763928010846
104812,60.0,91608.06,38.6,11.4,2.8,0,2,1,0.14751624401190566
104813,32.0,63119.06,52.8,9.5,6.7,0,1,1,0.20807444977947848
104814,43.0,135459.42,75.7,21.0,4.9,0,0,1,0.1448931828696115
104815,37.0,44492.41,70.2,6.8,2.5,0,1,1,0.16100258839421783
104816,18.0,36688.01,61.4,3.6,8.7,0,3,1,0.1472605516735344
104817,23.0,28118.65,68.5,2.0,11.7,0,3,1,0.1776525478958405
104818,35.0,66700.96,55.6,8.2,8.2,0,1,1,0.20782201159400454
104819,33.0,51356.96,67.6,5.4,8.5,0,1,1,0.215221375368706
104820,52.0,87081.63,39.3,14.7,5.9,0,2,1,0.17851231376535376
104821,53.0,122727.32,18.3,9.8,2.6,0,2,1,0.10361568373645336
104822,31.0,37430.75,60.8,2.1,6.0,0,1,1,0.1933732479069808
104823,52.0,110421.33,44.8,12.5,2.7,0,2,1,0.17410699626635195
104824,52.0,106684.09,58.5,9.6,8.8,0,2,1,0.16401017641205262
104825,37.0,71154.03,59.9,9.8,8.0,0,1,1,0.20878894262063669
104826,33.0,67023.27,69.3,7.0,0.8,0,1,1,0.13971138172309439
104827,23.0,32564.77,77.6,2.0,14.0,0,3,1,0.16943043147904047
104828,24.0,63048.79,59.1,11.2,7.0,0,1,1,0.16034522116677935
104829,54.0,97137.71,35.9,15.5,0.7,0,2,1,0.11336905019035759
104830,40.0,159005.12,74.6,17.4,7.8,0,0,1,0.15719908995849247
104831,57.0,103295.03,27.9,12.5,3.9,0,2,1,0.17369770490297415
104832,38.0,58416.77,45.9,8.3,8.6,0,1,1,0.19147359392966734
104833,59.0,72492.48,34.3,11.5,2.8,0,2,1,0.1398138236217173
104834,44.0,76766.53,37.7,11.0,1.5,0,2,1,0.16114183789031494
104835,43.0,88490.73,57.4,4.0,8.2,0,1,1,0.16926358385735574
104836,33.0,105975.76,76.1,15.2,7.1,0,0,1,0.1468937598785539
104837,18.0,32324.05,89.2,1.8,9.9,0,3,1,0.13297317878741183
104838,20.0,27704.25,69.7,4.6,5.8,0,3,1,0.15504872911244416
104839,22.0,34360.55,87.1,3.9,9.8,0,3,1,0.18317413174718244
104840,21.0,37329.82,69.3,1.3,14.1,0,3,1,0.12461818304250993
104841,45.0,149969.28,78.0,17.8,3.7,0,0,1,0.13069220295198658
104842,37.0,61796.51,49.4,4.8,6.9,0,1,1,0.20403952934477376
104843,18.0,31173.97,75.4,2.8,11.2,0,3,1,0.1620563244405233
104844,39.0,54059.69,66.7,6.6,12.3,0,1,1,0.18501384076213034
104845,33.0,44017.56,66.3,7.9,10.6,0,1,1,0.20574227269763762
104846,38.0,88114.5,56.1,9.1,5.4,0,1,1,0.20374553563021397
104847,26.0,35905.41,86.3,4.6,0.3,0,1,1,0.09737860114537866
104848,52.0,85165.66,31.2,11.4,6.9,0,2,1,0.18321899621987714
104849,25.0,29076.67,63.3,6.1,8.1,0,3,1,0.19132534860322759
104850,51.0,131574.66,28.8,11.4,4.7,0,2,1,0.15169182297382244
104851,18.0,22082.44,73.2,2.1,10.4,0,3,1,0.13019149529064317
104852,47.0,102421.07,13.4,11.9,5.1,0,2,1,0.13095761186394933
104853,45.0,135898.03,65.4,17.6,11.7,0,0,1,0.15256367915328117
104854,21.0,37633.92,89.4,0.0,9.6,0,3,1,0.1277667917963562
104855,19.0,23349.44,85.9,3.9,10.8,0,3,1,0.14639867817801766
104856,38.0,145303.7,58.9,18.2,6.0,0,0,1,0.16563383805325793
104857,41.0,57947.3,60.3,7.5,6.8,0,1,1,0.21451084107133456
104858,53.0,100194.64,26.0,12.8,6.6,0,2,1,0.17193986535131112
104859,26.0,29959.96,79.7,2.3,9.6,0,3,1,0.2006413091124407
104860,18.0,39949.18,97.4,1.6,12.4,0,3,1,0.07807737451903873
104861,43.0,51312.88,36.4,10.0,7.0,0,1,1,0.16830209758017206
104862,40.0,141192.95,68.3,23.9,6.4,0,0,1,0.13456467005518807
104863,26.0,39443.34,90.9,5.2,8.7,0,3,1,0.16478924851577403
104864,51.0,57816.65,34.3,12.1,6.2,0,2,1,0.1583905670429302
104865,61.0,107163.39,45.7,12.0,7.9,0,2,1,0.1274936371518422
104866,24.0,38569.89,86.0,3.8,5.4,0,3,1,0.16582215047947474
104867,41.0,66219.99,65.0,7.6,8.5,0,1,1,0.2125007543317632
104868,31.0,29270.2,82.7,1.4,11.7,0,3,1,0.1675556122803445
104869,37.0,54958.39,58.9,5.9,5.9,0,1,1,0.21692130401231174
104870,54.0,99589.62,15.8,12.7,3.1,0,2,1,0.11357943970359208
104871,34.0,49420.95,57.5,6.0,10.8,0,1,1,0.19730797618178159
104872,18.0,26447.8,67.7,3.5,13.5,0,3,1,0.11421754874036216
104873,55.0,76281.53,30.7,10.4,5.5,0,2,1,0.17519738318599254
104874,50.0,70841.15,40.8,14.5,3.5,0,2,1,0.16474224163991058
104875,37.0,45189.68,37.4,3.3,6.9,0,1,1,0.1597927972392646
104876,50.0,104340.58,33.0,14.0,6.6,0,2,1,0.1789999934419268
104877,22.0,26220.19,58.8,5.9,7.2,0,3,1,0.1448732471758169
104878,45.0,97220.56,20.1,12.3,3.0,0,2,1,0.1345772052748535
104879,41.0,71337.53,69.0,7.4,4.4,0,1,1,0.19528942981810793
104880,31.0,56077.43,77.9,6.5,7.5,0,1,1,0.20404871410224457
104881,32.0,33466.57,70.5,4.5,8.7,0,3,1,0.20944063189167123
104882,53.0,103757.88,30.1,12.4,8.8,0,2,1,0.15470051349365666
104883,49.0,117518.86,29.1,15.6,1.4,0,2,1,0.10319004112529062
104884,34.0,78832.13,73.5,8.6,3.8,0,1,1,0.17317493069148582
104885,43.0,140031.47,63.4,19.4,5.7,0,0,1,0.1752562953575973
104886,37.0,99154.14,89.1,17.0,6.5,0,0,1,0.10504579909489609
104887,19.0,39879.25,64.2,0.6,9.0,0,3,1,0.13477512247620205
104888,52.0,106262.66,28.2,15.1,2.0,0,2,1,0.1403583136767182
104889,31.0,49681.87,50.3,4.7,9.3,0,1,1,0.18931333617823787
104890,38.0,136652.71,61.7,15.7,11.3,0,0,1,0.1461503264373339
104891,32.0,39309.45,63.3,0.3,15.9,0,3,1,0.09629300139070751
104892,35.0,46657.28,68.8,7.1,8.7,0,1,1,0.20990100202100703
104893,25.0,58358.77,67.5,5.7,10.7,0,3,1,0.18004171861609558
104894,18.0,31351.54,94.4,0.7,10.8,0,3,1,0.10017678027785071
104895,55.0,96563.01,32.5,10.2,4.6,0,2,1,0.18563472223296745
104896,35.0,45970.95,69.0,5.2,2.8,0,1,1,0.1658439182198086
104897,21.0,26857.94,75.4,0.5,11.3,0,3,1,0.15234295218455246
104898,43.0,63181.45,43.6,5.2,7.7,0,1,1,0.16835067792630803
104899,33.0,108933.89,55.5,18.2,14.5,0,0,1,0.07185188714199942
104900,46.0,108959.24,29.4,9.4,8.7,0,2,1,0.1575787208817322
104901,47.0,66596.39,61.6,7.1,6.6,0,1,1,0.20699824380100684
104902,38.0,69545.48,74.6,6.0,7.4,0,1,1,0.19902539214135317
104903,24.0,37898.6,100.0,5.1,12.4,0,3,1,0.11421035108431143
104904,48.0,171939.05,96.1,14.6,9.8,0,0,1,0.04732479814480883
104905,39.0,111268.14,40.5,10.9,0.0,0,2,1,0.13162222639191334
104906,52.0,98810.6,34.4,10.8,1.3,0,2,1,0.1635293762249539
104907,43.0,119792.71,80.1,17.8,2.8,0,0,1,0.12210538003735455
104908,25.0,34385.74,94.2,4.9,7.3,0,3,1,0.15237076006483347
104909,59.0,71298.85,35.3,13.5,8.4,0,2,1,0.12330735053128133
104910,33.0,39342.41,76.6,4.2,10.7,0,3,1,0.20628465570764887
104911,20.0,31334.0,96.0,4.3,16.2,0,3,1,0.048846526880995556
104912,31.0,57741.82,62.2,8.5,6.6,0,1,1,0.21873478785520156
104913,40.0,70849.41,44.1,8.5,10.2,0,1,1,0.1710032787962738
104914,44.0,93632.98,69.2,18.9,5.4,0,0,1,0.17688199719973974
104915,41.0,70142.23,59.3,7.0,7.6,0,1,1,0.21471690494446438
104916,43.0,107605.72,67.7,18.1,12.3,0,0,1,0.14865031895009972
104917,55.0,120176.64,21.0,11.3,10.2,0,2,1,0.0906303705113346
104918,48.0,81953.94,32.3,16.0,2.0,0,2,1,0.1331150955297472
104919,46.0,149879.26,52.7,18.0,6.3,0,0,1,0.14397291408543939
104920,39.0,81408.02,54.6,6.3,14.6,0,1,1,0.1259233065127477
104921,32.0,47012.1,71.8,6.9,7.8,0,1,1,0.21238513405691517
104922,35.0,23918.84,76.0,0.5,11.0,0,3,1,0.14140507840924488
104923,21.0,25243.88,85.3,3.0,6.2,0,3,1,0.14964481973636384
104924,37.0,145236.77,55.3,18.5,12.0,0,0,1,0.11823113178200262
104925,39.0,55043.69,60.7,4.5,7.4,0,1,1,0.21066828408140648
104926,34.0,50400.84,64.2,3.0,3.4,0,1,1,0.17363789810178382
104927,19.0,29092.31,91.0,4.5,10.3,0,3,1,0.14469113111959891
104928,36.0,61868.79,71.7,3.4,9.3,0,1,1,0.20313964110659044
104929,49.0,103601.13,40.1,13.5,8.8,0,2,1,0.16707860724803653
104930,29.0,73220.76,57.4,6.1,13.1,0,3,1,0.16031744818820737
104931,56.0,87865.8,44.6,11.9,2.7,0,2,1,0.15433837193632638
104932,49.0,100208.03,28.9,12.3,6.7,0,2,1,0.17465105938067704
104933,53.0,128798.17,35.1,14.7,6.9,0,2,1,0.1479224319653139
104934,32.0,43359.32,60.4,3.5,9.7,0,1,1,0.2052905969118608
104935,53.0,88204.46,29.6,9.8,4.3,0,2,1,0.17609430175277224
104936,29.0,29156.31,74.7,1.6,7.0,0,3,1,0.19380790955221927
104937,35.0,65830.3,70.6,4.6,6.9,0,1,1,0.20465395858653562
104938,58.0,74841.87,47.7,11.1,6.1,0,2,1,0.15796514953675034
104939,51.0,102844.6,51.1,11.8,7.0,0,2,1,0.18730660245353858
104940,25.0,27472.53,76.5,2.6,5.8,0,3,1,0.18120692278812384
104941,45.0,156580.88,80.1,20.9,10.9,0,0,1,0.10460603149724645
104942,21.0,29752.44,86.4,3.8,9.9,0,3,1,0.17429152226141137
104943,48.0,85924.73,40.8,8.1,0.0,0,2,1,0.13803035184742773
104944,46.0,126556.3,76.7,21.2,5.0,0,0,1,0.13996832956030458
104945,28.0,58915.4,51.2,6.9,8.6,0,1,1,0.19485727139929954
104946,45.0,141165.55,82.6,19.3,7.5,0,0,1,0.15807114454486543
104947,55.0,68569.99,45.6,12.0,0.4,0,2,1,0.12457487156791203
104948,50.0,112741.94,27.3,12.8,6.6,0,2,1,0.1628840319173911
104949,52.0,80215.46,34.4,9.2,2.5,0,2,1,0.15637752351518996
104950,46.0,94197.85,22.3,12.2,7.4,0,2,1,0.1656412766706975
104951,30.0,24826.25,71.3,4.7,12.1,0,3,1,0.18016637190562712
104952,49.0,86681.37,35.8,8.3,5.6,0,2,1,0.1684973639836566
104953,29.0,29758.72,63.8,5.8,10.7,0,3,1,0.1972037299881681
104954,47.0,106707.46,58.8,18.8,11.1,0,0,1,0.13829536584226276
104955,18.0,31413.62,62.1,1.6,9.2,0,3,1,0.14217693922306768
104956,26.0,19870.73,91.2,2.7,13.9,0,3,1,0.10502578604367863
104957,46.0,161477.97,92.2,16.4,8.4,0,0,1,0.09554991943107949
104958,19.0,31411.27,85.2,5.3,8.9,0,3,1,0.15985929314805253
104959,30.0,62818.1,49.5,5.8,9.0,0,1,1,0.18879516100739635
104960,54.0,109264.86,31.6,14.0,4.0,0,2,1,0.17670441049784696
104961,23.0,25670.9,57.1,0.0,10.6,0,3,1,0.14012914745530264
104962,19.0,22523.28,73.8,3.6,11.2,0,3,1,0.16015002209476858
104963,36.0,61320.79,52.6,8.3,6.5,0,1,1,0.21603424206009497
104964,24.0,37977.99,85.9,2.6,9.0,0,3,1,0.18752336150715443
104965,22.0,20357.51,89.0,1.6,12.6,0,3,1,0.12460878699693234
104966,24.0,40016.0,83.3,4.8,8.2,0,3,1,0.19215806374518302
104967,30.0,63646.39,38.8,6.1,3.4,0,1,1,0.1518021594144499
104968,32.0,68647.93,63.3,6.7,8.0,0,1,1,0.21090888053627932
104969,21.0,45977.57,81.0,1.8,12.6,0,3,1,0.14428658591045151
104970,58.0,81760.86,20.8,9.6,2.0,0,2,1,0.0964896171248335
104971,52.0,67141.88,30.8,11.6,5.0,0,2,1,0.17492879443752818
104972,27.0,34312.89,95.9,5.2,10.7,0,3,1,0.13966862188301143
104973,31.0,54461.45,43.7,7.3,8.0,0,1,1,0.18277557587317533
104974,47.0,146736.42,82.5,20.1,4.9,0,0,1,0.12678022333047573
104975,49.0,94811.24,27.9,11.5,4.9,0,2,1,0.18420217055756272
104976,35.0,62003.45,48.6,8.0,8.3,0,1,1,0.19639841780377787
104977,32.0,47567.58,70.3,10.5,7.7,0,1,1,0.19565118902086154
104978,22.0,38026.56,82.7,2.6,12.9,0,3,1,0.16857817699616162
104979,39.0,122591.71,75.6,18.2,9.9,0,0,1,0.15796290865083928
104980,49.0,100878.28,72.4,21.8,6.2,0,0,1,0.13658029813326666
104981,39.0,83527.12,73.0,19.2,9.7,0,0,1,0.14817480891701978
104982,19.0,31949.81,80.2,3.1,6.7,0,3,1,0.1667303402274306
104983,36.0,52909.46,39.3,8.4,7.4,0,1,1,0.18017489752677102
104984,27.0,28921.54,84.3,5.0,15.3,0,3,1,0.14832179187147554
104985,40.0,66294.25,44.2,6.8,2.7,0,1,1,0.16257522516436657
104986,32.0,83818.45,47.8,2.3,9.4,0,1,1,0.1377600681981463
104987,49.0,108132.93,23.3,11.1,7.6,0,2,1,0.1586386382210181
104988,18.0,31025.03,80.9,1.6,10.7,0,3,1,0.15111900547564788
104989,43.0,153470.48,90.4,23.4,9.4,0,0,1,0.06499247500062688
104990,23.0,34539.69,75.7,0.0,9.9,0,3,1,0.16907611088414742
104991,29.0,23563.06,68.2,1.8,11.1,0,3,1,0.17984181481914624
104992,55.0,119605.23,72.9,18.0,7.1,0,0,1,0.14639868723216382
104993,52.0,87052.99,62.4,13.5,2.6,0,2,1,0.15149872746124515
104994,42.0,64864.68,58.6,6.6,6.2,0,1,1,0.21500554023861468
104995,46.0,66380.38,38.7,11.6,6.6,0,2,1,0.19237344359983083
104996,20.0,25675.85,85.8,2.4,12.6,0,3,1,0.14134229408860716
104997,24.0,42814.53,85.6,3.8,12.4,0,3,1,0.171313970674157
104998,35.0,43665.08,61.6,10.9,0.1,0,1,1,0.12713215536794747
104999,38.0,44867.28,57.8,7.2,9.2,0,1,1,0.20309335078639773
105000,53.0,118487.17,46.7,11.6,7.3,0,2,1,0.18112089499650535
105001,22.0,29207.22,66.0,5.6,9.1,0,3,1,0.1706682768619634
105002,40.0,104269.33,30.7,11.4,3.3,0,2,1,0.1706733826299513
105003,50.0,141644.83,51.6,13.4,4.7,0,2,1,0.15276375951635845
105004,30.0,33403.48,86.2,4.1,10.4,0,3,1,0.18672491206244612
105005,29.0,29579.79,78.6,1.0,7.4,0,3,1,0.19094644411725797
105006,23.0,67095.3,65.3,9.2,3.7,0,1,1,0.13250054153799934
105007,54.0,94987.84,42.4,10.7,3.0,0,2,1,0.17523056108077756
105008,44.0,82740.67,35.0,12.3,0.0,0,2,1,0.138451061872906
105009,49.0,97741.4,49.1,10.3,5.5,0,2,1,0.18865330445655792
105010,33.0,57025.14,49.2,4.9,5.6,0,1,1,0.1951000391326702
105011,29.0,27651.37,68.9,3.4,10.0,0,3,1,0.2022226733964304
105012,36.0,64834.5,47.9,5.2,10.0,0,1,1,0.17913858337693134
105013,23.0,35435.5,90.2,4.7,5.9,0,3,1,0.1516058676254124
105014,51.0,112798.22,40.2,12.4,0.0,0,2,1,0.14071070956428744
105015,21.0,32399.32,63.7,4.6,9.6,0,3,1,0.17422407483572921
105016,26.0,55676.62,55.1,6.7,11.3,0,3,1,0.16900901987903544
105017,39.0,46761.51,43.1,6.5,7.4,0,1,1,0.17571419087700052
105018,41.0,81305.61,75.8,6.1,9.8,0,1,1,0.16388892925186727
105019,54.0,76347.55,16.1,12.3,0.0,0,2,1,0.08186588520434013
105020,32.0,54357.27,60.2,9.6,7.0,0,1,1,0.2105037398596798
105021,40.0,87874.63,76.6,18.1,6.4,0,0,1,0.15307792242482837
105022,49.0,109991.74,65.2,17.5,6.3,0,0,1,0.16637182250273302
105023,46.0,151690.63,82.5,19.0,7.7,0,0,1,0.1404007852527659
105024,50.0,102785.25,33.1,12.1,5.5,0,2,1,0.18795563864812587
105025,53.0,100276.98,27.1,14.7,0.7,0,2,1,0.11845925970847904
105026,54.0,86692.12,45.8,13.8,4.0,0,2,1,0.1685183580116203
105027,44.0,59908.62,66.8,5.5,8.2,0,1,1,0.1943176904344494
105028,31.0,62217.3,57.5,8.8,5.0,0,1,1,0.20332017530104463
105029,67.0,71366.32,37.3,12.6,5.6,0,2,1,0.10841080195735964
105030,21.0,33392.6,72.4,6.7,8.1,0,3,1,0.17319871101324752
105031,23.0,28179.2,70.0,0.2,12.0,0,3,1,0.150881401858943
105032,40.0,119911.82,62.4,18.6,8.1,0,0,1,0.18204563063983087
105033,24.0,27614.56,82.4,1.7,10.2,0,3,1,0.18557794518681597
105034,35.0,43156.51,78.3,8.1,7.5,0,1,1,0.1947146129708867
105035,54.0,130094.85,46.4,12.7,1.9,0,2,1,0.13464263947636362
105036,21.0,21613.24,74.3,4.3,11.9,0,3,1,0.1605364564875829
105037,46.0,127012.83,77.5,19.6,1.3,0,0,1,0.10211077266560309
105038,26.0,43986.85,75.1,0.0,7.6,0,3,1,0.1620364534077598
105039,34.0,124014.13,59.8,19.9,10.3,0,0,1,0.12000308992106568
105040,54.0,115968.56,29.3,12.1,10.6,0,2,1,0.1114713277461089
105041,27.0,35356.91,70.3,2.2,7.0,0,3,1,0.2006440966477827
105042,32.0,23024.71,87.1,4.2,5.2,0,3,1,0.14277326007365815
105043,42.0,59112.92,44.8,7.7,4.5,0,1,1,0.1855109940023596
105044,35.0,56355.83,49.2,4.6,9.4,0,1,1,0.18366418428643094
105045,26.0,33501.41,74.4,3.1,7.8,0,3,1,0.2133500822744418
105046,39.0,183098.03,80.8,16.9,3.5,0,0,1,0.06337004732323515
105047,18.0,28347.15,79.1,3.2,10.4,0,3,1,0.15433936950733518
105048,45.0,113833.29,87.1,17.6,8.9,0,0,1,0.13277941982122904
105049,21.0,33794.18,98.8,1.0,6.7,0,3,1,0.09522178077013677
105050,39.0,131604.51,66.8,15.9,7.9,0,0,1,0.17982111324522398
105051,32.0,31137.04,77.0,3.7,11.9,0,3,1,0.18912886165723786
105052,43.0,64678.86,58.0,5.0,9.2,0,1,1,0.18120955511362563
105053,48.0,80028.96,36.9,15.1,6.2,0,2,1,0.1674949096139255
105054,24.0,26346.04,93.2,2.9,9.1,0,3,1,0.14422555683334004
105055,46.0,128709.12,64.5,16.7,6.0,0,0,1,0.18305360010369393
105056,18.0,24863.81,87.7,4.3,7.5,0,3,1,0.13173549730563938
105057,40.0,65451.93,54.8,4.5,8.0,0,1,1,0.19521616291797383
105058,45.0,62162.62,68.0,6.6,9.8,0,1,1,0.18422200144833895
105059,51.0,53868.89,27.8,12.3,7.2,0,2,1,0.13903488066335767
105060,23.0,32171.74,72.1,6.1,14.5,0,3,1,0.16006147125017073
105061,21.0,23265.47,59.9,4.2,10.4,0,3,1,0.15102471769114006
105062,20.0,33565.81,65.7,4.6,8.9,0,3,1,0.17471631180811026
105063,31.0,57904.12,54.0,7.7,10.5,0,1,1,0.191209499511874
105064,30.0,32919.48,76.1,1.9,4.7,0,1,1,0.16691045593222692
105065,43.0,118554.51,84.2,17.6,10.2,0,0,1,0.139768290273162
105066,34.0,54461.62,64.0,7.6,8.0,0,1,1,0.22268385075165803
105067,52.0,108498.57,41.4,7.6,3.2,0,2,1,0.15285636789409068
105068,41.0,50621.99,41.1,6.7,8.6,0,1,1,0.16599430699144163
105069,22.0,39447.37,96.4,0.0,8.8,0,3,1,0.08706644193299484
105070,25.0,69376.86,51.2,6.0,10.4,0,1,1,0.15038583135682043
105071,29.0,44372.09,35.2,9.5,10.1,0,1,1,0.13576849236414612
105072,35.0,47768.26,66.3,12.5,6.3,0,1,1,0.17990801534508133
105073,30.0,75857.29,46.7,6.3,0.0,0,1,1,0.12606130484248013
105074,34.0,47734.31,70.6,5.0,9.3,0,1,1,0.20552985109731892
105075,42.0,143159.18,77.2,17.9,6.1,0,0,1,0.17082300431631758
105076,20.0,34931.72,59.0,6.4,10.4,0,3,1,0.14633515283013615
105077,34.0,64969.51,52.1,6.6,3.6,0,1,1,0.18952703975665258
105078,26.0,31548.09,79.9,6.0,7.6,0,3,1,0.19411123169315886
105079,35.0,43570.2,63.5,7.0,7.1,0,1,1,0.21354588666481095
105080,51.0,85112.95,60.0,12.1,4.9,0,2,1,0.1758428463829052
105081,18.0,37098.22,76.8,3.9,12.7,0,3,1,0.14434565876114253
105082,51.0,83423.4,11.7,11.2,2.0,0,2,1,0.09542778975870359
105083,30.0,78216.44,67.8,3.3,7.5,0,1,1,0.17724740941703482
105084,20.0,34112.73,70.0,1.9,12.9,0,3,1,0.15400693929491432
105085,47.0,178038.9,69.8,15.1,10.8,0,0,1,0.09065519266032229
105086,41.0,69011.5,50.6,4.9,8.6,0,1,1,0.1872223560933648
105087,48.0,89733.66,64.1,16.3,6.4,0,0,1,0.17867643485018386
105088,33.0,53938.86,65.2,10.0,5.5,0,1,1,0.2069403416311678
105089,41.0,142210.33,58.1,15.3,4.5,0,0,1,0.1642284380832138
105090,39.0,65035.46,69.4,3.5,2.4,0,1,1,0.14629547578424473
105091,38.0,52268.15,50.0,9.0,5.3,0,1,1,0.20035235284880748
105092,50.0,90723.45,33.1,13.4,0.4,0,2,1,0.1340407116795187
105093,35.0,74972.07,79.3,4.3,8.0,0,1,1,0.17246975991698626
105094,35.0,60897.46,50.1,8.5,9.1,0,1,1,0.1973260407263524
105095,56.0,106708.8,54.5,22.1,7.8,0,0,1,0.11070040817197846
105096,50.0,98218.93,21.1,12.8,3.8,0,2,1,0.15103886891004348
105097,57.0,109654.92,44.4,12.4,8.8,0,2,1,0.14230075294910027
105098,55.0,85883.64,26.9,10.6,5.8,0,2,1,0.17641020808180508
105099,36.0,143908.67,63.7,15.5,4.7,0,0,1,0.13936010327285736
105100,43.0,159247.13,65.2,13.8,17.5,0,0,1,0.055301501020667776
105101,58.0,110941.97,51.3,12.2,3.6,0,2,1,0.15150045701850934
105102,43.0,77055.32,64.2,8.8,3.3,0,1,1,0.1890450458215024
105103,23.0,41813.97,86.0,0.1,8.4,0,3,1,0.1408576244417788
105104,60.0,102784.21,36.8,12.4,3.7,0,2,1,0.1584554741709151
105105,40.0,118993.56,82.1,18.5,10.1,0,0,1,0.13976123520913863
105106,39.0,77721.28,62.5,8.6,7.5,0,1,1,0.21163689615226694
105107,19.0,30700.45,83.9,4.4,14.4,0,3,1,0.12763841822785038
105108,34.0,64522.14,56.7,10.2,8.1,0,1,1,0.20290981381830286
105109,38.0,61602.04,55.7,4.1,3.2,0,1,1,0.17844927916543746
105110,44.0,141364.56,73.8,19.9,8.3,0,0,1,0.1697104948827765
105111,22.0,30790.54,80.4,2.2,13.2,0,3,1,0.17191595080728445
105112,52.0,99303.43,26.8,14.1,8.3,0,2,1,0.14261733303411694
105113,45.0,101855.2,33.9,12.6,5.4,0,2,1,0.18893379712426972
105114,32.0,159139.07,83.1,20.4,5.2,0,0,1,0.0713230766575772
105115,24.0,28895.84,58.8,1.8,6.7,0,3,1,0.16670214705916414
105116,45.0,98887.51,62.2,17.0,10.3,0,0,1,0.16232140131435885
105117,66.0,100182.84,24.7,10.6,6.0,0,2,1,0.1122459708415795
105118,45.0,113753.9,37.7,11.7,0.0,0,2,1,0.13422840199162483
105119,29.0,27613.04,79.5,2.7,5.2,0,3,1,0.17095014548426352
105120,35.0,48493.23,51.5,7.9,9.1,0,1,1,0.1908557023694668
105121,52.0,79884.57,28.5,10.7,0.0,0,2,1,0.1371072661221855
105122,36.0,43406.6,58.8,4.1,3.4,0,1,1,0.17139029540289435
105123,39.0,62274.19,39.2,5.9,7.8,0,1,1,0.17428055838183032
105124,49.0,89132.1,37.4,12.1,1.0,0,2,1,0.15635456753447408
105125,52.0,90086.41,52.2,11.8,4.4,0,2,1,0.1812094416531162
105126,25.0,30143.53,70.8,3.9,11.4,0,3,1,0.20245187210733434
105127,46.0,70285.36,65.6,8.4,4.9,0,1,1,0.19614648208430996
105128,18.0,26219.31,84.9,5.8,12.2,0,3,1,0.12027679482683401
105129,42.0,182252.2,67.6,15.7,8.8,0,0,1,0.11244664390194603
105130,49.0,118736.24,55.0,18.1,10.3,0,0,1,0.13984727993448248
105131,21.0,72907.43,44.3,8.4,1.0,0,1,1,0.06393591157079359
105132,18.0,35563.82,90.2,3.0,17.2,0,3,1,0.048006664110434194
105133,19.0,26036.28,75.0,2.3,10.9,0,3,1,0.16752659452192764
105134,32.0,68333.42,63.4,10.2,5.5,0,1,1,0.20269087184045004
105135,45.0,155267.22,71.9,17.6,1.8,0,0,1,0.09775002561671642
105136,36.0,68645.76,57.4,5.4,2.0,0,1,1,0.16844538511606783
105137,26.0,32190.83,91.9,0.1,8.6,0,3,1,0.13411307405946665
105138,18.0,37905.84,90.4,6.8,11.6,0,3,1,0.11501531253036201
105139,28.0,34511.84,83.7,3.1,11.9,0,3,1,0.18643430671204475
105140,54.0,145510.72,72.2,18.4,7.6,0,0,1,0.12960203911399276
105141,53.0,91870.74,46.4,14.1,10.5,0,2,1,0.1339214257197172
105142,52.0,99935.7,37.5,12.4,7.4,0,2,1,0.19018295440447064
105143,28.0,67141.51,78.0,9.7,10.7,0,3,1,0.15268194274945734
105144,47.0,124986.31,64.5,16.5,4.6,0,0,1,0.16881239436968354
105145,41.0,78386.93,62.3,8.6,7.9,0,1,1,0.2088736820513013
105146,46.0,86650.34,75.1,17.1,7.9,0,0,1,0.15959944555234118
105147,44.0,121966.86,61.2,16.5,3.7,0,0,1,0.16103528332864842
105148,30.0,50640.33,43.6,8.1,4.3,0,1,1,0.16396184030653888
105149,34.0,129888.42,60.9,20.9,8.4,0,0,1,0.12602075083774994
105150,18.0,35275.69,78.8,2.5,14.7,0,3,1,0.1100905366790157
105151,47.0,112701.0,30.9,12.0,1.8,0,2,1,0.15093810955643128
105152,21.0,29488.41,59.0,3.7,10.3,0,3,1,0.16330137966174096
105153,29.0,69365.08,72.6,5.7,4.6,0,1,1,0.1759062129814854
105154,30.0,34322.73,76.6,4.6,10.8,0,3,1,0.2061847708171453
105155,31.0,31903.49,82.3,5.2,2.7,0,1,1,0.13449008591355194
105156,30.0,29090.59,83.0,6.3,9.1,0,3,1,0.18551846149356055
105157,34.0,61389.07,43.5,11.4,6.9,0,1,1,0.1832349555459512
105158,60.0,89302.15,35.3,13.9,0.7,0,2,1,0.1086816402245403
105159,35.0,72119.91,55.9,6.0,10.3,0,1,1,0.19240291314930702
105160,43.0,79411.09,51.3,5.8,5.6,0,1,1,0.19363994022051317
105161,47.0,109840.7,60.6,16.6,5.2,0,0,1,0.1780260382977572
105162,47.0,160587.69,67.2,17.6,0.4,0,0,1,0.07260407732514929
105163,22.0,39165.17,72.9,0.8,14.1,0,3,1,0.12206402936847699
105164,30.0,79254.03,86.9,6.8,10.7,0,3,1,0.1378281085725463
105165,44.0,65708.7,27.0,13.6,4.0,0,2,1,0.14909304316334132
105166,51.0,72926.71,33.7,10.7,1.2,0,2,1,0.1533161895412763
105167,31.0,64142.04,50.8,7.0,1.7,0,1,1,0.15805295723160712
105168,55.0,99116.2,32.7,12.3,6.8,0,2,1,0.18506571029970104
105169,18.0,32384.17,64.9,3.2,9.2,0,3,1,0.15581134994723206
105170,36.0,71468.29,66.2,9.2,5.8,0,1,1,0.2093405175900785
105171,56.0,103663.51,31.3,12.2,3.6,0,2,1,0.17764791794700752
105172,59.0,108854.7,31.6,11.2,6.9,0,2,1,0.15343930728302962
105173,50.0,147951.48,78.6,20.6,7.5,0,0,1,0.12518021117174866
105174,24.0,34803.56,73.7,6.4,8.7,0,3,1,0.20085551002272523
105175,24.0,43038.33,59.4,3.4,8.0,0,3,1,0.1903442104462384
105176,24.0,25054.13,74.3,3.0,10.7,0,3,1,0.1998325188054073
105177,28.0,18614.68,76.7,2.7,9.8,0,3,1,0.18076191522346668
105178,24.0,27218.52,62.5,3.4,7.0,0,3,1,0.1839782550021402
105179,38.0,51540.83,64.9,6.9,7.0,0,1,1,0.22138961739412444
105180,35.0,57461.35,55.7,9.4,2.4,0,1,1,0.1749434998334714
105181,49.0,113068.89,43.2,14.7,3.8,0,2,1,0.15987618962378713
105182,29.0,49636.49,55.0,8.5,6.2,0,1,1,0.19299618787263462
105183,22.0,34286.35,78.3,2.1,7.0,0,3,1,0.1825930083863111
105184,57.0,112917.61,24.4,11.2,6.0,0,2,1,0.15574607650578953
105185,18.0,34103.42,74.7,0.6,15.3,0,3,1,0.07654453214351409
105186,41.0,153212.55,60.8,21.1,13.8,0,0,1,0.0825431004725774
105187,18.0,31052.13,91.3,2.1,11.2,0,3,1,0.1275092093150309
105188,28.0,53202.54,61.1,5.8,5.9,0,1,1,0.204936727963485
105189,35.0,156482.47,58.6,21.1,6.0,0,0,1,0.10214013955727841
105190,56.0,107007.7,25.1,10.8,2.6,0,2,1,0.1460814387173156
105191,50.0,72809.87,40.3,10.6,3.7,0,2,1,0.18216053538443056
105192,57.0,104777.73,28.8,14.1,6.0,0,2,1,0.16320080955283656
105193,20.0,29039.08,88.0,4.6,5.5,0,3,1,0.1390070385316814
105194,47.0,106890.98,23.3,13.6,9.8,0,2,1,0.13302387719659547
105195,45.0,116740.69,73.8,20.1,8.3,0,0,1,0.16839993171636308
105196,45.0,119854.79,64.8,19.8,5.9,0,0,1,0.17197523418519955
105197,23.0,58581.33,100.0,39.7,11.9,1,0,-1,-0.04051182703956646
105198,36.0,69350.17,59.2,7.7,6.4,0,1,1,0.21709897774707348
105199,54.0,82518.32,54.8,7.2,5.7,0,2,1,0.15917830057668458
105200,38.0,66143.5,46.2,3.6,8.8,0,1,1,0.17287591949606435
105201,31.0,33268.52,86.1,2.1,11.0,0,3,1,0.17931534870674187
105202,30.0,30193.97,89.9,0.0,8.2,0,3,1,0.14265383990554897
105203,27.0,42960.19,78.1,0.9,15.6,0,3,1,0.11485100925193126
105204,35.0,69418.93,54.7,7.3,5.3,0,1,1,0.21065862346634184
105205,35.0,38861.5,95.7,1.4,4.5,0,3,1,0.08814746191634815
105206,23.0,46494.88,74.8,5.1,6.9,0,3,1,0.18145713522394252
105207,20.0,31540.4,99.1,5.2,3.8,0,3,1,0.0637169880768278
105208,46.0,111051.88,65.2,19.0,12.2,0,0,1,0.13787826428882693
105209,31.0,33909.82,81.5,5.7,5.3,0,1,1,0.17370887836184645
105210,33.0,27760.75,80.6,2.0,6.5,0,3,1,0.17892157958350863
105211,38.0,64639.74,56.9,6.7,11.6,0,1,1,0.1802592470707407
105212,35.0,39216.72,80.8,0.0,11.9,0,3,1,0.1412176420795508
105213,46.0,159437.59,60.6,19.7,12.7,0,0,1,0.096301672335531
105214,38.0,157253.36,63.9,17.8,5.2,0,0,1,0.15022563634474206
105215,34.0,58172.58,62.1,8.8,10.6,0,1,1,0.20363718453064578
105216,33.0,66016.13,47.0,6.8,7.1,0,1,1,0.2004949103603681
105217,31.0,68239.62,56.4,7.3,10.7,0,1,1,0.18768912001710153
105218,22.0,36897.14,92.4,5.8,9.4,0,3,1,0.14407083037845148
105219,31.0,54077.16,42.1,8.4,9.2,0,1,1,0.1701434928168709
105220,25.0,24073.46,74.3,5.8,11.8,0,3,1,0.1799914151117113
105221,28.0,51054.42,81.3,0.0,6.7,0,3,1,0.1446633780366159
105222,54.0,95320.44,33.3,11.7,1.6,0,2,1,0.16018530714520535
105223,26.0,40031.52,95.3,6.4,7.1,0,3,1,0.129267971113658
105224,24.0,30192.28,83.9,2.8,9.3,0,3,1,0.19214002148612203
105225,43.0,63097.9,59.2,7.8,9.0,0,1,1,0.19949823832259683
105226,39.0,79321.85,45.1,7.6,6.7,0,1,1,0.18954907406742694
105227,22.0,36364.82,91.0,1.8,15.1,0,3,1,0.10908153122640274
105228,18.0,35399.91,69.1,1.7,10.2,0,3,1,0.14543889986400105
105229,22.0,15507.53,84.1,4.6,9.5,0,3,1,0.15306532643748938
105230,23.0,29852.15,60.9,0.0,12.4,0,3,1,0.1386023962145767
105231,48.0,155040.1,75.8,19.6,10.1,0,0,1,0.12552223169783194
105232,39.0,145606.01,69.0,17.4,11.4,0,0,1,0.1418813204857221
105233,44.0,35814.82,55.4,6.4,10.5,0,1,1,0.15088908395006467
105234,29.0,28636.31,66.2,8.9,1.6,0,1,1,0.11955240643076415
105235,51.0,121166.1,24.2,12.2,5.5,0,2,1,0.16093217308984098
105236,45.0,85358.3,18.1,11.7,1.6,0,2,1,0.11560039472625139
105237,25.0,35656.59,91.9,7.7,10.6,0,3,1,0.14759278138791265
105238,22.0,29841.93,68.4,3.9,8.5,0,3,1,0.19330159876988773
105239,39.0,51587.42,53.3,7.9,6.6,0,1,1,0.20873557522072478
105240,42.0,94740.2,27.0,14.4,6.9,0,2,1,0.16356933910178995
105241,18.0,36616.63,81.9,0.0,12.6,0,3,1,0.10539022436081569
105242,30.0,74782.42,51.5,4.0,13.4,0,3,1,0.14194454563694703
105243,28.0,53004.77,51.9,6.1,9.1,0,1,1,0.192998262345705
105244,24.0,37784.78,81.7,0.0,11.6,0,3,1,0.16003131627186457
105245,37.0,55029.14,78.7,8.2,9.8,0,1,1,0.18925773962150189
105246,57.0,87817.08,41.3,12.6,2.3,0,2,1,0.15379427063402573
105247,30.0,62270.42,63.9,7.0,6.5,0,1,1,0.21930977610881652
105248,24.0,30347.0,93.5,3.5,8.5,0,3,1,0.16181409327635643
105249,18.0,30864.08,72.2,1.8,12.8,0,3,1,0.13533495844196164
105250,43.0,97602.38,78.2,14.8,10.1,0,0,1,0.15726914606302367
105251,34.0,62969.88,57.8,6.7,7.6,0,1,1,0.21931025000071924
105252,24.0,42769.64,80.2,3.5,7.9,0,3,1,0.19290247081173262
105253,26.0,26104.12,89.5,0.0,7.5,0,3,1,0.1342994385632325
105254,35.0,150575.02,67.8,19.4,5.1,0,0,1,0.12301226939921545
105255,55.0,104915.21,37.1,12.1,4.4,0,2,1,0.1863614451368869
105256,38.0,112903.21,77.4,17.3,9.4,0,0,1,0.1625853339996856
105257,60.0,87182.61,29.0,11.4,4.1,0,2,1,0.15496367902377028
105258,39.0,61683.2,78.8,7.8,9.3,0,1,1,0.19342157476356064
105259,36.0,73292.04,55.9,5.7,9.7,0,1,1,0.19534014735217597
105260,24.0,33412.72,87.8,3.3,9.6,0,3,1,0.19130123852080605
105261,49.0,113154.74,31.6,11.9,4.9,0,2,1,0.17875849630875046
105262,53.0,112334.26,34.3,14.8,3.3,0,2,1,0.17010143321033194
105263,26.0,30941.46,98.9,2.3,9.2,0,3,1,0.13275606858878153
105264,44.0,133277.31,75.1,20.5,8.4,0,0,1,0.16106610613783756
105265,37.0,59442.69,52.9,7.2,7.0,0,1,1,0.2185801078419104
105266,30.0,26475.71,92.5,2.7,10.4,0,3,1,0.14500908926995376
105267,31.0,68271.22,48.4,7.7,7.8,0,1,1,0.19548943477104602
105268,41.0,87955.09,93.6,15.9,8.8,0,0,1,0.09400824162374632
105269,39.0,166409.69,68.2,16.5,9.8,0,0,1,0.13530406942030399
105270,30.0,57387.81,64.9,10.0,4.1,0,1,1,0.18902970880870468
105271,40.0,148873.87,52.0,20.7,5.0,0,0,1,0.1286866816857657
105272,41.0,146573.28,72.5,16.1,13.2,0,0,1,0.12846242353824072
105273,30.0,111725.41,65.6,16.1,11.7,0,0,1,0.12024104747655873
105274,35.0,179248.07,1.0,33.6,1.7,1,2,-1,-0.09724988463742323
105275,35.0,54166.01,60.4,6.1,9.9,0,1,1,0.20974177395566695
105276,51.0,87751.17,44.7,12.5,6.3,0,2,1,0.18720076271219277
105277,58.0,89976.01,35.4,13.7,0.0,0,2,1,0.11754063655412195
105278,51.0,91154.77,38.7,10.4,7.3,0,2,1,0.18928261808715935
105279,20.0,29356.06,71.4,5.5,3.7,0,3,1,0.11883778224059738
105280,61.0,120194.64,29.4,14.1,4.4,0,2,1,0.11282867327532442
105281,51.0,163956.47,93.9,14.9,8.6,0,0,1,0.05530301668297788
105282,27.0,56211.16,80.5,7.9,10.0,0,3,1,0.17515948173542883
105283,46.0,151351.64,66.8,16.6,6.4,0,0,1,0.163858483138429
105284,22.0,61084.45,60.4,5.8,6.6,0,1,1,0.15021632971352356
105285,27.0,37096.46,66.0,1.4,12.3,0,3,1,0.18019428301121426
105286,27.0,39743.74,91.0,7.8,9.1,0,3,1,0.15269297816184885
105287,60.0,79267.75,58.9,12.9,5.6,0,2,1,0.13507196869326793
105288,57.0,71823.29,24.3,12.2,5.0,0,2,1,0.14783848715690967
105289,46.0,51406.93,73.4,6.5,6.2,0,1,1,0.1819953977397175
105290,51.0,89779.76,39.9,11.2,0.0,0,2,1,0.15231330919942077
105291,35.0,67096.09,44.0,8.2,10.5,0,1,1,0.16628256150262782
105292,43.0,65768.33,40.0,8.3,9.9,0,1,1,0.1625124733987925
105293,40.0,138168.39,76.8,21.6,7.2,0,0,1,0.14379433550832188
105294,56.0,100408.69,37.0,14.7,1.5,0,2,1,0.13375621679187338
105295,53.0,95464.87,19.9,14.5,6.5,0,2,1,0.14182226415523586
105296,52.0,90530.42,35.0,13.4,4.2,0,2,1,0.18326459642846443
105297,40.0,126969.59,71.9,16.1,9.0,0,0,1,0.17282225066149604
105298,20.0,26503.01,100.0,6.9,10.4,0,3,1,0.0874113983905963
105299,28.0,37880.66,77.2,3.6,9.2,0,3,1,0.21541686213884143
105300,30.0,39311.93,93.6,3.5,16.5,0,3,1,0.07712035520249938
105301,52.0,130002.51,30.4,9.4,10.1,0,2,1,0.10154326070516473
105302,55.0,103876.99,31.4,10.3,1.7,0,2,1,0.15456546292501022
105303,53.0,92431.57,15.6,15.4,2.7,0,2,1,0.08698534900188792
105304,42.0,54124.97,59.5,8.9,9.5,0,1,1,0.19547734821318674
105305,23.0,34933.53,84.8,2.7,6.7,0,3,1,0.18359230494534268
105306,49.0,88515.19,35.3,15.2,6.7,0,2,1,0.15882653208744074
105307,39.0,186280.36,71.2,19.3,5.2,0,0,1,0.10590684233086645
105308,34.0,73583.39,49.2,7.1,8.4,0,1,1,0.19412213748384854
105309,19.0,21761.42,87.1,8.7,11.4,0,3,1,0.11390133324165619
105310,39.0,52133.75,72.7,6.2,10.5,0,1,1,0.19359349276538584
105311,39.0,69049.74,63.9,8.1,7.9,0,1,1,0.21979359354156947
105312,29.0,27817.96,75.6,5.9,10.5,0,3,1,0.198950145330423
105313,34.0,73549.14,66.4,4.4,9.2,0,1,1,0.19027210819935897
105314,53.0,107173.52,35.1,12.9,0.0,0,2,1,0.13683317635692316
105315,32.0,70259.53,84.2,7.7,4.9,0,1,1,0.1575270063363015
105316,37.0,52029.38,70.5,7.1,10.2,0,1,1,0.2007501138318329
105317,23.0,38577.69,61.8,3.0,11.6,0,3,1,0.17098726010519677
105318,42.0,149059.65,75.4,20.1,9.9,0,0,1,0.14241340739826325
105319,38.0,71814.81,44.5,5.5,2.8,0,1,1,0.1522875276258967
105320,39.0,66618.16,71.9,7.7,5.1,0,1,1,0.20861014544161727
105321,25.0,21197.57,73.9,0.0,11.0,0,3,1,0.15074367687110035
105322,51.0,92738.09,25.7,10.7,6.1,0,2,1,0.1809039605862871
105323,36.0,152743.33,63.9,14.6,11.7,0,0,1,0.11574536932188473
105324,31.0,28892.66,72.5,2.5,7.6,0,3,1,0.20692150925155872
105325,21.0,34592.35,98.7,2.3,13.1,0,3,1,0.10627437178731725
105326,26.0,22367.93,77.8,2.7,14.4,0,3,1,0.15002203546750847
105327,60.0,101443.27,47.1,11.7,7.4,0,2,1,0.1563360111429719
105328,44.0,167661.4,84.0,19.4,5.8,0,0,1,0.12391087267540235
105329,34.0,70395.17,66.9,7.3,6.1,0,1,1,0.21054423213949347
105330,37.0,58892.21,55.3,10.9,5.6,0,1,1,0.20559996983846196
105331,55.0,97615.0,22.7,9.5,3.8,0,2,1,0.1473806987769502
105332,42.0,126299.94,31.4,11.1,7.7,0,2,1,0.15412875040345986
105333,23.0,35750.01,72.3,3.1,12.9,0,3,1,0.19150911683368083
105334,20.0,35039.75,53.8,5.5,8.3,0,3,1,0.13993478855920133
105335,36.0,60906.84,48.3,4.9,8.6,0,1,1,0.1960237833726976
105336,55.0,79861.82,40.4,13.1,2.9,0,2,1,0.15595119774200739
105337,46.0,94358.01,38.7,11.9,2.2,0,2,1,0.18166935691863761
105338,54.0,116637.05,27.3,11.4,12.2,0,2,1,0.09846423516838376
105339,44.0,108076.47,67.2,16.5,9.1,0,0,1,0.17954255393362056
105340,26.0,28333.83,96.6,3.2,8.6,0,3,1,0.1357190131499546
105341,30.0,52014.42,45.5,6.6,4.3,0,1,1,0.1749574656131067
105342,28.0,28633.67,86.4,4.0,11.9,0,3,1,0.18096921587044063
105343,47.0,190231.75,63.5,19.7,9.2,0,0,1,0.08418673095404583
105344,57.0,96894.64,46.8,9.4,1.0,0,2,1,0.13269129121697554
105345,33.0,61165.79,58.5,5.5,4.0,0,1,1,0.19721662236191367
105346,21.0,22154.39,75.1,2.9,11.3,0,3,1,0.16491022122788962
105347,53.0,125667.11,43.1,13.5,5.1,0,2,1,0.17393275273675984
105348,55.0,91225.35,36.0,15.8,3.8,0,2,1,0.1468078901548424
105349,45.0,106915.42,43.8,12.3,0.0,0,2,1,0.14452358766975654
105350,30.0,33324.26,74.9,5.4,3.9,0,1,1,0.16163204141471266
105351,44.0,126372.01,86.9,18.5,5.4,0,0,1,0.1321283651269483
105352,58.0,52950.55,40.1,9.5,2.6,0,2,1,0.11143041558760625
105353,51.0,110562.92,57.0,8.4,5.3,0,2,1,0.16604580935481222
105354,63.0,85202.9,28.7,12.5,6.5,0,2,1,0.12356929575769171
105355,46.0,130960.71,64.0,20.6,5.7,0,0,1,0.15597161052620628
105356,33.0,103374.43,66.2,21.0,4.4,0,0,1,0.10656760167724011
105357,60.0,117346.6,37.3,6.9,0.4,0,2,1,0.06083333665833901
105358,33.0,81314.63,52.3,5.5,7.6,0,1,1,0.18364794223758357
105359,29.0,61725.22,50.0,12.4,4.2,0,1,1,0.17176787672586585
105360,53.0,111267.79,74.6,19.0,8.4,0,0,1,0.14531394726324598
105361,52.0,109730.91,39.2,11.7,2.0,0,2,1,0.17330504185702517
105362,23.0,30974.21,76.0,3.2,5.8,0,3,1,0.18328433740026567
105363,19.0,36791.02,55.5,5.4,8.3,0,3,1,0.14103848169233496
105364,51.0,170900.63,68.7,17.6,12.8,0,0,1,0.08623858649280547
105365,49.0,164513.05,83.4,15.8,8.6,0,0,1,0.10384584519386075
105366,39.0,111946.62,73.6,17.2,7.5,0,0,1,0.17895696660629146
105367,33.0,48000.04,75.0,7.3,2.7,0,1,1,0.15603888669550076
105368,53.0,121015.77,44.6,11.0,2.5,0,2,1,0.15487595391920667
105369,38.0,121295.2,65.4,15.1,6.7,0,0,1,0.1828407735121364
105370,38.0,57379.79,60.2,10.2,12.5,0,1,1,0.17947778571445022
105371,24.0,37069.85,76.3,2.0,6.6,0,3,1,0.18713974437662423
105372,43.0,167326.43,59.3,17.4,7.0,0,0,1,0.1508681410443813
105373,25.0,33513.53,83.4,6.8,7.4,0,3,1,0.18094800312430526
105374,47.0,99229.95,49.5,9.1,5.0,0,2,1,0.19213843358347277
105375,51.0,109608.33,41.3,12.1,5.5,0,2,1,0.19251063028954168
105376,49.0,108683.84,48.9,12.2,2.8,0,2,1,0.17280105433076454
105377,23.0,36548.71,77.6,0.6,12.9,0,3,1,0.1569073417499951
105378,47.0,102258.85,16.3,12.2,3.8,0,2,1,0.13134277736877814
105379,18.0,33917.01,67.0,3.2,8.8,0,3,1,0.15504227699508755
105380,36.0,113647.7,62.3,20.0,10.5,0,0,1,0.12926497333662496
105381,35.0,29051.59,72.6,3.3,8.9,0,3,1,0.19127279755356313
105382,49.0,95930.66,42.0,7.8,2.3,0,2,1,0.13512937688505067
105383,45.0,92369.49,39.3,14.2,2.7,0,2,1,0.16988837885111513
105384,25.0,22310.96,69.4,3.4,5.9,0,3,1,0.1740011554168423
105385,30.0,35015.45,69.0,0.0,7.8,0,3,1,0.17394083559940898
105386,48.0,74189.34,20.9,11.5,6.2,0,2,1,0.14941525996092725
105387,20.0,34562.53,74.7,4.2,7.6,0,3,1,0.19002944326481774
105388,25.0,32691.96,91.6,4.1,10.8,0,3,1,0.16729205865308666
105389,29.0,56138.23,50.0,5.4,7.0,0,1,1,0.19932046494888223
105390,44.0,147054.52,84.6,19.0,4.3,0,0,1,0.1273872201357802
105391,53.0,104992.85,47.6,11.7,3.6,0,2,1,0.18725337637864542
105392,41.0,63992.99,42.0,3.4,12.5,0,1,1,0.12681753464212187
105393,34.0,135786.26,80.8,14.5,4.8,0,0,1,0.11373350877107047
105394,30.0,82100.57,78.2,5.5,8.7,0,1,1,0.1604017533834161
105395,38.0,58866.35,41.7,11.6,1.6,0,2,1,0.14603020009300194
105396,37.0,54772.81,68.1,8.7,4.1,0,1,1,0.1999950610110599
105397,32.0,44700.31,59.9,8.4,5.7,0,1,1,0.201943024952964
105398,35.0,83291.57,67.4,9.7,0.3,0,1,1,0.12327681128525653
105399,55.0,99298.47,22.5,9.9,3.3,0,2,1,0.1455278180760476
105400,18.0,27399.49,73.4,4.1,7.9,0,3,1,0.15800958974138601
105401,50.0,112516.13,17.4,12.5,5.2,0,2,1,0.13242667940985697
105402,26.0,29112.2,100.0,29.4,7.4,1,0,-1,-0.0010063028965855425
105403,30.0,62225.45,50.6,9.1,6.2,0,1,1,0.20104838399977915
105404,30.0,34584.94,74.1,5.2,8.0,0,3,1,0.20941408420774948
105405,50.0,104048.62,37.3,10.7,0.0,0,2,1,0.14471174425805788
105406,52.0,82566.28,35.3,11.2,1.8,0,2,1,0.16294110224346026
105407,35.0,61180.58,65.0,7.8,13.3,0,3,1,0.17730240829292115
105408,25.0,28123.92,76.3,4.1,13.0,0,3,1,0.19159987200846135
105409,31.0,26142.06,90.8,2.9,7.2,0,3,1,0.14782341495351903
105410,42.0,170511.03,76.6,15.6,4.4,0,0,1,0.10701526674054873
105411,18.0,27786.34,78.8,0.7,8.7,0,3,1,0.12221008537044709
105412,59.0,122664.52,50.5,8.4,9.0,0,2,1,0.09661463971751905
105413,36.0,62870.14,68.3,8.4,1.4,0,1,1,0.152026783545471
105414,21.0,29891.45,64.7,5.0,14.3,0,3,1,0.13171780254994125
105415,52.0,100105.94,34.9,12.2,7.4,0,2,1,0.18625395061293576
105416,27.0,67424.91,58.1,5.6,5.5,0,1,1,0.18407316533483303
105417,33.0,24353.6,76.3,6.3,6.2,0,1,1,0.18056036460855407
105418,41.0,141066.2,76.1,17.8,5.3,0,0,1,0.16470596770737045
105419,26.0,31420.53,84.3,4.8,5.5,0,3,1,0.1762931755826182
105420,41.0,59158.34,66.3,8.0,12.6,0,1,1,0.1706976076574297
105421,36.0,57499.0,52.9,4.9,9.4,0,1,1,0.19621492509549499
105422,30.0,70920.5,55.8,3.5,11.5,0,1,1,0.16305406882426632
105423,35.0,93601.92,37.3,7.4,5.3,0,1,1,0.1649847200071331
105424,21.0,30568.53,91.4,3.3,8.9,0,3,1,0.15081257069241255
105425,42.0,184757.81,76.0,16.2,6.5,0,0,1,0.1098552476434892
105426,46.0,87275.76,51.1,11.7,0.0,0,2,1,0.14923534949917056
105427,45.0,130107.03,77.6,17.5,12.3,0,0,1,0.1358100387877717
105428,38.0,110637.91,81.4,14.0,7.5,0,0,1,0.16213138165981983
105429,47.0,84701.21,72.6,15.0,2.5,0,2,1,0.13337211165342788
105430,47.0,91863.99,27.9,14.2,4.2,0,2,1,0.17926111386193705
105431,34.0,47381.47,60.2,11.1,4.9,0,1,1,0.1870881527142741
105432,33.0,50162.43,69.8,8.9,5.7,0,1,1,0.205378914503204
105433,49.0,78860.11,32.1,14.0,4.1,0,2,1,0.16693035574829262
105434,42.0,53963.0,34.9,12.2,7.6,0,1,1,0.16378668405003488
105435,56.0,81533.49,21.4,12.3,0.0,0,2,1,0.09913000577314712
105436,23.0,37888.51,82.5,3.5,15.2,0,3,1,0.1394869083714697
105437,45.0,92008.46,70.5,21.9,7.1,0,0,1,0.143021484944175
105438,33.0,37896.19,73.9,0.8,11.0,0,3,1,0.17590146495853265
105439,49.0,100218.31,73.2,13.9,7.0,0,0,1,0.1692605870360679
105440,18.0,35238.48,71.1,5.3,8.4,0,3,1,0.15693491513206093
105441,21.0,22696.65,81.9,4.0,12.8,0,3,1,0.14719321845839733
105442,46.0,150112.0,78.0,19.4,10.7,0,0,1,0.1314694504397162
105443,35.0,128362.18,55.8,18.7,12.9,0,0,1,0.10207277578819873
105444,56.0,84619.4,40.1,12.7,4.7,0,2,1,0.1730920925820421
105445,36.0,173141.42,60.2,17.3,10.9,0,0,1,0.09473122764010578
105446,22.0,32456.78,79.2,3.1,10.3,0,3,1,0.19825503189576432
105447,44.0,141882.51,63.0,14.9,11.0,0,0,1,0.1503588131780405
105448,41.0,65766.2,61.3,5.2,0.0,0,1,1,0.1463510395022295
105449,35.0,40825.55,59.8,9.6,5.2,0,1,1,0.18938840136082818
105450,33.0,50774.96,58.4,6.9,3.9,0,1,1,0.18981116904116113
105451,29.0,47565.65,89.9,2.8,9.6,0,3,1,0.16253001914381637
105452,49.0,85865.64,44.6,14.0,0.5,0,2,1,0.12811066079923072
105453,54.0,114000.24,31.5,11.6,6.1,0,2,1,0.17600898772103124
105454,28.0,34471.38,80.5,3.8,9.2,0,3,1,0.20791680821108033
105455,37.0,100773.32,78.0,18.2,9.4,0,0,1,0.14705634218467917
105456,32.0,63144.86,58.8,9.6,9.6,0,1,1,0.2005191516196293
105457,20.0,34906.22,70.5,0.0,15.2,0,3,1,0.08343211093928427
105458,50.0,112774.82,28.4,10.4,2.4,0,2,1,0.14830350690419253
105459,25.0,33014.6,83.0,2.0,10.1,0,3,1,0.19272709046738468
105460,20.0,40463.16,64.9,1.4,8.7,0,3,1,0.15662597500788433
105461,64.0,108112.82,26.5,13.6,5.5,0,2,1,0.10687296871281138
105462,25.0,36007.89,78.6,3.3,5.3,0,3,1,0.18608178182573643
105463,31.0,29422.37,65.6,2.0,8.6,0,3,1,0.19766552001295457
105464,48.0,108297.81,44.7,8.1,2.5,0,2,1,0.15070940230477708
105465,22.0,31008.44,95.1,1.4,14.7,0,3,1,0.08833294399570157
105466,42.0,179607.54,68.9,17.1,7.9,0,0,1,0.12763963382324783
105467,58.0,97707.21,37.1,13.3,1.4,0,2,1,0.13872707386775235
105468,26.0,28381.87,92.7,3.8,12.1,0,3,1,0.1525684254492462
105469,26.0,69887.13,56.2,4.1,7.3,0,1,1,0.16877008357407347
105470,18.0,35519.52,92.3,0.0,9.9,0,3,1,0.09002488845358791
105471,51.0,60978.34,44.2,13.3,10.1,0,2,1,0.13231424429756716
105472,26.0,26936.96,83.1,5.6,8.6,0,3,1,0.18668460421853877
105473,47.0,80656.29,86.8,19.6,0.4,0,0,1,0.044934600403700564
105474,26.0,20557.74,71.9,4.4,9.6,0,3,1,0.18800644334547184
105475,58.0,96089.86,34.6,14.2,3.0,0,2,1,0.15386981006075262
105476,24.0,32614.41,77.3,5.3,8.0,0,3,1,0.2012551796666905
105477,20.0,25884.72,56.6,6.0,7.3,0,3,1,0.12633451884532726
105478,35.0,79387.12,56.6,8.0,2.7,0,1,1,0.1663225864014805
105479,59.0,92920.67,24.8,10.0,9.1,0,2,1,0.10432247680822082
105480,40.0,114885.82,67.7,18.1,8.5,0,0,1,0.1788485776151741
105481,26.0,33352.22,84.5,2.5,16.2,0,3,1,0.12059246779231997
105482,22.0,39789.79,72.0,0.1,5.0,0,3,1,0.11201623679890205
105483,38.0,74967.46,46.5,5.2,8.2,0,1,1,0.17920589419591182
105484,36.0,55464.18,45.2,7.6,9.0,0,1,1,0.18506483532823614
105485,45.0,140668.14,61.4,18.6,8.7,0,0,1,0.16856844940805538
105486,36.0,132380.99,75.7,17.8,2.1,0,0,1,0.09761668226651754
105487,40.0,122186.71,77.6,23.2,8.4,0,0,1,0.12678004424113676
105488,18.0,31075.49,78.1,4.5,13.7,0,3,1,0.12484142527403475
105489,43.0,67995.48,58.0,10.0,6.0,0,1,1,0.20864957817264673
105490,52.0,90837.23,13.7,14.5,6.0,0,2,1,0.11996118751205848
105491,24.0,73179.58,55.0,9.0,7.2,0,1,1,0.15614866022254115
105492,45.0,95450.65,26.0,9.6,6.6,0,2,1,0.17425225409662942
105493,26.0,40626.0,74.1,1.1,11.9,0,3,1,0.17798318371741256
105494,32.0,58538.23,63.3,6.7,5.5,0,1,1,0.21636210580072962
105495,36.0,163609.66,68.3,19.2,9.5,0,0,1,0.11653732404558886
105496,29.0,30643.13,74.5,0.8,8.4,0,3,1,0.18947376956557754
105497,45.0,119410.23,75.2,20.9,6.7,0,0,1,0.15485928673791233
105498,29.0,57386.44,43.8,9.7,7.3,0,1,1,0.17253472905764794
105499,20.0,28775.23,66.2,5.0,15.5,0,3,1,0.10558789506178234
105500,18.0,38009.18,75.5,5.5,4.5,0,3,1,0.11179800492241043
105501,25.0,29650.5,84.6,3.1,10.1,0,3,1,0.19624765547917666
105502,35.0,79435.26,56.3,8.7,8.9,0,1,1,0.18853086101463257
105503,28.0,26155.04,85.1,3.7,6.4,0,3,1,0.17392588870173942
105504,51.0,134232.18,31.1,11.3,5.4,0,2,1,0.14141010993597009
105505,40.0,143539.42,67.5,18.8,7.8,0,0,1,0.17355304900111745
105506,46.0,62513.44,55.8,9.1,2.8,0,1,1,0.18126579850406177
105507,32.0,26306.35,89.9,5.9,8.4,0,3,1,0.1547990864019222
105508,34.0,60781.57,64.2,5.0,6.7,0,1,1,0.2214642306909893
105509,50.0,75312.56,24.5,12.3,4.3,0,2,1,0.15842698043144682
105510,48.0,96355.04,28.5,14.6,3.7,0,2,1,0.1727803501308351
105511,29.0,22250.11,81.2,4.2,9.6,0,3,1,0.18341745075149235
105512,33.0,60282.65,65.4,4.6,9.1,0,1,1,0.21184919097775345
105513,38.0,59089.56,55.8,7.1,12.0,0,1,1,0.18635637049388443
105514,38.0,51479.56,53.6,4.7,1.3,0,1,1,0.14551725889386807
105515,18.0,32691.64,90.7,5.0,6.5,0,3,1,0.10952397772333222
105516,39.0,116345.17,46.2,17.7,10.4,0,0,1,0.12683951461094223
105517,23.0,24697.38,69.5,2.3,12.3,0,3,1,0.17236502482381522
105518,23.0,35657.08,77.2,3.5,7.2,0,3,1,0.1982476887966904
105519,21.0,24766.54,100.0,33.0,0.0,1,0,-1,-0.05499761553827187
105520,54.0,111657.82,26.9,13.0,3.4,0,2,1,0.1682794909596575
105521,25.0,83795.12,56.0,7.4,5.1,0,1,1,0.14362672515040953
105522,23.0,32931.18,67.6,6.4,12.5,0,3,1,0.1699454926098677
105523,39.0,60417.71,50.4,9.1,8.8,0,1,1,0.20610575490839483
105524,50.0,76454.67,19.2,12.1,3.3,0,2,1,0.1362324471067326
105525,42.0,73073.0,58.4,6.8,3.5,0,1,1,0.18874916071331177
105526,48.0,138570.41,78.1,20.4,6.3,0,0,1,0.1470971322383331
105527,32.0,89550.76,63.9,6.4,10.7,0,1,1,0.15860238422650752
105528,22.0,33874.8,72.3,3.0,9.2,0,3,1,0.19709900446957523
105529,39.0,146120.13,65.6,19.2,7.1,0,0,1,0.17124772592684778
105530,34.0,155645.37,78.4,22.5,8.1,0,0,1,0.07979769194394948
105531,37.0,67341.06,68.2,8.9,8.0,0,1,1,0.21388430643040518
105532,43.0,161235.08,71.3,15.4,3.5,0,0,1,0.12260786855905004
105533,35.0,63338.85,82.7,6.8,7.1,0,1,1,0.1819763848485208
105534,34.0,68905.87,60.8,5.7,4.0,0,1,1,0.18783431428679587
105535,41.0,118747.05,69.7,18.3,6.5,0,0,1,0.18681023645221734
105536,59.0,114825.65,32.7,10.1,3.9,0,2,1,0.14022271081259596
105537,35.0,61299.35,54.0,4.9,7.1,0,1,1,0.20437797487344755
105538,50.0,90520.91,35.9,11.9,4.2,0,2,1,0.18757201462029593
105539,34.0,66019.22,50.8,4.8,4.3,0,1,1,0.18684363907680812
105540,21.0,24582.26,61.1,4.0,13.8,0,3,1,0.12054740330873726
105541,46.0,127825.96,54.8,18.4,3.2,0,0,1,0.14705715685604104
105542,36.0,53076.69,35.2,10.0,3.2,0,1,1,0.15389676113718093
105543,50.0,92794.6,30.3,12.9,1.8,0,2,1,0.15992488869091254
105544,54.0,100446.43,21.2,12.5,0.8,0,2,1,0.11426941687307168
105545,46.0,99968.62,30.9,12.7,5.1,0,2,1,0.18347830590909298
105546,29.0,70265.3,60.9,5.8,6.6,0,1,1,0.20299110021886824
105547,47.0,131945.8,93.2,21.0,8.4,0,0,1,0.09078114527908343
105548,51.0,91842.08,29.0,12.3,6.1,0,2,1,0.18022949468430605
105549,45.0,105991.52,44.3,13.1,3.6,0,2,1,0.1856805339438471
105550,39.0,76499.98,57.4,7.0,13.4,0,1,1,0.15852867962411382
105551,38.0,50758.6,66.7,7.8,5.0,0,1,1,0.204830690548433
105552,18.0,33374.32,77.4,0.5,9.7,0,3,1,0.13403260604013645
105553,35.0,61303.45,62.9,3.5,3.7,0,1,1,0.1853812400028787
105554,22.0,39638.79,1.0,41.7,10.1,1,0,-1,-0.08683043161063264
105555,40.0,110466.31,39.5,12.6,0.3,0,2,1,0.13285115258789448
105556,53.0,178317.68,74.9,20.0,8.2,0,0,1,0.08135983575967476
105557,40.0,47411.07,35.3,4.5,4.6,0,1,1,0.1410866651751677
105558,33.0,67000.94,55.4,6.9,3.4,0,1,1,0.1890574842964976
105559,46.0,95702.87,29.6,12.0,5.6,0,2,1,0.18331964598951117
105560,32.0,31882.2,96.1,3.8,12.1,0,3,1,0.12399543596951251
105561,48.0,158137.61,64.0,20.2,6.9,0,0,1,0.1430953213103588
105562,38.0,63482.62,69.4,7.8,2.8,0,1,1,0.1751315071230521
105563,34.0,36809.22,72.5,0.7,12.8,0,3,1,0.15118175111191057
105564,19.0,36612.13,88.7,1.7,7.8,0,3,1,0.13997127462682346
105565,41.0,115080.22,74.3,18.7,10.2,0,0,1,0.15951286734714337
105566,20.0,36838.17,68.1,4.7,5.5,0,3,1,0.15556991783321894
105567,60.0,86082.07,41.0,13.4,0.2,0,2,1,0.09598938896748532
105568,28.0,28827.69,74.9,1.7,14.8,0,3,1,0.15236888200088866
105569,18.0,34478.46,71.8,5.2,17.0,0,3,1,0.06955045268145077
105570,40.0,143529.48,68.1,20.1,7.3,0,0,1,0.16388864656951468
105571,29.0,29709.07,100.0,0.0,11.1,0,3,1,0.09740700070025987
105572,24.0,31730.81,80.9,3.1,10.7,0,3,1,0.20776373484640842
105573,38.0,81518.63,30.3,10.7,14.7,0,1,1,0.07865236047833901
105574,34.0,141205.98,85.7,19.8,13.0,0,0,1,0.06582026583473743
105575,38.0,39314.03,71.0,8.3,11.4,0,3,1,0.18267928312213333
105576,18.0,24995.9,78.2,5.7,14.8,0,3,1,0.09504402909941878
105577,39.0,129757.74,100.0,16.9,10.0,0,0,1,0.07376462018756758
105578,50.0,103118.39,26.3,10.3,2.9,0,2,1,0.16410830926743597
105579,40.0,132336.26,77.3,21.8,6.2,0,0,1,0.14349659781387758
105580,47.0,95162.61,26.5,8.7,7.2,0,2,1,0.16824266238694047
105581,52.0,98052.24,15.7,10.8,0.0,0,2,1,0.08210946986559686
105582,36.0,63499.07,59.3,5.7,4.4,0,1,1,0.20175849591910056
105583,35.0,65984.26,52.2,5.1,4.3,0,1,1,0.19178396236906609
105584,49.0,87259.7,24.0,11.1,7.7,0,2,1,0.16508618511177947
105585,51.0,73815.67,12.4,15.7,7.4,0,2,1,0.08230182127285357
105586,44.0,169300.12,77.3,17.8,4.3,0,0,1,0.10982772012334252
105587,62.0,87526.6,31.2,12.1,4.2,0,2,1,0.14489074896915216
105588,39.0,67129.0,52.2,7.1,8.6,0,1,1,0.20625994610994336
105589,33.0,78144.67,57.8,10.2,2.8,0,1,1,0.167985241108909
105590,55.0,79774.68,28.7,13.8,3.3,0,2,1,0.1561131934291678
105591,49.0,67781.19,51.0,8.0,6.3,0,1,1,0.18902396950753914
105592,56.0,89935.21,39.1,12.4,4.2,0,2,1,0.18182780836198004
105593,57.0,64164.38,36.0,10.6,0.0,0,2,1,0.11473763594868225
105594,20.0,28430.22,75.6,3.7,11.6,0,3,1,0.17899746102251407
105595,50.0,122097.06,1.0,48.1,3.0,1,2,-1,-0.033000007961337396
105596,52.0,39032.27,47.1,11.8,0.5,0,2,1,0.10964336079576942
105597,38.0,159195.47,80.8,16.7,3.9,0,0,1,0.11188000173908441
105598,37.0,65508.81,63.7,5.9,6.6,0,1,1,0.2221508803414013
105599,52.0,111532.48,48.3,15.2,7.9,0,2,1,0.17009766342260113
105600,45.0,73306.88,52.1,10.1,2.9,0,2,1,0.18005302570936021
105601,48.0,51116.37,66.9,9.9,8.4,0,1,1,0.18342173854486205
105602,18.0,26539.84,81.6,4.3,9.5,0,3,1,0.14965039165275612
105603,43.0,102983.67,89.7,17.2,10.4,0,0,1,0.1033686914329377
105604,50.0,110892.91,73.3,18.6,7.2,0,0,1,0.1620283812993868
105605,41.0,54553.55,58.5,6.3,14.0,0,1,1,0.14329746074754346
105606,49.0,107738.58,53.0,10.2,4.3,0,2,1,0.17604239114928844
105607,19.0,20405.58,70.1,1.9,8.5,0,3,1,0.14061917467036278
105608,51.0,95104.78,100.0,32.8,7.6,1,0,-1,-0.016474114633261427
105609,43.0,59096.46,66.9,5.6,6.0,0,1,1,0.20024443921857843
105610,54.0,89276.42,1.0,46.1,1.5,1,2,-1,-0.05261129719287305
105611,21.0,38095.36,83.4,3.4,5.6,0,3,1,0.15407902323795714
105612,46.0,101794.25,41.3,12.5,2.6,0,2,1,0.17791205905655927
105613,33.0,64408.67,45.5,7.2,2.8,0,1,1,0.16888998974317276
105614,47.0,98047.46,40.8,12.7,0.7,0,2,1,0.15849103495786532
105615,43.0,94857.81,16.0,13.9,0.8,0,2,1,0.08016238946364806
105616,35.0,26458.93,82.6,1.5,9.5,0,3,1,0.1594767354915641
105617,37.0,71600.86,68.2,8.5,10.1,0,1,1,0.1958704883240332
105618,40.0,156349.66,68.6,20.0,8.3,0,0,1,0.1500013077351896
105619,55.0,99984.23,42.6,10.4,0.0,0,2,1,0.13945513465632686
105620,29.0,39747.17,76.8,4.6,5.1,0,1,1,0.18162554528910835
105621,33.0,62914.61,40.6,3.9,7.5,0,1,1,0.17003602196679568
105622,33.0,58131.1,53.9,4.4,6.3,0,1,1,0.20087019226420733
105623,52.0,85035.65,30.0,11.6,6.5,0,2,1,0.1843891838195984
105624,52.0,62059.79,23.1,13.9,1.9,0,2,1,0.1159118703010858
105625,24.0,43087.37,84.3,0.0,14.3,0,3,1,0.12443677038515044
105626,53.0,101315.04,38.0,13.8,3.8,0,2,1,0.18736412539446234
105627,45.0,100532.29,21.2,15.6,2.9,0,2,1,0.10956987044667288
105628,52.0,83439.96,38.4,12.9,2.0,0,2,1,0.1672674854495983
105629,26.0,32390.1,77.0,1.5,16.9,0,3,1,0.10822672694321334
105630,42.0,70128.53,69.3,7.6,6.0,0,1,1,0.20847658198808378
105631,23.0,48396.11,79.7,9.3,7.6,0,3,1,0.15742818462957997
105632,18.0,35656.31,75.2,4.4,6.7,0,3,1,0.15157658419010783
105633,34.0,71877.86,77.3,5.7,4.0,0,1,1,0.16429997720120249
105634,29.0,24742.87,66.1,3.5,16.3,0,3,1,0.11451809013434211
105635,20.0,29870.21,79.1,2.1,4.7,0,3,1,0.1350137266989616
105636,56.0,98186.16,38.7,11.7,8.5,0,2,1,0.15737037241847934
105637,21.0,25796.19,94.6,0.0,9.5,0,3,1,0.09637550309948428
105638,52.0,93041.16,19.5,9.6,6.9,0,2,1,0.14168046904923975
105639,31.0,29596.29,68.7,0.0,12.8,0,3,1,0.14841503066668882
105640,57.0,46935.45,10.8,12.3,4.8,0,2,1,0.061809550145336845
105641,34.0,61632.29,55.5,7.1,4.3,0,1,1,0.20595824903560916
105642,52.0,83468.33,27.4,8.3,3.5,0,2,1,0.1497102077815583
105643,56.0,89432.5,31.5,14.5,7.1,0,2,1,0.16157875496572704
105644,45.0,87189.07,58.6,4.7,5.4,0,1,1,0.16671955464559463
105645,55.0,119625.8,24.5,12.5,1.6,0,2,1,0.12527453905668318
105646,23.0,31069.11,81.8,7.1,11.4,0,3,1,0.17563388447833977
105647,50.0,84827.71,33.1,10.3,4.4,0,2,1,0.18581904658479237
105648,18.0,30783.52,76.7,0.7,8.9,0,3,1,0.1270124934987063
105649,42.0,75303.27,52.7,8.0,2.5,0,1,1,0.17216964236416393
105650,23.0,33329.44,93.3,5.4,10.6,0,3,1,0.15362818360915387
105651,38.0,174234.6,68.6,18.9,7.6,0,0,1,0.14053866771662127
105652,46.0,55191.91,67.2,6.8,8.7,0,1,1,0.18433834239095948
105653,60.0,60721.81,34.3,10.2,5.3,0,2,1,0.1307203179762213
105654,39.0,56749.48,52.8,7.4,3.2,0,1,1,0.1885695462502175
105655,38.0,52874.36,65.3,4.4,5.3,0,1,1,0.20167707684702546
105656,20.0,30282.61,91.8,4.7,8.6,0,3,1,0.1435661728558047
105657,41.0,162309.9,60.4,18.0,6.2,0,0,1,0.15169123369692372
105658,51.0,108835.75,28.3,13.9,10.6,0,2,1,0.126704531416509
105659,27.0,31515.66,89.6,0.8,14.6,0,3,1,0.12094514570091397
105660,48.0,132074.41,27.8,13.3,0.0,0,2,1,0.099632570180063
105661,35.0,49950.62,43.6,9.4,3.3,0,1,1,0.1666667863243544
105662,20.0,27094.73,89.4,5.0,13.8,0,3,1,0.1121669028984601
105663,32.0,77061.54,50.1,5.5,4.9,0,1,1,0.1877688447707339
105664,21.0,31477.07,69.6,3.5,2.2,0,1,1,0.11597069321632064
105665,25.0,25723.44,71.3,1.7,12.8,0,3,1,0.17088438394717304
105666,55.0,92169.23,27.8,13.6,9.4,0,2,1,0.13805455855323767
105667,24.0,22793.68,71.0,4.1,8.7,0,3,1,0.18819666014354697
105668,39.0,117264.99,72.9,14.9,7.9,0,0,1,0.1723088607761738
105669,52.0,87313.18,24.6,14.0,0.0,0,2,1,0.12225304465216902
105670,44.0,158339.38,73.6,20.5,4.6,0,0,1,0.1231312939014807
105671,48.0,87112.9,1.0,39.1,6.1,1,2,-1,-0.029889746084120428
105672,46.0,141986.27,82.5,14.3,8.8,0,0,1,0.1330760342450435
105673,38.0,73368.12,46.4,4.8,3.9,0,1,1,0.161216251046993
105674,39.0,67988.29,48.5,10.8,7.9,0,1,1,0.20075702914342713
105675,37.0,59682.88,67.3,7.8,12.7,0,1,1,0.18357342617676764
105676,37.0,101051.79,64.6,19.1,6.7,0,0,1,0.1684040497955963
105677,30.0,29733.11,88.8,1.3,13.5,0,3,1,0.14143037128190145
105678,59.0,85342.16,39.9,12.5,5.6,0,2,1,0.15978272782241582
105679,58.0,111641.92,40.1,13.3,0.2,0,2,1,0.11022891455622352
105680,36.0,49707.22,57.8,9.2,7.0,0,1,1,0.2097061301234489
105681,30.0,113620.64,77.8,16.9,10.4,0,0,1,0.12534538525819244
105682,30.0,66259.98,62.3,8.6,5.0,0,1,1,0.19974229988578757
105683,28.0,40677.78,55.3,3.1,4.6,0,1,1,0.17193883778314134
105684,48.0,81686.38,34.3,12.8,6.7,0,2,1,0.18905975095259148
105685,37.0,69517.68,47.2,9.1,0.0,0,2,1,0.1470111555227211
105686,32.0,39759.87,85.5,7.5,4.6,0,1,1,0.15272257102251346
105687,28.0,32778.21,80.4,0.7,11.2,0,3,1,0.1739314031989428
105688,26.0,28027.93,77.3,0.4,8.8,0,3,1,0.17118337558908758
105689,57.0,111771.8,42.7,13.9,6.9,0,2,1,0.1629775667436995
105690,40.0,148556.58,82.9,15.2,3.8,0,0,1,0.11433710093753446
105691,29.0,42073.37,47.5,5.9,11.5,0,1,1,0.16016275247627854
105692,22.0,23265.71,79.7,2.6,7.7,0,3,1,0.1718000016309923
105693,33.0,73908.71,43.9,3.7,8.4,0,1,1,0.16537050819615312
105694,40.0,179115.67,70.5,17.8,10.4,0,0,1,0.09782567484871685
105695,44.0,100772.72,31.3,14.1,2.1,0,2,1,0.15571538373951183
105696,37.0,57993.96,62.1,6.5,7.8,0,1,1,0.21953734056478091
105697,33.0,30352.72,82.0,7.6,11.2,0,3,1,0.17779556387593692
105698,31.0,123210.17,60.0,19.8,7.7,0,0,1,0.12854333769414394
105699,48.0,155411.23,78.1,15.6,9.5,0,0,1,0.12961836325548654
105700,31.0,23664.72,74.8,3.7,10.3,0,3,1,0.19224209390440417
105701,50.0,158358.39,76.1,19.6,10.3,0,0,1,0.11019980448142208
105702,24.0,29956.24,87.9,1.5,9.8,0,3,1,0.17937337527313468
105703,18.0,36214.45,90.3,1.1,9.5,0,3,1,0.116795071896719
105704,50.0,113388.08,49.2,11.0,0.0,0,2,1,0.13686233958305782
105705,42.0,62503.26,58.5,8.9,5.9,0,1,1,0.21572432397668306
105706,33.0,58030.29,62.9,8.8,11.9,0,1,1,0.1886152619070826
105707,45.0,136355.43,80.9,16.1,12.3,0,0,1,0.13090367739395203
105708,44.0,134237.01,62.3,19.3,7.2,0,0,1,0.18017088071853554
105709,24.0,22373.92,73.7,1.9,11.3,0,3,1,0.17995219945799085
105710,51.0,49704.27,30.8,9.1,0.9,0,2,1,0.11572094903223595
105711,57.0,66118.38,37.9,11.0,1.9,0,2,1,0.13915438230461785
105712,47.0,100463.85,39.3,8.5,7.5,0,2,1,0.17604565181025167
105713,37.0,149792.95,60.2,17.1,4.2,0,0,1,0.1306937877301106
105714,49.0,91563.33,23.5,12.6,5.3,0,2,1,0.1679727285644484
105715,38.0,37349.29,89.8,0.0,4.1,0,1,1,0.08620095143520312
105716,23.0,42292.06,100.0,1.6,8.2,0,3,1,0.10866185895151614
105717,46.0,135031.59,70.3,19.3,16.1,0,0,1,0.08023061274016507
105718,50.0,187101.99,53.6,20.1,5.2,0,0,1,0.08628195896572954
105719,32.0,39818.2,84.0,1.5,8.5,0,3,1,0.18481029684595884
105720,22.0,36391.04,82.0,5.8,14.8,0,3,1,0.13409415324459245
105721,48.0,103125.86,39.6,11.8,6.8,0,2,1,0.1969692901841163
105722,26.0,28690.55,76.6,2.3,7.8,0,3,1,0.203920813262776
105723,24.0,24529.71,82.7,5.8,10.2,0,3,1,0.18029954957606692
105724,48.0,143914.3,61.8,22.0,0.7,0,0,1,0.06780357548991367
105725,43.0,120632.47,87.8,18.4,15.7,0,0,1,0.06185140074451545
105726,43.0,120826.79,54.9,20.2,5.5,0,0,1,0.15986025107332474
105727,50.0,116000.63,45.5,10.8,2.6,0,2,1,0.1620358808763449
105728,27.0,39060.49,65.6,8.7,8.1,0,1,1,0.1979418811258895
105729,44.0,122204.6,86.7,14.4,6.6,0,0,1,0.14260144691944532
105730,37.0,61995.4,58.0,6.0,8.6,0,1,1,0.2130562782543342
105731,18.0,31170.53,82.3,2.3,10.0,0,3,1,0.15209588151155967
105732,44.0,95627.32,55.3,18.3,6.2,0,0,1,0.17977030916857917
105733,49.0,104730.03,25.1,7.2,9.0,0,2,1,0.12227606478554609
105734,49.0,170168.67,60.8,17.8,4.2,0,0,1,0.11689324458577732
105735,24.0,29995.46,67.2,4.0,9.2,0,3,1,0.20348957917031996
105736,52.0,142161.66,46.5,14.4,14.3,0,0,1,0.07541612928006891
105737,50.0,99104.14,35.1,14.8,0.0,0,2,1,0.12120137412468751
105738,59.0,116552.36,35.1,12.8,2.9,0,2,1,0.131994756646301
105739,35.0,154623.22,74.5,18.5,9.4,0,0,1,0.12302109296014074
105740,33.0,78664.85,58.1,8.1,6.2,0,1,1,0.2002611342285216
105741,57.0,96778.28,34.1,14.4,0.0,0,2,1,0.12144787164405213
105742,51.0,84523.76,38.7,12.6,4.0,0,2,1,0.1891687126671402
105743,48.0,94589.07,38.2,11.6,7.3,0,2,1,0.1967071460785289
105744,46.0,140479.61,48.5,17.6,9.9,0,0,1,0.13497919704807693
105745,51.0,100185.66,32.8,12.5,8.2,0,2,1,0.17273466606458865
105746,28.0,24537.45,61.4,3.9,13.5,0,3,1,0.15997938606515238
105747,18.0,30791.51,100.0,2.5,17.6,0,3,1,0.004105008791850495
105748,39.0,123698.06,65.0,15.4,2.9,0,0,1,0.14298189707529013
105749,42.0,143650.6,64.8,17.0,12.3,0,0,1,0.15262834684323878
105750,48.0,133481.36,76.3,14.7,8.8,0,0,1,0.15504132546283905
105751,24.0,29844.81,78.3,2.7,6.1,0,3,1,0.18932513458889833
105752,44.0,72611.12,54.1,3.5,0.0,0,1,1,0.13071790502746766
105753,62.0,92030.39,42.6,10.1,3.1,0,2,1,0.1208600582711245
105754,51.0,99128.99,35.9,10.2,1.2,0,2,1,0.15821556587018437
105755,24.0,21895.16,69.8,2.7,11.2,0,3,1,0.1765891427115137
105756,60.0,86852.45,35.4,8.3,5.0,0,2,1,0.12330766549721556
105757,19.0,30224.57,82.8,4.0,5.6,0,3,1,0.14336218159204006
105758,40.0,61566.16,70.7,9.9,11.8,0,1,1,0.1663687030994186
105759,18.0,34317.16,62.2,5.6,14.3,0,3,1,0.09759963333000898
105760,29.0,29554.31,100.0,46.1,10.0,1,0,-1,-0.03779870300830279
105761,24.0,20489.55,69.9,7.5,9.7,0,3,1,0.16072479200855422
105762,44.0,139781.5,67.9,18.1,6.8,0,0,1,0.18831455382709006
105763,41.0,108444.49,51.1,9.7,2.8,0,2,1,0.17136720589417637
105764,50.0,120560.64,75.9,26.7,9.9,0,0,1,0.0857301267184919
105765,36.0,71839.89,65.8,5.7,1.8,0,1,1,0.1563070480266628
105766,39.0,70301.45,55.0,10.3,11.3,0,1,1,0.18051841944018981
105767,40.0,58890.58,37.1,6.7,1.5,0,2,1,0.13325844428426048
105768,40.0,106066.41,46.7,8.1,3.2,0,2,1,0.16433803501502853
105769,36.0,58736.76,44.2,9.7,2.9,0,1,1,0.17077547158479606
105770,42.0,71496.95,39.8,11.5,1.7,0,2,1,0.16261750773616906
105771,46.0,148382.23,48.9,19.0,11.5,0,0,1,0.1067561063265734
105772,42.0,134080.15,90.9,16.6,7.5,0,0,1,0.11889782233198748
105773,26.0,32279.02,75.3,3.2,14.7,0,3,1,0.1756129075927892
105774,40.0,61166.15,49.4,5.5,9.9,0,1,1,0.17901056780619407
105775,18.0,45842.37,77.7,0.2,10.5,0,3,1,0.10640289195267172
105776,20.0,29586.64,62.9,2.5,3.6,0,1,1,0.12569493386447755
105777,49.0,80853.05,30.0,10.5,4.1,0,2,1,0.1742956863248844
105778,40.0,66024.43,71.0,6.0,8.0,0,1,1,0.20619700076049452
105779,54.0,114693.24,27.7,13.6,1.4,0,2,1,0.12575844122072893
105780,21.0,29934.14,82.5,0.8,7.2,0,3,1,0.14978872752095884
105781,40.0,141220.77,62.6,18.5,6.9,0,0,1,0.17783383226507032
105782,46.0,141586.13,89.5,18.2,4.3,0,0,1,0.08869420223992663
105783,35.0,62235.92,48.9,10.0,6.1,0,1,1,0.20214630197006433
105784,40.0,144574.84,62.9,19.9,10.3,0,0,1,0.13921198188532058
105785,25.0,35407.35,73.0,0.0,9.0,0,3,1,0.17438010609818488
105786,49.0,60175.24,24.4,9.5,0.8,0,2,1,0.10764198784368162
105787,50.0,152900.86,81.6,19.0,11.2,0,0,1,0.10655052645709429
105788,43.0,178194.93,59.7,17.9,4.9,0,0,1,0.11932171389510293
105789,49.0,150578.79,83.9,15.2,6.2,0,0,1,0.12199067812775066
105790,27.0,66031.85,53.7,8.5,7.1,0,1,1,0.18220047730109523
105791,32.0,98158.47,72.8,18.9,1.4,0,0,1,0.07939574342323508
105792,52.0,77602.43,23.9,10.7,4.4,0,2,1,0.16054902341442373
105793,20.0,20559.81,79.2,2.3,7.2,0,3,1,0.14294167303416572
105794,22.0,29996.36,78.4,2.5,10.5,0,3,1,0.19407920711512544
105795,52.0,109016.77,50.8,12.0,2.1,0,2,1,0.1605785023372981
105796,45.0,106052.56,26.0,16.7,12.3,0,2,1,0.0928270523646193
105797,35.0,43418.59,64.5,11.2,3.1,0,1,1,0.1611083948912435
105798,52.0,93405.13,57.5,18.6,11.1,0,0,1,0.12348510693411507
105799,52.0,102685.07,46.0,14.4,2.1,0,2,1,0.15880743859021335
105800,32.0,73757.91,62.5,8.2,5.0,0,1,1,0.19451317524815115
105801,39.0,49785.54,60.5,7.2,7.4,0,1,1,0.21271776812300597
105802,56.0,77554.52,41.8,12.0,1.6,0,2,1,0.1387175598495039
105803,45.0,127296.35,34.3,11.3,0.6,0,2,1,0.1279679204374039
105804,57.0,112289.55,43.2,11.9,6.3,0,2,1,0.16840000560148172
105805,32.0,64428.58,57.5,7.5,1.6,0,1,1,0.15658378441408044
105806,61.0,122676.88,23.5,13.2,0.0,0,2,1,0.057883973458942695
105807,52.0,57453.07,32.1,11.0,7.5,0,2,1,0.15404586067539278
105808,51.0,182612.89,83.6,18.2,9.2,0,0,1,0.07946440608519334
105809,26.0,25201.37,89.5,4.4,12.2,0,3,1,0.15741594877506415
105810,41.0,102742.01,45.1,12.0,2.5,0,2,1,0.16248912549888211
105811,29.0,45994.9,59.5,6.5,6.3,0,1,1,0.20638139234101
105812,32.0,24765.93,74.5,6.4,9.1,0,3,1,0.18631651032520408
105813,52.0,92005.91,42.1,7.9,3.4,0,2,1,0.1584815318150437
105814,52.0,77930.72,38.4,13.6,5.4,0,2,1,0.1802197368372222
105815,45.0,57163.71,63.0,8.0,6.3,0,1,1,0.20036451265139377
105816,58.0,99928.85,23.0,13.5,2.5,0,2,1,0.11990053585370902
105817,34.0,59224.61,65.4,9.2,6.5,0,1,1,0.21981184620114164
105818,23.0,20208.44,70.9,1.1,10.9,0,3,1,0.16330715114775374
105819,35.0,51857.39,59.5,6.9,0.0,0,1,1,0.15398385191072772
105820,42.0,73281.54,55.6,7.7,6.0,0,1,1,0.21220038915654965
105821,44.0,131999.68,42.5,13.9,3.1,0,2,1,0.141541744269657
105822,49.0,105470.24,69.5,19.5,6.1,0,0,1,0.15509281860765045
105823,57.0,100194.17,37.1,10.6,5.2,0,2,1,0.18392356845734975
105824,34.0,33009.65,83.6,4.4,6.6,0,3,1,0.19301238794866205
105825,35.0,60180.66,36.8,8.6,4.2,0,1,1,0.17152512109382778
105826,27.0,27633.76,98.4,2.4,15.8,0,3,1,0.06047104417523508
105827,51.0,94085.67,50.7,10.2,4.1,0,2,1,0.18242600415012072
105828,27.0,34325.82,78.4,2.8,12.5,0,3,1,0.19432550895634987
105829,37.0,72784.78,61.9,8.3,10.4,0,1,1,0.19641942552573716
105830,50.0,113920.28,33.4,9.2,3.0,0,2,1,0.15782805630297836
105831,48.0,101418.22,32.1,12.3,7.0,0,2,1,0.18519067331257555
105832,43.0,65266.55,68.9,6.6,2.3,0,1,1,0.16049542981891463
105833,30.0,59815.89,66.0,6.6,10.6,0,3,1,0.20201507070290659
105834,61.0,79810.5,56.2,8.7,9.5,0,2,1,0.09879908020133499
105835,36.0,59401.46,57.9,5.4,11.5,0,1,1,0.19529226401598032
105836,21.0,28748.41,64.2,1.5,7.9,0,3,1,0.16538825740276342
105837,39.0,135572.23,60.9,21.2,7.5,0,0,1,0.15216653843025013
105838,38.0,71617.59,78.2,8.8,6.3,0,1,1,0.18657642557217202
105839,31.0,65773.14,68.6,7.3,7.2,0,1,1,0.21206232244254725
105840,25.0,21230.03,79.5,4.5,9.9,0,3,1,0.180021667014505
105841,42.0,74910.85,53.0,7.9,7.1,0,1,1,0.2088938032168149
105842,26.0,59911.0,47.7,7.3,9.0,0,1,1,0.16026266358535662
105843,23.0,26815.8,80.3,7.9,3.5,0,3,1,0.1149573836765152
105844,53.0,85701.29,30.7,11.8,3.0,0,2,1,0.17849022059173514
105845,39.0,59301.62,36.4,9.6,10.4,0,1,1,0.15154735216273924
105846,40.0,141254.25,84.2,20.1,12.1,0,0,1,0.1072531698770004
105847,45.0,159392.25,86.1,17.3,9.3,0,0,1,0.118803527829617
105848,18.0,22900.12,83.0,4.3,8.8,0,3,1,0.1305597708849761
105849,21.0,29951.93,79.9,0.0,11.4,0,3,1,0.14423204111796717
105850,52.0,99231.04,33.8,9.2,0.7,0,2,1,0.14336067035742162
105851,51.0,123805.85,80.1,15.8,8.0,0,0,1,0.14531584246444462
105852,41.0,132755.05,68.6,20.9,13.8,0,0,1,0.08984489798605944
105853,25.0,29622.86,64.7,0.2,14.3,0,3,1,0.12670554651536414
105854,18.0,29463.66,79.6,0.0,6.2,0,3,1,0.09521946921337765
105855,18.0,28165.54,80.6,5.1,8.0,0,3,1,0.14732957667506358
105856,41.0,136986.56,63.9,18.8,9.3,0,0,1,0.1713939155776964
105857,38.0,105934.14,36.3,12.5,7.5,0,2,1,0.17002472083485443
105858,27.0,47988.72,57.3,2.4,6.4,0,1,1,0.1837003428508499
105859,56.0,101782.52,35.8,11.5,2.7,0,2,1,0.1634572038365391
105860,22.0,33317.45,62.5,5.9,7.8,0,3,1,0.16792650440853923
105861,55.0,96374.21,23.5,14.6,7.2,0,2,1,0.1561264089065732
105862,18.0,31576.23,80.1,0.0,3.6,0,3,1,0.07403674428724238
105863,48.0,72543.92,24.6,9.4,3.6,0,2,1,0.16373122609896446
105864,48.0,114048.82,36.8,13.6,0.0,0,2,1,0.12833411233335795
105865,49.0,97329.3,39.5,10.7,2.5,0,2,1,0.17673713409876468
105866,34.0,58675.84,79.6,7.6,7.1,0,1,1,0.1989584980119582
105867,37.0,108869.28,69.9,20.3,7.4,0,0,1,0.1475600392440118
105868,51.0,82273.35,17.6,12.9,3.2,0,2,1,0.1285993286046963
105869,26.0,32890.68,68.4,3.5,6.1,0,3,1,0.20142598768160613
105870,25.0,31638.06,93.4,1.3,6.0,0,3,1,0.1361246243483853
105871,50.0,105415.37,7.0,13.8,3.4,0,2,1,0.08806397676694833
105872,30.0,57894.84,50.6,4.5,1.2,0,1,1,0.14191752498606658
105873,28.0,28777.39,74.1,4.7,10.2,0,3,1,0.21047713357286657
105874,18.0,35875.31,92.8,4.0,7.4,0,3,1,0.11483351504257056
105875,18.0,26807.98,79.0,5.9,7.7,0,3,1,0.13825612466243403
105876,33.0,73399.32,53.7,10.4,6.6,0,1,1,0.19946926744075655
105877,58.0,101545.58,42.1,11.6,3.7,0,2,1,0.16702551050349312
105878,26.0,36597.28,83.3,0.0,10.8,0,3,1,0.16807638853540813
105879,49.0,85665.45,39.6,15.4,3.3,0,2,1,0.1484517269343702
105880,46.0,49757.49,70.3,7.9,7.6,0,1,1,0.1829235662746826
105881,43.0,54896.29,70.8,6.6,5.1,0,1,1,0.19010040541959705
105882,18.0,41131.64,89.4,2.0,11.6,0,3,1,0.12009964139039436
105883,53.0,88965.19,44.6,10.7,0.0,0,2,1,0.14077490487784267
105884,44.0,141682.51,66.1,16.2,3.3,0,0,1,0.15555483846463086
105885,34.0,52232.41,67.6,8.0,5.5,0,1,1,0.21302654977728347
105886,27.0,31380.95,75.3,2.9,15.3,0,3,1,0.16193225061949262
105887,27.0,30280.74,86.9,4.7,10.8,0,3,1,0.1896939681214998
105888,22.0,29727.05,67.2,3.4,8.2,0,3,1,0.1906785061980818
105889,41.0,155725.25,88.9,18.7,7.7,0,0,1,0.1087525178022718
105890,24.0,38554.68,81.9,3.4,10.8,0,3,1,0.19954857402933623
105891,36.0,149840.01,63.2,18.8,5.8,0,0,1,0.1414695966152537
105892,55.0,92382.46,23.5,11.4,10.6,0,2,1,0.11307707895189134
105893,25.0,63856.37,47.9,9.8,9.4,0,1,1,0.14081102924885425
105894,44.0,163119.29,74.4,18.0,6.2,0,0,1,0.16485045433047085
105895,22.0,29327.01,78.1,0.0,13.1,0,3,1,0.1367214284148629
105896,62.0,87609.11,46.7,11.7,2.2,0,2,1,0.11567822589082244
105897,22.0,32493.59,70.8,4.2,8.4,0,3,1,0.20226870594926188
105898,38.0,139498.11,65.1,17.3,7.8,0,0,1,0.17904327087119182
105899,29.0,78280.94,66.1,5.7,6.9,0,1,1,0.19041183018239582
105900,27.0,33202.19,96.8,2.5,13.6,0,3,1,0.1141404874582782
105901,36.0,110243.85,88.8,17.1,4.5,0,0,1,0.09468947876328826
105902,24.0,39280.51,70.4,2.9,4.4,0,1,1,0.16322443000669656
105903,22.0,37743.87,70.2,0.5,7.7,0,3,1,0.15274700468036367
105904,49.0,108076.61,38.8,13.1,4.1,0,2,1,0.18558735095392243
105905,33.0,53335.76,62.3,10.2,4.2,0,1,1,0.19546412671935887
105906,38.0,111377.14,80.3,17.9,9.7,0,0,1,0.15875620093197051
105907,49.0,105571.83,32.1,8.9,6.8,0,2,1,0.16673264951127859
105908,52.0,89693.89,37.8,9.1,5.3,0,2,1,0.18963128598974016
105909,33.0,60257.87,69.4,8.3,6.5,0,1,1,0.2145824959291609
105910,23.0,17251.12,69.8,3.3,7.7,0,3,1,0.17598946057066012
105911,36.0,152099.77,85.1,16.6,10.6,0,0,1,0.09762766516636934
105912,28.0,26373.53,70.7,6.6,6.6,0,3,1,0.19041345888049122
105913,33.0,83937.76,52.3,9.7,3.9,0,1,1,0.17409408913843982
105914,25.0,38254.9,73.3,3.2,12.2,0,3,1,0.19432664738081457
105915,19.0,44904.44,88.4,2.3,9.3,0,3,1,0.1250856582488139
105916,62.0,88932.67,30.3,14.3,0.0,0,2,1,0.09124888300744982
105917,52.0,96439.12,28.0,8.9,4.2,0,2,1,0.16722825540598735
105918,55.0,83388.15,23.2,14.5,5.6,0,2,1,0.1478237731994489
105919,41.0,163205.54,74.4,21.6,10.0,0,0,1,0.11518709615448308
105920,29.0,54648.47,51.9,7.6,6.1,0,1,1,0.19719867816674502
105921,30.0,68574.8,68.0,6.8,7.6,0,1,1,0.20666371784572662
105922,19.0,28990.18,73.2,4.1,10.8,0,3,1,0.17594328309201562
105923,50.0,88683.56,15.3,15.2,0.0,0,2,1,0.06728970660845823
105924,38.0,62420.84,55.3,7.0,5.0,0,1,1,0.21447373363403693
105925,55.0,72537.99,38.3,10.6,2.7,0,2,1,0.15756571553368404
105926,22.0,31047.55,83.0,2.9,12.8,0,3,1,0.17210171533981033
105927,48.0,147780.95,78.8,22.0,3.8,0,0,1,0.10831448894061102
105928,48.0,178930.12,76.3,21.8,13.3,0,0,1,0.03994854937515624
105929,41.0,133436.85,77.3,16.8,16.1,0,0,1,0.08024350912448286
105930,28.0,32268.06,63.9,3.5,6.4,0,1,1,0.203167766256452
105931,47.0,76944.65,85.8,17.2,2.9,0,0,1,0.08329469244009413
105932,24.0,32096.9,77.4,5.8,11.1,0,3,1,0.2044100823313409
105933,40.0,59224.22,62.3,4.4,7.8,0,1,1,0.20925839226056103
105934,20.0,39601.11,78.8,4.3,10.8,0,3,1,0.1805907977440706
105935,33.0,23012.31,76.9,1.1,3.9,0,1,1,0.12089789294236003
105936,47.0,115041.81,34.7,11.6,6.3,0,2,1,0.18608278499963132
105937,25.0,35532.8,81.2,4.1,8.7,0,3,1,0.20773922569163494
105938,41.0,48472.61,57.1,9.2,6.5,0,1,1,0.20123280830840223
105939,50.0,134132.34,49.2,12.3,1.1,0,2,1,0.13026155494984704
105940,33.0,157858.27,84.7,18.8,2.9,0,0,1,0.0534140164510275
105941,53.0,86674.85,36.6,15.9,6.4,0,2,1,0.15182434976557901
105942,55.0,94224.61,39.1,10.6,5.7,0,2,1,0.19168648154250617
105943,23.0,27263.81,86.2,0.0,8.4,0,3,1,0.14865560062272865
105944,46.0,170859.53,76.7,16.7,7.8,0,0,1,0.1309020728102659
105945,25.0,40988.68,87.2,4.9,10.2,0,3,1,0.1808604054410653
105946,19.0,23901.2,75.0,4.4,8.5,0,3,1,0.16689740088947025
105947,27.0,27422.61,71.6,5.8,12.3,0,3,1,0.1821411611317405
105948,50.0,80797.58,44.5,13.8,5.9,0,2,1,0.1781746165769605
105949,35.0,49784.36,57.9,9.8,4.3,0,1,1,0.1870597829519659
105950,52.0,122972.04,32.0,11.7,0.0,0,2,1,0.11650719861530645
105951,39.0,53734.93,42.5,5.1,7.6,0,1,1,0.17213967967030358
105952,28.0,46534.3,63.6,6.9,4.3,0,1,1,0.19133476301077706
105953,34.0,81397.98,70.8,6.8,9.4,0,1,1,0.1849968790113904
105954,25.0,21780.64,58.5,1.2,5.3,0,1,1,0.12882507285336586
105955,37.0,55862.67,62.3,7.9,9.1,0,1,1,0.21427832254285506
105956,47.0,103817.99,25.4,13.4,7.7,0,2,1,0.16575817031799706
105957,40.0,60023.81,63.7,3.9,1.7,0,1,1,0.1616876068305128
105958,26.0,39532.55,65.7,3.0,11.3,0,3,1,0.19723192478208862
105959,49.0,89196.56,41.1,12.2,4.3,0,2,1,0.18700371393141235
105960,31.0,61652.37,54.0,6.3,5.4,0,1,1,0.20704950558732105
105961,24.0,26998.72,78.1,2.3,7.2,0,3,1,0.1910309566544277
105962,18.0,37457.4,100.0,41.1,12.0,1,0,-1,-0.034374699861906555
105963,31.0,58572.44,52.7,6.4,8.9,0,1,1,0.2040107346398991
105964,34.0,58209.62,65.4,7.1,5.2,0,1,1,0.21727277780061288
105965,53.0,111974.52,45.6,9.4,0.2,0,2,1,0.12557803280314356
105966,29.0,30343.89,56.0,1.5,8.7,0,3,1,0.17307546573165383
105967,50.0,108080.28,25.7,13.9,4.9,0,2,1,0.17235835765114565
105968,30.0,58434.67,62.9,7.1,8.1,0,1,1,0.22130405222382155
105969,49.0,104486.53,31.0,17.1,0.0,0,2,1,0.08544712031624191
105970,65.0,78735.37,47.7,13.7,1.3,0,2,1,0.07926799740985102
105971,39.0,56466.76,60.7,7.3,6.0,0,1,1,0.2175172562177336
105972,22.0,33963.42,69.0,1.3,12.9,0,3,1,0.15597207680776515
105973,38.0,47417.59,48.0,2.7,9.7,0,1,1,0.17014095962697345
105974,46.0,112563.32,78.5,22.0,3.4,0,0,1,0.11347200118337508
105975,40.0,100657.98,81.5,17.8,6.8,0,0,1,0.15851267767064864
105976,25.0,28792.06,74.0,3.5,8.2,0,3,1,0.2124951300287543
105977,50.0,92323.51,35.9,13.2,5.7,0,2,1,0.18304876998026226
105978,29.0,77712.74,58.6,6.3,4.3,0,1,1,0.17469960199167234
105979,34.0,45592.81,96.7,3.2,11.0,0,3,1,0.12047990254013224
105980,59.0,90883.16,40.4,12.5,9.8,0,2,1,0.11993554169055842
105981,43.0,60460.24,73.3,7.0,5.4,0,1,1,0.19945054854665784
105982,35.0,63645.11,50.1,6.0,2.7,0,1,1,0.17187976259161386
105983,39.0,145910.58,82.4,19.8,9.3,0,0,1,0.13274263417981907
105984,28.0,52391.21,56.0,8.9,5.3,0,1,1,0.18715521846598215
105985,46.0,119765.73,27.7,9.7,4.7,0,2,1,0.16550642747822109
105986,36.0,56418.59,58.0,5.1,5.5,0,1,1,0.21106268275772777
105987,24.0,20273.47,87.6,0.3,7.2,0,3,1,0.1135646960007134
105988,41.0,68353.52,58.9,3.6,5.2,0,1,1,0.18795389562344178
105989,42.0,136383.36,83.4,22.0,9.8,0,0,1,0.1220972799345853
105990,33.0,75552.85,52.1,1.8,3.3,0,1,1,0.1502047493211195
105991,18.0,29789.14,76.2,0.0,7.4,0,3,1,0.11179432843399284
105992,45.0,92828.25,26.5,14.0,4.5,0,2,1,0.17204305134200426
105993,51.0,128539.92,93.4,18.0,6.4,0,0,1,0.09155093255409563
105994,55.0,93921.65,66.5,14.7,2.5,0,2,1,0.12287955705763115
105995,42.0,105546.55,21.7,11.5,6.7,0,2,1,0.14712966106472974
105996,38.0,66619.35,70.1,10.2,3.2,0,1,1,0.17947095017450698
105997,54.0,90345.1,33.5,9.0,2.4,0,2,1,0.15317075024606025
105998,41.0,176042.4,60.4,13.2,8.0,0,0,1,0.11308063543069358
105999,37.0,136482.67,78.6,17.8,6.7,0,0,1,0.15315900098534752
106000,42.0,161354.46,60.5,19.5,5.0,0,0,1,0.13679673081546267
106001,39.0,44779.11,63.4,6.8,7.3,0,1,1,0.21105338386603745
106002,29.0,27270.5,77.7,3.6,9.1,0,3,1,0.20198855876546928
106003,56.0,100639.94,29.2,14.5,5.7,0,2,1,0.1630743174445548
106004,20.0,27089.05,75.8,3.9,3.4,0,3,1,0.12747043750065795
106005,20.0,28673.73,63.6,1.0,10.4,0,3,1,0.15079862758770157
106006,34.0,57420.76,44.2,6.6,2.5,0,1,1,0.15647839329232138
106007,59.0,124810.9,30.3,9.8,6.6,0,2,1,0.12085700663001658
106008,46.0,187243.58,93.4,13.9,11.5,0,0,1,0.034096875696435935
106009,51.0,104389.41,42.8,13.5,7.0,0,2,1,0.18766148917634756
106010,40.0,115987.41,83.9,16.3,13.6,0,0,1,0.09054365882458448
106011,48.0,88487.71,33.1,8.9,0.0,0,2,1,0.13943184681044185
106012,57.0,65587.34,60.2,11.8,0.9,0,2,1,0.10652212184904275
106013,26.0,17819.41,74.7,2.6,6.2,0,3,1,0.17029458050800977
106014,49.0,121095.0,36.8,12.8,1.6,0,2,1,0.1472053859668021
106015,18.0,30611.49,53.4,0.8,6.2,0,3,1,0.09176527245372768
106016,18.0,35739.49,76.7,1.8,12.0,0,3,1,0.1429531762602823
106017,18.0,24260.99,89.2,7.6,12.1,0,3,1,0.10384942241433548
106018,45.0,125337.16,66.4,18.5,12.1,0,0,1,0.1490841528295453
106019,54.0,111381.08,25.8,13.2,2.0,0,2,1,0.14293544114494733
106020,44.0,155518.69,66.7,16.0,9.1,0,0,1,0.15177943632829788
106021,42.0,143430.48,78.6,20.6,10.0,0,0,1,0.13274873294736422
106022,46.0,127390.5,68.5,18.9,6.9,0,0,1,0.18668318709902698
106023,26.0,27302.04,97.3,3.4,10.4,0,3,1,0.12779078920707648
106024,41.0,188208.12,59.5,16.6,10.6,0,0,1,0.08638548754396069
106025,44.0,125465.45,66.5,17.4,8.3,0,0,1,0.18623508218206802
106026,51.0,155250.08,82.2,17.1,9.5,0,0,1,0.11876764997474826
106027,18.0,33049.11,79.2,6.6,14.7,0,3,1,0.10346480437968397
106028,23.0,27293.27,70.1,2.4,13.9,0,3,1,0.16096371148971939
106029,45.0,153053.81,80.1,16.0,5.9,0,0,1,0.14497820147566354
106030,27.0,27513.41,62.7,0.8,13.2,0,3,1,0.15227491775448476
106031,34.0,64520.49,47.7,7.8,6.2,0,1,1,0.20580094572126623
106032,38.0,56666.84,63.0,5.9,6.8,0,1,1,0.22196802630619844
106033,23.0,32151.13,80.8,2.0,9.6,0,3,1,0.19977541521148745
106034,25.0,34924.28,77.2,1.2,10.3,0,3,1,0.19315827524631285
106035,46.0,106405.08,58.8,16.7,7.4,0,0,1,0.1820662645596327
106036,32.0,154467.07,70.2,13.3,4.7,0,0,1,0.11140728222256235
106037,41.0,95332.06,81.7,18.4,10.0,0,0,1,0.14439474021007015
106038,31.0,66590.92,51.4,6.6,8.1,0,1,1,0.20187290479767206
106039,24.0,36656.5,79.4,2.1,12.5,0,3,1,0.1840255378986448
106040,41.0,62977.58,71.4,6.5,6.6,0,1,1,0.2091154003772559
106041,36.0,60551.47,54.9,5.6,4.0,0,1,1,0.19502675084092408
106042,25.0,38902.44,86.1,3.8,13.7,0,3,1,0.15442124497228626
106043,52.0,78091.3,31.5,11.9,2.5,0,2,1,0.15900881418940704
106044,46.0,163575.6,54.7,17.7,0.0,0,0,1,0.06673864270979679
106045,36.0,60853.29,75.8,10.0,9.8,0,1,1,0.18666384830664384
106046,31.0,50644.61,47.0,10.1,4.3,0,1,1,0.17628839685113473
106047,34.0,51958.59,45.4,7.7,7.5,0,1,1,0.189669944766315
106048,18.0,24500.86,80.6,2.9,8.8,0,3,1,0.13749136406227103
106049,27.0,23688.13,72.1,4.0,8.1,0,3,1,0.20038159596377936
106050,38.0,49208.08,49.8,3.4,0.8,0,1,1,0.1278201292006103
106051,34.0,67022.27,56.9,9.3,5.8,0,1,1,0.21200489438680714
106052,25.0,65841.21,47.2,7.3,0.1,0,1,1,0.10042287185881982
106053,42.0,157707.84,77.8,17.5,7.8,0,0,1,0.15406643864440056
106054,22.0,30281.8,84.3,1.5,8.0,0,3,1,0.17849491848862714
106055,18.0,35724.98,74.8,0.5,12.5,0,3,1,0.1181334031552842
106056,23.0,27410.44,86.4,2.2,5.1,0,3,1,0.1468394549504728
106057,29.0,26847.55,100.0,2.0,3.8,0,3,1,0.06998360286942884
106058,60.0,93105.87,37.0,12.7,0.0,0,2,1,0.112352509175765
106059,32.0,187864.23,55.8,21.2,9.4,0,0,1,0.0421316282973444
106060,44.0,126833.52,94.5,16.5,5.8,0,0,1,0.10006323486540813
106061,55.0,82567.82,24.3,11.8,5.9,0,2,1,0.1665345951795691
106062,45.0,84659.74,39.6,9.0,3.9,0,2,1,0.1847930079469648
106063,19.0,28589.94,71.4,0.8,2.9,0,3,1,0.09577386920222308
106064,43.0,71450.96,57.3,5.0,10.6,0,1,1,0.17033582978419803
106065,35.0,55010.85,41.0,8.0,5.8,0,1,1,0.19270921109985623
106066,44.0,142965.38,77.8,18.3,6.9,0,0,1,0.17053713985446434
106067,39.0,72048.61,73.0,4.7,10.2,0,1,1,0.18133647118942026
106068,18.0,37554.47,71.6,4.6,14.3,0,3,1,0.11391041444899752
106069,37.0,61471.64,57.0,6.1,10.4,0,1,1,0.20043799952846525
106070,23.0,19470.57,86.8,4.7,10.1,0,3,1,0.164188106498598
106071,39.0,110762.64,64.1,18.4,2.5,0,0,1,0.1338042584820488
106072,26.0,32417.96,90.9,4.4,7.8,0,3,1,0.17093859350255747
106073,18.0,27269.74,91.8,3.6,11.8,0,3,1,0.11985832393169332
106074,21.0,34792.24,62.8,4.9,6.5,0,3,1,0.1619431924190451
106075,33.0,197010.76,73.3,18.2,2.4,0,0,1,0.0085218211910707
106076,39.0,71887.98,56.0,8.8,10.5,0,1,1,0.19392280541713847
106077,55.0,57957.6,23.5,15.4,4.2,0,2,1,0.10111906116964331
106078,36.0,52718.72,51.6,9.4,11.5,0,1,1,0.17572006781788546
106079,28.0,35177.05,84.3,2.9,6.4,0,3,1,0.18855107135907406
106080,36.0,173132.12,71.7,19.0,8.6,0,0,1,0.09971148384391182
106081,25.0,33986.89,85.0,1.5,13.5,0,3,1,0.16215694890456117
106082,20.0,33379.3,66.2,2.7,8.0,0,3,1,0.17493297261230967
106083,52.0,107575.36,35.8,15.9,6.4,0,2,1,0.16130185076631276
106084,23.0,31504.03,81.8,4.4,6.3,0,3,1,0.1841726920932606
106085,27.0,25041.39,83.4,5.2,10.9,0,3,1,0.18124907591685335
106086,31.0,95084.67,77.6,13.1,9.8,0,0,1,0.1440871377444597
106087,41.0,74668.59,55.6,7.9,7.6,0,1,1,0.21239871293252038
106088,18.0,36291.31,91.9,4.4,8.5,0,3,1,0.12322729458750059
106089,40.0,76481.57,69.7,9.1,2.2,0,1,1,0.15893920341118078
106090,54.0,106040.54,45.4,13.0,8.7,0,2,1,0.1545963805896804
106091,18.0,35216.1,82.8,4.8,14.6,0,3,1,0.10822316123550313
106092,20.0,40689.19,86.1,2.6,7.3,0,3,1,0.14723358357047578
106093,53.0,99885.08,38.4,10.7,5.8,0,2,1,0.19565082905182735
106094,50.0,115803.44,52.1,10.4,4.2,0,2,1,0.17070201332596296
106095,48.0,146952.16,58.5,19.7,6.2,0,0,1,0.144052320026624
106096,37.0,50906.47,65.9,6.2,9.7,0,1,1,0.2073221349368891
106097,23.0,29228.1,82.1,0.9,15.4,0,3,1,0.1211147214245758
106098,37.0,55680.53,54.0,7.0,10.0,0,1,1,0.19807870720239196
106099,48.0,88693.8,34.5,15.1,7.0,0,2,1,0.17287581494633786
106100,32.0,32178.76,92.3,5.5,12.1,0,3,1,0.14038303767601057
106101,56.0,84832.8,53.3,11.5,5.7,0,2,1,0.16265604332173494
106102,27.0,24101.07,77.5,3.4,9.7,0,3,1,0.19439622675574075
106103,43.0,177615.65,63.7,15.5,6.2,0,0,1,0.12403949334844544
106104,47.0,161210.26,78.1,19.8,8.8,0,0,1,0.1256901442382088
106105,33.0,51452.05,45.4,6.5,9.4,0,1,1,0.17757389163997012
106106,44.0,140578.26,61.4,23.2,5.5,0,0,1,0.12619949390684165
106107,44.0,165276.04,72.4,16.4,10.4,0,0,1,0.13437411451928682
106108,18.0,42034.2,80.8,2.5,5.8,0,3,1,0.11886672872614662
106109,30.0,61418.64,76.9,7.5,8.0,0,1,1,0.19367868389475307
106110,54.0,135425.12,100.0,33.7,2.8,1,0,-1,-0.03671223172206284
106111,20.0,31541.44,77.2,4.1,3.0,0,3,1,0.12549664433373403
106112,37.0,55317.98,50.8,4.4,5.9,0,1,1,0.19678045116348664
106113,21.0,29542.61,61.6,3.2,7.6,0,3,1,0.17058709241646602
106114,35.0,126186.32,64.3,18.1,6.3,0,0,1,0.15810581300500104
106115,29.0,52085.97,40.7,9.3,10.9,0,1,1,0.15057479147391473
106116,59.0,84913.61,48.0,12.8,1.5,0,2,1,0.11887827077377283
106117,33.0,60080.7,59.0,7.7,7.0,0,1,1,0.21883993372389654
106118,22.0,39788.04,76.9,2.7,9.3,0,3,1,0.19374799463729608
106119,42.0,105666.93,62.0,22.9,3.0,0,0,1,0.11669080679306054
106120,25.0,33972.94,88.1,3.7,15.7,0,3,1,0.1205075959130375
106121,25.0,39763.64,88.4,6.1,10.1,0,3,1,0.175331008607227
106122,38.0,57879.99,59.6,7.4,0.8,0,1,1,0.1652442483786129
106123,51.0,110216.82,21.5,10.0,7.5,0,2,1,0.14597895353848683
106124,43.0,55072.22,59.7,6.8,10.5,0,1,1,0.18034643016331026
106125,21.0,29819.0,91.4,1.0,8.5,0,3,1,0.1329389693403965
106126,37.0,79005.27,46.1,5.6,8.8,0,1,1,0.17170284827332583
106127,28.0,33218.56,76.8,3.3,5.5,0,3,1,0.19316240929868217
106128,25.0,40537.03,64.8,1.4,8.8,0,3,1,0.18958973744857338
106129,34.0,82549.63,48.7,4.7,9.3,0,1,1,0.16097481907870131
106130,21.0,36537.01,76.0,3.9,5.3,0,3,1,0.16666669077599633
106131,38.0,64430.61,55.4,4.5,7.7,0,1,1,0.20860434634087244
106132,56.0,85917.27,29.9,13.6,9.1,0,2,1,0.12953968270446248
106133,57.0,98923.83,32.6,11.9,0.0,0,2,1,0.13082764354613124
106134,23.0,38450.53,78.4,1.7,7.8,0,3,1,0.1879879710334431
106135,36.0,48221.45,48.9,10.1,3.9,0,1,1,0.17306602852815467
106136,20.0,33678.11,73.6,3.2,12.6,0,3,1,0.1758274608157055
106137,35.0,159007.01,66.2,17.4,13.8,0,0,1,0.0702524631102307
106138,18.0,35402.45,89.3,1.6,8.0,0,3,1,0.13245218883136717
106139,22.0,28028.73,78.7,4.8,8.9,0,3,1,0.19088121284188253
106140,41.0,77635.28,62.3,8.1,5.2,0,1,1,0.20420790319066578
106141,18.0,35373.66,86.0,3.5,12.7,0,3,1,0.13333218616935666
106142,21.0,34986.65,92.7,4.3,14.0,0,3,1,0.10872612026590467
106143,31.0,24964.83,85.2,1.7,6.7,0,3,1,0.1687471203490163
106144,51.0,124996.12,29.6,8.5,0.0,0,2,1,0.09520997119296537
106145,54.0,82024.09,14.6,9.2,4.5,0,2,1,0.11403734533793808
106146,56.0,87378.26,41.5,13.8,1.6,0,2,1,0.13471273249849086
106147,51.0,84731.76,40.4,10.8,0.4,0,2,1,0.14991301917195926
106148,36.0,74391.45,63.1,9.0,9.8,0,1,1,0.19459149393603514
106149,43.0,124943.3,63.3,14.8,11.6,0,0,1,0.14699263087073777
106150,50.0,65848.42,47.3,12.2,6.9,0,2,1,0.19060044625051625
106151,42.0,120009.5,76.5,19.1,7.2,0,0,1,0.17549096894846367
106152,59.0,111167.52,40.6,9.8,0.2,0,2,1,0.10612995438557782
106153,42.0,37578.07,57.1,7.3,5.5,0,1,1,0.1844323494937386
106154,36.0,66690.52,52.1,8.8,8.7,0,1,1,0.20330606540227747
106155,35.0,52777.03,57.1,11.2,4.7,0,1,1,0.18455957415009694
106156,32.0,21890.15,69.4,1.9,12.8,0,3,1,0.15111911717069243
106157,36.0,76620.4,54.7,6.9,6.0,0,1,1,0.20856354988473463
106158,34.0,25547.41,72.9,1.0,11.7,0,3,1,0.1613107113645874
106159,18.0,42495.56,78.8,3.8,11.4,0,3,1,0.14945334980982206
106160,43.0,143065.94,72.8,19.0,5.5,0,0,1,0.17351079868253166
106161,47.0,109038.55,35.0,8.0,2.6,0,2,1,0.1501133420990272
106162,60.0,92257.55,29.7,9.0,2.3,0,2,1,0.10853190204989294
106163,30.0,66789.92,58.5,6.3,4.7,0,1,1,0.1975515501987556
106164,60.0,82939.09,28.0,11.5,3.7,0,2,1,0.14427133968506944
106165,45.0,163447.21,80.6,22.9,2.9,0,0,1,0.056741300243988824
106166,53.0,86099.33,55.1,12.4,0.0,0,2,1,0.12951125631934296
106167,54.0,99562.83,42.6,10.6,5.0,0,2,1,0.19150437721418295
106168,35.0,54507.6,61.4,7.3,10.2,0,1,1,0.20465196291449256
106169,36.0,68739.55,45.9,9.8,4.7,0,1,1,0.1884918059591832
106170,57.0,99499.33,36.4,13.5,0.0,0,2,1,0.12749107189128794
106171,40.0,158802.47,91.2,18.0,0.7,0,0,1,0.028826074333638485
106172,34.0,61328.73,69.1,7.1,3.2,0,1,1,0.18960131598980484
106173,41.0,68342.42,51.0,8.4,5.4,0,1,1,0.21157583460225765
106174,35.0,56088.68,54.9,8.8,1.6,0,1,1,0.16364914233248684
106175,42.0,63967.79,54.1,7.0,4.3,0,1,1,0.2050971584906327
106176,35.0,117804.39,53.0,15.3,3.1,0,2,1,0.12935472788346375
106177,58.0,73039.99,34.6,14.2,6.6,0,2,1,0.14453220110970777
106178,35.0,58757.17,59.8,11.2,8.2,0,1,1,0.2054109374870991
106179,39.0,87292.99,60.8,9.3,8.4,0,1,1,0.19461024008331823
106180,38.0,51249.14,46.7,6.0,9.6,0,1,1,0.17502361794117222
106181,28.0,39679.15,77.9,4.1,11.6,0,3,1,0.19952994356659726
106182,35.0,58411.67,43.2,6.7,6.7,0,1,1,0.19079732397920146
106183,49.0,171071.39,73.5,22.1,8.6,0,0,1,0.0957754771925603
106184,57.0,93288.73,23.6,11.1,8.4,0,2,1,0.1403118587028681
106185,23.0,29312.97,78.0,2.2,13.6,0,3,1,0.17413105468992485
106186,61.0,95101.49,40.4,13.9,4.3,0,2,1,0.14485281316667586
106187,48.0,87998.53,39.1,12.8,0.0,0,2,1,0.1530160521641334
106188,22.0,27754.84,86.8,1.6,8.6,0,3,1,0.16591318277125428
106189,50.0,108531.77,44.7,13.0,7.3,0,2,1,0.18533873463155787
106190,58.0,64043.72,40.9,11.3,0.2,0,2,1,0.10666395515733107
106191,41.0,158417.69,86.6,15.3,9.9,0,0,1,0.10112708440518425
106192,34.0,42545.14,43.5,7.4,12.9,0,1,1,0.13921346214397207
106193,18.0,27589.79,90.6,3.7,8.3,0,3,1,0.1325100315198391
106194,36.0,68092.46,52.2,6.7,9.7,0,1,1,0.1973710252138261
106195,20.0,24183.75,71.6,1.2,8.2,0,3,1,0.15257757496817753
106196,27.0,64629.53,66.7,5.4,5.0,0,1,1,0.1809526841115252
106197,51.0,79416.68,44.8,10.2,2.4,0,2,1,0.1643199289521981
106198,20.0,37803.07,75.7,7.0,11.1,0,3,1,0.16903140106702785
106199,42.0,58381.12,48.6,6.9,5.0,0,1,1,0.19918683805174303
106200,33.0,165540.7,72.3,16.6,9.1,0,0,1,0.09833077924341693
106201,36.0,77733.26,62.3,6.7,9.1,0,1,1,0.19945640743859977
106202,36.0,64051.57,70.3,4.7,4.4,0,1,1,0.18714880789021493
106203,50.0,90331.21,46.6,9.2,3.9,0,2,1,0.17752335115119566
106204,21.0,41794.78,86.8,3.5,12.9,0,3,1,0.1457773417660021
106205,18.0,43678.43,69.6,5.5,11.7,0,3,1,0.12512436558777906
106206,53.0,115780.34,45.0,12.2,2.7,0,2,1,0.16116139944277275
106207,37.0,60852.68,61.5,9.0,8.4,0,1,1,0.21844139451445338
106208,37.0,54701.73,61.2,3.6,4.6,0,1,1,0.19410277691596428
106209,27.0,37098.68,77.8,3.4,11.1,0,3,1,0.2096272073491549
106210,46.0,134924.49,62.2,18.8,13.9,0,0,1,0.10636737740524826
106211,19.0,31268.98,74.1,7.8,7.1,0,3,1,0.14601658087780434
106212,51.0,88763.87,22.5,9.4,5.7,0,2,1,0.15472720400483653
106213,40.0,55755.98,72.1,2.5,3.2,0,1,1,0.158555726625963
106214,48.0,94846.9,30.5,11.6,5.5,0,2,1,0.19023186752519333
106215,31.0,36622.0,78.6,2.8,13.3,0,3,1,0.1811903595641136
106216,33.0,35676.57,73.1,3.5,11.7,0,3,1,0.1941062237325139
106217,33.0,71661.82,60.6,9.3,4.1,0,1,1,0.1891993314501933
106218,43.0,88283.91,35.2,8.4,2.2,0,2,1,0.1529350039279465
106219,30.0,35071.71,79.4,0.9,13.8,0,3,1,0.13947378663304721
106220,34.0,63060.14,62.1,7.3,11.5,0,1,1,0.18910915608609524
106221,39.0,65775.9,57.1,7.9,6.4,0,1,1,0.2220845687421869
106222,25.0,30031.73,73.0,1.2,9.2,0,3,1,0.19377275845751324
106223,50.0,126282.33,44.9,11.7,2.7,0,2,1,0.15838617796988708
106224,27.0,43187.53,86.0,0.0,12.6,0,3,1,0.140865514616482
106225,41.0,86543.51,55.5,7.3,8.4,0,1,1,0.1925104228878982
106226,20.0,27077.65,82.0,0.0,6.0,0,3,1,0.10910116193198738
106227,40.0,67555.89,70.5,7.9,7.0,0,1,1,0.21469492548696945
106228,42.0,57280.77,54.7,6.9,8.4,0,1,1,0.20364676213517463
106229,36.0,45426.87,55.3,6.9,7.3,0,1,1,0.2048521997376223
106230,34.0,67642.67,41.9,7.8,12.4,0,1,1,0.1385771211025843
106231,40.0,141451.78,69.5,17.5,4.9,0,0,1,0.1687300148866876
106232,46.0,66305.36,51.3,5.4,7.2,0,1,1,0.19106450966388977
106233,32.0,166531.11,66.9,18.8,9.3,0,0,1,0.0973863115145841
106234,29.0,34837.52,85.4,5.0,9.0,0,3,1,0.19210658250677692
106235,47.0,65938.07,57.7,5.3,6.4,0,1,1,0.19198109225514837
106236,26.0,32548.8,96.3,2.2,12.0,0,3,1,0.12617416614565324
106237,30.0,86364.6,46.1,11.1,6.6,0,1,1,0.16235477693681893
106238,41.0,118119.85,35.8,11.1,5.9,0,2,1,0.1760351343745718
106239,46.0,150447.5,83.4,18.5,9.9,0,0,1,0.12939192277098388
106240,49.0,108091.14,29.8,9.8,3.4,0,2,1,0.16911564696486758
106241,51.0,110864.53,20.5,14.2,2.1,0,2,1,0.12158101696559381
106242,18.0,25045.44,74.9,3.9,9.6,0,3,1,0.15480608124900652
106243,18.0,27515.64,66.1,3.5,9.7,0,3,1,0.14751608138864186
106244,55.0,64729.61,29.7,16.1,5.9,0,2,1,0.1284014161291368
106245,23.0,26312.84,89.1,6.1,6.6,0,3,1,0.14854995009435712
106246,19.0,33605.89,81.7,4.0,15.5,0,3,1,0.11325643944506802
106247,38.0,141004.43,79.2,19.4,6.1,0,0,1,0.15849748331433328
106248,40.0,128427.6,89.0,16.0,7.0,0,0,1,0.12933790098551895
106249,56.0,76381.31,37.6,8.2,4.6,0,2,1,0.13902844645695833
106250,36.0,63825.88,49.3,7.5,6.9,0,1,1,0.21139956463880638
106251,49.0,156073.6,57.5,16.3,6.2,0,0,1,0.13846391913786232
106252,25.0,31025.88,76.3,8.6,8.5,0,3,1,0.18616554019128984
106253,43.0,60355.45,36.2,7.4,10.4,0,1,1,0.13955423484364804
106254,39.0,64858.64,58.2,6.0,9.7,0,1,1,0.19567423817679258
106255,41.0,123863.5,76.1,17.4,11.8,0,0,1,0.14349908196778577
106256,45.0,120395.16,60.6,16.9,15.0,0,0,1,0.10087130917145115
106257,51.0,107966.56,21.9,9.8,3.4,0,2,1,0.1530931393398719
106258,33.0,24565.37,71.7,4.8,14.8,0,3,1,0.13861089942672272
106259,38.0,69542.69,49.0,4.4,3.6,0,1,1,0.17291213866979127
106260,20.0,33299.47,65.8,3.5,9.1,0,3,1,0.17705900147398662
106261,40.0,162302.95,62.4,20.9,10.5,0,0,1,0.10995678757570004
106262,19.0,38924.88,66.9,5.6,11.0,0,3,1,0.15380716820939305
106263,18.0,24538.62,74.0,4.7,9.5,0,3,1,0.14979046272468194
106264,51.0,95686.9,15.0,13.6,8.0,0,2,1,0.11417574329578362
106265,40.0,57273.89,49.1,4.8,3.6,0,1,1,0.16745147632636093
106266,54.0,138013.66,81.0,19.7,8.4,0,0,1,0.11263925620186888
106267,19.0,34987.68,67.2,4.2,6.9,0,3,1,0.1600330655695611
106268,41.0,128966.58,86.0,13.1,15.0,0,0,1,0.07239987698247607
106269,20.0,31289.44,82.1,3.7,12.5,0,3,1,0.16968429371279126
106270,27.0,43733.09,85.3,2.8,8.3,0,3,1,0.17953870375176595
106271,33.0,76432.6,75.6,9.0,0.0,0,1,1,0.10223099031144822
106272,18.0,31956.44,76.3,3.0,13.8,0,3,1,0.1272903824413409
106273,58.0,97991.02,19.8,9.5,4.2,0,2,1,0.12073874828265535
106274,26.0,24988.3,84.6,0.0,2.0,0,3,1,0.08405835315294696
106275,20.0,39908.85,93.2,0.0,5.4,0,3,1,0.0633356554161516
106276,56.0,87464.2,48.7,13.5,6.7,0,2,1,0.16511837046881633
106277,20.0,34556.35,98.2,3.3,9.9,0,3,1,0.11871232331949716
106278,50.0,67606.89,24.0,10.2,0.0,0,2,1,0.11113127687803681
106279,44.0,53136.04,27.2,13.4,3.1,0,2,1,0.124998528145497
106280,22.0,36416.64,94.9,7.5,10.4,0,3,1,0.12048940159304006
106281,51.0,87936.35,40.9,11.7,3.5,0,2,1,0.1880058407425118
106282,24.0,26573.29,54.7,1.7,14.4,0,3,1,0.11699177756079382
106283,43.0,72487.97,53.1,5.4,11.9,0,1,1,0.15236539484987915
106284,19.0,32226.93,94.9,3.2,9.1,0,3,1,0.12611329476041644
106285,49.0,141814.7,74.0,21.0,0.4,0,0,1,0.05716766354341973
106286,54.0,81895.93,32.9,12.2,2.0,0,2,1,0.16021705688067728
106287,37.0,66300.67,60.0,7.2,6.6,0,1,1,0.2228251087525221
106288,43.0,142000.69,62.6,20.5,7.7,0,0,1,0.158208476272634
106289,34.0,66417.62,56.9,9.5,9.7,0,1,1,0.19387635426282818
106290,43.0,163660.66,74.4,15.7,10.7,0,0,1,0.1298238226125531
106291,42.0,34861.77,42.0,12.9,5.1,0,1,1,0.14820797395848273
106292,50.0,139377.15,68.2,19.6,5.9,0,0,1,0.15746501304118288
106293,42.0,146364.84,75.3,17.3,6.5,0,0,1,0.17464611522483642
106294,37.0,120163.19,90.2,17.5,8.6,0,0,1,0.10284572472718934
106295,18.0,46764.09,69.4,0.6,9.8,0,3,1,0.11079377017747172
106296,48.0,101241.18,19.9,14.3,6.8,0,2,1,0.14100042145683317
106297,42.0,98280.9,63.9,18.1,4.4,0,0,1,0.1708148194060456
106298,47.0,112943.01,36.5,12.2,5.6,0,2,1,0.1865924260897347
106299,23.0,31657.25,82.6,4.6,11.5,0,3,1,0.18916953493895566
106300,50.0,140620.69,58.5,20.2,7.3,0,0,1,0.13684057372102265
106301,20.0,36103.13,81.7,0.4,12.0,0,3,1,0.13659810235763814
106302,45.0,65611.58,55.4,3.7,13.2,0,1,1,0.13249579979093457
106303,33.0,46286.85,59.1,9.0,10.7,0,1,1,0.19241963992730943
106304,21.0,31432.49,78.0,5.0,11.8,0,3,1,0.18138611382180692
106305,53.0,110643.53,21.4,12.8,4.7,0,2,1,0.15404768882294106
106306,24.0,30561.88,79.3,1.9,18.2,0,3,1,0.09400440234540886
106307,59.0,113688.76,29.7,10.1,3.4,0,2,1,0.1313097224702744
106308,44.0,103500.57,76.8,20.2,1.3,0,0,1,0.10006946373988901
106309,31.0,75702.63,61.7,5.3,9.2,0,1,1,0.18860706464378402
106310,49.0,90962.32,23.6,12.0,7.1,0,2,1,0.16469426314995567
106311,22.0,35717.83,77.5,5.2,8.6,0,3,1,0.1925449546166641
106312,51.0,157176.04,74.4,18.6,6.6,0,0,1,0.14123960414136494
106313,40.0,146607.25,60.0,16.8,5.2,0,0,1,0.16630004985497276
106314,27.0,35381.28,90.7,2.3,7.6,0,3,1,0.16460835803478924
106315,45.0,99633.25,49.0,11.9,4.1,0,2,1,0.19286805228517173
106316,36.0,64834.76,68.0,10.8,8.5,0,1,1,0.2033472757593061
106317,39.0,59329.8,56.9,6.8,5.9,0,1,1,0.21950997917538073
106318,53.0,105685.35,35.6,11.4,4.4,0,2,1,0.1917560480260943
106319,31.0,70965.28,53.9,4.7,8.4,0,1,1,0.19448164534245244
106320,55.0,80295.16,41.2,13.3,9.9,0,2,1,0.12567802365185204
106321,23.0,31686.79,71.9,4.0,10.0,0,3,1,0.20680554703026388
106322,41.0,57157.11,62.7,6.5,1.5,0,1,1,0.16347961601004823
106323,46.0,95949.14,70.4,17.7,8.0,0,0,1,0.1817977585435277
106324,24.0,32215.81,81.6,2.8,17.8,0,3,1,0.09893577875985315
106325,50.0,74093.38,20.9,13.3,0.0,0,2,1,0.09896158702193925
106326,18.0,24202.35,82.6,5.7,7.2,0,3,1,0.12061278533048192
106327,45.0,73548.97,1.0,26.5,7.1,1,2,-1,-0.00736827470676682
106328,57.0,56812.45,27.7,12.9,5.3,0,2,1,0.12598768951485573
106329,39.0,64315.83,46.6,5.4,13.9,0,1,1,0.1250687374463757
106330,18.0,23846.31,84.8,0.9,15.4,0,3,1,0.05940635643609715
106331,50.0,59311.11,61.1,3.4,10.1,0,1,1,0.14156004541709588
106332,32.0,106243.68,73.2,19.1,3.5,0,0,1,0.11337916701029604
106333,33.0,43456.85,54.8,5.4,5.1,0,1,1,0.19360698438887458
106334,39.0,65142.31,63.6,6.7,9.2,0,1,1,0.2069724340890447
106335,52.0,86597.31,40.7,11.2,3.0,0,2,1,0.18357019463074542
106336,41.0,72870.82,55.0,8.7,3.2,0,1,1,0.19058762824099384
106337,35.0,53609.9,58.0,8.5,8.7,0,1,1,0.21072966683252087
106338,38.0,63534.41,56.4,9.4,2.4,0,1,1,0.17634471297498144
106339,21.0,34368.98,93.3,2.3,9.2,0,3,1,0.14266110471269072
106340,46.0,85740.03,42.1,15.2,3.1,0,2,1,0.15712370213086335
106341,39.0,141757.73,55.9,20.5,4.3,0,0,1,0.1330005294266451
106342,45.0,147534.65,78.3,18.5,8.0,0,0,1,0.16148029637888406
106343,45.0,161034.18,90.0,15.8,2.5,0,0,1,0.03820792535587425
106344,28.0,41763.85,46.0,4.3,5.8,0,1,1,0.164123282840122
106345,40.0,68991.58,51.8,5.9,13.0,0,1,1,0.15667665889326593
106346,55.0,97953.29,36.2,11.4,10.0,0,2,1,0.1459694123302946
106347,42.0,143762.25,55.5,16.7,6.3,0,0,1,0.17477979105423241
106348,54.0,81743.75,35.5,10.8,0.7,0,2,1,0.14498604682951527
106349,30.0,60064.89,59.0,6.6,4.5,0,1,1,0.20285871529649163
106350,51.0,89481.63,24.6,12.2,9.4,0,2,1,0.14526038475560565
106351,51.0,70015.52,1.0,45.8,8.3,1,2,-1,-0.05153529720020733
106352,43.0,120254.43,63.1,20.3,12.8,0,0,1,0.11216062463894483
106353,47.0,51906.18,34.8,10.2,1.9,0,2,1,0.1388820406557616
106354,35.0,66574.19,50.2,7.3,6.6,0,1,1,0.21228942373519605
106355,18.0,35139.06,73.5,0.5,7.8,0,3,1,0.12667189558860908
106356,37.0,62515.96,64.4,7.9,3.5,0,1,1,0.19948781046659064
106357,21.0,63349.3,64.3,6.6,9.0,0,3,1,0.1422424109582318
106358,38.0,131280.32,62.8,19.4,5.3,0,0,1,0.167197534633361
106359,46.0,56397.75,66.0,6.0,11.0,0,1,1,0.15273022000810837
106360,42.0,58386.77,60.7,9.5,7.9,0,1,1,0.20753666360541612
106361,31.0,62781.94,50.5,7.3,4.6,0,1,1,0.19918995536943768
106362,54.0,64411.66,23.8,10.4,3.5,0,2,1,0.14321332407129134
106363,28.0,52140.63,65.8,8.8,0.0,0,1,1,0.1254068367555803
106364,21.0,39343.06,81.9,3.8,11.7,0,3,1,0.1698915987270203
106365,38.0,145393.57,76.7,18.2,6.8,0,0,1,0.16648157334118685
106366,36.0,49275.99,64.1,4.1,4.6,0,1,1,0.19112645208371382
106367,39.0,65239.26,53.2,3.6,6.9,0,1,1,0.19893903432650667
106368,21.0,34767.2,72.8,0.0,5.8,0,3,1,0.12206251285661368
106369,50.0,96859.91,23.4,10.5,6.4,0,2,1,0.169396287117958
106370,58.0,99735.24,32.1,10.8,5.6,0,2,1,0.17163205540932785
106371,41.0,163187.21,81.7,18.8,6.5,0,0,1,0.14349444195571875
106372,22.0,22532.27,77.5,2.8,5.9,0,3,1,0.14884466320306405
106373,55.0,154017.42,63.6,22.1,6.5,0,0,1,0.10789854720068592
106374,56.0,96498.52,30.4,11.3,8.3,0,2,1,0.16249326606872322
106375,40.0,60633.96,37.5,7.6,3.3,0,1,1,0.16517186507617987
106376,27.0,27887.05,71.9,1.7,13.1,0,3,1,0.17598684725241398
106377,27.0,70233.42,61.4,6.9,5.7,0,1,1,0.18258543246812187
106378,45.0,128911.45,67.5,18.1,13.2,0,0,1,0.13099341164982764
106379,28.0,67587.86,56.6,6.6,2.4,0,1,1,0.15022991896761156
106380,27.0,65793.64,45.3,9.0,4.0,0,1,1,0.1535579739008669
106381,55.0,85149.5,28.8,10.2,5.3,0,2,1,0.17886182305202303
106382,47.0,132048.59,77.9,18.0,4.0,0,0,1,0.13908883896720498
106383,54.0,89860.81,8.9,11.2,0.0,0,2,1,0.05802118950169599
106384,46.0,90742.93,34.2,10.3,5.6,0,2,1,0.1944762244312695
106385,23.0,29557.88,78.4,5.4,3.5,0,3,1,0.1356975517869204
106386,49.0,124460.61,64.2,17.2,5.3,0,0,1,0.16502861497971583
106387,19.0,36877.72,79.6,0.0,12.0,0,3,1,0.13002407613244393
106388,27.0,23448.77,79.8,4.2,5.2,0,3,1,0.16481357473006125
106389,44.0,122987.56,77.4,16.1,11.1,0,0,1,0.14871107069174294
106390,23.0,28458.21,70.8,4.7,7.8,0,3,1,0.1979546537968801
106391,29.0,33229.3,64.1,3.1,10.1,0,3,1,0.2124615397092553
106392,45.0,95141.63,40.4,14.3,7.3,0,2,1,0.1884782136981133
106393,48.0,62006.52,63.5,5.8,12.7,0,1,1,0.13946618232279528
106394,20.0,42594.0,95.1,1.4,13.1,0,3,1,0.09874310488443216
106395,54.0,87955.06,33.6,12.5,5.1,0,2,1,0.19223829781625845
106396,59.0,104767.96,27.3,13.5,0.0,0,2,1,0.09744610422539812
106397,50.0,90035.59,41.6,15.5,4.7,0,2,1,0.1611462170620283
106398,22.0,27977.91,86.4,2.6,8.5,0,3,1,0.17548754282756263
106399,57.0,114994.61,25.4,9.0,3.7,0,2,1,0.1272312039317492
106400,37.0,107818.17,61.6,20.1,10.0,0,0,1,0.13658050441112174
106401,36.0,28302.3,91.3,4.0,8.3,0,3,1,0.14502577825713148
106402,23.0,28767.84,80.6,5.0,8.9,0,3,1,0.195729471615333
106403,28.0,39322.29,92.9,0.7,9.9,0,3,1,0.1325726326448463
106404,40.0,49872.04,44.9,6.9,5.8,0,1,1,0.1840151467824684
106405,23.0,29285.04,99.6,2.1,11.8,0,3,1,0.10966632240804941
106406,55.0,66121.26,49.7,13.3,4.5,0,2,1,0.163219699375156
106407,48.0,138795.89,80.8,14.2,10.5,0,0,1,0.13361411238415555
106408,25.0,33147.77,69.6,2.6,9.3,0,3,1,0.20839738244692313
106409,46.0,101126.95,50.7,9.2,5.5,0,2,1,0.18821564049425782
106410,22.0,28913.15,78.7,3.2,10.6,0,3,1,0.1938610470565798
106411,18.0,38277.96,78.8,4.2,13.6,0,3,1,0.12638940159337853
106412,42.0,105780.85,33.4,14.0,1.6,0,2,1,0.14759115506172632
106413,41.0,50226.14,62.0,7.6,6.5,0,1,1,0.20986655373844892
106414,38.0,130708.81,81.2,21.0,13.9,0,0,1,0.07199772491567924
106415,39.0,64805.92,62.5,10.9,8.6,0,1,1,0.20245403711850368
106416,24.0,30414.25,76.4,3.8,7.7,0,3,1,0.2051810123826216
106417,33.0,61287.76,53.5,8.2,9.0,0,1,1,0.20181640642960574
106418,25.0,34821.79,79.2,0.0,7.4,0,3,1,0.15931141672065385
106419,47.0,118861.81,80.6,19.8,7.2,0,0,1,0.15101066084134412
106420,49.0,95164.01,34.6,13.3,0.0,0,2,1,0.1372167512192845
106421,32.0,50701.66,32.8,6.0,2.5,0,1,1,0.11515775838498576
106422,34.0,56554.37,62.5,6.5,1.9,0,1,1,0.17308005703349982
106423,54.0,136380.11,45.8,13.4,3.4,0,2,1,0.1360180400992314
106424,50.0,85419.14,37.4,9.7,4.7,0,2,1,0.18594273332427308
106425,21.0,22124.65,71.2,5.5,10.4,0,3,1,0.1515053226882095
106426,18.0,28119.9,87.0,2.4,11.6,0,3,1,0.13835203478918723
106427,22.0,33059.5,78.4,1.7,11.7,0,3,1,0.1805135539653111
106428,44.0,66292.63,59.0,5.3,9.8,0,1,1,0.17919673666826347
106429,33.0,68257.27,65.6,9.0,10.0,0,1,1,0.19547819389084192
106430,29.0,24764.15,69.4,0.3,5.7,0,3,1,0.1468788725508331
106431,44.0,50997.03,46.7,6.9,4.8,0,1,1,0.17527567501390823
106432,47.0,58948.58,62.5,5.4,2.0,0,1,1,0.15777307595590673
106433,20.0,27864.45,70.8,0.0,10.4,0,3,1,0.14456020728332275
106434,41.0,101143.71,73.1,19.5,11.6,0,0,1,0.14015300053793467
106435,40.0,82501.6,21.3,10.7,8.2,0,2,1,0.12166958512222253
106436,32.0,56698.54,49.7,10.3,0.1,0,1,1,0.1365651920792441
106437,33.0,52339.84,40.8,9.2,1.6,0,1,1,0.1402210860577544
106438,34.0,61121.35,50.5,3.5,6.5,0,1,1,0.1978760970094398
106439,39.0,160377.94,77.2,21.9,8.3,0,0,1,0.12074154275277599
106440,55.0,88862.21,52.1,12.0,3.7,0,2,1,0.16232362125273336
106441,39.0,54802.26,53.0,8.1,9.2,0,1,1,0.19871014333531634
106442,46.0,137979.39,74.7,19.9,4.7,0,0,1,0.1467703818401842
106443,43.0,66632.7,79.4,16.4,5.7,0,0,1,0.14494494017807835
106444,42.0,155601.43,95.9,14.9,5.5,0,0,1,0.07218393620423347
106445,25.0,27814.06,86.4,2.7,12.7,0,3,1,0.17078847855656942
106446,23.0,35138.53,68.4,6.9,4.9,0,1,1,0.1545918927996185
106447,48.0,70711.43,43.0,13.1,0.3,0,2,1,0.13745589941489011
106448,41.0,54204.27,61.9,8.2,6.3,0,1,1,0.2112985676058594
106449,57.0,92535.75,38.4,11.5,0.0,0,2,1,0.13483207115248597
106450,51.0,80060.31,48.9,9.3,7.7,0,2,1,0.18265506525064185
106451,35.0,66533.22,44.2,6.4,5.0,0,1,1,0.18939893271434272
106452,47.0,54306.91,69.5,9.3,10.4,0,1,1,0.1572156326422519
106453,33.0,82142.64,78.1,7.7,5.6,0,1,1,0.16391142452031476
106454,20.0,34717.33,78.6,3.4,6.0,0,3,1,0.1697075282560802
106455,52.0,114559.81,43.2,11.2,3.7,0,2,1,0.17959888859633694
106456,45.0,83624.19,31.6,13.3,1.9,0,2,1,0.15788195564182606
106457,31.0,70455.7,53.8,5.3,9.4,0,1,1,0.19472961196428662
106458,54.0,91452.24,31.5,12.8,5.6,0,2,1,0.18195710239201468
106459,37.0,63346.34,51.9,5.9,6.5,0,1,1,0.21478836982205246
106460,47.0,76565.37,34.1,14.0,0.0,0,2,1,0.13597374477300206
106461,22.0,33569.71,88.7,6.6,9.2,0,3,1,0.15615984444726516
106462,62.0,102790.18,43.1,9.9,5.4,0,2,1,0.12841657638515863
106463,57.0,83212.04,8.9,12.3,3.4,0,2,1,0.0883668896893598
106464,31.0,28899.32,70.9,0.7,8.1,0,3,1,0.17811478239938416
106465,65.0,67868.28,100.0,35.6,9.9,1,0,-1,-0.07215247778416012
106466,47.0,179118.68,68.1,15.2,6.7,0,0,1,0.11660356856740611
106467,23.0,32063.11,75.9,4.2,7.9,0,3,1,0.20751643439666795
106468,47.0,74401.02,37.1,12.2,7.3,0,2,1,0.18718752701167723
106469,51.0,109574.15,72.2,17.6,3.4,0,0,1,0.13748212890345402
106470,40.0,179478.76,65.7,16.4,7.8,0,0,1,0.12554490638072568
106471,41.0,58599.81,59.3,2.4,8.7,0,1,1,0.19831471139315
106472,53.0,110128.03,16.3,11.4,6.9,0,2,1,0.12744156311183796
106473,40.0,141286.54,67.9,17.2,11.5,0,0,1,0.1522509374311487
106474,45.0,94140.28,37.5,13.9,3.6,0,2,1,0.18405628816048575
106475,29.0,31685.33,79.2,3.2,12.0,0,3,1,0.1930098314260708
106476,27.0,25588.78,80.2,4.1,14.4,0,3,1,0.15515711682497801
106477,47.0,104207.44,31.5,12.4,0.8,0,2,1,0.151659213666402
106478,36.0,65559.21,1.0,46.4,2.4,1,2,-1,-0.07316485071926881
106479,27.0,18012.19,75.5,4.0,12.1,0,3,1,0.17538763204351848
106480,35.0,59303.47,63.7,8.9,11.1,0,1,1,0.1967968628226202
106481,46.0,91568.96,13.1,9.3,1.9,0,2,1,0.11334549730792454
106482,40.0,56633.23,55.1,7.6,5.0,0,1,1,0.2022794090840485
106483,33.0,121202.65,70.8,18.9,7.4,0,0,1,0.1458671662427387
106484,54.0,110812.47,46.2,12.3,0.6,0,2,1,0.13753973840200023
106485,37.0,110972.92,61.3,18.2,13.7,0,0,1,0.0988497139814124
106486,44.0,137883.33,81.6,16.3,11.1,0,0,1,0.14025234149401317
106487,29.0,32339.82,98.9,5.2,10.1,0,3,1,0.12177712558639009
106488,51.0,87614.32,33.7,11.8,3.0,0,2,1,0.18108711038504077
106489,23.0,25131.24,72.3,0.0,11.2,0,3,1,0.1580474308942344
106490,43.0,136910.82,80.9,16.3,5.9,0,0,1,0.16454555203060528
106491,18.0,37892.59,84.1,5.7,14.7,0,3,1,0.10081726515517997
106492,50.0,82839.36,17.0,9.8,3.0,0,2,1,0.12201700974335783
106493,33.0,112851.24,71.2,19.8,5.8,0,0,1,0.13528235502012392
106494,25.0,42735.25,59.9,5.2,11.1,0,3,1,0.1847359861856825
106495,49.0,164365.69,65.4,18.0,3.6,0,0,1,0.11676133091261309
106496,21.0,32168.47,81.0,4.6,14.7,0,3,1,0.14409129750974192
106497,34.0,74775.61,60.7,4.4,6.5,0,1,1,0.1953703815409984
106498,37.0,52662.46,47.6,4.9,5.4,0,1,1,0.19371005733913133
106499,32.0,75731.35,33.5,7.2,8.6,0,1,1,0.14556088765189662
106500,47.0,91034.27,31.6,11.8,6.0,0,2,1,0.1887497422444826
106501,46.0,124880.56,57.0,18.3,6.0,0,0,1,0.1756524284430655
106502,33.0,64493.66,53.6,7.6,14.5,0,1,1,0.13679154012853356
106503,55.0,117997.75,40.1,12.2,5.6,0,2,1,0.18082746773459496
106504,45.0,161742.7,72.6,15.4,3.6,0,0,1,0.12391676451281303
106505,54.0,75742.06,41.9,14.7,3.3,0,2,1,0.151708541583428
106506,30.0,33491.48,78.3,3.1,7.5,0,3,1,0.21134485375666878
106507,38.0,98570.17,64.7,22.3,3.5,0,0,1,0.11334232725581683
106508,18.0,27359.8,70.4,3.5,8.2,0,3,1,0.1546773137780566
106509,51.0,80473.53,30.2,11.9,3.6,0,2,1,0.17802946606611364
106510,62.0,94518.01,32.9,7.0,4.7,0,2,1,0.10302180757812618
106511,42.0,104433.99,36.4,13.6,2.1,0,2,1,0.15921520298650776
106512,24.0,35892.41,68.7,4.2,11.7,0,3,1,0.19214828958515123
106513,23.0,41092.35,83.2,0.0,13.0,0,3,1,0.13550222355775987
106514,49.0,108640.35,38.0,6.7,5.8,0,2,1,0.14875701611015518
106515,23.0,29353.59,73.8,4.6,7.2,0,3,1,0.19424326817034543
106516,42.0,45040.71,61.0,8.5,9.2,0,1,1,0.1926427384782674
106517,53.0,91463.79,29.5,9.6,1.9,0,2,1,0.15131008690632058
106518,47.0,75757.09,53.0,8.6,7.4,0,1,1,0.19484876682076557
106519,18.0,26112.55,67.6,0.8,12.8,0,3,1,0.1000556042775097
106520,39.0,59404.19,85.1,7.0,7.2,0,1,1,0.181355211872533
106521,40.0,119720.71,66.7,19.7,9.7,0,0,1,0.1607973091145713
106522,42.0,53997.42,63.9,7.6,8.3,0,1,1,0.20768063665529668
106523,20.0,26016.9,83.4,4.7,8.1,0,3,1,0.1630834733474706
106524,27.0,38908.4,74.4,0.1,6.1,0,3,1,0.15425669499259348
106525,33.0,57022.49,57.6,7.0,6.2,0,1,1,0.21616685162420995
106526,46.0,120828.5,84.6,19.9,10.6,0,0,1,0.11882639071913043
106527,33.0,60700.72,65.2,6.6,4.9,0,1,1,0.2100670284398109
106528,20.0,28022.38,66.4,8.7,4.1,0,1,1,0.11180918816650398
106529,31.0,68651.62,51.2,6.3,8.2,0,1,1,0.19813105694957933
106530,29.0,30425.1,87.2,0.0,8.2,0,3,1,0.15650905847969404
106531,26.0,43365.58,68.3,0.7,11.0,0,3,1,0.1740203802089621
106532,43.0,121895.49,59.8,17.0,9.6,0,0,1,0.18330757379481838
106533,50.0,115026.88,33.6,13.2,4.8,0,2,1,0.17930676638277543
106534,22.0,36798.76,65.8,1.9,8.8,0,3,1,0.17721241678711397
106535,38.0,69040.04,49.8,5.1,7.2,0,1,1,0.20524771501354322
106536,18.0,37805.13,75.8,0.7,6.4,0,3,1,0.11046700141274646
106537,26.0,33647.79,70.3,2.8,6.6,0,3,1,0.20043915620560976
106538,51.0,120231.77,56.3,11.6,5.3,0,2,1,0.18537101626581687
106539,38.0,42793.25,46.5,2.4,8.3,0,1,1,0.1676914743634922
106540,62.0,113225.81,35.4,11.8,2.9,0,2,1,0.11490624023955665
106541,48.0,145434.56,72.6,15.8,9.8,0,0,1,0.14952709613629545
106542,23.0,34286.54,88.0,0.0,9.1,0,3,1,0.14488594260741228
106543,41.0,126675.46,60.8,16.5,4.7,0,0,1,0.1732954202633561
106544,40.0,66211.96,61.1,3.1,12.8,0,1,1,0.16107151475159248
106545,22.0,42049.08,85.5,2.5,16.1,0,3,1,0.09480706047800058
106546,46.0,134245.74,68.1,20.1,6.4,0,0,1,0.16885932323137037
106547,22.0,28561.57,70.4,1.6,15.3,0,3,1,0.12821886961310802
106548,57.0,99024.12,29.5,10.9,2.9,0,2,1,0.1604354933531295
106549,61.0,99974.66,42.5,12.4,1.3,0,2,1,0.11956007253234524
106550,25.0,25803.2,90.0,1.5,8.3,0,3,1,0.15982143056695786
106551,47.0,122402.41,69.8,12.7,7.0,0,0,1,0.185519056202613
106552,27.0,28391.93,83.6,3.0,13.3,0,3,1,0.17659434939472696
106553,39.0,133912.94,57.3,17.8,6.7,0,0,1,0.17678933915768574
106554,29.0,28401.53,73.8,1.6,10.1,0,3,1,0.19883247351425093
106555,34.0,12000.0,77.5,5.3,8.5,0,3,1,0.16049427029677227
106556,39.0,75139.51,55.2,5.7,9.8,0,1,1,0.1887196401359642
106557,45.0,138428.29,78.1,19.9,7.8,0,0,1,0.158843357197468
106558,26.0,35009.41,73.4,5.4,6.9,0,3,1,0.20446680141478757
106559,42.0,159341.12,61.4,19.7,8.6,0,0,1,0.13874673558125566
106560,31.0,35529.64,76.4,3.5,10.8,0,3,1,0.20547785946786573
106561,46.0,62945.15,56.6,6.6,7.6,0,1,1,0.19712534517153774
106562,30.0,57728.35,47.9,5.2,9.4,0,1,1,0.18147355808525
106563,24.0,27726.91,76.5,2.5,10.2,0,3,1,0.2026545691713868
106564,35.0,112500.22,57.6,16.2,5.8,0,0,1,0.16256819542163914
106565,31.0,70530.88,76.4,8.7,5.3,0,1,1,0.17320969986469664
106566,53.0,93864.34,28.9,14.6,10.0,0,2,1,0.1295937634106769
106567,45.0,119628.57,29.1,11.5,4.8,0,2,1,0.1679719775177561
106568,44.0,65138.74,62.1,8.7,10.0,0,1,1,0.18760164359773635
106569,55.0,112396.54,29.0,8.5,9.5,0,2,1,0.11511086408184379
106570,38.0,126547.09,68.7,17.0,5.8,0,0,1,0.16843505815204385
106571,54.0,103109.31,41.2,13.1,2.7,0,2,1,0.16292994229870245
106572,34.0,74490.2,52.8,5.9,9.8,0,1,1,0.18622936069479168
106573,52.0,86363.36,30.0,14.2,5.8,0,2,1,0.1741561708995587
106574,53.0,75055.6,37.4,11.6,1.3,0,2,1,0.15438624152140906
106575,33.0,69769.11,70.4,4.9,4.2,0,1,1,0.17327579144380556
106576,55.0,88002.8,40.5,11.2,5.7,0,2,1,0.18952141729435817
106577,29.0,68130.52,37.0,8.9,6.9,0,1,1,0.16093839781607722
106578,54.0,99054.76,17.9,14.7,5.0,0,2,1,0.13662212721541095
106579,47.0,119859.74,74.4,15.4,8.4,0,0,1,0.17455404299930882
106580,38.0,266182.33,78.1,20.7,7.3,0,0,1,0.058892231977915044
106581,45.0,162814.64,61.3,16.7,10.9,0,0,1,0.12600736899030351
106582,51.0,82214.98,28.7,9.6,0.0,0,2,1,0.13171846974292417
106583,44.0,95781.53,41.7,17.0,3.9,0,2,1,0.14584116589928575
106584,18.0,31836.06,85.0,5.1,12.8,0,3,1,0.13612010628761378
106585,39.0,63063.48,65.4,4.6,1.0,0,1,1,0.14810495748933594
106586,34.0,31729.16,83.3,0.0,14.6,0,3,1,0.1107208657958817
106587,30.0,22982.11,74.8,3.5,6.2,0,3,1,0.1858966767623645
106588,45.0,166349.77,75.2,14.9,4.9,0,0,1,0.11530274145718677
106589,42.0,133710.81,69.7,17.5,2.6,0,0,1,0.14759640784307343
106590,40.0,69000.17,63.2,7.9,6.1,0,1,1,0.21918057334705704
106591,21.0,26138.55,93.4,3.0,5.0,0,3,1,0.09883619257025178
106592,52.0,59359.17,37.5,12.3,2.4,0,2,1,0.14853675309317443
106593,31.0,68276.68,57.2,3.1,10.6,0,1,1,0.1754444611425761
106594,38.0,106781.88,85.6,20.1,6.7,0,0,1,0.13448323367769033
106595,37.0,117075.03,67.6,20.4,11.9,0,0,1,0.11196204729192594
106596,37.0,69255.32,55.9,5.3,2.5,0,1,1,0.16745943295855975
106597,26.0,37186.15,72.9,5.4,8.8,0,3,1,0.20688224205084338
106598,24.0,30726.63,90.4,4.0,9.8,0,3,1,0.1742137639889259
106599,24.0,25151.96,55.7,1.9,9.4,0,3,1,0.15530045885040727
106600,39.0,60179.68,53.3,1.1,8.6,0,1,1,0.17780967931827607
106601,25.0,36687.72,78.3,5.3,8.3,0,3,1,0.2047092546683793
106602,24.0,33385.33,84.6,3.8,11.4,0,3,1,0.19915478166853207
106603,25.0,30890.03,87.0,0.0,8.1,0,3,1,0.1540393075463672
106604,32.0,28125.91,77.2,5.8,9.6,0,3,1,0.19576004210588138
106605,48.0,115491.97,32.1,11.6,0.0,0,2,1,0.12525153932674243
106606,23.0,35933.91,73.7,0.4,8.6,0,3,1,0.16702796897132477
106607,40.0,133608.38,66.8,21.3,8.9,0,0,1,0.14501642376763074
106608,18.0,32411.81,77.6,5.4,9.5,0,3,1,0.1564080015588004
106609,23.0,42730.87,67.3,4.6,10.2,0,3,1,0.18642532893504726
106610,21.0,28266.86,91.6,3.9,11.8,0,3,1,0.14092880577952976
106611,56.0,100846.56,100.0,35.0,8.6,1,0,-1,-0.03303823940887973
106612,25.0,32456.56,96.0,0.9,2.4,0,3,1,0.05547132739682048
106613,27.0,56075.21,59.2,9.8,9.5,0,1,1,0.18417963112158614
106614,18.0,48131.99,73.9,5.5,11.6,0,3,1,0.12984570887483465
106615,43.0,134026.31,60.9,15.4,7.5,0,0,1,0.1807028865311877
106616,18.0,41491.98,79.0,7.2,8.7,0,3,1,0.13755622024578634
106617,33.0,68594.1,55.4,8.9,11.3,0,1,1,0.18230657015024865
106618,48.0,174383.36,1.0,36.5,11.4,1,0,-1,-0.06536164313025494
106619,27.0,28441.89,73.1,2.8,13.3,0,3,1,0.1921109185888265
106620,25.0,31967.46,76.4,2.3,6.5,0,3,1,0.19304661972287385
106621,47.0,114361.25,72.7,17.2,10.3,0,0,1,0.15728627467727446
106622,22.0,26204.04,87.9,1.3,10.5,0,3,1,0.15612405139807511
106623,30.0,27794.41,77.0,2.1,10.4,0,3,1,0.19324664455601692
106624,36.0,72271.66,51.8,9.5,11.8,0,1,1,0.17321863416357575
106625,25.0,27448.77,77.6,2.8,15.3,0,3,1,0.1515106930641783
106626,42.0,174846.5,73.1,18.1,6.9,0,0,1,0.14696145261126775
106627,51.0,110214.13,27.7,13.9,8.3,0,2,1,0.14723365016644419
106628,49.0,115656.32,45.5,13.7,2.1,0,2,1,0.15021134490820365
106629,23.0,31304.37,98.9,3.0,9.5,0,3,1,0.12924331455538907
106630,46.0,78381.27,28.2,12.7,0.0,0,2,1,0.12457356914884637
106631,49.0,63177.12,49.0,12.2,4.9,0,2,1,0.18616193197148506
106632,19.0,38689.05,93.0,3.1,8.6,0,3,1,0.13134276512839732
106633,46.0,158516.89,80.7,19.3,10.9,0,0,1,0.12096364321892772
106634,49.0,110593.62,30.5,7.0,2.6,0,2,1,0.1213917189094108
106635,49.0,99121.73,43.4,12.4,10.0,0,2,1,0.15350052364548122
106636,21.0,20550.78,80.8,1.9,6.7,0,3,1,0.1408219067325942
106637,23.0,27487.55,71.2,6.0,10.4,0,3,1,0.18509360306051975
106638,51.0,122319.21,32.0,9.5,0.0,0,2,1,0.11813026668628918
106639,52.0,66917.5,23.3,11.2,7.4,0,2,1,0.15199149235840492
106640,42.0,69361.66,58.0,5.9,8.2,0,1,1,0.20353668016795395
106641,33.0,32814.56,73.4,2.7,9.2,0,3,1,0.20854494892937459
106642,46.0,120755.43,76.1,19.1,9.0,0,0,1,0.16445963078882664
106643,19.0,31139.03,72.7,2.9,8.0,0,3,1,0.1783828202180957
106644,42.0,64085.67,41.8,4.3,10.6,0,1,1,0.14744915624054877
106645,51.0,88334.23,46.3,11.7,0.4,0,2,1,0.1496739990291312
106646,18.0,35614.47,98.3,4.7,8.9,0,3,1,0.0969431069721427
106647,23.0,32279.22,57.8,3.0,11.8,0,3,1,0.16636850877264164
106648,33.0,38282.63,97.3,6.4,14.2,0,3,1,0.10220902201926163
106649,43.0,148690.38,55.3,18.3,9.7,0,0,1,0.15440690080953162
106650,35.0,44795.34,73.8,7.8,12.2,0,3,1,0.17847530832653413
106651,56.0,118400.38,46.6,10.6,2.5,0,2,1,0.13914530863038216
106652,41.0,115647.77,89.7,18.1,9.4,0,0,1,0.11892749678175468
106653,45.0,108997.79,30.9,14.5,1.9,0,2,1,0.14836457984368134
106654,43.0,72500.0,53.3,9.8,10.4,0,1,1,0.17435082860750956
106655,38.0,50911.23,66.0,7.1,7.1,0,1,1,0.21658960530966076
106656,36.0,61663.85,49.3,4.0,1.8,0,1,1,0.15357402392057923
106657,53.0,53552.8,42.3,13.0,3.1,0,2,1,0.13897065501880657
106658,48.0,133446.19,76.2,14.1,1.3,0,0,1,0.10370604245577564
106659,51.0,102230.84,44.5,11.6,4.7,0,2,1,0.19686154463390687
106660,40.0,60574.2,63.9,4.7,2.0,0,1,1,0.16782349821546122
106661,33.0,70646.22,50.9,8.3,3.9,0,1,1,0.18591812368352362
106662,40.0,146099.41,65.3,17.0,0.2,0,0,1,0.09555053739488995
106663,28.0,31316.87,68.5,6.7,7.6,0,3,1,0.2048457358584952
106664,40.0,115763.01,83.0,20.9,12.0,0,0,1,0.08973492142023387
106665,31.0,28559.49,94.7,2.6,5.4,0,3,1,0.1274501847922429
106666,50.0,100573.79,28.6,12.3,5.6,0,2,1,0.1806741947392791
106667,45.0,156509.35,70.2,16.5,3.6,0,0,1,0.13397208593575893
106668,36.0,56004.51,56.8,2.9,2.4,0,1,1,0.15793144996507935
106669,27.0,22579.63,76.1,1.3,7.3,0,3,1,0.17075478555296436
106670,43.0,140719.72,77.5,15.8,5.3,0,0,1,0.15997935689674286
106671,42.0,59493.1,61.7,6.0,8.4,0,1,1,0.20807436239281046
106672,24.0,74849.65,53.4,4.5,3.8,0,1,1,0.12745974691065415
106673,35.0,60767.99,59.4,4.6,9.6,0,1,1,0.20600339720416233
106674,33.0,55590.66,55.7,8.3,6.9,0,1,1,0.21446383389149526
106675,49.0,89463.98,47.2,14.1,5.1,0,2,1,0.1880426625520677
106676,25.0,45326.37,82.6,3.4,9.4,0,3,1,0.1857812962604401
106677,38.0,28014.97,68.3,4.5,4.8,0,1,1,0.1646775668841468
106678,36.0,121442.36,68.6,19.8,11.9,0,0,1,0.11689136311449855
106679,34.0,32588.89,75.8,4.6,7.4,0,3,1,0.2055777376643742
106680,31.0,57901.9,57.7,2.9,10.2,0,1,1,0.19243187012334007
106681,53.0,108649.18,19.3,10.7,1.9,0,2,1,0.11862657603079113
106682,42.0,139154.22,80.7,18.2,5.8,0,0,1,0.162569759592175
106683,63.0,90458.77,1.0,35.4,4.3,1,2,-1,-0.05784695997736056
106684,46.0,111272.75,78.2,18.2,2.7,0,0,1,0.12418130120674359
106685,27.0,30473.31,66.7,4.9,12.8,0,3,1,0.1885895549065944
106686,30.0,65274.95,60.0,6.9,5.5,0,1,1,0.2055308994427641
106687,42.0,163650.28,76.1,14.1,1.6,0,0,1,0.06930584238275406
106688,34.0,105773.04,64.4,17.1,7.8,0,0,1,0.15602879387680385
106689,52.0,94168.84,46.4,8.6,5.0,0,2,1,0.1735276998134489
106690,38.0,47908.44,63.3,7.7,6.9,0,1,1,0.21880369838248265
106691,24.0,72755.84,60.3,7.8,0.0,0,1,1,0.0933511918618215
106692,21.0,23741.95,90.9,0.8,14.4,0,3,1,0.0752756098850399
106693,48.0,145578.01,83.4,16.1,5.7,0,0,1,0.14465602349290868
106694,48.0,116316.7,58.7,17.4,5.4,0,0,1,0.1724311321711442
106695,45.0,70653.0,52.2,5.0,8.0,0,1,1,0.18560510050095386
106696,30.0,33675.64,68.5,0.1,8.9,0,3,1,0.18158094690092502
106697,38.0,56749.39,68.1,8.1,7.7,0,1,1,0.2166942799382678
106698,27.0,23998.51,73.0,0.9,11.2,0,3,1,0.1767793552090935
106699,47.0,96401.13,33.4,13.2,0.4,0,2,1,0.14322766657016361
106700,54.0,76711.95,25.4,11.7,7.6,0,2,1,0.16109825505602682
106701,20.0,21759.83,68.5,2.2,15.6,0,3,1,0.08770925739021751
106702,54.0,82119.4,33.6,15.1,3.3,0,2,1,0.14748848082423704
106703,42.0,129782.97,79.0,16.9,10.6,0,0,1,0.1546298655167041
106704,29.0,35533.7,75.8,0.2,9.3,0,3,1,0.17847739125092893
106705,33.0,53306.14,55.6,8.0,5.1,0,1,1,0.2079917236953937
106706,29.0,51300.39,74.9,8.1,4.1,0,1,1,0.16784948944723965
106707,30.0,30617.83,100.0,3.5,11.7,0,3,1,0.11110981151446553
106708,40.0,78583.51,53.6,9.8,5.1,0,1,1,0.20455027129918185
106709,50.0,95152.55,44.2,11.3,9.0,0,2,1,0.17412252859730326
106710,31.0,32228.08,68.3,5.0,3.7,0,1,1,0.16614976688770405
106711,28.0,27254.8,90.6,0.2,8.0,0,3,1,0.1327030292177605
106712,45.0,155160.63,65.7,17.3,10.9,0,0,1,0.1451231580829806
106713,41.0,58074.34,51.9,4.3,7.8,0,1,1,0.19279431760046628
106714,56.0,97588.19,25.8,15.6,0.0,0,2,1,0.09529731214408466
106715,56.0,98705.77,39.7,10.4,3.5,0,2,1,0.18211067366247197
106716,44.0,137837.34,54.1,21.4,10.0,0,0,1,0.11747041350088533
106717,52.0,96694.45,51.8,10.5,1.1,0,2,1,0.1539758367685788
106718,47.0,151659.79,61.9,20.2,8.9,0,0,1,0.14209178350469914
106719,48.0,103384.54,38.4,11.8,5.2,0,2,1,0.19828436313112086
106720,39.0,72202.38,59.1,6.5,7.7,0,1,1,0.20874631926960519
106721,42.0,69030.04,54.7,7.1,12.0,0,1,1,0.17013068934810044
106722,40.0,63694.22,69.4,5.9,8.0,0,1,1,0.20569154965967712
106723,45.0,69293.61,74.2,6.8,5.6,0,1,1,0.18783050703995152
106724,30.0,21468.9,79.8,5.1,11.7,0,3,1,0.1618256730525131
106725,25.0,46978.7,56.9,7.9,8.5,0,1,1,0.1752655498098163
106726,36.0,70149.48,62.4,6.7,8.6,0,1,1,0.21444929220572956
106727,21.0,35668.09,69.5,4.0,11.4,0,3,1,0.1808668863787556
106728,23.0,35657.31,93.4,1.0,12.9,0,3,1,0.12618157154384052
106729,57.0,91455.86,43.0,11.5,7.8,0,2,1,0.1642128375434586
106730,38.0,119707.6,23.9,12.2,1.6,0,2,1,0.10638423075241243
106731,50.0,134227.72,66.6,20.2,10.2,0,0,1,0.128808262325611
106732,34.0,50938.33,46.7,9.6,8.3,0,1,1,0.18190628220825011
106733,44.0,152404.19,52.5,17.4,7.1,0,0,1,0.15023078210497826
106734,57.0,69878.55,45.5,15.6,0.0,0,2,1,0.08088122329138803
106735,24.0,34876.21,86.7,0.0,11.0,0,3,1,0.1587338742994353
106736,42.0,132861.44,92.7,17.6,9.3,0,0,1,0.11563105521463402
106737,23.0,33389.47,83.5,4.8,7.7,0,3,1,0.1909909430577983
106738,53.0,98214.16,18.5,10.1,6.7,0,2,1,0.13874635973785443
106739,50.0,139665.24,44.6,12.9,8.5,0,2,1,0.13758832295682222
106740,40.0,64056.01,43.9,8.3,11.2,0,1,1,0.16153592903586544
106741,49.0,63774.97,24.3,15.5,4.2,0,2,1,0.12630308453663164
106742,43.0,62212.54,53.0,11.3,5.9,0,1,1,0.1963967186147299
106743,23.0,34653.09,75.1,4.6,11.3,0,3,1,0.20379784397039274
106744,26.0,28448.13,61.4,1.3,7.8,0,3,1,0.1840695033244812
106745,25.0,27305.12,63.3,0.7,11.2,0,3,1,0.15906719771225775
106746,27.0,29081.76,74.0,4.2,10.5,0,3,1,0.21178454228897903
106747,58.0,92304.02,26.7,14.2,3.1,0,2,1,0.14044471330367958
106748,32.0,71963.82,72.5,7.4,4.0,0,1,1,0.1774871583966771
106749,44.0,66204.2,60.2,6.2,10.4,0,1,1,0.17378273033047276
106750,46.0,74416.26,53.9,10.3,6.9,0,1,1,0.2051999129881406
106751,31.0,33210.54,69.2,4.3,14.2,0,3,1,0.16279927340131023
106752,26.0,27700.43,81.1,0.2,7.1,0,3,1,0.15250796580759046
106753,51.0,96052.05,23.0,12.5,5.6,0,2,1,0.17227941431758015
106754,42.0,85613.37,73.0,21.6,9.4,0,0,1,0.13385820862643955
106755,36.0,57843.46,63.8,7.4,9.1,0,1,1,0.21653558176896204
106756,19.0,32698.89,73.4,3.7,4.2,0,3,1,0.14009644903663732
106757,50.0,104275.91,42.0,11.9,0.0,0,2,1,0.1433755013256851
106758,46.0,179920.35,63.6,17.1,10.4,0,0,1,0.10194401091942851
106759,40.0,74242.91,68.1,3.9,5.6,0,1,1,0.18308503202149778
106760,27.0,31503.68,81.7,2.7,8.7,0,3,1,0.19971183337016335
106761,23.0,25538.28,70.8,2.9,9.9,0,3,1,0.19560676437842528
106762,55.0,90123.61,51.8,14.5,2.5,0,2,1,0.14461972377184756
106763,44.0,170563.62,65.6,16.5,11.9,0,0,1,0.11536598681590549
106764,55.0,113362.06,38.2,11.5,0.0,0,2,1,0.1287839442378652
106765,37.0,75750.16,70.4,9.1,9.4,0,1,1,0.1892112798856938
106766,63.0,68465.55,37.3,10.1,8.7,0,2,1,0.09436901353894978
106767,40.0,165414.26,67.5,18.8,7.7,0,0,1,0.1481480407893057
106768,36.0,65723.32,67.2,6.8,9.7,0,1,1,0.20714933913645212
106769,48.0,129488.89,90.9,19.5,6.7,0,0,1,0.10418200494513807
106770,39.0,73588.83,63.9,7.4,0.0,0,1,1,0.1521274119329306
106771,31.0,69573.13,48.1,8.0,9.7,0,1,1,0.17910375429845055
106772,51.0,64824.2,27.6,13.4,7.8,0,2,1,0.14988884611088138
106773,26.0,62901.85,43.3,7.2,6.5,0,1,1,0.151527151289639
106774,55.0,126422.39,82.5,20.0,7.4,0,0,1,0.11333234462667685
106775,37.0,62005.32,50.6,5.3,5.8,0,1,1,0.20986366174303978
106776,30.0,56415.64,56.0,7.3,8.3,0,1,1,0.2103610282029521
106777,35.0,53417.01,62.3,8.6,5.5,0,1,1,0.2149974375916795
106778,31.0,57019.68,56.2,9.3,9.1,0,1,1,0.20543841181256683
106779,36.0,83211.71,57.7,9.8,10.7,0,1,1,0.17231500967922192
106780,58.0,100491.86,36.2,12.0,6.6,0,2,1,0.16372360726910795
106781,32.0,59065.42,74.7,8.2,9.9,0,3,1,0.19522419964994686
106782,30.0,57178.36,61.3,6.9,3.3,0,1,1,0.18825923969247205
106783,56.0,113424.03,32.1,13.6,10.1,0,2,1,0.11346831350433506
106784,32.0,30614.19,67.0,3.5,17.0,0,3,1,0.09623702645685184
106785,59.0,94895.72,50.6,14.3,0.0,0,2,1,0.10013694920260086
106786,41.0,63325.37,49.3,7.2,8.2,0,1,1,0.19900590294820575
106787,32.0,60661.95,54.7,8.6,6.1,0,1,1,0.2090900434726528
106788,44.0,87347.75,25.5,9.4,7.5,0,2,1,0.16499091721099612
106789,56.0,78465.36,22.3,11.8,0.0,0,2,1,0.10331226323311582
106790,42.0,141776.97,75.0,18.7,5.7,0,0,1,0.17020477146903573
106791,36.0,76290.93,37.0,7.7,3.5,0,1,1,0.15851695020230872
106792,43.0,71117.82,65.9,5.3,7.8,0,1,1,0.1958924054156888
106793,54.0,54452.55,36.5,13.2,0.0,0,2,1,0.10378022571027212
106794,55.0,96704.03,48.8,11.2,4.5,0,2,1,0.18385072251659457
106795,54.0,46990.89,31.5,12.2,0.0,0,2,1,0.10561661615920603
106796,55.0,96468.37,35.8,13.4,2.8,0,2,1,0.16556935331011607
106797,52.0,109792.98,35.6,8.3,4.2,0,2,1,0.1621809349127824
106798,24.0,37187.31,74.6,1.0,7.1,0,3,1,0.17984687339479255
106799,59.0,99946.26,48.9,15.1,1.8,0,2,1,0.1126605459434189
106800,20.0,31264.52,84.1,0.2,11.4,0,3,1,0.14121168182006877
106801,38.0,49440.45,47.1,7.9,13.2,0,1,1,0.14918996940895551
106802,51.0,100638.71,28.9,12.5,2.1,0,2,1,0.16535646946717092
106803,35.0,89332.08,59.1,3.9,8.9,0,1,1,0.1616888440296222
106804,42.0,69538.59,56.2,5.2,4.3,0,1,1,0.19025307992912754
106805,42.0,130756.17,66.4,20.4,10.8,0,0,1,0.1458340389222546
106806,58.0,81518.87,25.8,12.2,5.2,0,2,1,0.15614777213697933
106807,36.0,65870.8,73.9,6.6,9.4,0,1,1,0.19886484242637026
106808,46.0,142402.1,79.6,16.5,5.1,0,0,1,0.14886805852822915
106809,38.0,43719.62,63.1,4.7,11.6,0,1,1,0.18655501452986345
106810,50.0,119850.25,32.9,11.5,6.6,0,2,1,0.17786391830013054
106811,25.0,31615.8,74.0,2.2,17.1,0,3,1,0.10698500528773802
106812,28.0,48579.76,69.8,9.2,4.2,0,1,1,0.17609424361987336
106813,27.0,76199.18,47.5,6.0,7.3,0,1,1,0.15953808911304485
106814,19.0,37324.74,78.2,1.2,7.6,0,3,1,0.1527358433842349
106815,42.0,58889.11,64.1,7.0,1.7,0,1,1,0.1721668955417086
106816,28.0,38185.37,96.4,0.0,0.5,0,3,1,0.03498936336105096
106817,55.0,84751.58,20.7,12.2,2.7,0,2,1,0.13492477411480813
106818,18.0,31523.11,83.7,3.3,10.5,0,3,1,0.16166909231862658
106819,26.0,22257.63,77.5,3.5,8.9,0,3,1,0.19112200104061117
106820,39.0,121196.28,69.1,19.8,12.6,0,0,1,0.12063610890934223
106821,59.0,68311.34,25.6,13.3,7.9,0,2,1,0.11289633696793122
106822,38.0,144618.46,60.7,18.6,6.1,0,0,1,0.16551334618558056
106823,37.0,48476.28,41.7,13.2,7.2,0,1,1,0.16313105956251012
106824,35.0,40692.13,61.6,3.7,6.1,0,1,1,0.20144249605826736
106825,51.0,62768.24,19.3,10.3,2.4,0,2,1,0.11099884991318476
106826,52.0,77281.18,36.5,14.3,4.8,0,2,1,0.17136769592106815
106827,24.0,33967.78,63.7,4.9,6.4,0,3,1,0.1893028932599849
106828,51.0,159422.98,77.6,19.2,8.0,0,0,1,0.1224992964577648
106829,48.0,78895.61,52.5,12.2,0.7,0,2,1,0.15230474962122642
106830,55.0,100863.31,31.7,10.2,6.2,0,2,1,0.18361587869163237
106831,41.0,65597.95,58.7,5.4,8.4,0,1,1,0.20345970897480192
106832,49.0,73240.71,46.3,9.9,0.0,0,2,1,0.14316065226463598
106833,31.0,21952.03,74.1,0.8,7.8,0,3,1,0.1581364108181726
106834,54.0,137440.58,75.6,19.6,6.1,0,0,1,0.13378589393595963
106835,41.0,66196.26,65.5,5.6,8.3,0,1,1,0.20554623791296994
106836,24.0,38507.38,72.6,7.1,11.0,0,3,1,0.19007671567188478
106837,23.0,30604.97,77.9,1.7,12.0,0,3,1,0.18411646365422035
106838,52.0,128235.75,30.7,11.8,2.7,0,2,1,0.1379696456570002
106839,52.0,103567.6,72.9,18.6,4.6,0,0,1,0.14074333443412163
106840,56.0,116549.76,72.3,21.4,6.9,0,0,1,0.11162699381365071
106841,53.0,89104.37,34.5,14.2,2.7,0,2,1,0.1649187886921482
106842,30.0,139169.58,72.6,18.4,7.5,0,0,1,0.13820302789764521
106843,48.0,90808.04,52.7,11.9,6.0,0,2,1,0.1893261765201274
106844,31.0,58747.74,48.0,9.6,2.3,0,1,1,0.15923071537858396
106845,54.0,100826.75,37.8,7.3,0.0,0,2,1,0.1118471969400846
106846,25.0,26682.84,71.6,2.2,6.8,0,3,1,0.19123182072682865
106847,18.0,31999.68,58.9,2.0,8.0,0,3,1,0.13141626364113485
106848,36.0,88640.92,48.2,7.8,7.7,0,1,1,0.18102214127187993
106849,27.0,30771.44,92.4,4.4,12.1,0,3,1,0.1524165339712396
106850,36.0,142427.76,66.9,16.3,6.1,0,0,1,0.16094849984962611
106851,43.0,151510.46,81.8,19.9,8.9,0,0,1,0.13313794822574743
106852,36.0,58378.72,55.5,5.4,5.7,0,1,1,0.21312533271717016
106853,54.0,121340.04,33.5,10.4,6.9,0,2,1,0.17054862352284683
106854,26.0,73641.55,43.7,8.3,5.6,0,1,1,0.14816896616328673
106855,26.0,43998.94,69.6,1.0,10.2,0,3,1,0.18141626919562226
106856,44.0,63999.48,58.4,7.3,4.0,0,1,1,0.19811533969493833
106857,25.0,29737.3,91.2,4.6,6.0,0,3,1,0.14979872762457436
106858,35.0,67892.32,48.2,4.8,5.6,0,1,1,0.19528792212264368
106859,26.0,37974.0,80.3,7.9,8.0,0,3,1,0.18707600523928092
106860,28.0,25611.6,94.1,5.7,12.1,0,3,1,0.13132285929542054
106861,18.0,36044.91,69.8,3.9,5.6,0,3,1,0.1361010427972557
106862,44.0,131090.44,64.2,19.2,7.8,0,0,1,0.18078883579391342
106863,23.0,36246.23,97.0,3.6,4.6,0,3,1,0.09396021618479022
106864,28.0,62769.09,68.3,7.3,8.5,0,1,1,0.2062786882009427
106865,36.0,72736.99,100.0,37.1,8.3,1,0,-1,-0.021701762952434422
106866,28.0,66999.95,55.2,7.3,8.0,0,1,1,0.19387763095752725
106867,37.0,77819.02,58.3,7.4,11.0,0,1,1,0.18762962982773213
106868,33.0,31897.99,72.9,2.1,11.4,0,3,1,0.19435346146342075
106869,51.0,65087.81,46.2,13.6,7.4,0,2,1,0.1771521172588823
106870,59.0,98259.48,37.6,14.0,0.4,0,2,1,0.11190354038354011
106871,50.0,93985.56,44.2,10.9,1.9,0,2,1,0.16937237784980774
106872,50.0,103030.68,34.3,9.1,0.2,0,2,1,0.13322193720166975
106873,37.0,63896.11,58.3,6.1,9.4,0,1,1,0.20584940181110284
106874,38.0,65737.6,61.7,10.2,3.9,0,1,1,0.19128257463717008
106875,22.0,30062.67,90.6,2.3,7.6,0,3,1,0.15560652564722327
106876,35.0,63167.05,70.0,6.2,4.9,0,1,1,0.19674844761908383
106877,19.0,30016.92,100.0,3.8,11.8,0,3,1,0.09528397494171714
106878,36.0,63533.2,65.9,8.1,8.0,0,1,1,0.21838459153611628
106879,52.0,88975.56,39.2,12.2,10.4,0,2,1,0.1423859928077882
106880,29.0,28116.14,66.3,2.2,6.8,0,3,1,0.20061846518161164
106881,22.0,26415.27,74.7,2.4,10.4,0,3,1,0.18702505271007763
106882,51.0,79570.74,47.1,12.8,2.4,0,2,1,0.1646137805287553
106883,32.0,45625.73,42.6,9.1,9.8,0,1,1,0.16153657190961118
106884,40.0,174427.74,78.2,18.4,10.6,0,0,1,0.09935537882522716
106885,46.0,143872.67,69.6,17.8,3.2,0,0,1,0.14501062039134804
106886,39.0,185364.06,63.7,14.3,10.7,0,0,1,0.08920965039614137
106887,37.0,65402.38,56.4,8.8,11.6,0,1,1,0.1818122703304978
106888,21.0,35645.4,89.2,1.8,14.5,0,3,1,0.11621135678233108
106889,58.0,73761.6,50.9,9.6,1.9,0,2,1,0.12101649306278789
106890,55.0,112808.96,36.0,10.7,3.2,0,2,1,0.1768536423352951
106891,50.0,109384.89,30.9,10.7,0.0,0,2,1,0.13145691303096158
106892,33.0,60678.99,46.7,3.5,9.9,0,1,1,0.1706730879532824
106893,19.0,24458.25,93.7,4.7,13.1,0,3,1,0.10440562782558005
106894,27.0,39553.51,86.8,2.3,6.8,0,3,1,0.1751178351036094
106895,18.0,31195.34,67.0,1.4,9.5,0,3,1,0.14504297021724133
106896,31.0,23299.07,78.3,0.5,8.3,0,3,1,0.15574895210780487
106897,48.0,118621.97,69.4,18.3,10.1,0,0,1,0.15669266127625014
106898,21.0,39262.09,73.5,4.0,9.4,0,3,1,0.18697322294040514
106899,56.0,129670.38,32.2,12.0,2.7,0,2,1,0.1237476460384419
106900,40.0,122377.72,71.8,16.4,5.8,0,0,1,0.17222247002909324
106901,20.0,77456.06,74.4,8.3,4.4,0,1,1,0.09145116026035094
106902,30.0,44540.16,64.4,9.5,7.5,0,1,1,0.20171693164620091
106903,56.0,102606.88,27.3,14.0,6.8,0,2,1,0.15918657583392326
106904,31.0,71007.3,56.5,6.5,8.2,0,1,1,0.20381210667789035
106905,38.0,71917.73,49.5,8.1,3.5,0,1,1,0.18649613036692964
106906,42.0,137175.64,81.7,18.0,7.2,0,0,1,0.16647300185553993
106907,59.0,87664.16,30.3,8.2,3.3,0,2,1,0.1261269292798083
106908,38.0,133681.62,74.4,15.8,5.5,0,0,1,0.16046711040655148
106909,35.0,127152.72,62.6,22.3,12.5,0,0,1,0.07906834211955516
106910,43.0,47550.2,56.2,4.6,12.5,0,1,1,0.14207008638861068
106911,56.0,77000.78,38.7,9.0,3.6,0,2,1,0.15279022220918925
106912,51.0,107647.97,44.9,12.0,3.3,0,2,1,0.18722557193719724
106913,36.0,121712.32,28.4,12.2,10.8,0,2,1,0.10339557896768392
106914,46.0,95363.74,40.0,14.2,4.0,0,2,1,0.18996312329091414
106915,58.0,87892.54,40.4,12.8,3.7,0,2,1,0.1651673385891605
106916,45.0,117960.95,69.0,15.4,6.7,0,0,1,0.18432103987152948
106917,42.0,66691.82,61.1,3.8,8.0,0,1,1,0.1958702289055319
106918,52.0,104189.81,48.8,11.2,3.1,0,2,1,0.1821887989027824
106919,41.0,55265.84,58.9,3.0,6.1,0,1,1,0.1953754565613251
106920,59.0,100735.96,44.0,13.9,8.0,0,2,1,0.1355163957966124
106921,50.0,111113.0,57.5,11.9,0.0,0,2,1,0.13313252393293673
106922,49.0,103008.56,18.4,10.5,3.0,0,2,1,0.1314976102623967
106923,37.0,82049.05,64.9,4.8,18.6,0,3,1,0.07394876870804523
106924,36.0,43246.49,47.6,4.9,3.0,0,1,1,0.1543088839395717
106925,39.0,32237.19,67.8,8.6,5.6,0,1,1,0.18341887793826
106926,29.0,25705.8,69.6,4.1,9.4,0,3,1,0.20350728609680951
106927,21.0,31346.04,91.2,5.6,11.3,0,3,1,0.1432731892729528
106928,41.0,153139.6,63.4,20.3,10.9,0,0,1,0.12365746073190687
106929,46.0,53047.71,48.7,8.1,6.2,0,1,1,0.18431254024591986
106930,48.0,173206.29,89.0,18.1,10.6,0,0,1,0.05988658483966447
106931,21.0,33251.16,77.5,2.8,15.5,0,3,1,0.13326882443009325
106932,45.0,94914.87,35.5,13.3,0.7,0,2,1,0.14530462674685252
106933,51.0,84812.39,12.5,14.3,0.0,0,2,1,0.06822537073772872
106934,44.0,111204.44,31.7,11.4,3.2,0,2,1,0.17407084896482178
106935,57.0,85563.86,41.0,9.7,5.0,0,2,1,0.1663043910022609
106936,57.0,119027.15,19.5,11.4,8.8,0,2,1,0.09853029392582935
106937,48.0,134984.9,72.0,18.6,6.9,0,0,1,0.17226193607896162
106938,55.0,103387.7,23.9,11.0,2.6,0,2,1,0.14759385224042815
106939,23.0,33554.49,79.8,1.6,14.0,0,3,1,0.16069109860674924
106940,24.0,40430.45,92.4,0.9,8.5,0,3,1,0.132670056512753
106941,50.0,100357.61,42.3,12.3,2.3,0,2,1,0.17173334374492016
106942,44.0,57107.16,65.4,6.9,6.8,0,1,1,0.20712534135880067
106943,39.0,79219.91,61.0,6.0,11.4,0,1,1,0.1757777384463673
106944,54.0,97913.2,45.3,12.6,11.4,0,2,1,0.12761139170507863
106945,36.0,74830.13,62.4,7.9,5.9,0,1,1,0.21206066410234364
106946,50.0,103492.4,26.3,10.8,4.0,0,2,1,0.1792780468175088
106947,58.0,96377.1,35.6,9.9,9.1,0,2,1,0.1316180250411833
106948,58.0,115856.95,20.5,12.7,1.2,0,2,1,0.07694868378924291
106949,56.0,100500.94,40.2,10.6,0.9,0,2,1,0.15051067286537267
106950,40.0,147756.57,69.6,18.5,4.9,0,0,1,0.16328089880168928
106951,52.0,118856.26,38.3,12.8,5.2,0,2,1,0.19269396174817982
106952,40.0,181119.85,75.6,18.4,10.1,0,0,1,0.09298485889942665
106953,29.0,24825.32,78.6,7.5,15.0,0,3,1,0.13811818100490775
106954,51.0,107448.79,31.7,12.7,2.6,0,2,1,0.1693953355236909
106955,50.0,84879.29,51.8,11.0,7.4,0,2,1,0.1844345019508093
106956,34.0,55905.08,61.9,4.4,9.0,0,1,1,0.21466904344365811
106957,35.0,55853.53,50.3,10.9,6.9,0,1,1,0.1959863728196628
106958,52.0,109927.47,26.6,14.3,3.9,0,2,1,0.1681918404946705
106959,29.0,56079.69,47.0,7.2,4.6,0,1,1,0.17744483157492297
106960,38.0,147363.48,72.4,20.4,11.5,0,0,1,0.12113570751875197
106961,36.0,67576.07,43.9,8.4,8.2,0,1,1,0.18618837889398776
106962,29.0,30236.13,75.0,2.4,14.3,0,3,1,0.17105117430832772
106963,53.0,69419.08,41.4,11.1,7.3,0,2,1,0.18127191725094027
106964,39.0,75843.36,68.4,8.9,10.4,0,1,1,0.18578660851412282
106965,28.0,28003.47,66.6,1.3,12.2,0,3,1,0.17289859432560434
106966,41.0,94736.67,32.3,14.4,3.6,0,2,1,0.1648183792856408
106967,34.0,76686.73,57.1,6.5,5.5,0,1,1,0.20005292253169782
106968,25.0,30090.66,74.7,5.9,10.1,0,3,1,0.19835235063323026
106969,50.0,77983.71,37.0,10.9,2.9,0,2,1,0.16469934211036757
106970,48.0,98366.98,22.0,12.8,2.4,0,2,1,0.14539651536144482
106971,56.0,103298.0,36.0,13.7,8.7,0,2,1,0.14233944627355222
106972,42.0,47370.75,51.9,6.0,8.9,0,1,1,0.1843468086945944
106973,21.0,28765.85,70.7,3.6,11.9,0,3,1,0.17433093605144073
106974,37.0,127041.14,53.0,13.2,9.5,0,0,1,0.15370800064770296
106975,54.0,97948.13,50.9,8.6,0.0,0,2,1,0.11692658294762687
106976,18.0,19790.87,71.9,4.2,10.9,0,3,1,0.13569039611452427
106977,48.0,149343.34,68.0,16.9,9.3,0,0,1,0.16156265048202884
106978,18.0,13696.52,81.9,3.5,14.7,0,3,1,0.07610930611054001
106979,55.0,100286.95,31.9,10.4,3.2,0,2,1,0.17844162670112973
106980,57.0,102928.65,44.3,12.2,1.3,0,2,1,0.1458318365314908
106981,49.0,166966.16,73.9,19.1,9.5,0,0,1,0.12136193842021759
106982,41.0,133445.77,62.9,17.5,11.1,0,0,1,0.1612916086375118
106983,28.0,35216.74,87.6,2.3,6.5,0,3,1,0.17905392787801994
106984,51.0,93671.54,41.8,13.0,7.0,0,2,1,0.19409640483256496
106985,26.0,53093.96,57.1,8.0,13.3,0,3,1,0.14364373329230418
106986,47.0,82861.84,30.8,10.5,1.3,0,2,1,0.1581329460755148
106987,52.0,111820.32,36.2,10.3,3.4,0,2,1,0.18705824762415474
106988,19.0,37662.24,92.7,0.0,10.7,0,3,1,0.10245533295804321
106989,20.0,32362.17,77.1,0.3,13.6,0,3,1,0.11756970995784166
106990,23.0,29292.74,79.2,1.3,9.4,0,3,1,0.19080245607900637
106991,18.0,18423.02,68.3,1.9,4.7,0,3,1,0.08456034488671083
106992,22.0,28925.78,77.4,4.2,15.1,0,3,1,0.14344593276961215
106993,45.0,115200.34,78.7,20.8,4.6,0,0,1,0.129767811557023
106994,31.0,46140.97,52.4,7.7,11.4,0,1,1,0.1735939670686149
106995,56.0,101592.5,35.5,12.8,5.4,0,2,1,0.17938975673571345
106996,50.0,139473.8,74.6,17.2,8.3,0,0,1,0.1613251534398934
106997,51.0,74658.32,43.7,15.0,3.9,0,2,1,0.15482381083068725
106998,38.0,71615.95,56.6,7.4,6.3,0,1,1,0.21777643159185
106999,40.0,153143.95,77.1,19.8,8.0,0,0,1,0.14740252844321
107000,46.0,113941.02,27.7,10.5,2.4,0,2,1,0.1519423490527953
107001,43.0,91278.65,41.2,11.1,8.0,0,2,1,0.18292818895652818
107002,49.0,162410.08,52.7,20.9,7.3,0,0,1,0.11109317293436749
107003,60.0,84670.43,33.6,12.2,1.2,0,2,1,0.1265715268818704
107004,28.0,35242.46,87.5,3.7,2.0,0,1,1,0.11327505545571226
107005,46.0,104119.39,55.9,12.3,8.9,0,0,1,0.18568149232368547
107006,31.0,69180.22,57.2,7.2,5.6,0,1,1,0.206792184829232
107007,42.0,117450.81,64.0,15.8,12.5,0,0,1,0.14849044316026427
107008,22.0,18954.65,80.6,1.4,9.9,0,3,1,0.14992341848506513
107009,23.0,40583.41,74.2,4.6,12.1,0,3,1,0.18741290755694767
107010,29.0,64095.25,50.4,4.6,3.4,0,1,1,0.16335257375026824
107011,28.0,47223.84,69.9,3.4,10.9,0,3,1,0.19688236679240256
107012,40.0,175471.6,94.0,16.8,13.2,0,0,1,0.040063541276040726
107013,21.0,26411.34,76.6,4.7,9.7,0,3,1,0.18072210399642458
107014,56.0,98874.44,48.5,13.1,8.6,0,2,1,0.15482923276080995
107015,20.0,30828.09,78.0,1.3,7.0,0,3,1,0.1653483517227083
107016,45.0,156764.27,73.1,20.1,4.7,0,0,1,0.1330858961722322
107017,34.0,48832.81,59.4,8.0,11.0,0,1,1,0.19746682924464182
107018,18.0,34145.15,92.4,1.0,6.3,0,3,1,0.0966884009241259
107019,18.0,35596.99,70.7,4.0,9.4,0,3,1,0.16728877701905087
107020,61.0,108472.43,27.0,11.4,6.4,0,2,1,0.13139705640629734
107021,38.0,169790.59,69.5,19.6,7.4,0,0,1,0.1351165804704187
107022,40.0,122675.38,89.3,17.4,17.2,0,0,1,0.029521444035327082
107023,37.0,52505.19,42.1,9.5,6.4,0,1,1,0.18735511207322475
107024,40.0,87916.6,64.7,7.7,10.7,0,1,1,0.1707267045990844
107025,28.0,24726.6,91.3,2.9,14.6,0,3,1,0.10863983495269092
107026,39.0,75297.7,55.8,4.0,8.7,0,1,1,0.19109079462351974
107027,57.0,85476.46,33.0,7.6,3.5,0,2,1,0.1404272187772011
107028,18.0,34979.21,81.3,3.0,14.0,0,3,1,0.12066551816653509
107029,53.0,98308.07,38.2,10.8,7.0,0,2,1,0.19190556390171493
107030,38.0,150653.4,84.2,15.9,4.0,0,0,1,0.10818636688650818
107031,19.0,42466.24,71.9,0.6,11.1,0,3,1,0.13695881949294225
107032,18.0,26501.56,92.1,1.1,9.2,0,3,1,0.10503989571717132
107033,25.0,33697.31,72.7,4.1,14.3,0,3,1,0.1708446570271121
107034,19.0,29209.64,76.9,4.4,10.1,0,3,1,0.17712081258745282
107035,23.0,23075.63,66.7,3.4,8.5,0,3,1,0.1813448374747761
107036,50.0,93941.96,58.4,11.0,8.2,0,1,1,0.18314776313591297
107037,31.0,36629.66,69.5,3.3,8.8,0,3,1,0.21594809384229513
107038,62.0,102022.17,32.9,15.6,2.9,0,2,1,0.09384249765598163
107039,46.0,157700.8,75.5,17.8,10.5,0,0,1,0.1351317121301583
107040,40.0,168065.13,69.2,20.7,11.1,0,0,1,0.09710655399253787
107041,55.0,93457.58,46.0,13.1,0.0,0,2,1,0.1295166255806044
107042,20.0,32971.94,80.8,4.4,14.6,0,3,1,0.13841648528699868
107043,27.0,19994.18,80.0,5.4,10.3,0,3,1,0.17800715420366386
107044,25.0,29153.12,87.5,2.3,11.8,0,3,1,0.17555123946645929
107045,45.0,141366.35,76.8,18.4,11.8,0,0,1,0.1402058995865143
107046,46.0,166201.01,64.4,16.3,8.2,0,0,1,0.14612105230805278
107047,40.0,67931.21,50.5,8.6,5.1,0,1,1,0.20982932042343522
107048,39.0,65197.94,55.7,5.9,7.4,0,1,1,0.21614338770713215
107049,36.0,50320.34,64.0,9.3,9.6,0,1,1,0.20457719730528573
107050,38.0,56978.71,59.3,6.7,7.4,0,1,1,0.2202803515380593
107051,48.0,137277.9,53.6,19.6,9.2,0,0,1,0.14298673114672178
107052,25.0,25235.59,69.7,1.6,8.2,0,3,1,0.19007079008302247
107053,34.0,48812.03,79.5,10.0,7.8,0,1,1,0.18357546386681356
107054,36.0,82384.09,74.2,5.5,7.7,0,1,1,0.1811947745666418
107055,23.0,30448.53,76.3,2.8,10.6,0,3,1,0.20146990525671582
107056,37.0,78050.09,49.9,8.9,3.8,0,1,1,0.18549257971288274
107057,44.0,166292.42,77.7,17.4,8.9,0,0,1,0.12902254151869763
107058,32.0,28591.81,83.7,4.9,8.8,0,3,1,0.18824095032428367
107059,61.0,130452.16,45.9,14.2,0.0,0,2,1,0.06466829163095955
107060,29.0,61057.6,51.4,8.3,0.0,0,1,1,0.12943234527935177
107061,27.0,30987.73,72.6,6.8,9.1,0,3,1,0.19700941991405452
107062,18.0,34632.1,81.8,2.7,17.1,0,3,1,0.06979271096000728
107063,25.0,37845.2,81.2,5.5,9.0,0,3,1,0.2006208148110168
107064,19.0,36410.66,81.0,4.6,8.1,0,3,1,0.17513378192993373
107065,38.0,44207.89,53.2,5.6,8.5,0,1,1,0.1928770737324806
107066,41.0,105404.76,66.3,19.2,8.4,0,0,1,0.17630804204609285
107067,48.0,109350.56,50.7,13.8,0.0,0,2,1,0.13946461875024885
107068,44.0,136425.78,51.6,15.4,10.4,0,0,1,0.13845553683623724
107069,37.0,62899.89,51.5,9.2,3.3,0,1,1,0.19107063295516052
107070,48.0,89566.36,19.7,10.2,7.2,0,2,1,0.15281440933320528
107071,48.0,108352.98,41.3,11.7,0.0,0,2,1,0.14455869281251432
107072,24.0,19841.73,72.7,3.5,12.6,0,3,1,0.17228305269119448
107073,35.0,55215.08,51.1,6.1,8.9,0,1,1,0.19898852914434884
107074,38.0,61754.28,64.3,7.0,3.0,0,1,1,0.19012336511292688
107075,46.0,105288.7,21.3,11.2,3.7,0,2,1,0.154586972534616
107076,31.0,43388.01,46.3,3.4,8.8,0,1,1,0.17299170008521075
107077,26.0,27624.55,100.0,40.3,11.3,1,0,-1,-0.018366676306196594
107078,40.0,169915.48,73.4,18.6,4.9,0,0,1,0.12886018021420942
107079,18.0,22956.4,98.8,1.3,10.2,0,3,1,0.07291060116099513
107080,45.0,139475.26,70.5,17.6,9.4,0,0,1,0.1715631331054316
107081,38.0,128898.47,49.0,14.3,4.1,0,2,1,0.15699969684403392
107082,47.0,133127.9,79.0,18.8,8.8,0,0,1,0.1557613154627362
107083,47.0,96281.43,37.5,16.4,3.0,0,2,1,0.14793059207872744
107084,28.0,31286.45,71.0,4.7,15.7,0,3,1,0.14952406683442027
107085,53.0,83320.12,39.7,12.6,10.6,0,2,1,0.128051828027562
107086,56.0,79035.68,47.7,13.6,6.8,0,2,1,0.16013467492275135
107087,54.0,112241.94,39.4,11.5,4.4,0,2,1,0.18885550409012658
107088,23.0,33966.38,78.8,2.4,9.5,0,3,1,0.20581651732336304
107089,24.0,21740.98,88.2,3.7,8.2,0,3,1,0.15941731333478637
107090,39.0,56329.5,52.9,7.7,11.3,0,1,1,0.17886084946882136
107091,37.0,53341.22,54.5,8.7,8.2,0,1,1,0.20587940222036966
107092,57.0,101728.12,42.7,16.0,0.0,0,2,1,0.10088632983938095
107093,55.0,163599.57,98.2,16.0,9.1,0,0,1,0.03599981846895939
107094,53.0,110108.54,39.7,12.7,6.3,0,2,1,0.19254635649208696
107095,51.0,86179.32,39.5,11.0,3.6,0,2,1,0.19205195359589716
107096,18.0,32322.13,68.7,2.9,6.7,0,3,1,0.14501598101775848
107097,36.0,72040.72,52.0,5.1,9.3,0,1,1,0.19467285259678352
107098,41.0,66730.96,53.3,5.7,6.0,0,1,1,0.2044945751478544
107099,24.0,22061.54,68.2,5.5,10.6,0,3,1,0.1697573799721051
107100,30.0,37850.3,74.9,2.4,12.9,0,3,1,0.19117435531472526
107101,40.0,73019.55,57.9,7.3,6.2,0,1,1,0.21462716595068165
107102,24.0,28050.69,77.3,2.7,8.6,0,3,1,0.20576671922664352
107103,56.0,70884.94,38.4,10.2,1.5,0,2,1,0.1407027477926308
107104,20.0,34712.03,55.4,3.3,10.1,0,3,1,0.15465495921086092
107105,19.0,33049.54,65.9,2.9,6.2,0,3,1,0.15358402885925415
107106,34.0,36961.7,80.5,1.1,9.2,0,3,1,0.18048854161394634
107107,51.0,99136.5,39.0,12.4,5.0,0,2,1,0.20252081637149644
107108,51.0,100856.11,28.6,9.9,9.5,0,2,1,0.149598271322455
107109,38.0,82155.93,55.3,11.8,7.2,0,1,1,0.20511438418988093
107110,30.0,32189.23,79.6,2.8,8.5,0,3,1,0.20689223763813186
107111,48.0,139776.7,80.3,19.8,12.2,0,0,1,0.11571438624708974
107112,54.0,69162.39,31.8,11.9,4.0,0,2,1,0.16375316553292663
107113,59.0,114429.48,33.6,16.9,3.0,0,2,1,0.09816626868934064
107114,35.0,49808.84,42.4,4.6,10.0,0,1,1,0.1524182830389571
107115,47.0,117734.53,73.0,19.6,1.9,0,0,1,0.10993976697766106
107116,52.0,166523.93,80.1,20.4,1.9,0,0,1,0.028317534253436305
107117,35.0,76043.4,57.9,8.5,11.3,0,1,1,0.17615556664417104
107118,56.0,90593.17,40.8,8.7,5.5,0,2,1,0.15363256782313273
107119,28.0,32869.47,89.6,3.6,10.4,0,3,1,0.18075335056485442
107120,61.0,78620.97,48.9,14.6,6.5,0,2,1,0.12806058355967065
107121,34.0,65824.48,50.0,5.9,7.4,0,1,1,0.20847220457429239
107122,20.0,30656.01,67.0,4.3,14.9,0,3,1,0.12469875871529268
107123,54.0,113955.31,63.4,17.9,10.5,0,0,1,0.1214955337007228
107124,43.0,167154.18,78.5,14.7,8.5,0,0,1,0.11106550755563727
107125,30.0,56962.78,55.0,8.7,7.3,0,1,1,0.20624061133814525
107126,41.0,195666.1,64.2,18.8,10.3,0,0,1,0.08796775077569141
107127,37.0,53220.88,49.6,8.5,10.5,0,1,1,0.18616090052693568
107128,36.0,48535.61,59.2,10.3,4.3,0,1,1,0.1813806345668037
107129,42.0,144253.65,84.0,17.2,9.8,0,0,1,0.1431559394651532
107130,44.0,46699.36,46.0,7.0,10.3,0,1,1,0.1475995579397772
107131,38.0,75172.76,42.1,7.9,0.0,0,2,1,0.13774909350856496
107132,59.0,117220.71,32.8,7.6,3.7,0,2,1,0.10604183101601883
107133,30.0,35020.25,97.6,2.6,16.4,0,3,1,0.0630179124904402
107134,26.0,54753.14,46.1,8.7,3.7,0,1,1,0.14041652212650518
107135,42.0,70879.27,60.9,7.0,4.2,0,1,1,0.20063790591237485
107136,56.0,88118.2,43.7,15.2,3.4,0,2,1,0.14155902990164893
107137,31.0,33681.25,85.0,0.6,8.2,0,3,1,0.16926077907879594
107138,21.0,40339.14,75.5,4.5,10.1,0,3,1,0.18074540995520727
107139,51.0,71566.31,16.9,11.5,3.5,0,2,1,0.12772295047817855
107140,20.0,33421.28,98.7,6.2,10.3,0,3,1,0.1075114979359646
107141,37.0,69832.13,61.1,8.4,8.0,0,1,1,0.2143444826877593
107142,53.0,84875.46,39.1,7.6,4.9,0,2,1,0.16285270237885668
107143,42.0,100346.57,25.7,14.7,4.4,0,2,1,0.1598477449150419
107144,24.0,34609.4,69.8,5.3,12.2,0,3,1,0.1850216851743739
107145,40.0,114518.56,68.3,17.8,4.7,0,0,1,0.17139664254019232
107146,50.0,84884.44,33.0,11.6,5.5,0,2,1,0.18698056766112725
107147,36.0,66487.06,60.5,6.6,9.1,0,1,1,0.20801004851680271
107148,38.0,88864.76,29.3,12.2,2.1,0,2,1,0.1484335395036387
107149,55.0,107403.2,21.2,12.4,0.2,0,2,1,0.10120887857206762
107150,54.0,87022.16,27.0,8.6,3.7,0,2,1,0.1458332925872045
107151,46.0,69631.31,36.9,13.9,5.2,0,2,1,0.1794021089520107
107152,45.0,92661.01,41.8,11.7,5.0,0,2,1,0.1915156932211174
107153,41.0,130305.67,65.4,19.2,10.0,0,0,1,0.16502945820146497
107154,49.0,107908.17,20.7,11.7,0.0,0,2,1,0.1026616215736299
107155,37.0,105585.29,65.4,19.2,7.8,0,0,1,0.16374761089035222
107156,49.0,92033.06,14.4,13.1,0.0,0,2,1,0.07632975999548808
107157,39.0,138012.3,76.5,18.5,7.9,0,0,1,0.1663511621645829
107158,50.0,190774.36,72.1,17.8,7.5,0,0,1,0.10583847689243053
107159,21.0,34164.94,90.7,0.0,9.5,0,3,1,0.11802947500507871
107160,31.0,34264.64,82.1,0.0,12.1,0,3,1,0.1541215554412994
107161,57.0,98418.92,28.4,12.9,0.9,0,2,1,0.13210361607642085
107162,30.0,70951.82,69.0,5.5,3.5,0,1,1,0.16917554080432678
107163,48.0,98379.81,23.4,14.6,2.6,0,2,1,0.14592400777696318
107164,54.0,82291.29,40.8,13.3,0.0,0,2,1,0.13237878190628732
107165,40.0,136053.14,66.7,19.7,6.2,0,0,1,0.17350830431889602
107166,40.0,67408.84,56.9,8.5,2.4,0,1,1,0.17517846150280358
107167,52.0,81760.59,33.9,11.1,4.2,0,2,1,0.18672130739981907
107168,24.0,32799.22,79.8,4.1,6.2,0,3,1,0.19344933350037968
107169,39.0,45119.0,30.1,10.9,4.2,0,2,1,0.146158172207776
107170,22.0,21264.91,73.5,3.4,10.7,0,3,1,0.17261564497433396
107171,30.0,57048.86,61.7,7.5,7.4,0,1,1,0.21451943576073262
107172,40.0,60783.67,71.9,6.4,9.1,0,1,1,0.19925025974582505
107173,56.0,66970.49,39.4,10.7,1.0,0,2,1,0.129223127141243
107174,50.0,97764.87,19.4,12.1,3.3,0,2,1,0.14836008857227156
107175,41.0,54929.68,69.9,7.8,6.9,0,1,1,0.207214098207117
107176,30.0,43073.79,75.9,1.5,11.3,0,3,1,0.18808741379575755
107177,18.0,24506.07,91.1,4.1,7.4,0,3,1,0.11503608809669641
107178,59.0,105170.22,78.2,16.4,13.3,0,0,1,0.06264481636785058
107179,40.0,132827.75,53.9,22.2,6.1,0,0,1,0.13396870183754883
107180,38.0,62052.74,52.5,2.5,6.3,0,1,1,0.19163638532150035
107181,23.0,33836.1,99.5,4.3,12.6,0,3,1,0.10838286359543714
107182,34.0,47343.86,55.2,5.5,6.8,0,1,1,0.2106555800607673
107183,50.0,66311.42,47.7,11.7,3.0,0,2,1,0.17044457988755424
107184,30.0,56694.53,49.4,4.6,7.5,0,1,1,0.1934678305390088
107185,22.0,36311.95,74.4,3.2,10.3,0,3,1,0.19683318088008844
107186,38.0,52612.65,67.0,4.6,7.1,0,1,1,0.21009264905212122
107187,18.0,31304.61,86.9,4.1,13.2,0,3,1,0.13222808115328116
107188,34.0,72143.6,51.1,6.1,7.4,0,1,1,0.20547302006817564
107189,28.0,28847.31,85.0,3.5,11.0,0,3,1,0.19673381025187392
107190,48.0,88421.5,34.1,12.7,1.6,0,2,1,0.16832324889678985
107191,30.0,38198.3,65.5,8.9,1.0,0,1,1,0.1305333503198816
107192,24.0,29827.71,90.2,2.6,11.6,0,3,1,0.16238315775895612
107193,50.0,83250.69,42.7,14.2,0.2,0,2,1,0.1262829353294726
107194,42.0,51121.3,34.7,7.0,8.5,0,1,1,0.15420507494763624
107195,44.0,61094.71,30.1,10.7,8.1,0,2,1,0.15053912456207824
107196,43.0,158510.52,74.1,21.1,5.3,0,0,1,0.14380325040138742
107197,24.0,22962.15,86.1,5.2,12.6,0,3,1,0.15132338019064145
107198,42.0,102466.18,71.1,16.6,10.8,0,0,1,0.16360960360138488
107199,50.0,87338.2,56.7,13.6,7.2,0,2,1,0.1783663809818028
107200,49.0,76183.85,45.7,15.0,0.1,0,2,1,0.11332572441623323
107201,33.0,51796.88,1.0,35.8,5.9,1,2,-1,-0.054304976701525676
107202,34.0,40162.75,48.5,10.0,8.5,0,1,1,0.17964106299277122
107203,29.0,29896.67,75.3,3.0,11.0,0,3,1,0.20575000598748272
107204,50.0,123046.63,70.6,16.4,2.1,0,0,1,0.11741127480869806
107205,57.0,124881.43,42.7,12.5,9.6,0,2,1,0.1224307713697827
107206,38.0,70958.67,59.4,7.6,6.6,0,1,1,0.21828709871515506
107207,40.0,49821.29,62.2,5.3,8.5,0,1,1,0.20523759323241647
107208,36.0,36031.15,89.7,4.8,3.0,0,1,1,0.10990901357555838
107209,23.0,34579.75,57.1,2.4,9.8,0,3,1,0.17205073441790025
107210,46.0,78418.31,48.4,4.8,4.8,0,1,1,0.16646885034745196
107211,42.0,61697.18,72.1,6.1,4.3,0,1,1,0.18768746999088304
107212,52.0,88475.43,29.3,11.6,1.6,0,2,1,0.15964714964827692
107213,48.0,75814.02,39.2,10.0,0.3,0,2,1,0.15233775766037982
107214,47.0,98516.36,41.7,13.5,4.6,0,2,1,0.19355738720119092
107215,46.0,138619.32,76.6,18.9,5.8,0,0,1,0.16109154430974376
107216,19.0,39788.41,79.3,5.1,6.7,0,3,1,0.1452846281002942
107217,50.0,71459.67,100.0,46.5,2.3,1,0,-1,-0.05505823705563906
107218,62.0,106393.4,41.5,9.6,0.0,0,2,1,0.08397285238202379
107219,29.0,19095.41,73.0,1.4,7.2,0,3,1,0.16569922706966883
107220,22.0,25919.04,65.8,3.5,13.2,0,3,1,0.1572582909846894
107221,18.0,33126.39,83.4,3.9,9.3,0,3,1,0.15712114068892769
107222,21.0,36369.45,81.4,0.0,9.3,0,3,1,0.14734187023015632
107223,36.0,49794.04,55.6,8.0,4.5,0,1,1,0.19226610125572863
107224,25.0,26300.3,65.6,4.2,13.5,0,3,1,0.16779552125587072
107225,46.0,111296.74,34.9,7.6,0.0,0,2,1,0.11607010001128032
107226,27.0,22646.05,71.8,2.8,11.3,0,3,1,0.18634093199494667
107227,25.0,41034.89,69.8,3.2,11.4,0,3,1,0.19587364832512044
107228,40.0,73732.18,53.7,8.3,4.2,0,1,1,0.1977694009501551
107229,24.0,34887.19,87.8,4.1,10.3,0,3,1,0.19519651279563566
107230,43.0,153829.58,93.9,19.7,9.1,0,0,1,0.0869824943434353
107231,29.0,52575.62,54.8,8.8,4.2,0,1,1,0.18068371967999264
107232,27.0,32689.47,81.5,2.6,8.2,0,3,1,0.20264902716924732
107233,19.0,35522.78,77.2,0.8,10.7,0,3,1,0.15092938638516118
107234,53.0,59751.56,74.5,1.8,6.2,0,1,1,0.12544460678162078
107235,57.0,95266.0,28.6,11.9,7.0,0,2,1,0.1734788328062622
107236,63.0,113220.16,30.0,11.5,3.3,0,2,1,0.11395640863267775
107237,32.0,60269.48,55.3,4.6,9.5,0,1,1,0.20037788707993742
107238,54.0,84039.82,36.5,10.1,2.3,0,2,1,0.16071816850542892
107239,39.0,67256.87,52.9,7.6,6.8,0,1,1,0.2188416363962658
107240,38.0,135785.57,76.3,18.6,2.9,0,0,1,0.11239445194760977
107241,53.0,95434.78,16.0,10.4,5.5,0,2,1,0.1303420867399428
107242,43.0,43691.83,67.8,3.2,11.2,0,1,1,0.15618838281921488
107243,51.0,82778.24,38.5,10.1,5.5,0,2,1,0.18752180319388018
107244,42.0,43987.52,63.9,18.4,11.2,0,1,1,0.13332863650430155
107245,38.0,73723.67,49.1,8.5,9.2,0,1,1,0.19055403888028882
107246,35.0,167707.79,75.3,17.4,7.1,0,0,1,0.10662459342623087
107247,38.0,155896.39,75.0,19.2,8.2,0,0,1,0.15182277148668494
107248,25.0,30295.61,88.8,4.2,10.5,0,3,1,0.18654405242820393
107249,51.0,64768.03,15.2,11.3,7.8,0,2,1,0.10766802233349182
107250,48.0,83619.29,25.3,9.4,1.3,0,2,1,0.14571810104904864
107251,37.0,56511.06,52.6,5.7,7.7,0,1,1,0.20597837428637467
107252,38.0,41141.9,50.4,6.8,8.3,0,1,1,0.18743633889573563
107253,44.0,160735.96,57.9,18.8,14.2,0,0,1,0.08050081320232372
107254,52.0,96512.9,40.2,10.9,1.2,0,2,1,0.17140719026753576
107255,36.0,43541.28,62.0,8.1,2.2,0,1,1,0.16642389320431944
107256,25.0,30753.11,92.8,5.6,12.5,0,3,1,0.14476702572307504
107257,42.0,57924.11,60.6,6.5,4.0,0,1,1,0.1912729988579724
107258,43.0,137902.24,70.0,17.9,8.2,0,0,1,0.18539954597804958
107259,56.0,85005.47,22.2,13.4,6.6,0,2,1,0.14482721112525704
107260,26.0,25440.56,76.7,3.6,6.8,0,3,1,0.19311232373063653
107261,39.0,136306.33,83.8,18.5,6.3,0,0,1,0.15321109779309694
107262,42.0,123209.86,67.9,19.4,2.2,0,0,1,0.12999864849028447
107263,43.0,86431.28,59.6,5.3,10.5,0,1,1,0.1543056689744311
107264,25.0,28970.45,68.3,2.2,10.6,0,3,1,0.1967759658611054
107265,56.0,99859.74,39.5,11.3,6.6,0,2,1,0.18383678376890367
107266,23.0,42586.83,71.5,3.8,16.6,0,3,1,0.1077376860773801
107267,41.0,70318.84,61.0,7.1,6.5,0,1,1,0.21713234341253196
107268,49.0,68739.06,41.4,8.9,6.0,0,2,1,0.1855794495792597
107269,41.0,115922.08,86.1,15.1,6.0,0,0,1,0.14250214963483332
107270,33.0,63669.25,51.9,9.9,2.9,0,1,1,0.17641865997101253
107271,63.0,113318.93,100.0,20.2,7.7,0,0,-1,-0.0018876463182088132
107272,44.0,130455.21,75.5,16.5,10.1,0,0,1,0.16225815451521386
107273,25.0,26300.41,82.3,3.7,7.8,0,3,1,0.1879533154361821
107274,22.0,34951.92,88.9,2.7,12.8,0,3,1,0.15709112364251987
107275,58.0,117285.84,39.2,10.2,6.7,0,2,1,0.15546737480562367
107276,51.0,103661.24,28.7,10.8,1.9,0,2,1,0.16470742082373718
107277,29.0,55451.9,47.7,8.1,3.8,0,1,1,0.17143335967433415
107278,49.0,95054.4,53.1,10.6,0.0,0,2,1,0.14293990333493217
107279,45.0,80283.07,28.4,16.6,6.9,0,2,1,0.1324259571990366
107280,50.0,126683.79,28.9,11.2,2.6,0,2,1,0.13924991311135398
107281,57.0,93803.46,50.1,12.9,6.7,0,2,1,0.16722231816786925
107282,18.0,22212.93,61.3,2.1,5.4,0,3,1,0.09859869185118386
107283,30.0,30852.67,84.2,2.0,12.5,0,3,1,0.17351934043889794
107284,18.0,31718.39,83.0,4.2,9.0,0,3,1,0.15419881565546317
107285,34.0,165484.62,68.1,17.4,14.7,0,0,1,0.05440291416230869
107286,43.0,126923.42,66.2,19.3,5.5,0,0,1,0.18068084379858385
107287,55.0,113832.96,34.1,14.0,3.8,0,2,1,0.1672136860309597
107288,21.0,22412.04,80.8,3.6,12.9,0,3,1,0.15274813692952843
107289,56.0,130351.95,29.2,12.7,1.9,0,2,1,0.10603564011998101
107290,29.0,26661.02,87.1,1.5,12.3,0,3,1,0.15463925942394596
107291,42.0,44656.27,44.5,7.5,7.4,0,1,1,0.178840490485826
107292,23.0,29256.74,69.4,3.7,7.1,0,3,1,0.1922166275796957
107293,45.0,125525.63,67.8,20.4,10.9,0,0,1,0.13487669307234829
107294,19.0,26971.98,85.8,0.1,14.4,0,3,1,0.08844918722247475
107295,53.0,85112.52,35.1,14.7,0.0,0,2,1,0.12182234654211516
107296,48.0,170102.59,68.8,17.9,8.4,0,0,1,0.13594404349814387
107297,56.0,82521.59,34.9,11.8,6.0,0,2,1,0.1718213709182348
107298,37.0,27772.88,78.8,1.5,8.5,0,3,1,0.16653586224133687
107299,38.0,101431.89,83.8,18.7,8.3,0,0,1,0.14917965091491836
107300,48.0,93718.1,23.4,11.9,5.0,0,2,1,0.1763043680048515
107301,33.0,53554.02,53.1,8.6,7.6,0,1,1,0.20480553840650545
107302,44.0,107371.19,40.4,12.4,8.9,0,2,1,0.17277917851678043
107303,43.0,150854.72,76.7,19.8,7.3,0,0,1,0.15317917417090976
107304,33.0,72859.47,67.2,9.5,8.2,0,1,1,0.198081252986533
107305,28.0,63831.15,58.3,9.5,10.2,0,1,1,0.17823347661302802
107306,39.0,38865.37,49.8,6.3,6.0,0,1,1,0.18479191379164056
107307,25.0,40525.98,85.8,1.2,7.5,0,3,1,0.16648983770482
107308,47.0,93002.02,43.1,13.9,2.9,0,2,1,0.16777786964316538
107309,24.0,41643.28,63.2,4.3,11.6,0,3,1,0.18264672361638146
107310,35.0,61794.12,62.2,6.4,5.1,0,1,1,0.2122870611644898
107311,32.0,82781.79,53.6,7.4,9.4,0,1,1,0.17101312890337844
107312,35.0,62399.41,63.0,5.3,2.4,0,1,1,0.17726258345199097
107313,32.0,81289.7,52.2,7.3,3.0,0,1,1,0.16401887309674806
107314,59.0,89851.44,30.5,11.7,11.5,0,2,1,0.08168889937562462
107315,38.0,60250.18,29.2,9.7,4.9,0,2,1,0.15912550069647846
107316,20.0,27603.69,92.7,2.9,5.4,0,3,1,0.11760044614472914
107317,42.0,119045.28,75.6,17.2,3.3,0,0,1,0.14220884962727082
107318,43.0,138568.75,59.5,14.1,8.8,0,0,1,0.16719640688879672
107319,35.0,59598.58,65.5,3.1,7.2,0,1,1,0.20979469657651723
107320,39.0,59961.65,43.8,5.7,5.6,0,1,1,0.18721503681892682
107321,18.0,34139.12,78.0,1.7,13.0,0,3,1,0.13406543779550545
107322,21.0,40524.25,75.3,1.1,7.2,0,3,1,0.15689802312832152
107323,36.0,50053.38,59.4,6.2,5.7,0,1,1,0.20523901824153284
107324,43.0,165318.03,66.6,18.4,9.3,0,0,1,0.15016774347984713
107325,46.0,103939.23,43.2,13.9,0.7,0,2,1,0.13920971721419456
107326,31.0,61393.46,56.9,7.0,5.9,0,1,1,0.21242115435637043
107327,44.0,75637.32,78.6,20.9,6.3,0,0,1,0.12056746716596428
107328,37.0,80756.27,58.3,7.6,12.5,0,1,1,0.15579420329559468
107329,34.0,25889.99,73.9,4.8,11.5,0,3,1,0.1774175132281215
107330,40.0,32743.34,38.5,10.6,9.3,0,1,1,0.1344431075246975
107331,26.0,24844.41,73.9,4.1,5.9,0,3,1,0.18699519350216198
107332,39.0,149460.1,77.9,17.0,10.9,0,0,1,0.13871359152033425
107333,41.0,41992.87,74.4,9.3,7.6,0,1,1,0.1821674696218592
107334,51.0,108497.77,40.3,11.5,8.8,0,2,1,0.1741967701881746
107335,25.0,54579.8,62.5,6.9,9.1,0,3,1,0.18859905549114409
107336,36.0,133588.05,83.5,15.0,7.3,0,0,1,0.13246066794672218
107337,49.0,101213.51,38.9,12.2,3.1,0,2,1,0.18275767777401852
107338,36.0,60162.5,57.7,9.9,3.4,0,1,1,0.190683326080819
107339,26.0,26573.43,97.5,3.2,6.2,0,3,1,0.11316426337232055
107340,42.0,103235.27,65.7,19.2,12.1,0,0,1,0.15039458459958138
107341,41.0,60829.58,63.7,8.6,13.7,0,1,1,0.15039423039114513
107342,33.0,78844.8,47.1,9.4,5.1,0,1,1,0.1883682021143402
107343,40.0,132826.83,64.2,18.9,11.7,0,0,1,0.14698608981192435
107344,18.0,30994.29,67.1,4.8,14.3,0,3,1,0.10873490037696132
107345,35.0,54151.13,41.8,10.9,11.0,0,1,1,0.14915595414937166
107346,26.0,69315.09,46.9,6.0,3.3,0,1,1,0.14054898895857448
107347,26.0,61491.26,77.0,5.1,9.7,0,3,1,0.18036681493161566
107348,41.0,70054.73,78.0,8.9,12.4,0,1,1,0.15038664572188148
107349,18.0,36293.26,93.1,1.5,0.0,0,3,1,0.03973050617023732
107350,18.0,27825.33,83.6,1.9,10.0,0,3,1,0.14182087793017584
107351,21.0,31259.6,77.3,1.7,12.5,0,3,1,0.17220188769881345
107352,31.0,25382.5,80.2,0.1,4.7,0,3,1,0.1154405579031772
107353,48.0,190586.62,68.7,21.7,6.1,0,0,1,0.0830221518474541
107354,51.0,123518.28,25.9,13.8,3.0,0,2,1,0.13643669589715318
107355,32.0,56321.74,36.3,9.5,7.7,0,1,1,0.17064555035476175
107356,35.0,54266.75,61.1,8.8,6.2,0,1,1,0.21476846787698434
107357,57.0,99704.2,34.1,13.8,2.5,0,2,1,0.15337380943697337
107358,18.0,31694.21,78.4,2.6,13.6,0,3,1,0.1325562306840729
107359,27.0,31337.23,77.9,3.2,11.6,0,3,1,0.20291242372651958
107360,52.0,92358.69,21.7,10.6,4.8,0,2,1,0.16676279415702383
107361,37.0,45423.7,52.4,5.1,11.1,0,1,1,0.18014897982616024
107362,53.0,102358.95,34.3,10.7,2.7,0,2,1,0.17557641566143745
107363,45.0,133445.55,77.0,18.3,8.9,0,0,1,0.16989707065559995
107364,45.0,126740.89,68.9,19.8,13.5,0,0,1,0.10867432416480516
107365,29.0,15935.76,70.4,3.2,6.7,0,3,1,0.17976266522653972
107366,18.0,29588.19,81.5,4.2,8.9,0,3,1,0.1499922129364436
107367,22.0,27140.39,83.1,3.9,12.7,0,3,1,0.1673537839779689
107368,53.0,72578.4,31.5,13.7,0.0,0,2,1,0.12455350834970158
107369,43.0,147185.79,92.0,16.8,7.6,0,0,1,0.11233995307425493
107370,51.0,125174.27,82.7,18.8,7.3,0,0,1,0.1361192620793581
107371,38.0,60353.77,80.6,2.9,6.2,0,1,1,0.17554737128055975
107372,42.0,136623.38,82.8,17.1,9.5,0,0,1,0.15610322922261
107373,37.0,71357.4,56.6,7.6,6.6,0,1,1,0.21833540467775336
107374,38.0,180295.72,64.4,17.0,5.4,0,0,1,0.11521726955689537
107375,38.0,56663.73,73.2,8.1,6.2,0,1,1,0.21113220751710576
107376,19.0,31362.33,83.2,2.9,9.6,0,3,1,0.17319610769760574
107377,19.0,44920.53,76.0,0.3,6.8,0,3,1,0.09769680525298774
107378,41.0,189008.35,70.3,17.3,10.5,0,0,1,0.0901219715551036
107379,41.0,69355.42,60.0,4.8,4.7,0,1,1,0.18286542733473476
107380,28.0,59500.57,53.8,5.9,7.8,0,1,1,0.1979196830357718
107381,33.0,58200.41,53.1,6.9,8.1,0,1,1,0.20756532940999695
107382,29.0,67057.88,60.6,7.8,7.4,0,1,1,0.20256160503515902
107383,45.0,129525.21,76.4,20.3,6.5,0,0,1,0.1617342737889415
107384,22.0,35631.71,72.5,1.6,11.3,0,3,1,0.17766517074776217
107385,22.0,39037.26,73.3,1.4,10.0,0,3,1,0.17664930734437972
107386,54.0,100477.42,40.4,10.9,7.4,0,2,1,0.18254402982626228
107387,28.0,53285.64,58.4,5.6,6.1,0,1,1,0.20426286838878366
107388,19.0,30801.02,82.6,1.9,7.4,0,3,1,0.1557248013814232
107389,22.0,38358.28,89.0,2.0,11.5,0,3,1,0.15558531249617874
107390,24.0,39396.12,79.9,2.6,14.8,0,3,1,0.15669948573531078
107391,19.0,33838.62,91.7,4.3,7.7,0,3,1,0.13086305210267857
107392,20.0,23887.11,92.8,0.7,12.1,0,3,1,0.09142404037878293
107393,18.0,46728.84,64.5,3.1,13.6,0,3,1,0.10811355913075116
107394,48.0,104640.49,32.2,12.8,7.2,0,2,1,0.1817337201488915
107395,41.0,177722.14,75.5,21.9,5.5,0,0,1,0.08370408339308943
107396,40.0,134146.89,59.9,19.9,7.8,0,0,1,0.16240168887457035
107397,30.0,52817.64,49.3,8.8,8.4,0,1,1,0.18757366942861098
107398,35.0,57923.27,55.6,10.6,6.3,0,1,1,0.2018364999455417
107399,47.0,131701.38,88.8,15.6,10.4,0,0,1,0.10551782264332776
107400,48.0,132847.41,42.0,8.6,1.2,0,2,1,0.12469109002647166
107401,39.0,69340.96,63.8,7.3,6.0,0,1,1,0.21778708006278413
107402,29.0,27022.46,78.5,1.8,7.9,0,3,1,0.19416165348340197
107403,34.0,53794.46,63.5,4.0,8.3,0,1,1,0.21472674453352109
107404,33.0,62339.14,56.3,6.0,10.6,0,1,1,0.1983013803777196
107405,34.0,69851.09,65.2,6.5,3.2,0,1,1,0.18437374765512893
107406,20.0,39365.88,82.9,3.3,8.3,0,3,1,0.17159104478302606
107407,52.0,118123.69,73.4,19.0,4.1,0,0,1,0.1305092821995209
107408,48.0,87175.97,43.6,11.1,0.0,0,2,1,0.1464522104448583
107409,44.0,81884.31,20.1,13.5,6.4,0,2,1,0.13272694465891255
107410,24.0,30484.46,85.4,4.4,7.0,0,3,1,0.1846568997303939
107411,48.0,107081.91,37.7,13.2,1.3,0,2,1,0.1601907471534308
107412,48.0,102932.5,28.2,9.0,2.0,0,2,1,0.15831202561501778
107413,23.0,41799.77,69.6,2.9,16.1,0,3,1,0.10945726940266232
107414,47.0,106294.37,27.9,12.8,11.0,0,2,1,0.1305563654029805
107415,56.0,97596.79,25.5,11.6,2.3,0,2,1,0.15067248109779952
107416,36.0,86351.22,63.7,17.9,11.4,0,0,1,0.13658042107194557
107417,20.0,33103.7,61.0,1.4,2.7,0,1,1,0.10401935831008569
107418,54.0,144989.4,73.7,19.1,15.6,0,0,1,0.048415289566991926
107419,34.0,51054.56,78.0,4.5,10.9,0,3,1,0.1897995998055178
107420,24.0,34496.08,63.6,8.2,8.9,0,3,1,0.18195132855160168
107421,20.0,35158.62,71.6,3.8,6.2,0,3,1,0.17576462559891548
107422,25.0,28525.77,70.2,1.1,12.7,0,3,1,0.1710387255806573
107423,34.0,59947.84,62.3,9.3,4.2,0,1,1,0.20330834994567798
107424,37.0,51848.26,55.9,9.1,0.0,0,1,1,0.1431289100318061
107425,47.0,91044.33,38.8,14.4,0.0,0,2,1,0.140979550421855
107426,31.0,34999.76,75.6,0.1,8.3,0,3,1,0.17792740905296844
107427,48.0,140665.89,70.2,16.1,10.2,0,0,1,0.15325514145797264
107428,23.0,30637.06,1.0,32.9,7.6,1,2,-1,-0.07826350952753491
107429,44.0,84407.05,17.0,13.0,2.0,0,2,1,0.10931836088435998
107430,41.0,139064.21,64.0,15.6,8.7,0,0,1,0.16982043910186184
107431,52.0,162935.45,84.8,15.4,7.4,0,0,1,0.09815033559320607
107432,51.0,119426.06,44.2,11.7,0.0,0,2,1,0.13465872402439977
107433,46.0,105823.41,31.8,11.8,5.8,0,2,1,0.18269350581138188
107434,30.0,27513.96,83.9,6.2,14.3,0,3,1,0.14418372661162
107435,21.0,33698.49,85.5,3.0,9.3,0,3,1,0.17580240161306754
107436,27.0,52345.75,51.0,4.5,7.3,0,1,1,0.18385453458529177
107437,28.0,29585.26,56.0,2.8,10.8,0,3,1,0.1820893904806114
107438,37.0,53952.03,46.0,8.8,8.1,0,1,1,0.18701205986569136
107439,21.0,23353.18,80.2,1.2,11.1,0,3,1,0.15149838201114735
107440,44.0,192338.09,71.2,22.0,8.2,0,0,1,0.08397787242453891
107441,40.0,113401.85,63.2,18.9,8.4,0,0,1,0.17725357385756574
107442,34.0,165708.13,86.8,14.3,11.0,0,0,1,0.05683074361337004
107443,60.0,64287.33,30.3,10.3,6.9,0,2,1,0.13389400606442892
107444,22.0,29381.72,82.2,6.1,9.8,0,3,1,0.17497646539544842
107445,22.0,30362.13,84.6,0.3,10.0,0,3,1,0.15068675346514754
107446,47.0,74428.74,15.6,11.0,7.2,0,2,1,0.1292947125025386
107447,42.0,104280.49,28.5,9.9,5.0,0,2,1,0.16849615088904074
107448,43.0,78717.6,60.8,6.9,8.2,0,1,1,0.19742439157559039
107449,48.0,58733.69,69.3,5.8,4.5,0,1,1,0.176134809075291
107450,45.0,62029.66,60.2,8.1,4.3,0,1,1,0.1993336090220736
107451,22.0,28301.81,81.3,3.7,8.2,0,3,1,0.19023023008034617
107452,46.0,61694.45,59.0,9.7,4.4,0,1,1,0.19709474385597436
107453,33.0,65186.23,43.2,6.5,13.2,0,1,1,0.134627195048372
107454,61.0,110342.4,46.8,13.0,2.7,0,2,1,0.12802610081125576
107455,51.0,116089.62,81.7,17.0,6.7,0,0,1,0.14336153569422938
107456,39.0,84699.17,72.3,7.7,7.2,0,1,1,0.1943927367280175
107457,56.0,118344.3,17.4,11.7,0.8,0,2,1,0.07589866055054706
107458,42.0,108300.8,53.9,15.4,6.3,0,0,1,0.1838692133444051
107459,27.0,27311.94,69.3,3.8,10.9,0,3,1,0.2035982831580263
107460,61.0,110983.13,24.7,10.7,6.2,0,2,1,0.12513067000914962
107461,32.0,58380.36,40.9,4.4,10.8,0,1,1,0.1523973517254405
107462,53.0,84243.94,30.1,15.4,2.0,0,2,1,0.13505830369979527
107463,26.0,37019.61,92.4,1.3,5.8,0,3,1,0.13780619947463274
107464,37.0,158421.97,91.9,19.5,6.0,0,0,1,0.0763453399358317
107465,49.0,128178.77,63.7,17.3,6.3,0,0,1,0.16756963382329376
107466,20.0,39037.32,72.8,0.0,11.8,0,3,1,0.13406785163039375
107467,19.0,26687.0,85.0,1.5,8.6,0,3,1,0.14571742059519033
107468,24.0,30350.67,73.7,0.0,9.5,0,3,1,0.17371071701851415
107469,60.0,105766.91,31.2,12.9,5.9,0,2,1,0.15386118529499326
107470,48.0,116497.69,36.6,11.4,8.8,0,2,1,0.171497408401605
107471,18.0,25227.34,84.4,4.3,14.9,0,3,1,0.09628900465278012
107472,32.0,161639.22,59.5,18.8,7.8,0,0,1,0.11267761515965657
107473,40.0,59373.22,68.1,5.3,6.8,0,1,1,0.21426799983474104
107474,37.0,80711.99,66.3,7.4,8.9,0,1,1,0.19281617793975625
107475,41.0,66179.83,47.7,8.3,6.9,0,1,1,0.20873978006791544
107476,34.0,53236.74,63.8,8.0,4.1,0,1,1,0.20271514421135878
107477,30.0,83110.52,66.6,7.2,8.8,0,1,1,0.17493174409246703
107478,22.0,31006.99,78.2,4.9,5.8,0,3,1,0.1694999664299266
107479,31.0,48331.88,66.5,6.8,4.3,0,1,1,0.19779090843686375
107480,42.0,124078.5,57.7,20.5,7.6,0,0,1,0.15465532853116548
107481,42.0,45831.63,63.0,4.1,14.3,0,3,1,0.1279673187713007
107482,34.0,185259.43,71.8,17.6,9.8,0,0,1,0.0796717067417031
107483,47.0,108425.35,43.6,12.0,4.8,0,2,1,0.1892924384283628
107484,62.0,106135.14,27.2,13.5,2.4,0,2,1,0.10560801047611978
107485,32.0,67721.15,47.9,7.1,9.0,0,1,1,0.18729415174852287
107486,62.0,105915.52,20.3,9.4,9.2,0,2,1,0.06353247175140964
107487,21.0,23265.16,68.0,4.6,10.3,0,3,1,0.16245951949707294
107488,27.0,31809.89,67.0,0.0,7.5,0,3,1,0.17165922255811117
107489,25.0,25182.74,87.8,1.0,5.0,0,3,1,0.12633038741580843
107490,24.0,36381.76,92.9,0.0,14.3,0,3,1,0.09972917659096991
107491,44.0,124350.69,78.8,20.7,3.0,0,0,1,0.10938285440553042
107492,41.0,126274.19,78.3,20.9,8.2,0,0,1,0.1522806329817376
107493,51.0,102615.67,32.7,7.7,5.6,0,2,1,0.15623359616186833
107494,29.0,38184.49,66.4,4.2,14.6,0,3,1,0.16251018512738413
107495,56.0,152069.09,81.8,16.0,4.6,0,0,1,0.08133051226946963
107496,57.0,60186.37,36.6,14.9,6.1,0,2,1,0.12408659019857832
107497,40.0,61447.9,53.9,11.3,10.7,0,1,1,0.17407940289392843
107498,40.0,62310.76,52.2,9.2,6.1,0,1,1,0.20924951571434763
107499,52.0,105528.34,37.1,15.1,0.0,0,2,1,0.11938504179930043
107500,24.0,44315.25,87.0,2.6,12.4,0,3,1,0.16112252342415512
107501,36.0,78364.71,66.2,5.3,7.7,0,1,1,0.2041622696429084
107502,54.0,103004.66,38.2,13.1,5.3,0,2,1,0.19280355977624153
107503,20.0,29370.7,75.5,3.2,9.2,0,3,1,0.18505122974636234
107504,42.0,51284.97,40.7,10.9,4.5,0,1,1,0.17115509030781995
107505,42.0,68791.86,50.2,6.7,6.2,0,1,1,0.2104754042756481
107506,54.0,81876.99,33.2,11.9,7.3,0,2,1,0.1780763651658553
107507,41.0,115413.55,66.6,18.7,2.7,0,0,1,0.1361472100655458
107508,49.0,140495.22,76.3,18.4,6.0,0,0,1,0.15133008276991294
107509,47.0,83021.81,19.9,12.7,3.5,0,2,1,0.1454383301079531
107510,44.0,84457.75,41.5,14.6,0.1,0,2,1,0.12965712427422021
107511,63.0,78594.03,18.0,15.5,0.9,0,2,1,0.03821500193824212
107512,44.0,54579.76,55.1,4.4,10.8,0,1,1,0.15629623313920932
107513,30.0,28195.58,77.3,4.3,8.6,0,3,1,0.20535652983353941
107514,59.0,93189.94,29.8,8.8,0.1,0,2,1,0.08520267019961436
107515,55.0,99026.16,43.2,10.9,0.0,0,2,1,0.13991131208943036
107516,34.0,84743.23,48.4,6.9,0.0,0,1,1,0.12785215000884032
107517,40.0,129568.83,75.3,17.4,3.4,0,0,1,0.14016579687624142
107518,49.0,91512.07,25.0,10.3,7.0,0,2,1,0.1678796096213595
107519,33.0,66909.9,56.2,4.5,6.0,0,1,1,0.1981038380709157
107520,25.0,42003.86,70.3,2.8,12.7,0,3,1,0.1828126791249547
107521,30.0,28262.26,76.4,5.2,11.5,0,3,1,0.18786073527074348
107522,41.0,75073.08,63.5,7.3,5.0,0,1,1,0.20385489842444937
107523,35.0,60015.07,70.0,7.4,7.6,0,1,1,0.21914856149598244
107524,19.0,38937.81,70.3,2.4,13.9,0,3,1,0.12618832959685122
107525,28.0,27105.28,67.2,2.6,8.3,0,3,1,0.2050614214239121
107526,18.0,27661.03,50.5,4.8,12.5,0,3,1,0.09659889087518958
107527,59.0,101040.4,30.5,14.0,1.9,0,2,1,0.13271825733287707
107528,45.0,92482.42,39.1,10.4,0.9,0,2,1,0.16540724865378187
107529,34.0,66596.9,56.5,12.3,6.6,0,1,1,0.19517322253706032
107530,28.0,23655.19,83.9,2.1,10.0,0,3,1,0.17280348602229167
107531,32.0,29855.76,64.9,0.7,10.5,0,3,1,0.16487507141905733
107532,25.0,32444.08,65.1,7.1,14.4,0,3,1,0.14687243951635393
107533,37.0,45024.21,73.8,9.3,7.3,0,1,1,0.19695284265026236
107534,30.0,29152.7,68.4,3.3,5.3,0,1,1,0.1893204226143415
107535,30.0,68069.64,60.4,4.2,5.8,0,1,1,0.19293206432881854
107536,36.0,127688.07,66.0,20.0,7.5,0,0,1,0.148530865402981
107537,35.0,57620.43,100.0,33.1,8.4,1,0,-1,-0.02383139914170873
107538,44.0,157453.84,79.4,22.4,4.6,0,0,1,0.09283571526642187
107539,25.0,33997.48,74.8,1.7,11.5,0,3,1,0.1892779245509768
107540,26.0,25934.27,60.0,2.0,8.0,0,3,1,0.17981973700181692
107541,46.0,116715.69,70.2,14.6,3.3,0,0,1,0.15974439886158376
107542,32.0,59204.07,49.8,7.3,1.9,0,1,1,0.15463352682050518
107543,51.0,91520.82,20.5,12.5,0.0,0,2,1,0.10171666438646099
107544,40.0,159844.72,49.7,19.3,4.5,0,0,1,0.12562397584721474
107545,49.0,119052.17,28.7,15.2,3.1,0,2,1,0.12986438070291279
107546,36.0,71399.62,63.4,7.3,5.6,0,1,1,0.21128609353695987
107547,28.0,45235.63,71.1,10.4,7.4,0,1,1,0.1880349933645562
107548,18.0,27551.69,69.8,1.9,7.3,0,3,1,0.14462598460986992
107549,27.0,33424.99,93.8,2.2,10.6,0,3,1,0.15234343876505024
107550,28.0,37884.83,65.7,3.8,10.4,0,3,1,0.20907057387610306
107551,45.0,141502.84,89.1,16.2,5.1,0,0,1,0.10911015818549163
107552,48.0,90037.6,37.9,11.1,7.0,0,2,1,0.19515815774323036
107553,36.0,60924.44,44.7,10.6,6.9,0,1,1,0.19188531533430347
107554,32.0,28415.76,86.3,1.9,15.5,0,3,1,0.11362630352591552
107555,58.0,109527.1,27.8,15.8,10.1,0,2,1,0.08712387884872697
107556,41.0,144073.9,81.3,14.1,11.4,0,0,1,0.11794519783752822
107557,41.0,55715.31,36.1,7.7,3.6,0,1,1,0.1586769817407967
107558,28.0,66137.11,71.2,6.6,10.6,0,3,1,0.18397608781690622
107559,46.0,105395.61,66.5,20.2,6.3,0,0,1,0.161126448982295
107560,47.0,129664.24,79.2,18.9,7.3,0,0,1,0.16345539513398605
107561,46.0,85571.19,61.1,17.1,11.5,0,0,1,0.13037384837979232
107562,29.0,61612.87,61.2,7.5,6.7,0,1,1,0.20978935999887172
107563,21.0,30579.18,87.7,1.6,3.5,0,3,1,0.11144172572144684
107564,38.0,78693.58,47.5,9.7,8.6,0,1,1,0.19141659707962239
107565,30.0,54146.37,50.5,7.3,6.5,0,1,1,0.20456654508504285
107566,49.0,161404.17,56.5,15.2,9.8,0,0,1,0.11665764443693138
107567,21.0,30992.72,83.5,4.7,6.3,0,3,1,0.16064864076157565
107568,41.0,93065.19,26.5,12.1,3.7,0,2,1,0.16115005262949517
107569,38.0,192588.96,72.2,16.9,8.3,0,0,1,0.10115402074702973
107570,46.0,124060.02,95.2,15.0,3.6,0,0,1,0.08414300218766657
107571,44.0,95066.54,39.7,11.3,5.4,0,2,1,0.1976540416119213
107572,45.0,130908.76,76.3,17.6,6.8,0,0,1,0.17919137245415756
107573,22.0,33342.34,90.2,0.6,8.6,0,3,1,0.13094637232683604
107574,37.0,81606.55,62.3,5.4,4.2,0,1,1,0.18062632707154985
107575,29.0,30193.48,65.7,5.0,10.9,0,3,1,0.20151195075101486
107576,37.0,106223.75,50.3,16.8,8.9,0,0,1,0.15190867150837728
107577,48.0,150708.57,59.0,17.4,12.3,0,0,1,0.12534706946899282
107578,21.0,36428.69,84.5,4.5,11.3,0,3,1,0.17858526971380873
107579,28.0,23466.26,93.2,0.0,10.9,0,3,1,0.11445512539381619
107580,36.0,55017.94,48.2,8.1,9.4,0,1,1,0.19062956775326545
107581,23.0,30333.92,90.8,2.2,9.9,0,3,1,0.16246285249266296
107582,42.0,202263.99,63.6,19.7,2.9,0,0,1,0.05063869975921864
107583,19.0,30218.95,76.7,2.5,9.7,0,3,1,0.17452971070143558
107584,49.0,117017.47,25.0,13.5,6.0,0,2,1,0.15409518544343365
107585,47.0,88724.4,35.0,15.4,2.9,0,2,1,0.15444041316356943
107586,54.0,70569.5,61.4,8.8,1.8,0,2,1,0.13247306857721863
107587,30.0,24380.58,86.7,1.8,7.6,0,3,1,0.1618701975692461
107588,52.0,137488.66,56.7,19.9,4.3,0,0,1,0.12837969127602866
107589,59.0,94722.85,22.3,13.6,5.6,0,2,1,0.1339998556595946
107590,25.0,61292.28,61.0,7.5,6.4,0,1,1,0.18047647363265956
107591,40.0,68349.38,58.3,6.5,7.4,0,1,1,0.21439478715972815
107592,40.0,114232.97,60.8,17.8,5.4,0,0,1,0.1732805446419109
107593,42.0,173518.4,69.9,18.3,7.3,0,0,1,0.14310879592872944
107594,50.0,181776.36,67.3,19.5,14.3,0,0,1,0.039341193362922855
107595,46.0,111763.55,17.6,12.1,3.6,0,2,1,0.12881677558959997
107596,34.0,167448.58,73.5,16.1,9.0,0,0,1,0.0981402945341453
107597,41.0,42260.42,26.5,6.9,4.7,0,1,1,0.13446559609168807
107598,59.0,88665.83,38.1,11.6,0.0,0,2,1,0.12134999187255197
107599,36.0,47199.69,44.2,4.8,3.4,0,1,1,0.14373050067571336
107600,51.0,88296.93,37.8,8.9,3.2,0,2,1,0.1786364678588656
107601,41.0,145075.34,74.5,18.3,5.0,0,0,1,0.1600382851525594
107602,43.0,127067.29,85.1,18.2,8.2,0,0,1,0.1552593636737638
107603,30.0,55411.11,60.6,6.8,6.7,0,1,1,0.2165353693627104
107604,43.0,81079.33,32.3,14.4,0.0,0,2,1,0.11808370551038716
107605,38.0,92165.04,75.3,20.4,9.1,0,0,1,0.13738879628524797
107606,46.0,113992.71,75.7,16.5,8.2,0,0,1,0.17227914635449387
107607,55.0,90008.03,43.2,11.7,4.8,0,2,1,0.18227300213117276
107608,33.0,34865.53,70.5,2.0,12.6,0,3,1,0.1745232634481349
107609,41.0,61593.14,42.7,5.1,7.5,0,1,1,0.16763230195370055
107610,46.0,165320.23,51.7,19.7,12.3,0,0,1,0.08604716461559747
107611,40.0,94909.2,42.6,9.2,2.5,0,2,1,0.15896490313290734
107612,55.0,86061.37,31.4,12.4,0.5,0,2,1,0.14446989589800213
107613,47.0,103009.6,44.5,12.8,8.1,0,2,1,0.18524851364469852
107614,38.0,82612.88,58.7,7.5,8.2,0,1,1,0.19916681201753805
107615,33.0,53339.08,49.0,5.9,13.2,0,1,1,0.16315442826703486
107616,52.0,131736.21,67.8,13.7,5.0,0,0,1,0.16079991804249222
107617,32.0,57093.12,52.3,7.4,9.3,0,1,1,0.1986608414997642
107618,48.0,119571.44,38.5,13.8,2.7,0,2,1,0.16421652417143634
107619,55.0,102755.03,49.7,13.3,6.6,0,2,1,0.17832025249583505
107620,40.0,170137.26,59.2,16.9,8.8,0,0,1,0.1302595671575737
107621,30.0,51697.32,48.8,7.8,6.5,0,1,1,0.19433282202239482
107622,57.0,127158.09,37.7,11.0,5.1,0,2,1,0.15635750575181007
107623,20.0,31633.29,100.0,2.6,10.9,0,3,1,0.10919020486265263
107624,23.0,29640.81,82.8,0.5,9.5,0,3,1,0.16959767040892942
107625,29.0,79236.33,67.9,5.5,1.4,0,1,1,0.12471436319506679
107626,26.0,31748.19,100.0,5.8,11.9,0,3,1,0.1100091412294113
107627,40.0,133407.82,75.0,18.7,5.9,0,0,1,0.1700366445574103
107628,36.0,188591.32,72.3,18.8,5.4,0,0,1,0.08720941715280306
107629,31.0,37990.86,78.6,3.4,10.9,0,3,1,0.20458156243046238
107630,43.0,154059.22,75.8,17.6,4.5,0,0,1,0.1387547910694404
107631,36.0,70372.9,64.7,9.6,11.3,0,1,1,0.19016786501162403
107632,56.0,98205.27,38.4,10.9,6.4,0,2,1,0.17995112130705748
107633,50.0,166249.02,77.6,17.5,6.9,0,0,1,0.1285797226124057
107634,51.0,82514.14,37.7,6.4,2.4,0,2,1,0.1301898762080001
107635,24.0,46409.54,78.0,3.1,7.5,0,3,1,0.18877189071904926
107636,33.0,27314.87,98.3,1.5,12.8,0,3,1,0.09913337963061053
107637,36.0,55723.87,68.1,9.7,6.4,0,1,1,0.21125284656435006
107638,43.0,129602.28,74.2,15.8,0.0,0,0,1,0.10136901238865903
107639,43.0,91219.84,24.3,11.8,2.5,0,2,1,0.1445419011349261
107640,32.0,54758.9,67.7,7.5,11.7,0,3,1,0.19261547172510096
107641,25.0,20998.68,67.6,3.2,10.7,0,3,1,0.17991991790062378
107642,40.0,119947.37,65.9,17.7,7.9,0,0,1,0.18415896152962052
107643,31.0,64748.19,60.4,6.8,4.9,0,1,1,0.20264785778271344
107644,55.0,117633.92,30.5,10.7,5.4,0,2,1,0.17119405901558338
107645,46.0,73170.76,28.5,12.6,1.4,0,2,1,0.14329599238787494
107646,24.0,20426.23,84.2,5.9,7.3,0,3,1,0.15658686401380667
107647,26.0,30801.59,79.1,2.5,9.1,0,3,1,0.2035140009560108
107648,32.0,49803.55,69.0,3.6,6.9,0,1,1,0.20875304443441284
107649,36.0,61476.31,64.6,6.3,9.0,0,1,1,0.21740178610187455
107650,62.0,92397.18,14.7,11.7,3.3,0,2,1,0.09083575122772392
107651,45.0,89749.46,75.2,17.2,10.4,0,0,1,0.13991641751288814
107652,21.0,36999.59,62.9,3.0,7.1,0,3,1,0.15995471501348835
107653,34.0,92356.17,48.5,6.3,3.6,0,1,1,0.15197284125997323
107654,22.0,31136.23,70.7,6.2,13.5,0,3,1,0.15521062498785265
107655,19.0,36704.24,73.2,0.5,7.8,0,3,1,0.13730956507032466
107656,46.0,111094.32,26.2,14.6,4.4,0,2,1,0.1726136806672378
107657,50.0,86414.14,52.5,12.0,2.5,0,2,1,0.15755351594407102
107658,56.0,105012.87,25.1,12.0,0.0,0,2,1,0.11424985003027899
107659,24.0,33809.82,82.5,1.0,7.8,0,3,1,0.18349029251045268
107660,53.0,116383.25,35.9,10.9,6.9,0,2,1,0.18009539568010413
107661,37.0,63994.68,66.0,6.8,4.2,0,1,1,0.20294300879663713
107662,42.0,168025.86,90.9,15.6,12.9,0,0,1,0.045773227225429314
107663,50.0,95349.83,52.0,11.2,3.2,0,2,1,0.17987248567361014
107664,40.0,140954.4,75.1,16.6,12.4,0,0,1,0.1367283851129396
107665,20.0,34870.77,78.3,5.5,7.6,0,3,1,0.17391935522241897
107666,39.0,89019.25,43.6,5.2,13.3,0,1,1,0.10537868634266911
107667,51.0,96942.44,31.7,15.3,0.0,0,2,1,0.11723489946149701
107668,42.0,45511.02,42.3,4.8,6.6,0,1,1,0.16309673082544618
107669,48.0,81771.05,25.7,10.2,1.2,0,2,1,0.14835159698871392
107670,37.0,54903.3,31.3,6.9,9.2,0,1,1,0.14824756538791906
107671,42.0,108228.09,79.5,15.3,7.0,0,0,1,0.17192994361790453
107672,24.0,38215.95,83.8,3.5,12.8,0,3,1,0.1844436313511933
107673,37.0,179815.27,41.3,20.9,5.5,0,0,1,0.06083849011134823
107674,38.0,78164.85,63.6,7.7,9.6,0,1,1,0.1998238230928539
107675,29.0,47157.8,60.7,6.6,6.1,0,1,1,0.20791959362554024
107676,42.0,74850.53,48.8,7.9,2.3,0,1,1,0.17065921586871807
107677,18.0,26857.2,77.5,1.7,11.4,0,3,1,0.1441259396062256
107678,43.0,168075.04,77.5,15.9,10.7,0,0,1,0.10944008790033333
107679,39.0,150369.04,67.1,20.6,10.2,0,0,1,0.1295171667597596
107680,40.0,130272.45,100.0,15.5,5.8,0,0,1,0.0685056173094657
107681,40.0,110794.9,61.5,17.8,9.4,0,0,1,0.17446933016364813
107682,44.0,86425.38,27.0,9.7,7.0,0,2,1,0.1716454485460719
107683,32.0,46712.0,66.8,9.5,7.7,0,1,1,0.20967150970064458
107684,38.0,133002.88,65.4,17.9,10.1,0,0,1,0.16197164356807947
107685,24.0,31979.68,72.9,4.3,11.1,0,3,1,0.20885702024228714
107686,34.0,95106.57,68.7,19.9,11.5,0,0,1,0.1127230887239995
107687,40.0,60318.55,72.6,5.6,6.0,0,1,1,0.20242679338280495
107688,45.0,89094.74,26.4,15.1,8.0,0,2,1,0.15035629115572097
107689,36.0,67211.11,52.0,1.9,4.7,0,1,1,0.16892470101346635
107690,40.0,66889.83,54.1,8.5,5.6,0,1,1,0.21328145533410547
107691,18.0,36260.05,71.9,5.1,4.0,0,3,1,0.11050998297728998
107692,33.0,68664.49,62.9,6.6,7.9,0,1,1,0.21315340692870227
107693,37.0,45382.35,54.4,7.5,8.5,0,1,1,0.19866803330345545
107694,24.0,28820.71,64.7,4.5,11.9,0,3,1,0.1830593816686425
107695,29.0,25788.58,79.2,1.6,10.1,0,3,1,0.18570300346312874
107696,67.0,110452.35,27.4,11.5,2.9,0,2,1,0.09355329351860053
107697,37.0,44992.75,61.2,2.8,2.0,0,1,1,0.1557716142218899
107698,53.0,130908.82,86.3,16.4,1.7,0,0,1,0.06379301203935239
107699,19.0,47482.88,63.9,6.6,11.0,0,3,1,0.139338143028167
107700,53.0,82198.99,26.0,13.1,8.0,0,2,1,0.1497517340175593
107701,25.0,36259.92,73.7,7.3,10.7,0,3,1,0.19192321362300507
107702,46.0,51228.34,57.5,9.1,7.4,0,1,1,0.19016551241475288
107703,55.0,78279.98,30.9,10.2,3.7,0,2,1,0.16527283257962
107704,51.0,85953.4,41.3,9.9,0.0,0,2,1,0.14521197999501867
107705,33.0,86020.82,63.1,5.3,8.3,0,1,1,0.18026243054271568
107706,35.0,66325.91,66.8,7.4,7.4,0,1,1,0.21488995746512507
107707,31.0,35108.48,79.9,3.1,8.3,0,3,1,0.20860966029451178
107708,30.0,69481.66,70.8,7.9,8.7,0,1,1,0.19311825216028988
107709,32.0,55346.47,45.2,6.5,9.9,0,1,1,0.1773848416446887
107710,49.0,93723.27,42.0,14.4,0.0,0,2,1,0.12354945712754023
107711,34.0,53760.81,49.2,6.2,1.2,0,1,1,0.14948587135861796
107712,50.0,95598.68,24.6,11.0,4.1,0,2,1,0.17769459390255515
107713,37.0,43759.87,65.0,8.4,4.8,0,1,1,0.2007995291199295
107714,32.0,34625.58,81.1,4.4,6.9,0,3,1,0.20213927721561975
107715,22.0,35557.38,70.0,2.3,11.8,0,3,1,0.17348348942678304
107716,26.0,32120.56,78.6,2.7,12.6,0,3,1,0.19722868495320417
107717,46.0,65266.22,70.8,6.1,5.0,0,1,1,0.18489147569387
107718,39.0,116857.73,69.1,19.8,11.0,0,0,1,0.1409418594290105
107719,49.0,89460.9,35.0,12.5,5.8,0,2,1,0.18855675811263933
107720,34.0,59763.27,71.5,6.4,5.3,0,1,1,0.2092911286059394
107721,24.0,32450.14,62.6,2.1,11.3,0,3,1,0.1876424590967377
107722,53.0,126672.08,79.6,18.4,11.5,0,0,1,0.10873775846584932
107723,21.0,38354.36,92.0,5.9,14.3,0,3,1,0.09586048128527269
107724,37.0,68528.0,53.8,2.6,7.8,0,1,1,0.19667618468085363
107725,42.0,164269.2,80.6,15.9,15.0,0,0,1,0.07199988855694239
107726,38.0,47668.69,46.6,2.6,9.3,0,1,1,0.1657051511485253
107727,21.0,27159.37,71.6,2.4,11.7,0,3,1,0.17110759613251686
107728,18.0,25837.95,82.7,1.8,11.7,0,3,1,0.1260491339870155
107729,50.0,121929.3,37.1,14.5,5.6,0,2,1,0.16806348537851284
107730,27.0,27666.06,89.7,3.4,7.1,0,3,1,0.16684448158296594
107731,41.0,97392.97,50.1,10.2,1.2,0,2,1,0.16010821028498973
107732,34.0,74289.81,39.6,5.7,4.0,0,1,1,0.15830965495665056
107733,39.0,60407.3,54.5,6.6,9.4,0,1,1,0.20278965010364836
107734,30.0,37901.87,83.8,5.8,7.2,0,3,1,0.1942826803533949
107735,45.0,199184.43,53.6,16.9,4.9,0,0,1,0.08823830037877811
107736,37.0,78046.2,63.4,6.6,8.6,0,1,1,0.20377408339550535
107737,51.0,98323.24,41.2,15.5,5.3,0,2,1,0.17428764142085018
107738,37.0,84715.08,38.4,6.8,4.8,0,1,1,0.16831727168310784
107739,23.0,35478.89,87.8,2.0,12.0,0,3,1,0.1667240917011255
107740,32.0,47709.76,58.7,6.6,11.5,0,1,1,0.18745478900736268
107741,47.0,55208.58,39.9,4.3,4.5,0,1,1,0.14599082384757656
107742,37.0,59085.1,45.4,10.6,9.0,0,1,1,0.1828279665218555
107743,52.0,94612.48,84.7,17.7,6.8,0,0,1,0.12945201688456853
107744,43.0,122372.69,70.6,19.9,2.1,0,0,1,0.12659640768563024
107745,59.0,101709.88,33.9,13.9,5.1,0,2,1,0.16492321644806035
107746,50.0,81784.15,50.0,9.0,3.4,0,2,1,0.17924846097030867
107747,29.0,67443.71,57.0,4.5,4.4,0,1,1,0.17627215249545158
107748,52.0,99874.8,15.6,10.6,4.5,0,2,1,0.1298894154437516
107749,42.0,71366.15,53.5,9.0,6.1,0,1,1,0.21267672318540976
107750,27.0,176310.07,76.6,18.4,8.0,0,0,1,0.08506232112211742
107751,45.0,140184.07,69.1,16.7,8.2,0,0,1,0.18322146754196106
107752,20.0,25419.36,80.7,5.0,7.6,0,3,1,0.16003421798335554
107753,40.0,97264.44,58.8,15.4,10.9,0,0,1,0.16566654490320082
107754,34.0,151571.28,69.3,19.2,11.5,0,0,1,0.10610213641536415
107755,36.0,74652.46,73.5,9.7,5.0,0,1,1,0.18208416572180725
107756,33.0,136853.89,73.8,14.1,8.2,0,0,1,0.14045770345493175
107757,18.0,40903.83,82.8,1.4,10.4,0,3,1,0.1331032517960828
107758,25.0,34781.59,78.7,4.9,6.2,0,3,1,0.19475823751744648
107759,35.0,81939.11,54.5,7.5,4.0,0,1,1,0.17878113143023305
107760,63.0,99878.34,22.4,14.2,0.8,0,2,1,0.0705782183060113
107761,39.0,73494.52,78.3,7.4,7.1,0,1,1,0.1886182060943889
107762,33.0,128491.91,64.9,17.6,6.4,0,0,1,0.14952609096300906
107763,28.0,28776.92,82.8,2.8,8.1,0,3,1,0.1952863431102314
107764,32.0,64600.14,71.7,5.5,7.1,0,1,1,0.20758448531021084
107765,54.0,94661.18,17.4,13.0,0.0,0,2,1,0.08652324900422559
107766,18.0,24484.93,76.4,1.1,5.7,0,3,1,0.10727627778445281
107767,54.0,94539.07,42.6,10.5,3.8,0,2,1,0.1845273657276043
107768,40.0,47342.89,51.4,9.0,7.1,0,1,1,0.19654088725857521
107769,42.0,139027.56,84.2,18.0,8.1,0,0,1,0.1582345625419445
107770,52.0,67367.6,40.0,10.4,0.2,0,2,1,0.1460435279613101
107771,18.0,23136.69,55.3,0.9,8.7,0,3,1,0.08502291985315391
107772,29.0,32349.75,80.5,5.6,1.4,0,1,1,0.11227378856009762
107773,26.0,33813.83,86.2,0.0,8.3,0,3,1,0.15795929377536239
107774,38.0,107545.11,95.1,16.9,10.8,0,0,1,0.0788224500194683
107775,56.0,70372.55,29.7,12.1,5.2,0,2,1,0.15747227231927036
107776,38.0,81565.05,67.1,8.3,9.9,0,1,1,0.18758466405803936
107777,31.0,28411.41,62.2,1.8,5.9,0,1,1,0.18430614926959255
107778,38.0,142515.22,66.5,19.3,8.9,0,0,1,0.16296477960948058
107779,26.0,24713.84,69.2,0.0,11.7,0,3,1,0.15525638222452404
107780,62.0,98057.55,37.7,10.9,3.4,0,2,1,0.14364536813456114
107781,58.0,96551.84,41.4,14.6,7.3,0,2,1,0.15346190745925264
107782,36.0,63181.03,54.1,8.0,5.8,0,1,1,0.21499845177028187
107783,38.0,73587.32,41.1,3.3,6.9,0,1,1,0.17176735571558577
107784,27.0,33652.44,65.9,4.8,15.7,0,3,1,0.13721482193444112
107785,32.0,53908.75,58.3,6.7,10.6,0,1,1,0.20732245863691467
107786,44.0,132651.7,66.1,14.9,12.1,0,0,1,0.14553029611486418
107787,55.0,93452.71,36.1,11.8,0.0,0,2,1,0.1396158257487356
107788,36.0,134852.98,69.8,18.0,13.1,0,0,1,0.10540506018669338
107789,35.0,53487.63,58.5,4.2,7.5,0,1,1,0.2119700502639168
107790,20.0,33296.31,76.2,2.7,11.9,0,3,1,0.17930929008845925
107791,56.0,129766.63,41.9,11.5,2.1,0,2,1,0.12208103257409003
107792,38.0,78309.63,66.6,5.6,8.4,0,1,1,0.19846854836675215
107793,25.0,38042.88,81.0,3.5,6.5,0,3,1,0.19017772953314205
107794,40.0,46480.97,58.9,5.9,5.2,0,1,1,0.1965834303510849
107795,55.0,94944.89,11.1,11.6,2.8,0,2,1,0.10036459511687379
107796,58.0,73754.96,54.2,13.7,3.2,0,2,1,0.13333434326266896
107797,22.0,28323.56,81.2,1.4,9.6,0,3,1,0.1773078108379273
107798,38.0,157961.75,73.7,17.1,7.3,0,0,1,0.15611514332728155
107799,33.0,65496.36,45.4,8.8,7.5,0,1,1,0.18997279684762364
107800,22.0,35385.11,81.9,0.9,13.9,0,3,1,0.1236438829089947
107801,18.0,38275.76,76.4,5.0,14.3,0,3,1,0.1095197489708215
107802,41.0,130412.3,75.1,15.7,7.0,0,0,1,0.17580848131143756
107803,34.0,48762.52,53.3,8.5,9.0,0,1,1,0.19758735460696225
107804,35.0,62696.1,55.0,3.5,3.9,0,1,1,0.17622729742549792
107805,29.0,38896.06,69.4,5.2,6.4,0,1,1,0.20462208512336622
107806,49.0,92968.41,32.3,10.6,4.4,0,2,1,0.18835765107896013
107807,56.0,70140.8,36.3,13.9,2.8,0,2,1,0.13866049379831286
107808,33.0,52504.82,78.0,10.0,6.1,0,1,1,0.18705812525032922
107809,49.0,126742.28,70.4,15.9,2.5,0,0,1,0.11996827776639951
107810,21.0,29551.9,82.3,4.3,9.6,0,3,1,0.1777684285675485
107811,19.0,28210.25,93.9,4.3,14.3,0,3,1,0.08518603967430005
107812,61.0,83757.32,43.2,10.2,7.1,0,2,1,0.13558011610090875
107813,56.0,58849.35,39.0,10.3,3.0,0,2,1,0.14212425201525292
107814,21.0,37229.76,71.2,0.4,7.6,0,3,1,0.14666448887174388
107815,51.0,102015.06,47.0,13.0,5.8,0,2,1,0.2007587653917996
107816,40.0,71121.59,68.3,12.0,9.4,0,1,1,0.19207116144864916
107817,53.0,87044.85,38.1,14.3,0.3,0,2,1,0.13034968433374178
107818,58.0,87702.71,32.7,13.0,2.4,0,2,1,0.14922122881305078
107819,45.0,110965.53,80.8,18.4,8.0,0,0,1,0.1655657060773736
107820,37.0,61775.15,62.4,6.6,6.1,0,1,1,0.22494085540876457
107821,43.0,118339.27,23.4,15.2,3.3,0,2,1,0.12516000185398218
107822,58.0,112822.07,44.6,12.1,0.4,0,2,1,0.11079874241053045
107823,35.0,58490.4,57.0,4.5,6.1,0,1,1,0.20841473890965728
107824,18.0,30270.24,79.3,1.4,9.2,0,3,1,0.1457754577240578
107825,44.0,165522.78,82.5,18.6,7.9,0,0,1,0.13065534575493154
107826,26.0,42367.73,83.0,3.5,13.2,0,3,1,0.1769891269370159
107827,52.0,80407.39,39.6,12.3,3.3,0,2,1,0.181891215347268
107828,27.0,21559.71,72.6,1.2,7.7,0,3,1,0.17214026341609912
107829,42.0,117067.58,88.8,18.9,5.6,0,0,1,0.11607593703738384
107830,18.0,28639.37,74.7,1.7,17.6,0,3,1,0.054022911304974164
107831,35.0,141286.06,70.7,17.5,2.2,0,0,1,0.09462222176631396
107832,52.0,98084.92,42.1,13.0,7.7,0,2,1,0.1896865041617451
107833,18.0,30646.56,100.0,5.1,5.6,0,3,1,0.06562658059920312
107834,52.0,77089.3,30.7,16.0,6.9,0,2,1,0.14026623302821
107835,44.0,81914.72,35.0,11.5,4.9,0,2,1,0.18930962831893716
107836,32.0,57912.96,50.1,6.3,9.1,0,1,1,0.1985369251576503
107837,25.0,27960.5,89.3,5.1,10.0,0,3,1,0.178449339767012
107838,51.0,125139.42,51.1,9.0,7.6,0,2,1,0.16415815185986465
107839,61.0,106228.55,30.3,11.3,9.1,0,2,1,0.10527593041523076
107840,40.0,68107.34,81.3,5.0,6.7,0,1,1,0.17561753149688014
107841,44.0,134668.01,53.6,20.0,5.7,0,0,1,0.15526123852049423
107842,20.0,29931.88,75.7,2.8,12.9,0,3,1,0.1696991763302647
107843,30.0,30506.19,72.0,2.7,7.3,0,3,1,0.2100691249591609
107844,52.0,78821.24,56.3,12.3,2.4,0,2,1,0.15795995927469086
107845,28.0,24903.35,70.9,3.8,10.4,0,3,1,0.20297660047561517
107846,29.0,16277.57,86.2,1.9,6.5,0,3,1,0.1411962047905828
107847,27.0,55798.69,73.9,8.9,11.9,0,3,1,0.16419787257732132
107848,35.0,63191.72,42.2,3.8,6.6,0,1,1,0.17427508681518644
107849,18.0,27062.47,78.4,5.5,10.0,0,3,1,0.1473545063770888
107850,45.0,63847.18,36.2,10.7,4.3,0,2,1,0.1805191607210837
107851,35.0,61213.85,70.0,9.1,8.1,0,1,1,0.21343987144417453
107852,39.0,126108.57,79.6,20.6,4.2,0,0,1,0.12128661299455434
107853,60.0,81666.35,41.7,17.6,0.0,0,2,1,0.053424179170868835
107854,39.0,58496.32,62.5,5.8,0.0,0,1,1,0.15477492999586784
107855,20.0,33998.74,91.5,3.8,14.4,0,3,1,0.10597412277637652
107856,50.0,85171.19,38.4,11.2,7.4,0,2,1,0.18851072737643587
107857,18.0,36969.14,90.1,3.7,12.7,0,3,1,0.12122052286960677
107858,21.0,27211.05,81.5,1.6,10.9,0,3,1,0.16891843679678126
107859,45.0,138301.34,74.8,19.3,7.7,0,0,1,0.1732271892914572
107860,50.0,109067.49,37.7,12.9,5.7,0,2,1,0.19123673207569614
107861,53.0,89114.22,28.8,11.8,5.4,0,2,1,0.18732688127832198
107862,27.0,32828.88,81.5,0.8,8.6,0,3,1,0.18453982147830317
107863,27.0,27199.33,79.4,3.1,9.7,0,3,1,0.196427072167064
107864,39.0,64535.43,46.0,8.0,5.5,0,1,1,0.2011985066897305
107865,45.0,107692.57,23.1,11.3,4.9,0,2,1,0.16512221692336004
107866,36.0,55032.99,48.1,5.5,3.8,0,1,1,0.17943530591956253
107867,23.0,28858.68,64.2,2.4,8.1,0,3,1,0.1936298214345838
107868,25.0,34085.77,91.4,4.3,6.7,0,3,1,0.15916646305048132
107869,41.0,69029.45,30.0,8.8,2.2,0,2,1,0.14161537251982198
107870,52.0,85369.66,37.8,10.8,1.7,0,2,1,0.17090712794733937
107871,33.0,31809.73,79.1,4.7,12.6,0,3,1,0.1834440378955126
107872,22.0,38024.73,73.5,5.0,6.3,0,3,1,0.17379937477642182
107873,22.0,33282.17,81.6,1.3,5.1,0,3,1,0.1447881282137134
107874,26.0,30809.41,74.1,6.3,9.1,0,3,1,0.19911228042844198
107875,33.0,41910.54,47.2,8.8,4.8,0,1,1,0.17894033839980733
107876,27.0,24555.19,69.3,1.2,11.4,0,3,1,0.17844164724400707
107877,51.0,76008.14,42.1,13.0,5.0,0,2,1,0.19090106436372717
107878,53.0,80397.19,47.6,11.8,4.8,0,2,1,0.1815032275077582
107879,45.0,116188.51,91.0,17.9,8.1,0,0,1,0.11827199584633663
107880,41.0,168979.31,83.9,18.3,3.6,0,0,1,0.10047369586335853
107881,23.0,31625.66,73.5,1.0,5.3,0,3,1,0.16080973196396497
107882,31.0,36271.6,78.3,1.7,11.1,0,3,1,0.19337561184514784
107883,37.0,57523.16,61.9,8.0,9.1,0,1,1,0.21308745552044833
107884,48.0,102374.53,46.8,12.6,10.6,0,2,1,0.15927618032820118
107885,23.0,22105.92,69.5,1.7,11.7,0,3,1,0.15750757013159045
107886,40.0,63518.92,60.9,10.8,4.5,0,1,1,0.19853490870090917
107887,36.0,56950.98,46.3,3.0,10.9,0,1,1,0.15967436935908874
107888,20.0,30557.73,82.3,0.6,7.5,0,3,1,0.14342467443686713
107889,52.0,87505.39,22.2,13.2,2.6,0,2,1,0.14345465502703947
107890,53.0,95973.55,44.7,12.7,1.4,0,2,1,0.1590087597124869
107891,42.0,56718.19,49.9,5.1,0.0,0,1,1,0.13814886599802367
107892,40.0,149995.79,58.4,21.4,1.3,0,0,1,0.062291488451655996
107893,20.0,23431.77,87.2,4.3,9.2,0,3,1,0.14900384701494673
107894,18.0,25096.85,80.5,1.6,8.3,0,3,1,0.13306823832557896
107895,36.0,57395.65,40.5,4.3,3.1,0,1,1,0.14188328681809104
107896,48.0,96540.61,35.5,14.4,0.0,0,2,1,0.1332074719451275
107897,54.0,81549.02,54.8,11.8,2.3,0,2,1,0.144654477315104
107898,25.0,33135.09,74.2,4.2,14.5,0,3,1,0.17163753280008637
107899,48.0,136247.82,89.8,19.0,4.7,0,0,1,0.09162649210287199
107900,36.0,59581.03,52.6,7.6,1.4,0,1,1,0.1635678219599691
107901,44.0,68829.22,39.6,8.2,8.3,0,1,1,0.17964349535212326
107902,59.0,124481.11,53.9,11.4,5.6,0,2,1,0.1335471469764581
107903,41.0,164656.41,50.4,15.4,6.7,0,0,1,0.1314564043775614
107904,52.0,97795.42,47.7,10.7,0.1,0,2,1,0.1490372128223474
107905,41.0,124727.34,77.5,21.1,12.3,0,0,1,0.1090968484453011
107906,29.0,28719.38,76.4,3.8,7.7,0,3,1,0.20775078409610692
107907,49.0,101403.48,21.4,14.2,2.8,0,2,1,0.13361392621219492
107908,46.0,145211.73,84.5,13.7,11.8,0,0,1,0.10131985024133727
107909,42.0,65138.5,63.2,8.2,4.3,0,1,1,0.2068994180315864
107910,36.0,71932.59,40.1,7.9,7.3,0,1,1,0.18391560408826407
107911,46.0,107947.71,64.6,15.2,3.8,0,0,1,0.17880722584694786
107912,28.0,28608.04,71.4,5.2,9.0,0,3,1,0.20222297626674046
107913,41.0,50288.92,54.5,5.2,8.6,0,1,1,0.1877462658399246
107914,42.0,158424.29,73.5,14.1,7.2,0,0,1,0.15265752073687217
107915,35.0,148731.9,77.6,19.3,7.6,0,0,1,0.12463707760849141
107916,35.0,145281.47,76.1,17.6,8.3,0,0,1,0.13854978926731976
107917,34.0,141669.05,70.9,15.6,9.6,0,0,1,0.14149169301622366
107918,22.0,33319.72,82.9,3.7,6.0,0,3,1,0.1699653197085712
107919,41.0,193662.42,86.0,19.7,8.8,0,0,1,0.06481024081982734
107920,31.0,60188.89,53.8,6.8,2.7,0,1,1,0.17444566097523573
107921,57.0,49061.22,43.6,13.8,11.0,0,2,1,0.07098007243670756
107922,35.0,56196.94,59.2,8.1,6.7,0,1,1,0.2173870789719553
107923,37.0,154075.01,72.0,16.0,3.1,0,0,1,0.10211605076193431
107924,64.0,109227.94,40.6,11.8,6.1,0,2,1,0.12432502103216525
107925,38.0,145024.83,74.4,15.9,7.7,0,0,1,0.16329518455350117
107926,22.0,27599.64,72.6,0.0,13.2,0,3,1,0.13023218094555145
107927,32.0,26664.36,89.1,2.9,10.0,0,3,1,0.16038442381086548
107928,30.0,55775.68,63.3,5.0,4.8,0,1,1,0.1996571989592124
107929,21.0,12374.06,81.3,4.3,11.1,0,3,1,0.14484072388175628
107930,57.0,87407.09,53.1,10.3,3.3,0,2,1,0.15072379244915507
107931,34.0,64079.04,55.6,6.8,5.0,0,1,1,0.21084310483015228
107932,50.0,56793.89,43.0,10.0,2.5,0,2,1,0.14232925554476067
107933,19.0,35281.37,72.6,0.0,10.8,0,3,1,0.1417362675241523
107934,20.0,31865.39,86.3,1.0,9.8,0,3,1,0.14968051783536984
107935,48.0,111872.11,35.8,12.0,0.3,0,2,1,0.13540648970409636
107936,40.0,71788.31,50.3,7.3,8.8,0,1,1,0.20259505259566185
107937,35.0,34252.9,78.0,2.7,9.7,0,3,1,0.18832044337629228
107938,28.0,26919.48,87.3,0.0,12.0,0,3,1,0.1453253935794071
107939,29.0,36643.57,80.7,3.8,8.8,0,3,1,0.20620359926182985
107940,46.0,99270.16,35.7,13.8,3.6,0,2,1,0.1846579700001627
107941,25.0,33655.55,83.7,4.9,7.1,0,3,1,0.1878330292040306
107942,40.0,59984.85,64.4,10.0,0.7,0,1,1,0.14992586906028782
107943,58.0,92975.66,26.4,11.1,0.9,0,2,1,0.12328160844666114
107944,39.0,50451.52,70.0,8.4,7.7,0,1,1,0.2064290872733256
107945,42.0,72384.34,34.2,11.9,6.8,0,2,1,0.17974002756543472
107946,18.0,27627.18,86.4,2.3,8.6,0,3,1,0.13901980230176092
107947,35.0,166674.8,67.2,20.2,12.4,0,0,1,0.07374381174977063
107948,43.0,61638.22,53.2,5.9,12.9,0,1,1,0.14441489279764597
107949,35.0,73753.29,62.8,6.2,6.2,0,1,1,0.2065175308965554
107950,49.0,140787.83,67.5,16.4,9.0,0,0,1,0.16060422516793832
107951,49.0,105155.49,60.4,13.0,9.4,0,0,1,0.1679420913140442
107952,48.0,106696.03,47.6,14.8,7.8,0,2,1,0.18099872909133224
107953,43.0,162425.91,61.8,21.2,5.1,0,0,1,0.13725019626719887
107954,30.0,38010.85,88.4,7.1,13.2,0,3,1,0.16041321053510377
107955,36.0,154864.35,53.1,17.8,6.7,0,0,1,0.13265827476427938
107956,55.0,80926.54,27.1,13.0,7.5,0,2,1,0.1592853332388856
107957,36.0,87925.23,54.6,8.4,8.0,0,1,1,0.18819950035786925
107958,22.0,39553.63,69.1,0.0,9.6,0,3,1,0.14543825729343457
107959,23.0,38121.95,65.5,4.0,11.2,0,3,1,0.18802697700495857
107960,45.0,166310.77,71.8,18.1,9.4,0,0,1,0.1394734783417253
107961,23.0,24205.14,73.9,2.5,8.3,0,3,1,0.19377506175932402
107962,22.0,33034.52,75.3,4.7,12.6,0,3,1,0.18399290131696172
107963,40.0,70493.13,11.0,11.5,3.0,0,2,1,0.09163179806505584
107964,53.0,109407.09,34.6,10.8,4.0,0,2,1,0.18793581581999796
107965,22.0,23490.49,87.6,3.8,14.3,0,3,1,0.12128328289418916
107966,37.0,99307.87,62.6,18.8,10.6,0,0,1,0.14648438165631816
107967,37.0,63602.78,66.5,6.1,10.2,0,1,1,0.1984578886879788
107968,53.0,113218.68,69.5,15.2,5.1,0,0,1,0.1542004655039781
107969,26.0,22290.84,70.2,5.1,10.7,0,3,1,0.18009492346735284
107970,28.0,24549.15,78.7,6.8,8.0,0,3,1,0.18900960573173015
107971,50.0,104947.06,26.0,13.4,0.0,0,2,1,0.11763083140176722
107972,18.0,33811.16,1.0,25.3,12.6,1,1,-1,-0.07308156537617594
107973,39.0,48303.21,63.2,6.4,8.3,0,1,1,0.20913818471886547
107974,24.0,23340.05,70.9,0.0,10.6,0,3,1,0.15771852194625313
107975,54.0,82954.34,33.8,10.1,7.8,0,2,1,0.16791405593479203
107976,37.0,132161.97,59.0,18.5,11.1,0,0,1,0.14258640801488448
107977,33.0,156481.26,88.3,18.3,6.0,0,0,1,0.0738670002473627
107978,43.0,126250.43,91.6,19.7,10.7,0,0,1,0.08835549049832647
107979,54.0,173882.5,70.8,18.1,15.1,0,0,1,0.03903009014519965
107980,32.0,60084.67,100.0,46.8,4.4,1,0,-1,-0.0473891641317401
107981,32.0,55023.86,64.1,7.0,10.0,0,1,1,0.21234395311513188
107982,44.0,144512.25,69.1,21.9,6.7,0,0,1,0.15265342315786556
107983,48.0,110208.44,69.6,22.0,10.1,0,0,1,0.12313201542486024
107984,36.0,113997.16,88.0,18.2,7.2,0,0,1,0.11054122825591606
107985,48.0,89572.4,49.1,10.6,2.2,0,2,1,0.17281951409547863
107986,27.0,26011.33,68.7,3.0,10.1,0,3,1,0.19524547090081273
107987,39.0,151924.1,74.2,14.1,10.3,0,0,1,0.13269487669099872
107988,40.0,160312.68,92.8,17.9,6.1,0,0,1,0.09681551871689775
107989,59.0,80651.05,53.9,11.1,2.1,0,2,1,0.11832277964552484
107990,55.0,149148.09,88.2,17.9,7.7,0,0,1,0.09130327990783138
107991,37.0,112300.19,38.9,11.8,5.8,0,2,1,0.17402802711400078
107992,43.0,116226.49,75.6,17.6,10.2,0,0,1,0.1579116501209349
107993,23.0,29300.51,72.6,1.2,8.4,0,3,1,0.18951358772211657
107994,45.0,121107.92,60.2,19.6,7.6,0,0,1,0.16918099824614102
107995,28.0,30731.15,72.3,0.0,6.6,0,3,1,0.15570065071569095
107996,32.0,65135.34,56.9,4.9,0.0,0,1,1,0.138259193278934
107997,26.0,37053.74,87.6,1.1,13.1,0,3,1,0.15821103894193062
107998,39.0,68263.2,51.9,6.7,12.5,0,1,1,0.1680478398990521
107999,32.0,31721.9,79.9,0.0,13.6,0,3,1,0.13101609055584168
108000,47.0,148695.8,66.0,18.1,12.4,0,0,1,0.13310376918268707
108001,54.0,140001.52,43.1,10.2,2.8,0,2,1,0.11798433211031345
108002,39.0,161614.16,83.5,21.4,7.0,0,0,1,0.11742375629753932
108003,26.0,39375.21,93.5,0.5,11.9,0,3,1,0.12982060581935834
108004,18.0,28533.82,64.9,1.8,5.7,0,3,1,0.11833996384761075
108005,46.0,79531.8,38.0,12.1,0.0,0,2,1,0.14653228019507003
108006,66.0,86646.23,21.7,13.2,4.0,0,2,1,0.09047374457816093
108007,32.0,66359.26,51.3,6.4,11.4,0,1,1,0.17565626365875286
108008,44.0,155475.82,66.8,18.3,5.7,0,0,1,0.16284807078865754
108009,39.0,129608.15,65.1,20.1,9.7,0,0,1,0.15661887000380814
108010,41.0,124483.53,41.4,14.3,3.5,0,2,1,0.16005257215362817
108011,36.0,106633.95,89.1,14.7,3.7,0,0,1,0.0958670447999147
108012,50.0,71320.36,40.3,13.2,5.2,0,2,1,0.18278282497526172
108013,49.0,99937.81,52.8,9.1,7.4,0,2,1,0.176292212233309
108014,40.0,60825.25,59.7,7.7,4.1,0,1,1,0.20399173315152824
108015,18.0,37221.55,65.6,0.8,8.5,0,3,1,0.12711272063284013
108016,25.0,29123.71,70.8,4.9,9.0,0,3,1,0.20511059180433805
108017,48.0,101748.09,35.6,12.1,5.3,0,2,1,0.19259905755838347
108018,51.0,109444.6,20.7,14.5,1.3,0,2,1,0.10196093728432676
108019,28.0,53202.4,54.5,5.5,4.1,0,1,1,0.17964045351194002
108020,57.0,80112.17,12.4,11.3,10.1,0,2,1,0.055150846868353476
108021,19.0,26818.02,74.0,6.1,8.9,0,3,1,0.15711140111883842
108022,19.0,34091.31,80.9,4.0,6.8,0,3,1,0.1639904986112492
108023,40.0,168366.84,76.1,19.6,7.8,0,0,1,0.12185854832177712
108024,41.0,65271.56,52.8,8.5,4.4,0,1,1,0.20527681452309327
108025,32.0,37806.81,75.1,2.6,10.4,0,3,1,0.2016719155846693
108026,35.0,76720.03,52.6,4.0,6.2,0,1,1,0.19017356278648312
108027,40.0,73323.73,59.1,5.7,6.9,0,1,1,0.2059769074845565
108028,49.0,55579.83,26.5,13.0,3.2,0,2,1,0.1333350829911908
108029,41.0,167892.2,62.4,16.3,9.0,0,0,1,0.13463009748527388
108030,48.0,82742.21,50.5,9.9,1.8,0,2,1,0.16328516947580962
108031,54.0,94163.74,21.3,15.6,1.6,0,2,1,0.09456500119998812
108032,35.0,66874.95,79.6,6.2,4.2,0,1,1,0.15861486180756001
108033,54.0,130707.2,36.4,11.4,5.2,0,2,1,0.15770695836536258
108034,26.0,55136.38,39.7,6.3,5.5,0,1,1,0.14523269861843863
108035,18.0,33032.47,84.2,2.6,5.4,0,3,1,0.13736491933062833
108036,49.0,187808.35,76.0,17.3,7.0,0,0,1,0.10538083575783974
108037,38.0,63004.4,62.4,7.9,4.8,0,1,1,0.21195992722573442
108038,32.0,58870.88,62.7,3.9,6.3,0,1,1,0.21161582436293047
108039,24.0,29196.21,92.0,5.5,11.2,0,3,1,0.15837423205776663
108040,52.0,162134.41,73.3,17.0,6.8,0,0,1,0.13899468718287233
108041,26.0,29858.47,62.8,2.2,13.1,0,3,1,0.17491606218692546
108042,23.0,77658.06,63.7,6.5,7.9,0,1,1,0.1497977190786881
108043,48.0,140841.65,81.5,19.7,8.5,0,0,1,0.13949616648346969
108044,30.0,60909.04,37.6,7.9,5.7,0,1,1,0.16684307471326248
108045,40.0,156518.78,59.3,18.2,7.0,0,0,1,0.1604212461941869
108046,23.0,33637.49,96.2,3.8,14.1,0,3,1,0.10473748165717611
108047,59.0,108161.53,16.6,11.5,0.7,0,2,1,0.06878320136519178
108048,57.0,114704.76,57.0,12.5,4.9,0,2,1,0.16378587045276766
108049,37.0,74133.69,47.3,9.3,6.8,0,1,1,0.2060809784105631
108050,50.0,97955.54,49.2,12.1,0.7,0,2,1,0.1469142489823424
108051,38.0,66554.86,56.1,9.0,0.1,0,1,1,0.1567755877034926
108052,54.0,108412.36,20.5,9.0,7.0,0,2,1,0.12729601492311932
108053,49.0,174266.19,65.1,18.4,9.0,0,0,1,0.11642238232594987
108054,43.0,97689.15,36.4,13.5,2.3,0,2,1,0.1625137299182285
108055,49.0,142024.52,89.1,19.5,8.8,0,0,1,0.0844546800274315
108056,46.0,72427.97,51.0,13.8,3.1,0,2,1,0.17183991895691536
108057,50.0,98794.22,21.5,11.1,5.8,0,2,1,0.16022803675042463
108058,40.0,57892.11,74.0,9.1,4.7,0,1,1,0.17767391806668492
108059,46.0,105167.11,30.5,10.7,4.7,0,2,1,0.1886874393182511
108060,47.0,159956.52,72.6,13.4,10.9,0,0,1,0.12317343127675962
108061,48.0,100273.27,33.8,16.5,10.2,0,2,1,0.13587921153629173
108062,22.0,24254.89,65.3,3.5,8.4,0,3,1,0.17594898234058498
108063,30.0,56155.81,62.5,6.8,5.6,0,1,1,0.21467890867674227
108064,50.0,92230.99,37.2,12.6,0.0,0,2,1,0.14371292267781666
108065,44.0,130876.23,61.9,17.3,11.5,0,0,1,0.1521130379972509
108066,28.0,32559.91,69.0,0.3,7.2,0,3,1,0.1704626205510581
108067,24.0,32191.71,71.5,4.8,11.2,0,3,1,0.20563591623652872
108068,23.0,63218.36,65.6,7.4,8.7,0,3,1,0.16682720126803735
108069,23.0,31624.13,77.6,3.4,8.3,0,3,1,0.20887048249954276
108070,48.0,175854.08,66.7,15.7,4.0,0,0,1,0.10130361428495216
108071,38.0,68560.26,62.1,8.0,5.3,0,1,1,0.21803174176264517
108072,26.0,56450.28,74.5,7.5,8.3,0,3,1,0.1891967050310513
108073,29.0,27161.11,80.2,4.0,7.2,0,3,1,0.1941589749320593
108074,38.0,76456.28,54.0,3.6,7.5,0,1,1,0.1986288031426116
108075,40.0,144563.35,63.6,18.1,11.7,0,0,1,0.14379314576924063
108076,36.0,43595.47,61.8,7.0,7.6,0,1,1,0.21227934227523687
108077,29.0,28975.6,75.1,0.9,10.6,0,3,1,0.18474401435904053
108078,25.0,30503.97,85.5,0.9,10.4,0,3,1,0.17246316940508855
108079,46.0,126340.18,58.3,14.6,8.5,0,0,1,0.17457163844635204
108080,51.0,124635.05,76.5,13.1,9.1,0,0,1,0.14675720018197608
108081,19.0,29734.46,78.8,0.0,19.4,0,3,1,0.03675556287242543
108082,49.0,105379.82,49.9,12.6,0.3,0,2,1,0.14510242666823692
108083,25.0,21415.19,74.7,6.4,5.8,0,3,1,0.15926617029033324
108084,48.0,126696.66,33.3,10.2,5.2,0,2,1,0.17823878122645165
108085,22.0,16356.01,64.4,7.1,11.0,0,3,1,0.13516635347703043
108086,50.0,114064.24,71.4,17.7,6.4,0,0,1,0.165105899424065
108087,44.0,111907.89,84.1,18.9,7.5,0,0,1,0.1524423523060383
108088,25.0,30258.44,60.8,1.0,9.5,0,3,1,0.17800200142139844
108089,34.0,69227.05,63.6,5.9,4.1,0,1,1,0.19137177938620392
108090,28.0,33090.32,71.8,0.7,8.0,0,3,1,0.18203378215607857
108091,38.0,80824.76,55.9,5.3,13.5,0,1,1,0.15189241900591743
108092,22.0,27425.93,73.9,2.1,13.8,0,3,1,0.1528268302129357
108093,18.0,35424.39,77.9,1.9,9.0,0,3,1,0.1541952162626553
108094,42.0,142219.6,67.5,17.9,5.7,0,0,1,0.18074629961978927
108095,35.0,37813.39,82.9,2.1,12.5,0,3,1,0.15959764223403133
108096,44.0,143000.1,66.7,18.5,13.1,0,0,1,0.12968211030909554
108097,24.0,30481.19,79.0,3.1,8.4,0,3,1,0.206686943464167
108098,32.0,70852.81,70.1,11.5,8.4,0,1,1,0.19308357939591553
108099,37.0,72063.91,48.9,8.3,10.1,0,1,1,0.1828119784701267
108100,48.0,182015.44,66.0,17.0,7.4,0,0,1,0.12180875073443692
108101,18.0,35101.2,84.8,4.1,10.4,0,3,1,0.1531875072531934
108102,29.0,35313.02,72.0,0.0,9.0,0,3,1,0.17951462685308933
108103,52.0,95809.77,33.2,10.9,1.5,0,2,1,0.16882570804517716
108104,47.0,102437.77,45.9,9.5,3.8,0,2,1,0.187697108142778
108105,56.0,91770.05,42.2,14.2,5.2,0,2,1,0.1690692467600886
108106,22.0,39574.74,75.3,2.5,11.5,0,3,1,0.18506847712555763
108107,22.0,30710.84,74.3,2.6,10.6,0,3,1,0.19612337243439654
108108,33.0,137532.39,54.4,17.2,9.0,0,0,1,0.13128910532135207
108109,50.0,107020.48,38.5,7.7,7.6,0,2,1,0.15829515252319337
108110,53.0,85266.24,30.3,7.8,4.7,0,2,1,0.15455025067259553
108111,39.0,54411.09,49.0,7.3,10.6,0,1,1,0.18252311586306735
108112,29.0,36774.61,98.2,4.8,13.5,0,3,1,0.1196719229482397
108113,43.0,131263.53,83.3,16.0,9.3,0,0,1,0.14909019593041467
108114,49.0,100801.22,37.7,12.3,3.9,0,2,1,0.18975465854000106
108115,27.0,35990.54,64.0,2.9,8.7,0,3,1,0.21088213558642194
108116,44.0,129513.68,84.8,17.9,11.0,0,0,1,0.13238783925503422
108117,47.0,90199.46,28.9,12.8,0.4,0,2,1,0.1393084439139996
108118,27.0,55018.28,63.6,5.4,7.8,0,1,1,0.2064508876098411
108119,33.0,42438.34,66.5,8.3,6.9,0,1,1,0.21265605461807352
108120,52.0,91451.25,24.7,14.6,3.7,0,2,1,0.1588216319399431
108121,38.0,56433.15,62.4,9.3,7.5,0,1,1,0.21916232311873363
108122,54.0,110013.85,42.1,14.1,5.0,0,2,1,0.18521759762994694
108123,54.0,99093.2,43.6,11.1,5.6,0,2,1,0.19265296117558384
108124,35.0,34067.57,66.0,2.4,11.9,0,3,1,0.17968660877342357
108125,40.0,115356.99,58.2,17.6,12.8,0,0,1,0.12852862156992795
108126,33.0,71774.29,55.2,6.2,8.6,0,1,1,0.20285672506860047
108127,28.0,80630.15,63.4,9.1,6.2,0,1,1,0.17898164067534672
108128,54.0,110950.97,34.1,10.3,1.2,0,2,1,0.15054756416869663
108129,50.0,98881.42,33.4,11.0,6.0,0,2,1,0.19149746649328547
108130,34.0,55330.76,67.4,8.1,3.3,0,1,1,0.1891806677604983
108131,45.0,76057.74,34.7,14.4,8.3,0,2,1,0.15955179374896633
108132,47.0,188204.67,74.0,20.2,6.3,0,0,1,0.10109351772935449
108133,35.0,132221.97,70.7,23.2,8.0,0,0,1,0.11148982322919943
108134,38.0,164309.13,64.4,18.3,10.6,0,0,1,0.13501990540180403
108135,19.0,40740.57,89.3,3.7,15.3,0,3,1,0.09262557693800522
108136,34.0,70862.91,60.8,5.7,5.2,0,1,1,0.20255952803680738
108137,62.0,113114.28,43.9,10.7,6.1,0,2,1,0.13216819522666345
108138,22.0,41780.7,90.1,4.8,12.5,0,3,1,0.13804542158425653
108139,52.0,103330.73,50.4,12.9,1.5,0,2,1,0.15673445631302035
108140,42.0,54417.58,57.7,6.1,0.0,0,1,1,0.14838846330323108
108141,37.0,86248.16,61.2,12.9,6.5,0,1,1,0.18867324430260846
108142,25.0,31399.63,78.6,3.7,14.5,0,3,1,0.17393094689148758
108143,32.0,62097.26,64.2,9.6,0.5,0,1,1,0.1428932334661771
108144,29.0,62453.28,69.2,6.0,9.0,0,1,1,0.20594803475401535
108145,62.0,95176.94,32.7,12.9,4.5,0,2,1,0.14214779623869234
108146,53.0,91907.25,32.4,10.0,5.8,0,2,1,0.18229675067324996
108147,19.0,27293.3,66.0,2.3,10.1,0,3,1,0.15671206162189277
108148,19.0,30465.98,79.6,0.0,7.7,0,3,1,0.1283140527029924
108149,52.0,122142.55,79.1,17.0,8.6,0,0,1,0.14788630922076024
108150,20.0,21045.9,73.6,3.9,12.0,0,3,1,0.1547890671405432
108151,37.0,53324.28,67.2,5.6,5.0,0,1,1,0.20386507006955068
108152,31.0,57278.87,55.0,7.6,2.9,0,1,1,0.17614277831745068
108153,50.0,81309.98,39.3,12.6,0.9,0,2,1,0.1554324854682408
108154,45.0,138680.64,79.9,16.7,9.8,0,0,1,0.15679538678241384
108155,56.0,96178.56,56.0,13.0,9.3,0,2,1,0.15821482408408227
108156,56.0,97843.13,83.5,19.0,8.7,0,0,1,0.10009091086880029
108157,40.0,117539.08,61.5,22.4,9.5,0,0,1,0.1392139610505655
108158,18.0,25936.94,57.7,5.4,10.1,0,3,1,0.11772560080786942
108159,27.0,32014.01,87.5,2.2,10.9,0,3,1,0.18556959401319728
108160,37.0,49051.08,50.8,6.4,8.0,0,1,1,0.1944875797217243
108161,43.0,63291.63,57.1,7.6,6.5,0,1,1,0.21135581646723278
108162,52.0,120922.04,32.8,12.5,2.1,0,2,1,0.15677245072882173
108163,30.0,26750.36,77.3,5.0,7.4,0,3,1,0.19696203232535447
108164,28.0,20197.29,67.1,2.8,17.2,0,3,1,0.08220528347120704
108165,37.0,63861.14,69.5,4.8,0.0,0,1,1,0.13351747087098315
108166,61.0,105339.66,30.5,12.1,7.2,0,2,1,0.1324051246592966
108167,51.0,97477.55,55.4,9.5,5.6,0,2,1,0.1844911251398736
108168,37.0,179393.08,74.9,16.6,3.5,0,0,1,0.06307413211572954
108169,22.0,33069.22,89.6,0.8,7.5,0,3,1,0.14525129765526035
108170,34.0,53348.93,52.9,5.1,8.3,0,1,1,0.2027579564849476
108171,41.0,140272.34,75.0,15.2,9.8,0,0,1,0.15018961918965906
108172,53.0,98599.31,33.7,11.5,4.2,0,2,1,0.1941921520010922
108173,52.0,74818.93,50.8,10.6,4.2,0,2,1,0.1755668357875944
108174,42.0,58185.76,60.4,2.6,1.1,0,1,1,0.14205389256452156
108175,24.0,33091.33,89.1,4.6,5.2,0,3,1,0.1532228890595037
108176,49.0,109997.76,80.6,17.1,16.1,0,0,1,0.06473938929602319
108177,49.0,93734.08,36.6,11.5,1.0,0,2,1,0.15194517736578045
108178,63.0,84557.64,28.5,11.8,4.6,0,2,1,0.12757486911213656
108179,33.0,72640.94,59.5,7.0,8.7,0,1,1,0.20140911258349803
108180,32.0,55471.01,57.8,8.9,6.3,0,1,1,0.20999075490745384
108181,22.0,19855.57,71.1,0.0,5.8,0,3,1,0.10493953987293825
108182,54.0,151752.43,36.9,12.7,1.7,0,2,1,0.08323311576301107
108183,31.0,84946.55,49.9,3.0,7.7,0,1,1,0.15533581621872666
108184,22.0,35432.12,93.7,3.7,10.7,0,3,1,0.15096297659417368
108185,39.0,92184.49,80.8,6.4,9.8,0,1,1,0.15543223650212462
108186,52.0,157474.47,71.3,17.0,8.3,0,0,1,0.13824131388700506
108187,30.0,71991.93,71.9,6.2,5.6,0,1,1,0.19087616005860214
108188,31.0,67211.05,57.9,4.1,15.7,0,3,1,0.10659358145694464
108189,43.0,70379.58,44.4,13.3,1.9,0,2,1,0.15559098607994787
108190,39.0,151538.73,75.8,16.6,11.0,0,0,1,0.1390361990120726
108191,55.0,117853.84,34.5,13.6,3.3,0,2,1,0.1659761083695533
108192,46.0,149017.1,80.5,19.0,2.3,0,0,1,0.09055100052393084
108193,21.0,32479.08,82.7,4.6,11.6,0,3,1,0.17340786217309634
108194,39.0,163136.55,63.9,20.5,12.0,0,0,1,0.10298077951350593
108195,43.0,123669.68,65.0,15.8,5.2,0,0,1,0.18230117713595462
108196,35.0,55756.84,41.9,6.0,7.3,0,1,1,0.18266998431710302
108197,50.0,79696.92,11.1,14.3,3.9,0,2,1,0.09868115946916156
108198,26.0,33041.53,83.0,3.5,10.3,0,3,1,0.20156200075814867
108199,40.0,72913.16,71.8,5.3,7.7,0,1,1,0.19439258468732373
108200,18.0,29227.09,76.0,4.5,9.6,0,3,1,0.15616414483182567
108201,27.0,30012.24,72.2,1.4,12.1,0,3,1,0.1816479851800022
108202,41.0,78852.42,78.4,16.1,8.6,0,0,1,0.15264222584133402
108203,18.0,32084.85,49.3,2.9,7.4,0,3,1,0.11905074393216908
108204,46.0,108067.5,33.8,11.5,1.8,0,2,1,0.16781096277600116
108205,40.0,57148.35,72.9,9.5,11.3,0,1,1,0.17192973110902554
108206,41.0,55234.05,58.5,6.6,9.5,0,1,1,0.20034464431373178
108207,36.0,59285.41,74.6,6.3,5.1,0,1,1,0.19157012899116138
108208,34.0,73954.97,59.9,7.9,7.7,0,1,1,0.206922117697606
108209,41.0,76723.34,32.2,12.6,1.0,0,2,1,0.1355939654545531
108210,38.0,132130.08,85.3,13.7,0.0,0,0,1,0.07997145099216862
108211,45.0,44920.92,53.9,4.0,6.1,0,1,1,0.16784667128547176
108212,42.0,180588.8,79.2,15.4,2.3,0,0,1,0.045061235491087315
108213,54.0,86114.63,27.8,14.4,0.0,0,2,1,0.12220732419001357
108214,50.0,105786.29,23.2,14.6,1.0,0,2,1,0.11268188851791916
108215,24.0,28006.54,50.6,2.2,12.4,0,3,1,0.1384315634474783
108216,19.0,28381.52,72.8,4.1,8.9,0,3,1,0.1764298357451805
108217,43.0,140913.12,66.8,21.4,4.9,0,0,1,0.14598467864144943
108218,56.0,116816.24,33.6,12.1,5.6,0,2,1,0.1657115505653991
108219,34.0,40839.58,55.5,10.3,8.7,0,1,1,0.1859662776369
108220,43.0,159057.4,70.6,18.1,6.7,0,0,1,0.1701441944476484
108221,38.0,56016.73,54.8,8.8,6.4,0,1,1,0.21580312522852518
108222,55.0,106079.79,34.2,11.3,0.0,0,2,1,0.1363037544824941
108223,31.0,68797.61,63.9,5.0,8.2,0,1,1,0.205072298957774
108224,44.0,163574.9,93.7,19.1,5.9,0,0,1,0.09097210350642881
108225,28.0,25998.43,100.0,0.5,11.3,0,3,1,0.092074502760497
108226,24.0,29617.2,73.2,5.7,11.7,0,3,1,0.18662918478812923
108227,51.0,124620.61,33.8,13.5,0.0,0,2,1,0.11671689896955689
108228,18.0,36088.17,81.1,7.3,7.9,0,3,1,0.1405547695176413
108229,46.0,133807.41,80.5,19.5,7.9,0,0,1,0.1539521237007918
108230,48.0,89199.44,23.9,12.7,0.0,0,2,1,0.12303572884087854
108231,21.0,37207.64,86.8,0.0,11.7,0,3,1,0.12518577176252388
108232,18.0,29820.91,85.7,1.0,14.3,0,3,1,0.08487338159892777
108233,44.0,151660.25,82.8,19.8,10.4,0,0,1,0.12131253124513885
108234,49.0,76003.14,32.2,12.9,0.1,0,2,1,0.12867300042165392
108235,46.0,149436.64,70.2,18.1,8.2,0,0,1,0.16829674545982554
108236,26.0,36299.37,100.0,3.3,8.1,0,3,1,0.12912579289963577
108237,33.0,104519.33,64.4,19.4,6.8,0,0,1,0.14607435121017182
108238,38.0,53830.32,62.6,8.7,5.8,0,1,1,0.21790521291700354
108239,54.0,87469.08,22.7,13.1,5.2,0,2,1,0.1625233385354069
108240,39.0,72663.74,55.5,6.6,6.1,0,1,1,0.21348275959545293
108241,26.0,31200.81,79.3,1.6,6.9,0,3,1,0.19141980223509109
108242,38.0,150498.09,71.6,17.0,10.0,0,0,1,0.1517723833777342
108243,50.0,127531.75,61.2,19.9,8.0,0,0,1,0.15229395674757523
108244,35.0,73358.12,55.4,7.8,7.5,0,1,1,0.209629652441998
108245,59.0,136615.83,81.4,17.5,9.4,0,0,1,0.09950246638598426
108246,23.0,36581.52,77.0,4.0,7.7,0,3,1,0.20368021602700181
108247,20.0,21159.27,81.7,1.7,16.6,0,3,1,0.058787577321623874
108248,22.0,39179.27,89.4,2.5,7.8,0,3,1,0.1598696305792659
108249,35.0,74665.46,80.9,4.5,7.0,0,1,1,0.16998901767779023
108250,21.0,29916.49,95.1,1.5,5.2,0,3,1,0.09834826425074217
108251,37.0,66236.11,53.8,5.6,7.5,0,1,1,0.2152093567173971
108252,18.0,34429.38,74.5,5.8,11.0,0,3,1,0.15115988132029073
108253,51.0,91072.17,15.7,11.8,3.4,0,2,1,0.127507411584669
108254,43.0,135204.5,86.3,17.5,5.5,0,0,1,0.13922264372581195
108255,44.0,87374.75,24.5,9.4,3.1,0,2,1,0.15784677703594796
108256,30.0,37385.74,65.2,3.1,11.3,0,3,1,0.20031570213594418
108257,55.0,122422.64,23.3,10.2,2.0,0,2,1,0.11938347536845945
108258,26.0,16322.17,75.7,0.0,10.0,0,3,1,0.14683181662094363
108259,62.0,110407.16,22.7,11.2,1.3,0,2,1,0.08586076550656452
108260,58.0,57349.01,30.6,10.6,0.5,0,2,1,0.09812723836419701
108261,44.0,44521.47,46.1,10.2,6.7,0,1,1,0.17570030128005054
108262,23.0,28398.01,78.0,2.1,7.8,0,3,1,0.19669132834556174
108263,36.0,141014.31,66.0,17.1,10.0,0,0,1,0.14428052565953986
108264,40.0,137230.5,88.7,18.8,6.4,0,0,1,0.11996308909146608
108265,47.0,92732.13,42.9,10.8,3.9,0,2,1,0.18973314744291592
108266,40.0,129725.06,59.2,18.4,8.3,0,0,1,0.18043575030322767
108267,50.0,141092.16,64.2,20.8,8.9,0,0,1,0.12944755162853705
108268,25.0,31538.62,78.9,1.1,9.5,0,3,1,0.1970060320077785
108269,51.0,99881.5,45.5,13.8,5.3,0,2,1,0.19417019978915634
108270,27.0,56352.59,39.1,9.0,6.4,0,1,1,0.1538025448090647
108271,35.0,53553.66,69.9,7.1,6.4,0,1,1,0.21690850986914112
108272,24.0,32754.59,75.9,5.4,13.5,0,3,1,0.18523456070278482
108273,43.0,118613.94,74.6,16.7,12.1,0,0,1,0.14669062161637325
108274,60.0,106112.27,22.7,10.9,3.2,0,2,1,0.13092937782265962
108275,19.0,29852.46,79.6,3.9,13.7,0,3,1,0.13657072285970062
108276,36.0,57879.12,44.4,7.6,5.4,0,1,1,0.19264585105062787
108277,35.0,54924.08,51.9,8.3,6.6,0,1,1,0.21157840681558665
108278,59.0,74725.41,46.8,10.9,3.6,0,2,1,0.14408318097247697
108279,45.0,164171.1,82.0,20.0,7.2,0,0,1,0.12981896166207713
108280,45.0,68116.25,27.9,7.0,5.7,0,2,1,0.16446641185423383
108281,34.0,68654.54,60.7,5.6,11.4,0,1,1,0.18676777741057743
108282,45.0,71185.81,23.7,12.8,5.0,0,2,1,0.15835289269507286
108283,32.0,54911.34,57.6,4.8,9.3,0,1,1,0.20996224661456697
108284,44.0,59572.51,61.1,7.1,11.0,0,1,1,0.17044478880056202
108285,34.0,29710.87,77.9,4.6,10.9,0,3,1,0.19016176731946832
108286,19.0,21351.24,71.6,3.6,8.7,0,3,1,0.15650484708704826
108287,31.0,55082.13,75.9,4.7,5.9,0,1,1,0.19619897014897314
108288,40.0,188299.58,56.9,16.4,8.1,0,0,1,0.10654646239213106
108289,37.0,74089.63,67.8,5.5,7.8,0,1,1,0.2016675943181513
108290,23.0,29143.74,87.8,3.4,14.7,0,3,1,0.14337496593653887
108291,54.0,110204.73,7.5,12.1,5.2,0,2,1,0.10150382378777123
108292,45.0,178067.86,77.8,15.5,9.5,0,0,1,0.09314479557782884
108293,40.0,54827.87,53.6,8.5,6.9,0,1,1,0.20675804713431628
108294,29.0,32902.04,55.9,3.1,8.7,0,1,1,0.1950919928586109
108295,55.0,101788.22,25.3,12.3,5.5,0,2,1,0.17201949171919761
108296,38.0,72618.22,47.5,6.6,0.2,0,1,1,0.14357107016576542
108297,58.0,96651.69,33.9,11.7,5.4,0,2,1,0.17791723260017406
108298,29.0,30322.79,82.1,3.8,3.4,0,1,1,0.1474618772558165
108299,20.0,34508.46,90.3,5.7,6.3,0,3,1,0.1232613984337198
108300,41.0,73530.02,62.1,3.0,5.4,0,1,1,0.18310300850722216
108301,53.0,90965.65,13.3,11.5,1.2,0,2,1,0.09516410793332741
108302,39.0,67356.01,63.2,6.3,7.1,0,1,1,0.21585210591148518
108303,24.0,37262.52,72.7,1.5,12.9,0,3,1,0.17753906394367563
108304,40.0,67199.82,73.8,11.2,10.7,0,1,1,0.1711244921244398
108305,48.0,109211.76,36.1,10.9,1.8,0,2,1,0.1650058112984536
108306,25.0,36705.01,91.8,4.3,11.7,0,3,1,0.15951846415570425
108307,51.0,98702.57,20.1,13.1,5.3,0,2,1,0.15389263928196978
108308,62.0,94321.15,46.9,11.1,9.1,0,2,1,0.10762664228851448
108309,43.0,74632.46,58.6,6.6,5.9,0,1,1,0.20484592096273702
108310,38.0,151784.6,69.5,18.8,8.5,0,0,1,0.1604261559552871
108311,38.0,166744.25,73.0,19.7,4.5,0,0,1,0.11002099057172199
108312,32.0,57621.23,60.4,6.8,11.1,0,1,1,0.20001133403308202
108313,29.0,27789.88,100.0,2.8,13.9,0,3,1,0.0858138357956435
108314,35.0,68971.92,67.5,4.0,12.2,0,3,1,0.1692285346980542
108315,20.0,29989.18,71.9,1.9,8.4,0,3,1,0.17696911362516227
108316,30.0,70495.41,59.2,6.7,10.0,0,1,1,0.19188338150173467
108317,52.0,100686.8,88.2,18.0,3.9,0,0,1,0.08403437486644427
108318,45.0,137053.69,80.6,18.3,9.1,0,0,1,0.16070154671962184
108319,34.0,50522.71,65.4,6.0,8.2,0,1,1,0.2121033333618394
108320,43.0,60216.71,65.0,6.9,5.9,0,1,1,0.2125240326786651
108321,18.0,31773.06,76.4,1.3,3.9,0,3,1,0.1050368686061619
108322,28.0,81923.35,58.4,4.1,5.2,0,1,1,0.1571628177783453
108323,24.0,34585.35,75.7,7.0,16.2,0,3,1,0.11856470871356484
108324,45.0,130770.69,75.8,15.3,11.0,0,0,1,0.15124620409815998
108325,44.0,109583.08,66.2,19.1,3.0,0,0,1,0.146058253605297
108326,20.0,29316.61,87.8,6.4,11.1,0,3,1,0.15170444154047763
108327,36.0,75903.25,70.0,12.3,0.0,0,1,1,0.12506709343498168
108328,64.0,72154.29,40.7,9.7,10.6,0,2,1,0.07146673543309168
108329,36.0,125250.26,82.5,16.9,9.5,0,0,1,0.13569125721559033
108330,40.0,63976.68,46.9,5.4,5.8,0,1,1,0.19333355803985836
108331,27.0,36675.37,80.1,4.4,5.2,0,3,1,0.18036110216406942
108332,53.0,93890.44,40.0,13.5,0.8,0,2,1,0.1465872252034558
108333,23.0,39686.59,81.0,2.8,6.3,0,3,1,0.1772616371422594
108334,55.0,71226.54,33.2,11.0,5.2,0,2,1,0.174318931081957
108335,21.0,30108.09,68.9,2.5,10.6,0,3,1,0.17850000038062247
108336,50.0,89638.82,36.6,14.0,6.2,0,2,1,0.17721593598696012
108337,37.0,159338.25,85.7,19.4,0.8,0,0,1,0.036635458808981336
108338,25.0,39968.86,73.5,8.8,3.5,0,1,1,0.14860488697544383
108339,37.0,70073.01,59.7,7.3,3.9,0,1,1,0.19270105389356523
108340,49.0,104809.66,13.9,13.8,3.7,0,2,1,0.1180647897124143
108341,27.0,36875.18,100.0,5.8,6.4,0,3,1,0.11437933490790009
108342,63.0,48602.03,30.6,12.3,3.0,0,2,1,0.08235810646768216
108343,53.0,92114.36,47.8,11.0,3.7,0,2,1,0.17751380196705357
108344,45.0,72804.29,56.3,7.9,12.6,0,1,1,0.1473185315895238
108345,36.0,112595.56,66.3,18.4,10.9,0,0,1,0.14890939335591957
108346,32.0,51491.28,44.9,5.1,5.0,0,1,1,0.16975890575209335
108347,41.0,85401.35,24.5,11.7,9.1,0,2,1,0.14481510039366657
108348,18.0,37840.28,94.7,4.9,11.0,0,3,1,0.11454130110888205
108349,31.0,35645.5,89.1,3.2,6.8,0,3,1,0.17733959430080765
108350,30.0,47031.45,74.6,3.0,10.3,0,3,1,0.19754963210108267
108351,36.0,118623.58,75.0,17.8,8.1,0,0,1,0.1522703144165387
108352,43.0,137071.44,64.3,18.9,9.0,0,0,1,0.17382092947681382
108353,39.0,150451.35,65.8,19.3,7.9,0,0,1,0.16612236835830013
108354,26.0,33013.88,77.4,3.7,12.5,0,3,1,0.1991060318115273
108355,37.0,63163.59,54.5,3.4,7.1,0,1,1,0.2040651538954773
108356,46.0,85322.29,26.3,10.6,2.0,0,2,1,0.1651556493027283
108357,54.0,100689.97,36.1,14.4,13.2,0,2,1,0.09381939118653904
108358,27.0,37230.44,80.8,4.3,5.1,0,3,1,0.17320866210775698
108359,29.0,86726.71,65.8,20.7,8.8,0,0,1,0.09775700878940508
108360,22.0,35279.98,81.5,0.3,11.4,0,3,1,0.14806183686413332
108361,28.0,44100.68,77.2,6.4,8.8,0,3,1,0.2053077576273432
108362,55.0,125006.23,78.4,18.6,12.5,0,0,1,0.09749112353877065
108363,43.0,50366.27,54.6,11.3,7.3,0,1,1,0.18072062867072392
108364,40.0,50054.91,55.5,5.6,9.8,0,1,1,0.18852691066806154
108365,56.0,115923.67,24.1,13.1,4.1,0,2,1,0.14160925624041076
108366,31.0,151672.53,84.9,21.1,7.9,0,0,1,0.07291372936944207
108367,28.0,35141.35,70.4,1.2,9.9,0,3,1,0.19307028904934936
108368,51.0,96508.44,30.8,12.4,0.8,0,2,1,0.1537836669003802
108369,44.0,41689.81,57.2,6.6,6.6,0,1,1,0.18888518436320173
108370,20.0,23296.29,80.4,2.6,11.2,0,3,1,0.15703111248868745
108371,28.0,81156.99,57.2,0.9,7.6,0,1,1,0.1403592072171848
108372,34.0,49353.31,70.3,8.9,8.0,0,1,1,0.21187758185315309
108373,24.0,34907.95,62.2,3.4,13.7,0,3,1,0.16573164285070102
108374,41.0,50275.41,59.9,4.8,7.5,0,1,1,0.19962391522225342
108375,48.0,80122.86,38.6,10.5,1.6,0,2,1,0.16919425210036915
108376,54.0,69666.39,31.8,8.9,0.0,0,2,1,0.12047042588560414
108377,58.0,87880.38,27.8,13.7,8.8,0,2,1,0.11704405412925817
108378,44.0,165722.15,66.5,18.1,8.0,0,0,1,0.1499500165678443
108379,38.0,72765.32,43.3,5.2,5.5,0,1,1,0.17816867434771133
108380,31.0,64564.61,60.2,7.1,5.8,0,1,1,0.2100599698187176
108381,43.0,64417.47,56.5,7.1,9.2,0,1,1,0.19127257515840973
108382,53.0,80222.26,52.6,12.9,0.5,0,2,1,0.13089910100721858
108383,18.0,35967.56,90.9,3.9,11.8,0,3,1,0.1300284120198006
108384,39.0,62053.08,41.2,5.6,9.4,0,1,1,0.16139104374717145
108385,27.0,30873.16,72.5,3.3,9.0,0,3,1,0.2140105832723303
108386,36.0,63475.74,50.2,8.6,6.5,0,1,1,0.21351225013610087
108387,45.0,141599.64,87.4,19.1,9.2,0,0,1,0.1250640468299215
108388,54.0,130636.05,34.6,12.3,4.3,0,2,1,0.1524384688607504
108389,26.0,63038.03,68.2,8.0,11.5,0,3,1,0.15725593298050028
108390,56.0,103584.86,43.9,12.7,3.2,0,2,1,0.17066858741751295
108391,51.0,54250.05,51.0,11.6,0.9,0,2,1,0.12370642624512851
108392,34.0,81609.81,58.7,7.5,13.3,0,1,1,0.14216892668812886
108393,40.0,58783.9,41.0,8.3,5.0,0,1,1,0.185853193485995
108394,55.0,94175.57,39.1,13.8,0.0,0,2,1,0.13519184332896672
108395,25.0,31895.23,80.9,4.0,10.5,0,3,1,0.20885020633635015
108396,33.0,49395.86,42.1,7.2,8.6,0,1,1,0.17247145297259486
108397,34.0,71271.07,56.9,6.8,2.7,0,1,1,0.17164911482551515
108398,50.0,110743.6,49.0,11.6,6.6,0,2,1,0.19283319572877883
108399,50.0,116378.04,75.2,18.4,11.2,0,0,1,0.12720420831543228
108400,48.0,100398.61,32.4,12.8,7.7,0,2,1,0.1821140570410028
108401,43.0,75728.79,100.0,32.6,10.0,1,0,-1,-0.02203431385489929
108402,27.0,30486.76,68.8,0.0,5.2,0,3,1,0.14443339022456453
108403,50.0,90036.19,39.1,13.2,10.8,0,2,1,0.1366192919902789
108404,39.0,90830.39,62.7,21.4,8.0,0,0,1,0.1401238229394876
108405,48.0,125816.01,67.0,14.6,7.0,0,0,1,0.1809809701818617
108406,43.0,161861.89,77.6,22.0,7.5,0,0,1,0.12519167582415436
108407,25.0,31910.14,71.0,3.8,9.2,0,3,1,0.21307807045547666
108408,60.0,81500.58,31.6,9.5,5.0,0,2,1,0.14074759137220866
108409,36.0,139795.64,60.3,16.0,5.7,0,0,1,0.15081722475212156
108410,56.0,93382.99,33.8,13.1,2.0,0,2,1,0.1561779806802412
108411,42.0,76208.43,32.1,11.9,5.7,0,2,1,0.1765069182348552
108412,35.0,73348.86,61.6,4.2,0.0,0,1,1,0.13220081177009235
108413,47.0,97357.03,38.7,11.8,4.4,0,2,1,0.1979888266271742
108414,43.0,62156.44,61.5,10.2,1.6,0,1,1,0.16544612851585117
108415,33.0,17259.4,69.7,1.9,5.1,0,1,1,0.15135684346163297
108416,42.0,138710.34,79.4,19.4,8.5,0,0,1,0.15765619568008438
108417,49.0,156252.01,68.8,18.2,6.1,0,0,1,0.14509377221398118
108418,37.0,150783.43,57.0,17.6,1.1,0,0,1,0.0653600831118466
108419,36.0,53886.93,63.7,6.6,6.6,0,1,1,0.2249066687482958
108420,24.0,28478.02,72.3,1.9,9.6,0,3,1,0.19784666621076236
108421,33.0,67027.13,40.3,4.0,12.7,0,1,1,0.12629628066254583
108422,41.0,114429.57,71.7,19.5,9.9,0,0,1,0.16031533932938913
108423,48.0,86233.32,31.7,12.6,4.1,0,2,1,0.18544605079232135
108424,38.0,127160.16,69.3,21.0,7.5,0,0,1,0.1527768043330493
108425,53.0,58995.54,41.2,7.7,10.1,0,1,1,0.11229755091705262
108426,54.0,98363.28,31.2,11.4,0.0,0,2,1,0.1368278576918694
108427,56.0,88516.47,46.5,10.9,3.8,0,2,1,0.16743094730450703
108428,30.0,39694.8,86.4,0.0,6.2,0,3,1,0.14334801145560927
108429,47.0,122399.71,72.7,18.4,8.8,0,0,1,0.16932851114298003
108430,47.0,112490.85,29.8,13.2,3.4,0,2,1,0.16843839974699282
108431,34.0,40343.37,99.3,6.3,9.6,0,3,1,0.11740482612995662
108432,21.0,25459.95,80.7,3.0,9.9,0,3,1,0.17511335259983746
108433,39.0,149096.94,68.2,17.0,8.5,0,0,1,0.16892527530483736
108434,52.0,70612.32,27.1,13.1,3.9,0,2,1,0.15919117960509188
108435,42.0,106949.5,34.5,9.9,2.0,0,2,1,0.1598696616816933
108436,53.0,57232.49,39.2,14.0,6.7,0,2,1,0.1438526733016361
108437,42.0,53295.9,68.3,7.5,4.5,0,1,1,0.193999181148722
108438,54.0,102462.68,50.4,14.4,1.9,0,2,1,0.1436716032021116
108439,45.0,148314.97,74.5,17.4,13.3,0,0,1,0.12129919722477617
108440,21.0,41598.38,63.8,2.2,12.3,0,3,1,0.15231808236003458
108441,47.0,82431.5,40.3,8.5,7.3,0,2,1,0.1835128208213565
108442,43.0,78979.7,61.3,6.1,5.9,0,1,1,0.19937550718377794
108443,37.0,63446.17,54.2,10.2,6.3,0,1,1,0.21019714505127696
108444,43.0,63115.16,58.4,8.0,8.5,0,1,1,0.20252874267487647
108445,42.0,154230.05,78.9,21.3,8.2,0,0,1,0.13509452797162308
108446,20.0,28096.85,100.0,0.0,6.4,0,3,1,0.054960039341263034
108447,36.0,55135.09,66.2,8.5,5.4,0,1,1,0.2177144051926448
108448,60.0,76133.07,27.6,15.1,0.1,0,2,1,0.07065637414285308
108449,26.0,41033.11,52.0,2.3,12.8,0,3,1,0.15093833433758397
108450,51.0,96014.15,36.9,12.6,1.6,0,2,1,0.16609913918958613
108451,47.0,146426.09,60.5,17.1,3.8,0,0,1,0.1411036566774212
108452,25.0,34826.15,80.1,4.1,10.4,0,3,1,0.2083720155759206
108453,28.0,31263.27,85.0,0.4,5.8,0,3,1,0.14114664677376726
108454,43.0,157248.46,69.2,19.3,8.9,0,0,1,0.15349349374396748
108455,18.0,45382.64,65.4,1.1,13.4,0,3,1,0.0935468689884712
108456,24.0,27577.43,73.3,1.2,7.6,0,3,1,0.18618393933958344
108457,47.0,127447.31,61.3,16.5,7.5,0,0,1,0.1834519963217528
108458,39.0,132238.71,75.5,17.0,5.4,0,0,1,0.16608504683375197
108459,49.0,118805.53,56.7,12.1,6.2,0,2,1,0.17873915409302127
108460,47.0,84908.25,39.5,7.3,6.3,0,2,1,0.17746410036410348
108461,40.0,112837.51,75.9,20.9,7.1,0,0,1,0.1486058770032716
108462,53.0,102757.96,37.4,10.0,4.7,0,2,1,0.1878939393124925
108463,53.0,48322.18,43.6,9.0,4.4,0,2,1,0.14183203342339518
108464,51.0,133855.74,61.5,19.1,12.2,0,0,1,0.11467626104323936
108465,46.0,54650.57,46.8,13.7,5.2,0,2,1,0.17051404953999155
108466,27.0,68670.07,68.3,11.3,6.2,0,1,1,0.1711599166657452
108467,37.0,37976.23,67.7,8.9,8.2,0,1,1,0.19954180953094441
108468,42.0,53275.38,55.8,6.6,10.3,0,1,1,0.18465212237843048
108469,42.0,65545.58,60.7,8.1,6.0,0,1,1,0.21704964574614322
108470,43.0,56956.42,62.3,5.8,9.8,0,1,1,0.18592178554347455
108471,36.0,85062.86,56.7,8.9,5.1,0,1,1,0.1954323186447704
108472,41.0,138940.39,75.5,16.5,6.3,0,0,1,0.1717141567415691
108473,36.0,66449.46,57.6,6.6,3.0,0,1,1,0.18531238209218837
108474,27.0,36854.89,87.6,3.3,8.2,0,3,1,0.19273220774494876
108475,34.0,63721.89,57.8,5.3,2.0,0,1,1,0.16756073915010838
108476,21.0,30405.08,81.1,2.2,9.2,0,3,1,0.1819150128728403
108477,53.0,121789.96,33.3,8.9,1.9,0,2,1,0.12913797084692197
108478,45.0,78004.86,67.4,8.4,9.1,0,1,1,0.18611937350083357
108479,35.0,71679.03,67.1,8.7,5.2,0,1,1,0.19856749346791813
108480,41.0,123827.58,82.0,18.6,9.2,0,0,1,0.16046890281525172
108481,27.0,23866.73,86.8,1.9,8.7,0,3,1,0.1629353863325695
108482,20.0,32460.84,77.3,0.2,4.6,0,3,1,0.10841707445056359
108483,42.0,160511.82,79.2,20.0,7.4,0,0,1,0.1374298253947408
108484,50.0,93100.95,43.0,15.2,2.6,0,2,1,0.14582630070804914
108485,51.0,95528.53,32.3,10.8,3.6,0,2,1,0.19458742968961823
108486,39.0,158284.37,86.7,17.4,13.0,0,0,1,0.0863018782856203
108487,42.0,122424.89,78.9,16.2,9.9,0,0,1,0.16094273105595008
108488,25.0,29674.84,72.9,1.3,13.1,0,3,1,0.17433414484454846
108489,51.0,100321.84,34.9,11.6,5.0,0,2,1,0.19930444073930387
108490,55.0,97368.55,33.1,9.8,2.2,0,2,1,0.1618664969821157
108491,22.0,32092.45,60.6,4.2,11.0,0,3,1,0.17681643210343745
108492,40.0,116909.74,65.1,15.4,7.0,0,0,1,0.18448868497505838
108493,35.0,72250.07,62.7,9.5,7.3,0,1,1,0.20450220366676408
108494,38.0,183865.54,68.8,14.9,8.7,0,0,1,0.09573558556849071
108495,44.0,93552.78,30.2,13.0,6.9,0,2,1,0.17962165738917096
108496,34.0,57579.05,65.6,5.5,7.2,0,1,1,0.22095495009753996
108497,27.0,27446.16,75.0,3.2,14.0,0,3,1,0.17289655548570576
108498,37.0,136240.34,85.5,19.9,7.2,0,0,1,0.12134282128198448
108499,52.0,102856.22,39.8,14.8,7.4,0,2,1,0.1759129210906918
108500,18.0,22812.51,72.6,0.0,13.9,0,3,1,0.07228543654487918
108501,18.0,30276.76,69.3,0.0,13.5,0,3,1,0.09328004443250293
108502,49.0,127610.52,49.1,12.0,0.0,0,2,1,0.12682430933294203
108503,22.0,45166.78,82.3,2.7,8.2,0,3,1,0.15864418565308486
108504,56.0,101321.96,37.8,14.3,7.2,0,2,1,0.16813990012183638
108505,54.0,67864.57,25.2,10.8,3.9,0,2,1,0.14819715658812688
108506,31.0,43823.01,81.9,4.1,5.5,0,1,1,0.17794943679696185
108507,50.0,85541.4,28.6,13.2,2.6,0,2,1,0.15822266092363907
108508,18.0,36853.36,90.0,3.6,9.5,0,3,1,0.1376846311901216
108509,39.0,118900.05,82.7,16.5,14.0,0,0,1,0.08617679214844742
108510,48.0,148559.23,99.1,20.6,6.7,0,0,1,0.058719261175208204
108511,31.0,57268.24,57.0,5.5,3.6,0,1,1,0.18831280180673043
108512,37.0,71912.42,76.6,7.2,8.8,0,1,1,0.18867581890414442
108513,27.0,71582.23,47.9,7.6,6.9,0,1,1,0.16692413565491843
108514,42.0,102610.18,64.4,16.1,6.2,0,0,1,0.18856220072070723
108515,42.0,58063.81,51.3,8.3,8.0,0,1,1,0.1995953535832573
108516,62.0,112290.24,15.1,13.6,6.1,0,2,1,0.06883789627552406
108517,51.0,134998.17,83.0,17.3,8.9,0,0,1,0.1321451682802282
108518,19.0,24083.18,86.7,3.0,6.2,0,3,1,0.1258168244929651
108519,56.0,48220.92,26.9,8.7,7.6,0,2,1,0.11355382420402083
108520,22.0,32454.49,81.0,4.6,12.1,0,3,1,0.18103895775418033
108521,56.0,90459.93,43.5,10.7,2.8,0,2,1,0.15910006577584185
108522,28.0,80708.48,48.1,9.8,8.6,0,1,1,0.15381242055763777
108523,44.0,149248.31,61.3,21.2,6.9,0,0,1,0.1477104675377784
108524,41.0,55937.18,43.7,11.0,5.2,0,1,1,0.17933488125919028
108525,26.0,14560.04,77.3,4.2,10.4,0,3,1,0.17452856561701202
108526,43.0,134681.86,80.7,15.4,7.3,0,0,1,0.15718744036142934
108527,50.0,102635.9,70.9,15.8,8.9,0,0,1,0.15934909188589308
108528,52.0,78857.77,35.2,12.1,2.2,0,2,1,0.16572665357043537
108529,50.0,83918.66,12.2,13.9,7.6,0,2,1,0.10403316410929431
108530,18.0,38958.32,82.0,0.8,9.4,0,3,1,0.12216594603196285
108531,48.0,110788.82,25.8,16.2,7.5,0,2,1,0.14974947862216453
108532,18.0,41437.34,85.3,2.7,12.0,0,3,1,0.13512342936632304
108533,29.0,27632.06,86.3,2.1,12.4,0,3,1,0.1601016699147203
108534,42.0,114615.07,78.3,17.2,8.5,0,0,1,0.1683140583476429
108535,54.0,120124.45,30.6,10.3,8.9,0,2,1,0.1351557578152781
108536,24.0,28859.96,81.6,2.3,9.2,0,3,1,0.1949583825855013
108537,37.0,26309.05,63.6,5.5,8.9,0,1,1,0.17789058437392885
108538,45.0,156083.52,54.5,20.3,6.3,0,0,1,0.12635447754132545
108539,33.0,27413.57,93.7,6.5,8.5,0,3,1,0.14434034961477754
108540,23.0,30191.08,93.2,3.4,11.6,0,3,1,0.15056413744150277
108541,23.0,34719.35,83.4,1.8,15.3,0,3,1,0.13457609470708648
108542,23.0,37932.77,65.4,4.4,13.2,0,3,1,0.1734277550173257
108543,37.0,74007.02,50.9,7.9,2.4,0,1,1,0.1658130472708101
108544,44.0,120018.91,71.3,20.8,13.2,0,0,1,0.10102125875436008
108545,30.0,75897.26,72.0,7.6,11.1,0,3,1,0.1686463658760436
108546,34.0,56264.73,52.9,8.4,6.7,0,1,1,0.21479356288625018
108547,48.0,83578.93,35.0,10.3,6.0,0,2,1,0.19420001257758396
108548,58.0,111652.8,64.1,12.8,9.1,0,0,1,0.13503856268508485
108549,53.0,90238.99,36.2,12.3,3.6,0,2,1,0.1864924669878295
108550,47.0,78251.66,46.3,13.7,9.3,0,2,1,0.16933262578493452
108551,50.0,86688.73,23.5,14.1,1.3,0,2,1,0.12662698799106503
108552,52.0,100356.12,19.4,13.6,7.0,0,2,1,0.14301706287199228
108553,53.0,93515.72,34.7,14.8,4.2,0,2,1,0.17602690888125105
108554,52.0,83258.51,7.0,14.2,4.0,0,2,1,0.08510847078395245
108555,48.0,131086.18,39.4,11.6,7.1,0,2,1,0.17499043584961577
108556,26.0,34007.47,71.9,4.4,12.8,0,3,1,0.19823345188056612
108557,49.0,62597.34,44.5,13.3,6.5,0,2,1,0.17265625351236602
108558,52.0,111462.31,28.5,11.6,0.9,0,2,1,0.1384019535682096
108559,42.0,61478.24,60.3,7.9,6.3,0,1,1,0.21269438197885504
108560,47.0,181781.9,81.8,14.6,8.3,0,0,1,0.09002733616825753
108561,37.0,75863.56,52.5,4.9,9.5,0,1,1,0.1838326679899035
108562,24.0,28407.13,75.4,0.2,10.5,0,3,1,0.17273048402232838
108563,41.0,153431.16,70.0,18.1,6.6,0,0,1,0.17193133816951622
108564,23.0,25492.58,88.3,2.9,4.0,0,3,1,0.12532414181612522
108565,28.0,73579.02,57.6,7.0,7.0,0,1,1,0.19257285818887687
108566,38.0,79081.31,62.5,7.6,5.3,0,1,1,0.207041433091594
108567,35.0,151956.72,77.6,20.2,13.1,0,0,1,0.06833647595600745
108568,30.0,55147.71,64.7,7.0,11.3,0,3,1,0.20012283167140243
108569,51.0,129217.22,35.6,15.3,0.0,0,2,1,0.09326555852856633
108570,54.0,95398.56,14.1,12.0,0.3,0,2,1,0.0749435894939583
108571,49.0,100218.65,33.8,12.7,4.5,0,2,1,0.18739576059052238
108572,55.0,146533.07,73.1,18.8,7.9,0,0,1,0.12989836620397055
108573,35.0,157434.35,84.9,21.1,10.1,0,0,1,0.056941220263906134
108574,35.0,64934.37,75.9,6.6,3.4,0,1,1,0.1665563344493433
108575,54.0,114343.56,56.3,18.6,9.2,0,0,1,0.13338946350235414
108576,38.0,71801.28,56.4,6.7,5.3,0,1,1,0.21035207517312882
108577,25.0,35121.5,87.1,1.2,6.3,0,3,1,0.16782617408707307
108578,28.0,28952.88,68.1,0.0,14.2,0,3,1,0.13413512671963318
108579,53.0,104327.88,39.4,12.4,3.9,0,2,1,0.1956908267569818
108580,24.0,26373.01,60.3,7.5,10.1,0,3,1,0.15803330196509496
108581,50.0,81303.57,45.5,12.3,1.4,0,2,1,0.15722566013007677
108582,34.0,65474.17,54.1,8.6,13.4,0,1,1,0.1556102874521602
108583,34.0,58819.98,49.7,6.7,1.1,0,1,1,0.1536868888697615
108584,29.0,24315.21,69.9,3.2,14.1,0,3,1,0.15388702924670206
108585,39.0,135295.87,74.9,16.7,7.6,0,0,1,0.17096745852947176
108586,28.0,56110.97,70.3,8.6,5.7,0,1,1,0.1970470335703019
108587,19.0,30776.79,63.4,2.6,8.8,0,3,1,0.1633781730568032
108588,34.0,60424.7,63.4,4.9,9.9,0,1,1,0.20922151302194397
108589,42.0,86549.05,61.0,9.9,9.9,0,1,1,0.1805635840030707
108590,53.0,74187.98,44.0,12.5,9.4,0,2,1,0.148697997028427
108591,40.0,73782.95,52.2,7.5,1.2,0,1,1,0.15896238357561415
108592,27.0,39014.35,91.9,2.3,4.6,0,3,1,0.12186201642717759
108593,40.0,138038.48,76.1,13.9,7.7,0,0,1,0.1555211142838413
108594,31.0,78143.09,34.7,9.0,6.5,0,1,1,0.16857371069174387
108595,18.0,41661.97,91.5,5.5,10.3,0,3,1,0.11111143072565322
108596,49.0,96113.31,40.5,10.9,1.4,0,2,1,0.16783521279646135
108597,54.0,98341.69,44.3,15.0,6.6,0,2,1,0.16946178529395867
108598,46.0,94777.78,38.9,13.6,6.6,0,2,1,0.1969365104138019
108599,36.0,56526.83,68.1,7.8,7.8,0,1,1,0.21741820411919172
108600,32.0,85433.95,60.5,6.8,7.7,0,1,1,0.17858731705847586
108601,35.0,47617.42,61.0,4.1,7.3,0,1,1,0.2043701997925057
108602,18.0,19591.16,84.1,0.8,11.3,0,3,1,0.10288492876835797
108603,37.0,63639.09,51.7,6.7,5.0,0,1,1,0.2098210525842062
108604,48.0,127828.03,69.5,19.5,6.1,0,0,1,0.17536980822547366
108605,43.0,76857.72,45.6,12.2,4.9,0,2,1,0.19137238640398385
108606,37.0,81956.93,37.2,6.7,7.1,0,1,1,0.17270789567478861
108607,24.0,36605.15,86.2,2.6,4.9,0,3,1,0.15406383562732445
108608,65.0,94893.36,35.9,14.5,2.8,0,2,1,0.08658622771771451
108609,30.0,30234.22,96.3,3.9,8.0,0,3,1,0.13470726803216998
108610,35.0,35469.8,71.9,0.2,12.1,0,3,1,0.15325336531948724
108611,31.0,34229.45,81.3,6.1,11.8,0,3,1,0.18184691150003085
108612,49.0,84484.53,40.6,13.0,7.3,0,2,1,0.18661771093101426
108613,54.0,106625.73,38.5,13.9,6.2,0,2,1,0.1823911673651511
108614,23.0,30914.99,81.2,3.2,13.9,0,3,1,0.17130547628761095
108615,25.0,23801.16,66.2,2.5,12.2,0,3,1,0.1684097226898888
108616,48.0,106137.7,27.3,12.3,5.2,0,2,1,0.1801450977898335
108617,46.0,101765.36,51.2,11.6,4.2,0,2,1,0.19033229281339126
108618,53.0,96549.8,100.0,44.2,0.0,1,0,-1,-0.05842900539395013
108619,26.0,25808.15,81.8,4.4,11.2,0,3,1,0.18987065146600524
108620,48.0,100393.48,32.9,10.8,10.2,0,2,1,0.15484533983630305
108621,39.0,152467.24,87.3,18.8,6.2,0,0,1,0.1242576994287854
108622,49.0,71111.94,35.9,12.3,3.2,0,2,1,0.171045046672401
108623,31.0,31784.97,62.5,6.0,6.6,0,1,1,0.19846725775047286
108624,55.0,106605.64,34.6,14.0,4.4,0,2,1,0.18089513568081372
108625,34.0,39207.43,41.1,12.6,9.3,0,1,1,0.148581240679795
108626,30.0,46741.67,74.9,2.8,5.2,0,1,1,0.1799271874386627
108627,35.0,59015.94,100.0,44.9,9.3,1,0,-1,-0.04052230364883491
108628,48.0,110494.37,72.8,18.8,13.8,0,0,1,0.09760558434871547
108629,37.0,60716.01,69.4,6.6,8.6,0,1,1,0.21784182392748674
108630,45.0,128118.91,65.6,17.9,6.7,0,0,1,0.1911806182467925
108631,29.0,70052.05,63.7,5.5,4.5,0,1,1,0.18692812994190272
108632,38.0,81553.32,68.2,9.4,6.1,0,1,1,0.20471514261535917
108633,26.0,31237.38,70.7,3.4,7.4,0,3,1,0.21222260645212043
108634,48.0,87388.87,31.6,11.9,0.0,0,2,1,0.14512856352338577
108635,19.0,41048.23,77.9,4.1,11.2,0,3,1,0.17039227176098382
108636,35.0,52146.45,52.5,10.9,5.4,0,1,1,0.1919456565826464
108637,33.0,29607.8,74.8,3.2,9.5,0,3,1,0.19988087798601906
108638,31.0,61841.38,43.3,7.7,7.7,0,1,1,0.18188892851894184
108639,40.0,56455.19,65.4,7.9,7.4,0,1,1,0.2129737106367786
108640,34.0,34711.91,73.4,6.1,11.5,0,3,1,0.1941909190546296
108641,45.0,41298.55,55.0,6.4,1.3,0,1,1,0.1266832555084083
108642,44.0,130632.46,52.0,16.5,12.2,0,0,1,0.13295045846256132
108643,29.0,27900.47,70.6,4.7,4.1,0,1,1,0.1669803569204944
108644,39.0,41557.61,74.4,8.3,1.5,0,1,1,0.11866021253359593
108645,34.0,65540.99,38.1,6.9,8.4,0,1,1,0.1746244895062084
108646,26.0,70326.7,56.8,8.8,6.3,0,1,1,0.16958676869820283
108647,47.0,75254.39,31.9,11.6,7.2,0,2,1,0.1773662783620899
108648,23.0,23012.55,73.4,0.0,11.0,0,3,1,0.15132451626542365
108649,39.0,70373.24,55.0,5.6,5.5,0,1,1,0.20631062140521556
108650,52.0,86293.13,51.1,11.3,3.7,0,2,1,0.17209218729976278
108651,32.0,53866.46,45.3,4.9,12.6,0,1,1,0.14983515891654947
108652,46.0,131460.17,65.4,20.5,5.5,0,0,1,0.1560458002915669
108653,34.0,151974.97,62.7,15.4,4.7,0,0,1,0.11960493804005412
108654,26.0,31399.58,68.2,3.9,7.5,0,3,1,0.21192070261559648
108655,28.0,47404.39,58.2,5.4,7.3,0,1,1,0.20443307744833128
108656,30.0,28371.17,100.0,3.6,9.5,0,3,1,0.11729609202028507
108657,18.0,29992.5,75.5,4.5,8.2,0,3,1,0.16074179184539933
108658,38.0,62468.96,67.7,9.1,8.0,0,1,1,0.21579673516927161
108659,56.0,114212.96,40.4,12.6,5.2,0,2,1,0.1792320939036478
108660,44.0,63256.88,65.3,5.6,11.5,0,1,1,0.16063509960820238
108661,26.0,30010.8,77.3,2.6,10.0,0,3,1,0.20610269098312156
108662,25.0,30866.6,62.1,6.5,10.8,0,3,1,0.18370190541342657
108663,44.0,138789.75,81.1,18.1,7.1,0,0,1,0.1682370593570554
108664,42.0,171533.03,74.0,17.9,6.7,0,0,1,0.14964690795393926
108665,22.0,38224.47,68.8,4.3,12.1,0,3,1,0.1693480411552929
108666,53.0,91752.87,20.2,13.3,0.0,0,2,1,0.10063052236417536
108667,37.0,62581.34,65.7,5.2,4.2,0,1,1,0.2007855071481811
108668,55.0,92079.22,14.8,12.0,9.4,0,2,1,0.09531094758860792
108669,55.0,74726.35,39.7,14.0,0.0,0,2,1,0.12515173955305364
108670,42.0,172748.42,56.8,17.4,7.4,0,0,1,0.13994840170327427
108671,22.0,39924.9,90.2,2.4,6.9,0,3,1,0.12951134478473658
108672,42.0,70648.09,57.8,8.3,8.9,0,1,1,0.20527161762473295
108673,39.0,125031.56,72.1,14.1,7.0,0,0,1,0.17499582776638767
108674,20.0,32987.27,66.7,3.9,10.7,0,3,1,0.18150588680057134
108675,23.0,34702.56,83.9,2.5,10.1,0,3,1,0.1949252923520327
108676,49.0,83195.38,50.8,11.6,4.0,0,2,1,0.17342618476834643
108677,52.0,101352.98,29.6,11.1,6.8,0,2,1,0.18183447297516536
108678,45.0,98196.21,26.8,8.0,3.8,0,2,1,0.1497467014531752
108679,46.0,72199.85,61.0,13.1,5.7,0,1,1,0.19232174740690228
108680,52.0,74580.12,33.3,11.3,0.0,0,2,1,0.13789016801364667
108681,33.0,31484.95,69.7,3.2,5.9,0,1,1,0.19826519053746328
108682,47.0,121273.56,29.8,12.0,4.3,0,2,1,0.16734172074720088
108683,51.0,85788.69,57.7,10.5,1.3,0,2,1,0.1436163384446048
108684,45.0,107620.47,82.2,17.6,8.4,0,0,1,0.15895925192887156
108685,25.0,30044.19,87.2,4.3,11.5,0,3,1,0.1840145845327566
108686,18.0,29991.76,76.9,6.5,5.8,0,3,1,0.1253514095084593
108687,49.0,113495.09,25.6,10.7,9.0,0,2,1,0.14384907145867543
108688,26.0,36941.85,85.2,3.2,10.3,0,3,1,0.19508578931085913
108689,28.0,27121.39,95.3,1.9,13.1,0,3,1,0.11917946793761836
108690,46.0,126206.57,76.8,18.3,2.7,0,0,1,0.12204037445945876
108691,36.0,48064.26,63.1,6.7,9.6,0,1,1,0.2117603555118075
108692,33.0,47537.85,47.2,11.0,16.1,0,3,1,0.07027430483202013
108693,34.0,23128.88,64.2,0.9,12.3,0,3,1,0.1415138481991015
108694,35.0,37211.62,79.9,1.2,9.1,0,3,1,0.17049305558493516
108695,52.0,110093.65,30.0,12.8,4.8,0,2,1,0.18502411097456434
108696,37.0,57586.72,59.2,6.8,4.7,0,1,1,0.20595976046834075
108697,28.0,41070.12,79.7,2.9,12.3,0,3,1,0.1820949869442609
108698,37.0,74726.27,59.1,8.2,12.2,0,1,1,0.16915006474814204
108699,30.0,31096.65,88.8,0.9,9.4,0,3,1,0.15893215763301555
108700,28.0,40811.56,70.5,2.9,10.0,0,3,1,0.20604799762492904
108701,24.0,24994.76,83.0,0.4,13.4,0,3,1,0.13875688288763582
108702,43.0,54874.32,45.3,6.9,5.4,0,1,1,0.1857539045754404
108703,23.0,32527.4,68.7,6.3,8.1,0,3,1,0.18584448792667208
108704,41.0,52069.17,58.6,7.9,7.4,0,1,1,0.2079663666012208
108705,35.0,56498.14,53.9,5.6,8.0,0,1,1,0.20526752950785243
108706,45.0,66009.73,64.0,9.2,5.6,0,1,1,0.2108940442145607
108707,18.0,32016.91,86.5,7.0,7.1,0,3,1,0.12207043083759794
108708,29.0,33503.46,74.1,0.9,8.2,0,3,1,0.19245426748101074
108709,27.0,39043.13,50.8,4.0,8.3,0,1,1,0.18573647152934036
108710,34.0,66648.18,77.2,5.6,6.7,0,1,1,0.19511759926998362
108711,44.0,102498.33,28.1,15.2,5.1,0,2,1,0.16175248839618045
108712,23.0,30408.61,81.6,4.4,6.5,0,3,1,0.18080926435933614
108713,51.0,94954.57,37.1,14.6,0.0,0,2,1,0.12847437248657823
108714,57.0,101231.16,100.0,45.6,2.9,1,0,-1,-0.04835734090228094
108715,18.0,12221.23,65.8,1.9,10.5,0,3,1,0.10476247716423226
108716,27.0,30513.62,63.9,2.2,9.3,0,3,1,0.1971830162593034
108717,33.0,35207.41,61.4,2.4,12.1,0,3,1,0.18248712306210307
108718,24.0,22647.0,100.0,47.3,9.5,1,0,-1,-0.040636565748095266
108719,32.0,73308.76,39.9,3.9,4.8,0,1,1,0.1527135669490266
108720,26.0,24142.85,72.6,2.3,11.0,0,3,1,0.19096456118603866
108721,42.0,133118.74,64.9,20.2,10.0,0,0,1,0.15452245352159516
108722,39.0,53317.27,52.9,8.0,5.2,0,1,1,0.20780406844514587
108723,47.0,99936.87,21.9,11.6,6.7,0,2,1,0.16957062450696547
108724,53.0,77094.36,39.7,10.8,6.5,0,2,1,0.1844495321620972
108725,39.0,58125.95,50.5,5.3,14.8,0,1,1,0.14042918760579404
108726,32.0,95641.05,83.0,19.8,9.1,0,0,1,0.10516847092079973
108727,33.0,153578.31,62.2,17.8,9.2,0,0,1,0.12379872441835349
108728,39.0,54738.31,70.8,8.6,4.1,0,1,1,0.19041023359323578
108729,22.0,27630.1,77.4,4.3,4.4,0,3,1,0.1470441684567712
108730,26.0,52714.14,71.5,7.5,11.7,0,3,1,0.1709082661456222
108731,23.0,27149.86,61.2,1.3,8.1,0,3,1,0.17475927011596815
108732,24.0,52613.53,49.5,7.0,6.9,0,1,1,0.16013254542423822
108733,38.0,43890.69,46.6,8.9,6.2,0,1,1,0.19509559624057665
108734,40.0,60424.12,59.9,8.1,5.3,0,1,1,0.21137989830263165
108735,49.0,83372.38,34.2,13.1,2.8,0,2,1,0.15869066318092961
108736,30.0,42077.85,69.2,5.4,9.9,0,3,1,0.20760509081108008
108737,38.0,60505.4,70.2,7.7,6.0,0,1,1,0.21740247653733796
108738,34.0,48593.76,52.3,9.4,10.2,0,1,1,0.18310653446888386
108739,49.0,76223.98,44.5,12.9,0.0,0,2,1,0.13715088349412158
108740,66.0,95199.27,52.0,12.3,0.9,0,2,1,0.07724565083054513
108741,25.0,23546.85,76.7,0.8,9.4,0,3,1,0.1683631935832846
108742,53.0,100053.34,20.4,10.7,0.0,0,2,1,0.1023245988147301
108743,27.0,33168.19,66.3,5.8,11.4,0,3,1,0.19986376968690822
108744,51.0,86906.34,28.6,10.4,7.5,0,2,1,0.1725455972080417
108745,53.0,77062.62,48.0,11.8,1.2,0,2,1,0.15216765237932928
108746,46.0,49779.85,49.7,7.0,8.0,0,1,1,0.1699074425755755
108747,48.0,57194.65,35.3,9.9,2.9,0,2,1,0.15466923253787773
108748,39.0,112692.8,69.3,16.7,5.5,0,0,1,0.17567901603890373
108749,57.0,77986.76,32.5,11.9,0.0,0,2,1,0.12218002091216079
108750,30.0,61558.59,57.2,5.4,6.9,0,1,1,0.21437307269598527
108751,53.0,105034.78,41.7,14.4,4.3,0,2,1,0.17984220385521965
108752,29.0,58699.56,45.3,8.7,11.1,0,1,1,0.1613466419095082
108753,52.0,114875.8,45.9,12.6,5.6,0,2,1,0.19067620328155438
108754,48.0,104820.57,74.5,19.1,3.7,0,0,1,0.14560600641676824
108755,34.0,38292.9,89.0,3.8,7.2,0,3,1,0.17390127159264313
108756,18.0,31428.49,85.0,4.1,15.1,0,3,1,0.1007334571411449
108757,22.0,29926.25,78.1,0.7,14.5,0,3,1,0.12656486996938338
108758,23.0,33458.65,86.1,1.5,10.8,0,3,1,0.17996258742055743
108759,36.0,72885.31,58.1,1.3,4.2,0,1,1,0.16027180573079153
108760,18.0,43100.65,92.1,0.0,7.0,0,3,1,0.05509333833177199
108761,45.0,98701.14,25.4,11.5,0.0,0,2,1,0.11961771714274444
108762,26.0,22327.4,100.0,6.0,17.4,0,3,1,0.016268400736946798
108763,27.0,40968.27,86.9,1.0,8.9,0,3,1,0.16439250809550976
108764,54.0,114702.97,34.9,13.1,3.0,0,2,1,0.15972981522409874
108765,34.0,45577.62,62.4,6.0,3.1,0,1,1,0.1803764322879428
108766,33.0,65183.83,64.7,6.6,10.2,0,1,1,0.19781110170366822
108767,59.0,90096.58,44.7,10.7,0.1,0,2,1,0.111889753268131
108768,38.0,118213.05,67.6,22.0,6.4,0,0,1,0.14719485174056007
108769,50.0,97626.73,21.8,12.3,6.0,0,2,1,0.1644526625322998
108770,31.0,39567.78,81.6,2.6,9.5,0,3,1,0.19810628648423517
108771,26.0,31731.44,77.1,1.1,12.0,0,3,1,0.1812088087256713
108772,44.0,120941.5,86.9,18.4,3.7,0,0,1,0.11374244463831529
108773,57.0,83497.57,30.9,11.6,6.6,0,2,1,0.16807948276765
108774,52.0,105573.82,19.3,9.8,4.1,0,2,1,0.1396308498503715
108775,48.0,91505.58,42.5,10.4,1.8,0,2,1,0.1663643770985958
108776,25.0,19752.39,88.1,3.3,10.3,0,3,1,0.1599661909231298
108777,33.0,69689.96,56.4,9.5,1.9,0,1,1,0.15849058197326132
108778,52.0,95724.74,38.1,14.8,0.0,0,2,1,0.13152461555721323
108779,36.0,131102.71,53.1,22.6,10.8,0,0,1,0.09147108485845434
108780,27.0,36509.46,90.7,1.8,8.9,0,3,1,0.1611221349182954
108781,54.0,86377.61,25.7,10.9,5.1,0,2,1,0.17809210277275017
108782,29.0,24680.18,76.1,2.9,5.8,0,3,1,0.17903301592521753
108783,45.0,137301.61,62.6,17.0,9.6,0,0,1,0.1748588180529842
108784,29.0,33955.97,97.1,5.2,11.7,0,3,1,0.12350009191306194
108785,48.0,114342.81,27.3,13.5,0.0,0,2,1,0.11132569136446713
108786,22.0,23949.12,75.1,0.0,10.1,0,3,1,0.14654050424110227
108787,54.0,83883.23,31.8,12.4,3.9,0,2,1,0.17907395778540675
108788,59.0,83279.87,40.4,12.5,0.0,0,2,1,0.11001776780879702
108789,36.0,61030.54,53.1,10.5,10.9,0,1,1,0.18193578966308166
108790,39.0,156009.91,79.4,18.3,4.7,0,0,1,0.12835376420966688
108791,38.0,153302.55,77.1,17.4,11.9,0,0,1,0.13050844206476492
108792,50.0,177336.75,86.9,18.0,4.0,0,0,1,0.05738706298376961
108793,34.0,60718.56,1.0,47.4,3.5,1,2,-1,-0.06410480796915685
108794,56.0,122843.94,58.8,12.5,3.5,0,2,1,0.14922501412448735
108795,52.0,118276.34,48.4,11.5,7.6,0,2,1,0.18435233405030815
108796,53.0,82422.52,33.5,15.4,6.2,0,2,1,0.15125286172770036
108797,33.0,72460.59,65.1,6.4,4.8,0,1,1,0.19479172949387158
108798,46.0,66882.87,28.5,11.6,7.8,0,2,1,0.16431422808918505
108799,28.0,33131.89,59.3,3.6,5.1,0,1,1,0.18477255046557461
108800,40.0,72060.43,58.5,8.6,10.0,0,1,1,0.19448754996818818
108801,25.0,31165.44,64.7,2.3,7.0,0,3,1,0.19340003093342117
108802,31.0,53820.58,38.4,9.0,7.7,0,1,1,0.18043131629337417
108803,30.0,36619.26,83.0,4.6,10.5,0,3,1,0.19685356056948422
108804,31.0,29063.81,77.8,2.4,16.1,0,3,1,0.12018043796459865
108805,49.0,117020.52,21.4,12.2,3.5,0,2,1,0.1400522038628822
108806,31.0,54584.67,63.0,6.3,4.1,0,1,1,0.20071849463608915
108807,28.0,31877.96,81.3,5.2,14.6,0,3,1,0.15935281006436036
108808,41.0,93162.91,18.2,17.5,4.5,0,2,1,0.09566905907616063
108809,48.0,124196.92,68.4,20.2,9.5,0,0,1,0.15522881543469297
108810,51.0,118973.45,69.8,19.0,10.0,0,0,1,0.1405121063215573
108811,45.0,106657.38,62.6,18.7,3.4,0,0,1,0.15541436552113191
108812,39.0,140940.51,64.2,18.5,7.7,0,0,1,0.17763803143979517
108813,48.0,81927.1,47.8,12.8,4.7,0,2,1,0.1900254655124365
108814,43.0,117132.88,66.4,13.2,6.1,0,0,1,0.18675584557634956
108815,40.0,153824.72,66.0,19.6,7.2,0,0,1,0.15871358828568893
108816,37.0,61651.98,65.0,9.4,4.0,0,1,1,0.20233361701899039
108817,52.0,118409.41,70.2,16.9,12.5,0,0,1,0.12183145096677334
108818,47.0,107269.97,12.9,13.6,3.4,0,2,1,0.12227703224467495
108819,50.0,83171.82,34.3,11.3,0.0,0,2,1,0.13960018436567184
108820,39.0,160119.99,68.0,16.4,8.1,0,0,1,0.15974418399486573
108821,38.0,69255.58,61.4,9.4,7.1,0,1,1,0.2142965908819071
108822,35.0,71747.69,50.9,6.2,2.2,0,1,1,0.15920636660420584
108823,61.0,130660.28,33.2,13.5,6.1,0,2,1,0.10583915108257191
108824,53.0,115784.73,22.4,11.6,0.0,0,2,1,0.0983722881168394
108825,38.0,99032.79,53.6,17.0,9.1,0,0,1,0.16051911871947483
108826,40.0,126263.56,64.7,18.3,6.2,0,0,1,0.18008140864342576
108827,47.0,110942.72,26.3,9.5,6.2,0,2,1,0.1679855740122317
108828,35.0,170979.64,61.7,18.2,5.0,0,0,1,0.10405882271146416
108829,24.0,28999.03,68.2,0.0,8.4,0,3,1,0.16529279415342168
108830,45.0,156994.04,64.8,16.6,7.5,0,0,1,0.16726929854107625
108831,24.0,31981.21,73.7,2.3,9.1,0,3,1,0.20892737026979324
108832,40.0,88064.3,42.8,14.8,7.5,0,2,1,0.1715675600900578
108833,24.0,25152.06,72.5,1.5,5.8,0,3,1,0.16545122739782647
108834,47.0,82536.19,21.1,13.9,5.8,0,2,1,0.1435085512592072
108835,36.0,66259.7,61.1,5.5,12.4,0,1,1,0.18269188384849244
108836,20.0,22392.32,79.6,4.1,9.1,0,3,1,0.16190802513632802
108837,58.0,98088.74,26.8,10.8,4.4,0,2,1,0.16158137882750384
108838,52.0,115749.71,43.3,8.9,3.5,0,2,1,0.16339357449356084
108839,18.0,40401.5,68.3,3.4,7.9,0,3,1,0.148514898475464
108840,42.0,73534.02,32.5,13.1,5.6,0,2,1,0.1721619774985545
108841,18.0,33804.61,87.5,4.0,8.9,0,3,1,0.14532148087487506
108842,24.0,32878.02,92.0,6.4,11.9,0,3,1,0.14634036417056895
108843,24.0,31821.04,78.7,3.4,8.5,0,3,1,0.21270302267524543
108844,62.0,81457.82,48.0,7.6,3.2,0,2,1,0.10146646233950785
108845,50.0,98911.03,31.4,14.8,3.3,0,2,1,0.16658804031271518
108846,47.0,78481.96,30.3,13.4,6.7,0,2,1,0.17681186354393297
108847,37.0,119837.11,61.3,17.4,10.9,0,0,1,0.15058201980050528
108848,53.0,104407.37,42.5,10.8,0.2,0,2,1,0.145208006837995
108849,49.0,109045.31,41.0,12.2,6.8,0,2,1,0.1872317635606231
108850,44.0,131637.48,56.3,20.5,7.7,0,0,1,0.15488971352454178
108851,34.0,60854.22,73.0,9.0,5.9,0,1,1,0.2095242910241087
108852,26.0,39068.03,81.5,3.2,3.7,0,3,1,0.15313114244000303
108853,30.0,26076.89,59.3,0.0,7.4,0,3,1,0.1494102534985292
108854,54.0,114846.85,38.4,15.5,2.8,0,2,1,0.13928699427391128
108855,35.0,41166.96,52.2,2.9,3.0,0,1,1,0.14498370547174727
108856,27.0,22282.45,62.1,0.0,12.3,0,3,1,0.14231821013958235
108857,51.0,138116.71,81.4,15.7,11.7,0,0,1,0.10937424350646818
108858,39.0,156822.99,71.7,14.2,5.3,0,0,1,0.14201865085230803
108859,25.0,21346.02,81.0,0.2,11.6,0,3,1,0.13621095209024553
108860,18.0,34552.73,86.2,2.7,9.8,0,3,1,0.14894839999329268
108861,31.0,27488.7,72.7,4.3,11.3,0,3,1,0.19539485188170835
108862,35.0,48440.31,67.7,4.5,13.8,0,3,1,0.15861998073598643
108863,37.0,112147.97,75.4,19.1,5.1,0,0,1,0.15064382673130222
108864,60.0,100638.38,32.5,12.8,7.6,0,2,1,0.15010083918830985
108865,32.0,33110.89,65.3,0.5,5.8,0,1,1,0.15738431594930669
108866,33.0,62421.7,60.1,9.3,0.8,0,1,1,0.15020067833741385
108867,24.0,34654.27,49.9,3.9,18.2,0,3,1,0.0651549255674323
108868,40.0,65436.0,55.3,7.5,11.6,0,1,1,0.17766873188491616
108869,34.0,75320.34,62.6,10.3,10.3,0,1,1,0.18285089117832526
108870,53.0,97138.62,31.9,14.0,2.2,0,2,1,0.16361455261556257
108871,37.0,59841.46,44.6,7.4,2.4,0,1,1,0.1579741323648866
108872,41.0,156811.99,73.7,18.3,5.4,0,0,1,0.16093822432784577
108873,29.0,26895.76,85.1,5.6,5.4,0,3,1,0.16463612917438725
108874,50.0,86477.11,37.7,10.1,0.5,0,2,1,0.15007657938443375
108875,24.0,28767.93,76.5,4.8,5.1,0,3,1,0.16971341193440947
108876,35.0,55404.75,58.2,5.8,3.5,0,1,1,0.19133003353346706
108877,45.0,209840.18,71.0,16.5,5.8,0,0,1,0.09369184970422717
108878,57.0,80003.99,48.0,8.7,4.6,0,2,1,0.14048960854580134
108879,27.0,36391.71,84.9,3.5,13.5,0,3,1,0.17716836872607922
108880,31.0,54811.45,54.0,10.0,8.4,0,1,1,0.20778141354343382
108881,55.0,91937.47,43.2,8.9,2.8,0,2,1,0.14612548300609757
108882,42.0,128047.1,68.8,19.1,8.7,0,0,1,0.17875598140947224
108883,58.0,59324.63,49.9,10.7,7.9,0,2,1,0.1312309619095825
108884,22.0,34128.45,67.2,0.6,11.7,0,3,1,0.14806991163913014
108885,23.0,48438.65,65.7,6.2,4.4,0,1,1,0.15100476247512518
108886,32.0,42796.42,78.0,5.5,14.6,0,3,1,0.15245918568584294
108887,24.0,29049.65,78.9,0.1,11.7,0,3,1,0.16459986298972534
108888,50.0,95965.86,35.4,10.3,3.9,0,2,1,0.18665632548447003
108889,45.0,86751.61,23.9,10.2,0.0,0,2,1,0.12056285834889607
108890,22.0,34796.72,79.8,5.2,7.1,0,3,1,0.17814054029260906
108891,50.0,110683.11,34.1,12.4,10.3,0,2,1,0.14482896130572337
108892,51.0,86721.19,25.1,11.4,7.1,0,2,1,0.1740815999035611
108893,55.0,119497.01,38.6,7.5,5.9,0,2,1,0.14797141021523053
108894,25.0,32009.85,90.2,2.5,11.7,0,3,1,0.16095311425180425
108895,31.0,45056.15,52.0,6.4,8.6,0,1,1,0.19713685226457806
108896,19.0,40680.09,68.3,2.8,10.0,0,3,1,0.16182847936561673
108897,25.0,34596.53,100.0,1.8,10.9,0,3,1,0.12097103938722237
108898,36.0,72969.34,62.5,7.4,2.5,0,1,1,0.16974133238168349
108899,34.0,51101.38,53.5,5.3,5.4,0,1,1,0.20130685759052602
108900,22.0,29733.2,75.1,1.1,10.1,0,3,1,0.1805336457490171
108901,19.0,28550.6,77.5,0.0,17.5,0,3,1,0.04109119037967557
108902,46.0,148059.79,66.8,18.2,4.4,0,0,1,0.15357520752548282
108903,54.0,66207.22,22.3,10.6,8.5,0,2,1,0.1213830404511822
108904,30.0,65723.89,37.4,7.0,12.2,0,1,1,0.12956061852954748
108905,46.0,87758.18,72.4,17.1,11.7,0,0,1,0.13171317880898248
108906,23.0,23704.87,76.6,1.6,3.5,0,3,1,0.13206825718122112
108907,35.0,62049.75,61.8,9.0,6.2,0,1,1,0.21655813426211107
108908,35.0,118915.47,71.8,20.4,8.0,0,0,1,0.13275870563331754
108909,35.0,59361.71,57.9,10.8,6.7,0,1,1,0.2078312423049592
108910,23.0,32220.4,71.2,0.0,4.8,0,3,1,0.12498875460447467
108911,32.0,75182.52,69.7,4.8,6.5,0,1,1,0.18764120676317447
108912,37.0,53909.79,71.1,8.5,8.1,0,1,1,0.2114238626644992
108913,52.0,68272.31,48.6,13.2,5.2,0,2,1,0.18568968625707638
108914,32.0,54732.46,62.9,9.2,12.2,0,1,1,0.18644301295508386
108915,32.0,60226.94,37.1,2.1,8.6,0,1,1,0.141824635934107
108916,20.0,20634.21,66.4,3.7,11.2,0,3,1,0.14916712688576228
108917,28.0,75798.44,51.0,7.5,7.1,0,1,1,0.1811807488616169
108918,24.0,26603.24,77.8,3.5,9.4,0,3,1,0.20205345200943903
108919,44.0,167765.78,67.3,19.3,7.4,0,0,1,0.1432717271387028
108920,59.0,70957.78,48.0,10.9,10.3,0,2,1,0.10165572568303449
108921,38.0,71488.77,56.4,8.4,9.0,0,1,1,0.20628652624396726
108922,51.0,108069.47,1.4,10.7,4.1,0,2,1,0.09006867259136686
108923,27.0,37598.8,75.5,2.2,12.6,0,3,1,0.18965941952715298
108924,42.0,70256.87,56.5,12.1,7.2,0,1,1,0.2044983927039627
108925,37.0,80223.61,73.3,8.4,4.3,0,1,1,0.17271891885663637
108926,37.0,67774.62,77.5,12.9,5.2,0,1,1,0.16128714199626637
108927,56.0,81063.7,33.8,10.3,9.0,0,2,1,0.1387039754023514
108928,44.0,147394.74,72.5,18.8,9.2,0,0,1,0.16182153550682987
108929,33.0,43164.0,44.7,3.8,7.6,0,1,1,0.1727057820613052
108930,32.0,72937.92,60.4,3.3,5.8,0,1,1,0.18351512561057598
108931,41.0,75434.11,30.1,10.1,9.7,0,1,1,0.1460152292930808
108932,40.0,58341.5,72.3,5.1,6.0,0,1,1,0.1969343736511796
108933,28.0,25574.0,84.9,3.6,11.8,0,3,1,0.17934691172427147
108934,52.0,151479.49,73.3,15.0,8.6,0,0,1,0.12732395338473285
108935,41.0,136897.17,67.3,19.0,5.0,0,0,1,0.17119534503542566
108936,44.0,113752.34,54.0,17.3,9.4,0,0,1,0.16447924247210688
108937,20.0,32786.76,74.4,0.9,11.7,0,3,1,0.15892728955989904
108938,21.0,34157.82,63.4,3.3,11.9,0,3,1,0.16299958551821547
108939,38.0,71960.76,64.5,7.6,9.5,0,1,1,0.206317537273082
108940,41.0,153136.21,72.2,21.7,8.8,0,0,1,0.13372651581194306
108941,18.0,33457.47,68.5,4.5,12.2,0,3,1,0.13767792252284033
108942,21.0,26022.08,79.3,1.2,7.5,0,3,1,0.1578257159345634
108943,21.0,35596.03,63.2,1.5,17.2,0,3,1,0.06334805945628497
108944,62.0,115687.56,35.4,13.5,2.8,0,2,1,0.09952388517453259
108945,38.0,85249.36,30.3,12.1,5.4,0,2,1,0.1747975393570934
108946,60.0,95543.44,25.0,11.6,5.9,0,2,1,0.14715950419196555
108947,23.0,27371.73,83.2,0.7,7.4,0,3,1,0.15775952857943942
108948,54.0,81572.88,31.5,12.0,3.9,0,2,1,0.17368922757987326
108949,31.0,65670.31,48.8,10.3,5.8,0,1,1,0.19639922440854857
108950,27.0,36222.91,74.5,1.1,12.2,0,3,1,0.1816935294728953
108951,29.0,47829.18,64.1,6.6,4.9,0,1,1,0.1996219239578934
108952,34.0,53122.28,79.8,9.0,4.5,0,1,1,0.16911460060307804
108953,34.0,68660.47,48.2,5.9,6.1,0,1,1,0.20292518480913396
108954,39.0,167629.4,64.9,17.8,8.4,0,0,1,0.14545130130226386
108955,44.0,61036.91,79.4,6.3,6.3,0,1,1,0.1725816481599809
108956,41.0,83428.06,55.4,9.5,9.5,0,1,1,0.18338274129713067
108957,48.0,94690.53,34.6,9.9,4.5,0,2,1,0.19137840909673692
108958,52.0,101407.91,35.7,10.7,11.3,0,2,1,0.1330953157884181
108959,25.0,39487.43,82.4,6.0,7.7,0,3,1,0.1872466717126386
108960,52.0,87338.01,29.3,12.5,3.3,0,2,1,0.1791954589053391
108961,18.0,30256.3,74.1,4.8,5.7,0,3,1,0.13699210766312492
108962,33.0,53625.63,65.4,5.9,10.1,0,1,1,0.2098788467802744
108963,52.0,103375.13,46.1,9.6,3.3,0,2,1,0.18327992279536004
108964,54.0,98383.79,22.0,13.4,4.1,0,2,1,0.15668490430673565
108965,37.0,59529.69,26.2,8.1,8.8,0,1,1,0.14852418140931606
108966,22.0,23449.16,72.6,5.0,8.8,0,3,1,0.17345582627112183
108967,36.0,58277.41,61.2,4.4,6.4,0,1,1,0.21518791805778842
108968,41.0,51765.49,55.3,9.1,9.2,0,1,1,0.18880656130329893
108969,45.0,149799.07,75.7,17.5,11.3,0,0,1,0.13967088525088978
108970,34.0,50903.74,44.2,5.8,5.1,0,1,1,0.17822874257264787
108971,39.0,110374.64,75.7,16.1,9.6,0,0,1,0.1661022897088683
108972,40.0,90714.69,53.5,6.7,4.8,0,1,1,0.18313635781286303
108973,37.0,129409.74,64.2,15.6,8.7,0,0,1,0.1652415039526008
108974,19.0,35259.49,86.6,1.3,14.2,0,3,1,0.10579152599787345
108975,38.0,61186.62,40.2,3.6,11.7,0,1,1,0.1402166573278975
108976,31.0,41213.85,96.6,5.7,10.7,0,3,1,0.12932199954258994
108977,27.0,28058.27,80.4,4.5,12.3,0,3,1,0.18753043535752195
108978,42.0,88853.62,56.9,19.0,6.5,0,0,1,0.16643952846757643
108979,55.0,74185.37,48.6,10.1,8.4,0,2,1,0.16538357977093537
108980,44.0,105317.18,25.7,12.0,7.2,0,2,1,0.1610082512957406
108981,41.0,52814.2,51.9,3.9,1.6,0,1,1,0.13988135644621563
108982,48.0,80384.17,19.9,11.6,3.9,0,2,1,0.14927751895914032
108983,52.0,81337.5,29.2,11.4,6.5,0,2,1,0.17695181579785374
108984,40.0,97696.69,68.8,17.1,3.2,0,0,1,0.14688383600828636
108985,50.0,79868.05,34.2,12.8,2.4,0,2,1,0.15946251467315697
108986,55.0,89765.66,32.4,11.4,3.4,0,2,1,0.18445574523437008
108987,29.0,41587.75,69.2,7.4,5.4,0,1,1,0.20076539829881906
108988,48.0,212182.95,57.0,17.9,10.0,0,0,1,0.07765854523676974
108989,18.0,23206.79,87.5,2.9,7.9,0,3,1,0.12523979105291883
108990,28.0,65641.41,44.0,5.0,4.1,0,1,1,0.15324954197287644
108991,41.0,112252.24,62.5,19.9,8.5,0,0,1,0.16566723536640526
108992,24.0,34512.5,67.4,3.7,11.3,0,3,1,0.20484855107909222
108993,19.0,35436.97,80.4,3.5,15.0,0,3,1,0.12400314671027751
108994,37.0,51694.72,59.3,7.0,3.7,0,1,1,0.19313304202572695
108995,26.0,61272.93,67.4,8.9,7.8,0,1,1,0.18126525434752894
108996,51.0,144397.51,70.0,18.4,5.8,0,0,1,0.15093701672384097
108997,37.0,115336.28,67.2,19.7,3.7,0,0,1,0.1336589133761898
108998,31.0,70987.07,54.4,6.6,5.9,0,1,1,0.20721628813124127
108999,53.0,154119.46,74.5,18.4,9.2,0,0,1,0.12079208095858984
109000,61.0,88605.79,36.7,12.1,6.7,0,2,1,0.14346499029216464
109001,52.0,125175.99,76.5,18.4,3.8,0,0,1,0.12140018255063201
109002,29.0,41005.22,86.2,1.7,5.9,0,3,1,0.15872072388312963
109003,39.0,49953.54,48.2,7.4,9.2,0,1,1,0.1892483550636092
109004,22.0,30809.66,76.9,1.2,8.9,0,3,1,0.18011609195989525
109005,18.0,36236.18,100.0,3.1,13.6,0,3,1,0.0667011667241526
109006,51.0,71975.77,57.5,10.3,6.8,0,1,1,0.1862767016683613
109007,25.0,38838.13,77.3,0.7,8.0,0,3,1,0.17829193706647994
109008,48.0,65567.61,79.8,6.3,9.1,0,1,1,0.15653197205359648
109009,46.0,95509.14,57.2,10.4,1.9,0,2,1,0.1675479043555368
109010,28.0,32660.17,97.0,2.5,10.2,0,3,1,0.13013332584000253
109011,38.0,49994.47,45.0,4.2,0.0,0,1,1,0.11560488980737726
109012,52.0,72757.99,29.6,14.0,1.2,0,2,1,0.1357304905471733
109013,46.0,100178.97,65.1,21.5,6.7,0,0,1,0.14989512629904228
109014,42.0,88286.37,53.8,5.7,0.5,0,2,1,0.1337820731059023
109015,44.0,149557.39,79.7,20.8,4.9,0,0,1,0.12389128416157719
109016,52.0,132899.23,75.6,17.9,5.7,0,0,1,0.1473109298446792
109017,46.0,98596.2,25.4,11.6,2.8,0,2,1,0.16477044721208534
109018,34.0,41919.61,26.3,8.7,10.4,0,1,1,0.12407853076961906
109019,39.0,102151.0,37.2,9.4,6.7,0,2,1,0.17550973083593518
109020,49.0,166696.18,89.4,20.0,5.5,0,0,1,0.06206358503693665
109021,36.0,66301.49,73.2,6.5,5.1,0,1,1,0.20080381461364127
109022,35.0,162002.04,74.1,16.3,10.3,0,0,1,0.1056648679804495
109023,41.0,106616.56,85.3,13.9,8.4,0,0,1,0.1459827259868952
109024,35.0,43711.48,61.3,5.6,12.1,0,3,1,0.18536232226621135
109025,57.0,98781.76,10.1,10.9,2.1,0,2,1,0.08002297349877951
109026,42.0,63986.17,61.2,9.0,11.9,0,1,1,0.1717896037836089
109027,59.0,104339.98,32.3,12.9,3.9,0,2,1,0.16279651141591345
109028,47.0,125691.99,81.0,18.1,9.2,0,0,1,0.15862266078122422
109029,18.0,30423.96,82.5,2.6,3.0,0,3,1,0.09253429413066316
109030,18.0,33968.86,93.0,2.5,8.5,0,3,1,0.12390806609782656
109031,41.0,62121.6,65.4,6.4,5.8,0,1,1,0.21328471774945967
109032,47.0,156946.85,68.8,15.8,3.0,0,0,1,0.1085686161816598
109033,28.0,54933.09,61.2,3.7,2.2,0,1,1,0.1535121203673664
109034,45.0,179531.96,82.9,14.3,9.2,0,0,1,0.07551606396142618
109035,41.0,56472.91,55.6,7.7,8.5,0,1,1,0.20159755485397235
109036,38.0,70082.97,60.2,5.7,5.7,0,1,1,0.20776706795430183
109037,39.0,128381.3,77.6,16.5,11.2,0,0,1,0.14262721300802245
109038,47.0,98475.42,43.4,12.9,0.0,0,2,1,0.14326520992871772
109039,37.0,53766.2,44.8,7.4,3.3,0,1,1,0.1687467356515907
109040,25.0,40386.42,81.0,2.5,9.5,0,3,1,0.19871935429200144
109041,29.0,30239.77,73.3,1.1,7.3,0,3,1,0.1960607552374788
109042,28.0,29200.79,83.6,4.3,7.1,0,3,1,0.19218416990190423
109043,32.0,68442.27,59.4,6.6,8.4,0,1,1,0.20892553550770604
109044,57.0,94334.25,100.0,44.3,1.6,1,0,-1,-0.06674878022336517
109045,37.0,62021.37,49.8,6.2,6.0,0,1,1,0.20633888705297304
109046,28.0,26959.31,69.9,2.3,11.7,0,3,1,0.1854813124643801
109047,28.0,33508.41,85.1,5.3,10.5,0,3,1,0.19279973727618083
109048,32.0,61136.04,44.4,7.8,5.5,0,1,1,0.18925732911683923
109049,44.0,137859.74,68.2,18.5,7.6,0,0,1,0.18558820121685166
109050,33.0,49747.25,61.6,4.6,12.4,0,3,1,0.18728372922791936
109051,30.0,22842.55,84.3,5.3,8.2,0,3,1,0.17342178356715932
109052,54.0,92859.45,41.8,11.1,7.0,0,2,1,0.18284185688449683
109053,42.0,132009.61,78.5,19.8,1.0,0,0,1,0.0980875920979809
109054,37.0,100842.61,28.4,9.4,2.9,0,2,1,0.13916784300887403
109055,58.0,106482.12,80.9,16.5,3.6,0,0,1,0.092900818084244
109056,40.0,104181.13,56.3,16.6,4.7,0,0,1,0.17160180436604522
109057,51.0,97883.05,27.1,13.3,2.0,0,2,1,0.15108603834509088
109058,42.0,85334.72,72.8,22.5,10.4,0,0,1,0.12151944145603727
109059,23.0,25329.47,94.3,2.7,8.0,0,3,1,0.14150519380409537
109060,40.0,192239.31,70.8,18.9,7.4,0,0,1,0.10562168100747937
109061,43.0,129292.4,86.2,18.1,3.8,0,0,1,0.1211175312597993
109062,45.0,137108.12,75.8,17.3,6.4,0,0,1,0.17705966831738085
109063,40.0,82747.98,39.4,7.2,5.4,0,1,1,0.18227252916883074
109064,47.0,58123.5,38.6,11.0,2.4,0,2,1,0.16374154052007878
109065,30.0,29469.0,73.2,0.3,7.3,0,3,1,0.16412803131355308
109066,59.0,105458.11,47.9,10.3,5.1,0,2,1,0.15650621646721435
109067,41.0,68465.17,73.8,7.8,7.0,0,1,1,0.20828726374451384
109068,40.0,102127.31,41.0,14.3,1.6,0,2,1,0.1444861990060669
109069,52.0,67810.92,18.9,13.0,7.8,0,2,1,0.12043507418195976
109070,43.0,66893.29,78.5,6.2,9.7,0,1,1,0.16717898348911475
109071,18.0,13893.54,73.2,2.8,10.7,0,3,1,0.12048449439849601
109072,35.0,66032.91,75.4,8.5,4.7,0,1,1,0.1760038946815023
109073,39.0,76612.23,48.4,11.0,6.0,0,1,1,0.20149390529695488
109074,55.0,94047.91,34.1,10.7,10.7,0,2,1,0.1307763510016604
109075,47.0,114168.25,43.3,13.2,3.6,0,2,1,0.17489685000219807
109076,18.0,25387.21,70.3,3.7,12.7,0,3,1,0.12893586910692534
109077,45.0,146544.68,82.4,13.8,1.4,0,0,1,0.08076974396170156
109078,44.0,110826.75,14.9,12.0,1.3,0,2,1,0.07960958310897792
109079,25.0,31184.03,80.5,2.2,12.1,0,3,1,0.18711402543637207
109080,43.0,76114.38,54.4,5.3,7.6,0,1,1,0.19841693684093453
109081,46.0,61406.47,66.4,8.6,9.3,0,1,1,0.1870677423629703
109082,42.0,47304.36,48.4,7.1,10.7,0,1,1,0.16560606437165692
109083,30.0,31734.96,88.0,2.2,7.5,0,3,1,0.1806653354315484
109084,18.0,31209.43,74.5,5.0,11.7,0,3,1,0.1525770960412826
109085,24.0,32335.68,73.8,0.0,6.5,0,3,1,0.1492542474237617
109086,28.0,31202.42,64.9,5.7,15.1,0,3,1,0.15358956144694258
109087,30.0,34442.18,80.9,3.0,10.5,0,3,1,0.20178545999011233
109088,46.0,157827.23,76.5,11.4,11.5,0,0,1,0.11734185776304218
109089,37.0,46850.79,60.0,7.6,2.3,0,1,1,0.17092982627857656
109090,33.0,49658.28,48.3,8.1,5.1,0,1,1,0.19334521133744448
109091,52.0,107613.28,30.7,13.6,8.1,0,2,1,0.15933218010770178
109092,40.0,68694.89,66.5,7.8,9.5,0,1,1,0.20276535306029425
109093,18.0,31570.88,81.9,2.9,17.5,0,3,1,0.06597305427277711
109094,23.0,21732.71,78.6,4.7,7.4,0,3,1,0.17455368835611956
109095,24.0,31578.34,77.4,1.8,13.3,0,3,1,0.18648258111993493
109096,63.0,80644.32,21.9,11.1,8.2,0,2,1,0.07987647282650834
109097,35.0,66087.29,48.9,10.6,6.1,0,1,1,0.19774160726037382
109098,37.0,53117.04,49.1,7.0,7.3,0,1,1,0.20296639082541157
109099,56.0,66139.76,25.5,10.6,4.4,0,2,1,0.1469455335769495
109100,37.0,137595.11,65.6,17.7,5.7,0,0,1,0.16091080777993505
109101,31.0,65181.44,69.1,8.6,10.3,0,1,1,0.1895682655386971
109102,42.0,60208.11,76.7,8.5,4.2,0,1,1,0.1669195849508343
109103,33.0,63683.97,66.8,6.5,4.1,0,1,1,0.19326603611095144
109104,56.0,75901.34,38.0,12.1,0.0,0,2,1,0.12519920195043882
109105,61.0,95286.08,23.1,12.1,0.0,0,2,1,0.08378458784214382
109106,54.0,109724.69,62.0,12.2,2.0,0,2,1,0.14220957537968515
109107,25.0,40296.41,83.0,4.7,12.3,0,3,1,0.1822398876609913
109108,39.0,46355.45,43.4,3.8,3.4,0,1,1,0.135479686180021
109109,38.0,186865.05,64.9,18.2,7.3,0,0,1,0.120788001559051
109110,37.0,62781.91,45.4,8.2,5.0,0,1,1,0.19585171459828626
109111,39.0,132277.04,80.1,16.8,8.3,0,0,1,0.1664724266454009
109112,38.0,64866.22,60.0,4.2,7.4,0,1,1,0.21298510003187493
109113,31.0,42358.69,53.4,6.0,15.9,0,3,1,0.09794954511650522
109114,41.0,70752.81,53.9,6.6,14.7,0,1,1,0.13363356154720007
109115,33.0,64844.95,76.4,5.6,7.4,0,1,1,0.19700810841982241
109116,43.0,117602.67,79.7,15.8,10.3,0,0,1,0.14774979933636218
109117,26.0,37172.13,76.1,3.8,13.1,0,3,1,0.1956593816064628
109118,45.0,74335.43,40.8,13.6,4.4,0,2,1,0.18809661118981325
109119,57.0,88806.35,47.7,11.9,1.7,0,2,1,0.13996762267767437
109120,50.0,160837.08,67.5,17.1,9.8,0,0,1,0.13072910447933755
109121,47.0,100481.04,33.3,12.4,0.0,0,2,1,0.14312065352886322
109122,38.0,146392.48,82.5,17.7,10.2,0,0,1,0.13463668966762254
109123,36.0,128695.42,74.8,17.9,10.3,0,0,1,0.13638824063086863
109124,35.0,59242.14,64.5,5.9,4.3,0,1,1,0.20217783860072885
109125,45.0,115714.64,86.2,14.3,7.1,0,0,1,0.1427359577419915
109126,51.0,189791.13,71.1,20.2,10.3,0,0,1,0.06543788263540617
109127,22.0,34691.11,69.4,0.0,11.5,0,3,1,0.14516592732837036
109128,55.0,74728.4,33.6,9.6,2.6,0,2,1,0.15195458002387707
109129,34.0,70268.01,53.0,4.5,12.1,0,1,1,0.16098468530828863
109130,54.0,110322.05,41.1,13.9,5.3,0,2,1,0.18718288758600066
109131,26.0,32733.38,73.6,4.8,9.2,0,3,1,0.21413533075169244
109132,53.0,101328.39,39.5,10.0,4.6,0,2,1,0.19188097166072815
109133,31.0,63993.03,65.8,10.6,8.7,0,1,1,0.20202387222518647
109134,56.0,76399.41,40.4,9.8,7.6,0,2,1,0.1616415327469236
109135,19.0,26371.69,85.5,6.4,13.2,0,3,1,0.12478156907164312
109136,50.0,78082.13,30.7,12.3,3.8,0,2,1,0.17136021902114773
109137,31.0,76353.6,71.1,10.8,2.0,0,1,1,0.137152641835459
109138,48.0,99289.5,35.0,11.1,1.4,0,2,1,0.16329190157866313
109139,31.0,84611.86,43.7,3.9,3.4,0,1,1,0.12598396277835322
109140,25.0,30427.32,82.1,1.6,10.3,0,3,1,0.18763087421467056
109141,36.0,79574.53,75.8,6.7,9.6,0,1,1,0.17849029724786308
109142,44.0,159423.07,75.8,19.5,10.6,0,0,1,0.12770244213453075
109143,26.0,32787.84,88.4,2.7,8.3,0,3,1,0.18397796818781909
109144,44.0,102272.64,41.9,8.6,2.2,0,2,1,0.1504368154028567
109145,28.0,31172.43,78.6,4.8,9.7,0,3,1,0.21001742568526138
109146,54.0,76516.42,38.5,9.3,0.1,0,2,1,0.13213456601192897
109147,21.0,35161.25,100.0,27.5,12.6,1,0,-1,-0.004775327594012335
109148,38.0,73662.82,49.1,9.9,11.7,0,1,1,0.16588740262212376
109149,41.0,67444.63,63.0,7.7,2.9,0,1,1,0.18375351572558957
109150,21.0,31400.77,67.7,5.9,11.5,0,3,1,0.1617911168910005
109151,45.0,70817.97,44.0,9.6,5.6,0,2,1,0.19893142972887656
109152,43.0,78830.24,71.5,9.1,8.3,0,1,1,0.19346796503172564
109153,36.0,83037.7,60.7,6.2,8.3,0,1,1,0.18588943785401058
109154,49.0,168022.68,61.1,20.2,10.1,0,0,1,0.0951736852838222
109155,34.0,52799.3,72.3,10.1,11.7,0,3,1,0.17977525955989415
109156,36.0,134717.67,72.6,21.0,10.4,0,0,1,0.11400798437699067
109157,35.0,63807.83,65.1,8.5,12.0,0,1,1,0.1834968187774157
109158,31.0,39183.11,70.4,1.6,7.0,0,3,1,0.2003512780960402
109159,26.0,29295.28,84.0,4.5,10.7,0,3,1,0.2003610547060865
109160,41.0,55128.82,43.5,5.6,9.6,0,1,1,0.1591257580894137
109161,45.0,78858.41,56.3,9.0,2.9,0,1,1,0.18412635139925115
109162,51.0,154197.88,80.3,14.3,9.5,0,0,1,0.11253424775429144
109163,61.0,100829.18,34.6,11.6,2.0,0,2,1,0.1290810619262548
109164,53.0,75034.74,40.0,14.3,2.9,0,2,1,0.15199754080068295
109165,38.0,61844.81,62.4,8.9,8.4,0,1,1,0.22162237337125174
109166,41.0,68381.15,67.1,7.7,8.1,0,1,1,0.21249818623026
109167,56.0,94617.43,40.0,10.3,0.0,0,2,1,0.14041883333057836
109168,25.0,27683.48,97.8,1.5,12.4,0,3,1,0.10994769955508499
109169,21.0,32123.03,67.3,0.7,11.0,0,3,1,0.15046079671326912
109170,34.0,70774.76,70.9,3.9,10.3,0,1,1,0.18393191702287592
109171,19.0,30081.56,64.0,0.3,4.2,0,3,1,0.0911233011835696
109172,50.0,96047.02,31.3,8.4,0.0,0,2,1,0.1158100484596648
109173,24.0,36544.8,80.5,6.7,9.9,0,3,1,0.19779533502055546
109174,26.0,31878.97,70.2,2.7,12.5,0,3,1,0.195569621602332
109175,47.0,149010.62,87.8,18.9,9.0,0,0,1,0.11081615795569522
109176,51.0,121981.24,86.3,16.1,7.2,0,0,1,0.12597684369023487
109177,27.0,64803.86,71.3,5.1,6.2,0,1,1,0.18538862697383363
109178,35.0,59599.62,47.5,7.1,11.7,0,1,1,0.17009196028445667
109179,49.0,98936.73,37.2,11.2,4.8,0,2,1,0.19260591405197486
109180,22.0,34405.55,77.3,0.2,4.6,0,3,1,0.11589446234247658
109181,25.0,57422.69,66.3,5.5,6.3,0,1,1,0.1896208523700863
109182,21.0,27190.55,100.0,1.4,5.9,0,3,1,0.0820102537800782
109183,32.0,62834.3,52.3,7.6,4.8,0,1,1,0.2024883704196927
109184,40.0,122174.68,71.1,19.4,10.5,0,0,1,0.1565259785438008
109185,59.0,72555.87,24.6,10.2,4.0,0,2,1,0.1238548037903413
109186,38.0,122635.61,78.8,20.1,10.1,0,0,1,0.1362051159164403
109187,54.0,83669.36,35.2,14.3,6.0,0,2,1,0.17287694194229525
109188,56.0,111256.16,31.7,13.3,2.9,0,2,1,0.1555321075158675
109189,55.0,115976.91,50.5,13.2,5.2,0,2,1,0.17482843155619177
109190,59.0,80215.88,49.5,12.3,4.4,0,2,1,0.14903126349174195
109191,34.0,48906.99,72.7,7.8,5.9,0,1,1,0.2103843738180713
109192,38.0,58242.8,41.0,6.6,2.8,0,1,1,0.15577217229452395
109193,37.0,79698.64,51.6,8.6,5.1,0,1,1,0.20209639341726576
109194,24.0,26942.95,84.2,5.7,10.6,0,3,1,0.18789637782538732
109195,39.0,67955.77,55.5,9.6,5.4,0,1,1,0.2141884026390704
109196,18.0,26692.78,84.2,2.2,10.3,0,3,1,0.1416050224705383
109197,51.0,98093.22,45.9,15.1,1.1,0,2,1,0.13459420286363788
109198,29.0,33133.09,65.8,4.0,15.5,0,3,1,0.14394799873534952
109199,32.0,59447.56,41.9,6.8,7.5,0,1,1,0.18420165712584402
109200,46.0,51573.19,67.6,7.6,13.7,0,1,1,0.1160367228310476
109201,25.0,31703.73,86.5,4.0,12.8,0,3,1,0.17897706118052087
109202,46.0,102818.21,77.2,19.0,5.8,0,0,1,0.15888921674062995
109203,37.0,41511.68,60.6,8.4,9.9,0,1,1,0.19449266118743908
109204,40.0,52109.61,43.3,8.9,8.2,0,1,1,0.16843147432479783
109205,26.0,41684.13,61.9,6.6,8.3,0,1,1,0.20183739327411354
109206,47.0,139668.34,68.5,15.0,6.0,0,0,1,0.16967820079955498
109207,54.0,101071.11,44.5,10.6,6.2,0,2,1,0.1859630830746442
109208,36.0,69062.11,63.1,6.1,7.8,0,1,1,0.21621321123042875
109209,26.0,36530.14,93.1,1.7,6.5,0,3,1,0.1456631939103033
109210,58.0,73003.39,45.3,10.2,2.1,0,2,1,0.12524178946374598
109211,43.0,103425.31,62.3,14.7,10.0,0,0,1,0.17376041733610575
109212,36.0,62160.97,57.4,7.0,5.6,0,1,1,0.21860826913134934
109213,29.0,21844.2,63.6,5.7,10.8,0,3,1,0.17804711193228978
109214,18.0,33839.82,62.1,5.6,12.8,0,3,1,0.12073074777272752
109215,34.0,30277.89,65.8,1.9,8.4,0,3,1,0.1893062790522118
109216,54.0,63680.38,34.9,10.0,2.5,0,2,1,0.1442569766406342
109217,50.0,165267.85,79.3,19.3,7.2,0,0,1,0.1251680710449944
109218,43.0,100371.1,59.7,18.3,4.6,0,0,1,0.17369085510017557
109219,55.0,94150.15,32.0,10.8,5.4,0,2,1,0.18962718760189134
109220,27.0,26929.77,72.8,2.6,11.0,0,3,1,0.20343789537099888
109221,45.0,137424.01,79.1,17.7,3.8,0,0,1,0.14330106160024764
109222,43.0,72936.33,44.2,7.4,10.9,0,1,1,0.1569741448646259
109223,34.0,70611.46,69.1,7.5,13.4,0,3,1,0.1621335985628765
109224,55.0,96745.27,33.3,11.9,2.3,0,2,1,0.16986948013854214
109225,18.0,26820.87,76.6,4.6,11.0,0,3,1,0.15525615855366054
109226,44.0,193432.99,88.8,16.2,10.1,0,0,1,0.04996244623679302
109227,37.0,146747.88,58.3,16.8,9.9,0,0,1,0.14062517536501618
109228,50.0,76551.07,28.1,10.1,5.2,0,2,1,0.16649551165503768
109229,58.0,91631.13,45.3,10.9,3.7,0,2,1,0.1556183664575423
109230,45.0,60015.22,68.7,5.6,6.9,0,1,1,0.1970355173429213
109231,20.0,32382.87,80.4,4.5,8.3,0,3,1,0.1852042353973682
109232,51.0,115326.4,22.9,7.0,2.0,0,2,1,0.09872893408421313
109233,55.0,96417.41,25.4,12.1,2.9,0,2,1,0.1603276144367332
109234,35.0,131423.31,79.4,17.4,3.5,0,0,1,0.10700577957036328
109235,33.0,26279.06,81.7,4.7,11.3,0,3,1,0.17636837138393496
109236,35.0,41729.41,69.7,4.7,9.9,0,3,1,0.19769799780459607
109237,42.0,48370.13,45.6,6.2,9.8,0,1,1,0.1651854679987675
109238,49.0,96605.34,30.0,13.6,2.1,0,2,1,0.1614943075537002
109239,48.0,77345.01,24.4,14.1,2.9,0,2,1,0.1481258545458744
109240,38.0,97889.61,69.3,16.4,5.0,0,0,1,0.17167459089706
109241,32.0,63359.06,46.4,6.4,9.7,0,1,1,0.17862472881056324
109242,33.0,50124.69,68.6,6.8,6.5,0,1,1,0.21758842140039553
109243,27.0,31502.17,78.7,0.0,7.5,0,3,1,0.16692395868955956
109244,33.0,26008.06,78.7,6.5,12.1,0,3,1,0.16956447765872495
109245,37.0,53053.88,100.0,44.9,8.0,1,0,-1,-0.049095265824384615
109246,58.0,97010.21,29.3,11.8,5.6,0,2,1,0.16681934907566193
109247,38.0,59224.02,46.8,9.2,6.2,0,1,1,0.20831718087687895
109248,37.0,54448.41,51.0,8.0,3.2,0,1,1,0.18231348483798016
109249,46.0,120798.94,43.3,12.8,0.8,0,2,1,0.1442312637524905
109250,44.0,138143.36,67.6,17.8,3.7,0,0,1,0.16335537179956378
109251,18.0,33710.46,79.6,3.5,12.3,0,3,1,0.14845004525300604
109252,39.0,78570.11,69.8,7.1,7.5,0,1,1,0.20456767421107247
109253,53.0,68771.79,44.2,13.2,0.0,0,2,1,0.12253609317158598
109254,60.0,87678.98,33.8,11.7,3.5,0,2,1,0.1579809124929974
109255,55.0,133419.41,68.8,18.0,5.5,0,0,1,0.1386372443012167
109256,25.0,27270.09,83.0,0.9,8.2,0,3,1,0.1748621313147224
109257,31.0,56062.26,40.1,2.1,6.0,0,1,1,0.14980726242603354
109258,35.0,183692.6,68.4,19.4,8.9,0,0,1,0.0724463333014449
109259,31.0,57305.62,65.4,8.4,9.6,0,1,1,0.21000175304595486
109260,33.0,68518.91,52.0,9.0,9.9,0,1,1,0.1869012834538188
109261,36.0,146954.14,61.0,19.7,4.6,0,0,1,0.1150301597525244
109262,26.0,36255.09,78.7,4.7,10.9,0,3,1,0.2083576159967261
109263,60.0,76161.79,31.2,8.2,3.1,0,2,1,0.10569405007864519
109264,37.0,105051.26,56.4,17.1,8.8,0,0,1,0.1618975316019955
109265,26.0,37771.15,87.4,0.7,7.8,0,3,1,0.16354367264317005
109266,53.0,98565.73,48.8,11.4,6.3,0,2,1,0.18743734936513734
109267,35.0,65992.41,61.9,7.0,4.1,0,1,1,0.20069256382717104
109268,44.0,156208.63,73.1,12.5,7.5,0,0,1,0.14869429082983304
109269,46.0,115309.0,1.0,40.1,7.0,1,2,-1,-0.023216645272995606
109270,44.0,116783.37,81.1,20.5,4.7,0,0,1,0.13157707863049445
109271,23.0,42905.43,89.0,0.0,13.5,0,3,1,0.11122687388526753
109272,35.0,105510.24,26.4,12.9,4.7,0,2,1,0.14701728040570566
109273,44.0,154759.17,67.0,16.8,10.8,0,0,1,0.14650947268026066
109274,52.0,85260.23,33.2,11.5,3.0,0,2,1,0.17778224538212378
109275,54.0,80118.56,50.2,12.4,0.0,0,2,1,0.13398061970141867
109276,25.0,26641.3,77.7,2.7,12.0,0,3,1,0.188194871353354
109277,46.0,145578.5,91.1,16.6,12.1,0,0,1,0.0850117989104694
109278,31.0,33943.07,82.6,4.9,9.1,0,3,1,0.19216820394818845
109279,33.0,56932.87,60.9,6.1,4.8,0,1,1,0.205963995087119
109280,38.0,115207.52,65.6,16.8,8.3,0,0,1,0.17892158499221505
109281,39.0,152390.36,91.7,20.5,4.8,0,0,1,0.07557522081720425
109282,42.0,107979.22,74.0,18.5,8.5,0,0,1,0.17648402794701346
109283,31.0,54751.42,67.6,7.8,4.4,0,1,1,0.20179240571979656
109284,18.0,31580.96,76.8,0.4,9.1,0,3,1,0.12537286338857123
109285,34.0,55445.27,53.7,7.5,7.3,0,1,1,0.21086653191072907
109286,30.0,33139.43,86.0,0.4,10.5,0,3,1,0.161667926997213
109287,41.0,158242.08,74.5,21.2,5.2,0,0,1,0.13441741328077378
109288,48.0,100834.91,33.7,10.1,5.1,0,2,1,0.19058403534870666
109289,34.0,67028.02,41.0,6.4,7.5,0,1,1,0.18482874597351373
109290,25.0,36026.41,75.6,3.9,9.8,0,3,1,0.21382345461275454
109291,40.0,44838.81,32.0,9.5,5.3,0,1,1,0.1513897389905965
109292,34.0,135948.66,66.8,18.7,9.5,0,0,1,0.14048418584983946
109293,50.0,110885.39,22.9,7.3,4.4,0,2,1,0.12946949262414786
109294,23.0,21087.5,84.1,0.0,9.7,0,3,1,0.13470210027469592
109295,28.0,33479.17,80.0,2.1,10.5,0,3,1,0.19984153324596526
109296,39.0,54806.35,46.7,8.6,12.6,0,1,1,0.1492775544847736
109297,31.0,16871.9,90.5,1.7,15.4,0,3,1,0.08071552411104488
109298,38.0,111567.46,71.5,17.2,6.9,0,0,1,0.18271011400557624
109299,57.0,116145.75,25.6,15.3,0.3,0,2,1,0.07517508704040654
109300,21.0,46592.6,81.7,1.7,10.8,0,3,1,0.15102350613213394
109301,56.0,100768.78,47.8,10.3,2.0,0,2,1,0.1495989917318964
109302,32.0,52729.78,58.4,4.9,7.9,0,1,1,0.20826412795947996
109303,27.0,24957.74,71.7,2.0,9.3,0,3,1,0.19763327894011867
109304,51.0,110481.32,44.8,10.4,6.1,0,2,1,0.1944936258002472
109305,31.0,38966.94,80.0,2.9,5.8,0,3,1,0.18507499403688943
109306,34.0,45327.32,69.4,6.5,6.7,0,1,1,0.21690513960756047
109307,40.0,104460.64,79.1,19.0,10.8,0,0,1,0.13908759245834473
109308,34.0,173233.17,70.7,19.6,0.1,0,0,1,0.015026364391917069
109309,38.0,61179.61,55.8,6.8,5.2,0,1,1,0.21397604893633665
109310,45.0,73379.66,35.3,14.6,7.3,0,2,1,0.173997666095126
109311,25.0,29185.0,98.6,4.4,11.8,0,3,1,0.127127616568662
109312,45.0,99369.63,22.6,16.2,1.5,0,2,1,0.09726788013376642
109313,21.0,28260.19,74.3,4.3,10.0,0,3,1,0.1877244164322835
109314,52.0,107296.77,19.8,13.5,4.4,0,2,1,0.1490209904752019
109315,20.0,32758.99,79.1,0.0,14.1,0,3,1,0.10409609495920225
109316,49.0,107086.89,64.4,20.7,10.0,0,0,1,0.11527924601064543
109317,45.0,150984.02,75.7,15.9,6.3,0,0,1,0.15491577301415138
109318,41.0,69323.81,60.8,5.7,10.0,0,1,1,0.18928093153521436
109319,47.0,120322.41,27.7,10.3,4.1,0,2,1,0.16688378656143138
109320,25.0,32559.03,64.8,3.8,12.9,0,3,1,0.18725351767935705
109321,52.0,68560.74,32.9,9.7,0.0,0,2,1,0.13343234776311075
109322,33.0,80125.31,57.2,6.5,9.1,0,1,1,0.1814112360113434
109323,27.0,23556.89,96.7,3.4,12.7,0,3,1,0.10773656043716362
109324,49.0,61566.15,33.8,9.8,7.5,0,2,1,0.15901000664784865
109325,29.0,62296.43,64.0,7.9,5.5,0,1,1,0.2055307074792025
109326,27.0,45181.84,50.4,4.2,6.8,0,1,1,0.1782970892278708
109327,32.0,47572.43,43.8,3.8,6.8,0,1,1,0.1728397561741294
109328,20.0,32148.25,77.2,2.6,11.9,0,3,1,0.17963218806012887
109329,18.0,35759.48,81.9,2.6,7.6,0,3,1,0.15273027305960668
109330,52.0,102671.13,21.0,13.2,9.2,0,2,1,0.12058130272444934
109331,52.0,117285.35,39.7,12.5,1.9,0,2,1,0.16029916880803619
109332,22.0,26350.48,87.4,1.5,15.3,0,3,1,0.11191668365372986
109333,38.0,66397.57,44.8,8.3,6.3,0,1,1,0.2012769030468885
109334,49.0,83783.78,22.6,12.0,3.5,0,2,1,0.15695498760239923
109335,45.0,103802.41,56.3,9.2,3.7,0,2,1,0.18465794575657662
109336,51.0,120410.17,76.4,18.8,10.0,0,0,1,0.13953512458304035
109337,45.0,42025.29,59.9,6.0,6.9,0,1,1,0.17988850992595157
109338,36.0,58717.41,47.1,5.0,13.4,0,1,1,0.15826613175156146
109339,45.0,115975.6,24.6,12.2,9.9,0,2,1,0.129215301708887
109340,40.0,45950.64,54.6,6.9,10.1,0,1,1,0.1778418517628566
109341,24.0,31084.92,95.2,6.2,12.1,0,3,1,0.12967446919639108
109342,21.0,16728.72,65.2,0.0,9.8,0,3,1,0.1168464933442439
109343,48.0,189790.67,84.7,16.6,8.8,0,0,1,0.0755887771798679
109344,26.0,23017.45,69.3,2.1,16.4,0,3,1,0.10713588173274158
109345,54.0,72520.45,30.8,12.9,3.2,0,2,1,0.16107158620994988
109346,50.0,107517.1,49.0,14.4,3.1,0,2,1,0.1707192136246446
109347,35.0,58550.13,68.6,6.2,1.2,0,1,1,0.15322823524757367
109348,45.0,153338.62,67.9,21.7,6.4,0,0,1,0.14539922328559074
109349,59.0,72102.75,37.8,10.4,3.8,0,2,1,0.14598778328844036
109350,28.0,28718.41,71.0,2.6,21.3,0,3,1,0.08984981453628271
109351,53.0,97447.03,39.3,8.6,6.8,0,2,1,0.17026103009696325
109352,40.0,42091.98,82.0,7.0,3.6,0,1,1,0.14003117164157924
109353,38.0,51857.25,41.9,6.5,6.3,0,1,1,0.1818056156464236
109354,44.0,81657.07,24.7,11.3,5.9,0,2,1,0.16893787824023326
109355,53.0,94441.16,16.7,11.9,0.7,0,2,1,0.09443376373099466
109356,27.0,71793.99,44.7,7.2,5.5,0,1,1,0.15624639218771386
109357,38.0,170740.79,66.0,16.9,5.8,0,0,1,0.1348401987484698
109358,53.0,92272.33,28.0,10.2,3.9,0,2,1,0.17580133002695314
109359,49.0,124489.16,100.0,44.5,3.7,1,0,-1,-0.02616896341810826
109360,23.0,37180.06,83.8,4.1,11.6,0,3,1,0.18633038823693227
109361,18.0,34538.32,75.5,2.0,20.4,0,3,1,0.05042656318819572
109362,29.0,60989.34,56.3,6.8,4.0,0,1,1,0.184990009447507
109363,53.0,75783.88,37.8,12.3,3.3,0,2,1,0.1763346462712263
109364,36.0,79678.93,63.8,7.3,8.3,0,1,1,0.1994031771512576
109365,52.0,104441.97,28.9,16.4,4.6,0,2,1,0.151237855478567
109366,38.0,44768.64,73.0,3.5,11.1,0,3,1,0.18892299203699997
109367,57.0,97244.5,47.1,8.5,2.2,0,2,1,0.12246703585679558
109368,42.0,123200.64,54.7,19.8,4.7,0,0,1,0.16000700728280098
109369,49.0,107907.99,47.2,10.9,0.9,0,2,1,0.15486737463667705
109370,48.0,114061.18,46.7,12.7,4.7,0,2,1,0.18670671421469548
109371,36.0,151720.14,79.9,18.3,8.6,0,0,1,0.12537937639349772
109372,19.0,38730.27,64.4,3.0,11.4,0,3,1,0.15790886764929335
109373,58.0,113017.53,46.4,11.4,11.0,0,2,1,0.10988708755136745
109374,48.0,131108.65,69.1,19.5,6.6,0,0,1,0.17516997334795242
109375,46.0,96411.82,12.3,12.7,5.9,0,2,1,0.12405622571525454
109376,23.0,38623.82,86.5,1.0,10.1,0,3,1,0.16484612831209833
109377,40.0,131858.0,83.5,19.3,5.8,0,0,1,0.14799368356377535
109378,25.0,27647.16,73.2,6.1,17.6,0,3,1,0.0942910148071141
109379,45.0,65095.68,59.8,9.0,7.3,0,1,1,0.20534611682992837
109380,18.0,42477.13,66.1,5.4,12.3,0,3,1,0.1243523388467464
109381,45.0,71625.75,52.1,9.2,5.9,0,1,1,0.2073089391996038
109382,31.0,41560.44,56.8,3.6,11.3,0,3,1,0.18461157380632964
109383,28.0,57758.46,54.6,7.3,4.4,0,1,1,0.18479002341850503
109384,49.0,144109.93,71.8,16.7,9.6,0,0,1,0.14993613429580777
109385,43.0,92075.91,48.6,6.7,1.3,0,2,1,0.13891373846993332
109386,39.0,46763.76,60.8,9.5,5.8,0,1,1,0.2056247744233764
109387,38.0,173216.39,79.1,15.7,8.4,0,0,1,0.11342492772979174
109388,39.0,166726.29,73.2,21.1,5.2,0,0,1,0.11676991796600067
109389,25.0,31929.45,80.5,1.9,3.2,0,3,1,0.14051446741810492
109390,27.0,32308.85,69.7,2.0,6.5,0,3,1,0.19809250981311444
109391,43.0,112762.12,40.7,9.3,11.6,0,1,1,0.12916893096784965
109392,37.0,158007.42,72.0,15.5,9.0,0,0,1,0.13129564962502066
109393,51.0,84107.81,48.2,13.2,6.2,0,2,1,0.18622179261756644
109394,23.0,34028.39,77.7,4.0,7.1,0,3,1,0.1948112085951032
109395,40.0,118189.88,34.9,13.1,1.9,0,2,1,0.13960614211831412
109396,51.0,120997.32,38.6,16.4,6.7,0,2,1,0.15818091876722395
109397,49.0,102551.89,51.8,12.4,5.9,0,2,1,0.18559463779767799
109398,50.0,80894.88,79.0,20.7,5.7,0,0,1,0.10260142609208067
109399,57.0,94911.17,18.1,13.6,4.0,0,2,1,0.131770611099932
109400,52.0,106048.51,25.5,13.5,1.3,0,2,1,0.13769203738627506
109401,60.0,114477.67,50.4,12.9,2.7,0,2,1,0.12417266033701829
109402,48.0,81652.1,33.3,10.6,5.0,0,2,1,0.19105393037701285
109403,32.0,55056.44,54.2,5.4,6.0,0,1,1,0.20709114355621971
109404,39.0,52135.65,46.0,6.6,3.6,0,1,1,0.1722454503903536
109405,59.0,83052.89,35.5,12.9,0.2,0,2,1,0.10810310175428017
109406,48.0,84226.79,42.8,15.7,9.6,0,2,1,0.14466333707332646
109407,42.0,48161.57,49.2,9.8,11.6,0,1,1,0.15301044577433287
109408,28.0,36641.4,73.7,6.4,7.8,0,3,1,0.20860356944919645
109409,44.0,108702.16,29.2,9.4,6.6,0,2,1,0.16780683557793408
109410,43.0,102768.99,30.5,15.2,5.4,0,2,1,0.1625841532365913
109411,41.0,49898.35,41.1,6.3,8.8,0,1,1,0.16023478832209098
109412,36.0,74842.56,63.5,4.9,8.4,0,1,1,0.2000916761595246
109413,25.0,39319.95,68.7,1.7,11.2,0,3,1,0.18782765419291186
109414,50.0,134976.61,78.0,18.1,7.9,0,0,1,0.14914203552684613
109415,49.0,142768.51,67.6,17.0,7.1,0,0,1,0.16341809629122084
109416,49.0,90931.58,35.6,12.6,1.0,0,2,1,0.15431333181665996
109417,34.0,57852.35,50.4,5.8,9.7,0,1,1,0.19509164924293543
109418,59.0,89647.36,27.9,11.8,4.3,0,2,1,0.15748070855597768
109419,39.0,57576.43,52.6,11.9,3.1,0,1,1,0.1773808855563443
109420,48.0,177540.8,69.5,18.9,3.0,0,0,1,0.07831677691238537
109421,24.0,38678.74,79.2,3.1,15.2,0,3,1,0.1517269812092038
109422,28.0,36079.52,69.9,0.0,11.1,0,3,1,0.17323916472089174
109423,52.0,108039.34,36.2,12.1,4.1,0,2,1,0.18908922076831625
109424,18.0,21372.61,69.1,0.8,9.9,0,3,1,0.10580128253549148
109425,44.0,86862.19,54.3,11.9,4.1,0,2,1,0.18979526921430667
109426,52.0,98624.24,29.7,11.7,2.4,0,2,1,0.16494963230065068
109427,18.0,38756.4,69.2,6.2,7.7,0,3,1,0.135901344979651
109428,29.0,83604.61,43.2,2.5,2.7,0,1,1,0.10001511105707284
109429,51.0,72124.12,29.4,7.9,7.3,0,2,1,0.14454475718595255
109430,45.0,108100.46,48.8,16.2,10.0,0,0,1,0.14897029143172158
109431,41.0,59370.69,53.0,5.8,7.9,0,1,1,0.20119280193920536
109432,28.0,31175.49,74.3,4.6,14.5,0,3,1,0.17727874272785626
109433,51.0,96452.17,27.5,12.2,1.2,0,2,1,0.1526635865880986
109434,43.0,71889.27,75.4,5.9,13.2,0,1,1,0.13389774172743224
109435,53.0,92712.14,47.6,10.0,4.1,0,2,1,0.17252232677232365
109436,51.0,102140.28,30.6,10.9,2.9,0,2,1,0.17833879180162382
109437,23.0,32453.06,90.9,0.0,12.3,0,3,1,0.12054537869983994
109438,50.0,91940.82,24.1,12.1,2.8,0,2,1,0.1546758349572051
109439,35.0,68507.68,64.4,9.8,5.2,0,1,1,0.2038620126870787
109440,27.0,35648.97,78.9,6.4,8.1,0,3,1,0.2058636024666204
109441,53.0,100214.58,23.0,14.5,3.7,0,2,1,0.15158426011362996
109442,45.0,179809.3,74.2,18.1,8.2,0,0,1,0.1280506144792689
109443,47.0,88492.17,33.5,12.2,8.1,0,2,1,0.18234458753636917
109444,41.0,55442.05,57.8,9.8,1.8,0,1,1,0.16520260286253713
109445,51.0,72664.76,59.4,13.5,2.5,0,2,1,0.1456103274788232
109446,36.0,52829.12,77.9,2.4,8.0,0,1,1,0.18343164595497308
109447,36.0,50519.04,55.5,3.8,11.7,0,1,1,0.179081896960327
109448,36.0,72212.01,53.2,9.7,7.1,0,1,1,0.20613748834195084
109449,29.0,35268.4,77.7,5.0,22.6,0,3,1,0.09229545105129122
109450,30.0,60651.0,45.1,7.8,7.7,0,1,1,0.18444952992334884
109451,53.0,133533.13,81.5,13.8,8.5,0,0,1,0.12489183116148694
109452,20.0,35411.5,89.5,1.8,11.6,0,3,1,0.14599479578042607
109453,41.0,141192.2,76.1,16.0,5.0,0,0,1,0.1501945599798286
109454,56.0,83417.03,47.8,8.4,6.8,0,2,1,0.14771536910118704
109455,36.0,60955.76,59.5,4.1,10.4,0,1,1,0.20273759450315543
109456,22.0,27194.65,99.6,2.3,7.4,0,3,1,0.10549036588705984
109457,28.0,33517.63,88.1,3.2,12.9,0,3,1,0.17038705436119672
109458,34.0,27634.74,73.4,0.0,11.1,0,3,1,0.15645518192893748
109459,53.0,116593.14,34.7,11.8,4.6,0,2,1,0.18186903455494086
109460,42.0,149274.53,74.3,19.1,7.3,0,0,1,0.16853355656639302
109461,46.0,155551.22,68.7,17.8,7.5,0,0,1,0.16213241507165793
109462,18.0,29201.78,85.6,4.7,11.0,0,3,1,0.14930152981760614
109463,19.0,37637.58,96.5,4.2,10.0,0,3,1,0.11300374448922146
109464,20.0,31919.64,73.1,2.6,13.9,0,3,1,0.1470369097764404
109465,47.0,131357.99,72.9,18.0,6.7,0,0,1,0.1804480181734484
109466,18.0,36769.43,89.8,1.8,8.0,0,3,1,0.1301651419262041
109467,29.0,28164.2,64.1,2.1,14.1,0,3,1,0.15543787262050146
109468,49.0,83913.92,30.3,9.7,0.0,0,2,1,0.13519614905416805
109469,51.0,71012.73,31.0,12.5,5.1,0,2,1,0.1758675796188131
109470,23.0,25097.66,73.9,3.7,11.9,0,3,1,0.18928591777144876
109471,51.0,82963.37,35.8,11.3,0.9,0,2,1,0.1493564618248976
109472,26.0,32106.22,66.9,1.7,9.4,0,3,1,0.1998229988560541
109473,18.0,27812.93,84.3,2.0,7.6,0,3,1,0.14129009615532556
109474,29.0,34013.23,85.0,1.4,9.1,0,3,1,0.18382387832414293
109475,36.0,64531.23,80.9,7.2,10.3,0,3,1,0.1762997790626833
109476,54.0,183246.05,73.6,20.3,8.4,0,0,1,0.0775709785958707
109477,36.0,71386.12,66.8,8.0,6.5,0,1,1,0.21237605841986734
109478,50.0,74363.85,36.6,12.5,6.5,0,2,1,0.17995400637795744
109479,29.0,63162.09,56.0,6.9,10.7,0,1,1,0.19459164921899752
109480,58.0,112367.66,35.9,11.6,7.6,0,2,1,0.156610630622887
109481,52.0,180290.02,76.9,18.1,10.1,0,0,1,0.07399933747604293
109482,40.0,57534.84,56.1,13.1,5.8,0,1,1,0.18894941915161945
109483,47.0,127037.27,70.8,16.2,5.2,0,0,1,0.1737908150465251
109484,55.0,103520.81,53.4,12.1,4.5,0,2,1,0.1711880679080633
109485,52.0,78366.63,40.9,11.7,0.0,0,2,1,0.14543064703456887
109486,30.0,28690.95,81.3,3.7,10.6,0,3,1,0.1972021434136233
109487,47.0,118874.68,27.7,7.1,6.5,0,2,1,0.1426152627238208
109488,40.0,48665.65,57.9,9.2,11.2,0,1,1,0.1728444234069243
109489,46.0,160837.75,79.2,17.7,4.7,0,0,1,0.12610238995671946
109490,42.0,168331.0,83.1,18.4,7.0,0,0,1,0.13551908434551485
109491,45.0,63383.95,64.4,4.6,6.8,0,1,1,0.19634403645648119
109492,48.0,105489.95,71.6,18.8,12.3,0,0,1,0.13348178124355792
109493,48.0,182667.43,80.3,19.8,5.1,0,0,1,0.09126478435275032
109494,47.0,123738.46,30.5,10.9,0.0,0,2,1,0.1270879856803555
109495,29.0,25554.42,69.8,5.2,3.4,0,1,1,0.15275312078432401
109496,31.0,27223.56,76.5,1.4,6.0,0,3,1,0.16985242828127112
109497,20.0,27234.82,65.7,6.1,7.1,0,3,1,0.14406265672596352
109498,18.0,20108.82,82.4,0.0,9.5,0,3,1,0.09833607170186176
109499,53.0,144584.23,75.2,16.9,8.0,0,0,1,0.13865743289780863
109500,23.0,33778.24,94.6,2.1,7.6,0,3,1,0.13925967644434994
109501,52.0,111418.48,31.6,12.5,5.5,0,2,1,0.18399783096208266
109502,63.0,110775.12,26.3,7.6,4.5,0,2,1,0.07306816627947199
109503,48.0,86693.05,25.0,11.0,2.4,0,2,1,0.1653342656283831
109504,23.0,28124.9,70.8,4.1,10.0,0,3,1,0.20186399908979918
109505,52.0,94155.46,26.0,14.9,10.1,0,2,1,0.12041880324324022
109506,58.0,64831.86,28.4,13.4,1.7,0,2,1,0.1109501562775983
109507,48.0,71550.28,31.4,10.4,0.0,0,2,1,0.13632862081958103
109508,30.0,34400.16,64.6,4.7,10.4,0,3,1,0.2055626709891608
109509,58.0,107555.95,27.2,13.3,6.1,0,2,1,0.14732159467457512
109510,29.0,37745.23,98.8,4.9,7.6,0,3,1,0.12908606436675407
109511,53.0,77061.18,47.1,10.3,10.7,0,2,1,0.13044585719204593
109512,35.0,61509.73,53.4,5.6,5.4,0,1,1,0.20781095814268608
109513,25.0,32101.65,73.7,3.6,8.4,0,3,1,0.21723251471929916
109514,43.0,184498.47,66.3,17.4,4.5,0,0,1,0.11045745404036944
109515,22.0,34157.58,72.7,0.7,11.1,0,3,1,0.16144815401056906
109516,45.0,155472.33,59.6,20.7,6.5,0,0,1,0.13791324232695623
109517,38.0,165818.42,85.4,17.4,5.5,0,0,1,0.1140616780207061
109518,38.0,47129.76,83.5,4.9,8.1,0,1,1,0.17109829906452628
109519,35.0,51735.57,48.6,9.3,8.1,0,1,1,0.19103211649780527
109520,21.0,28774.8,69.9,4.8,12.8,0,3,1,0.16769516383191413
109521,46.0,146394.55,78.3,14.7,8.8,0,0,1,0.13710457753824218
109522,57.0,98950.0,35.5,10.7,2.3,0,2,1,0.159213700604888
109523,21.0,33284.57,73.1,0.0,12.4,0,3,1,0.13891784022373216
109524,39.0,65964.76,48.6,6.0,8.6,0,1,1,0.19334605353204048
109525,24.0,27979.86,100.0,36.5,1.0,1,0,-1,-0.04963407608325798
109526,52.0,97221.34,35.6,12.8,2.3,0,2,1,0.17271091378254588
109527,41.0,46753.44,57.8,5.7,10.0,0,1,1,0.18626228895388597
109528,20.0,32408.62,78.9,3.4,7.8,0,3,1,0.18648152229440768
109529,45.0,140721.01,75.4,21.1,8.3,0,0,1,0.15185161589532215
109530,19.0,43295.51,87.8,4.3,9.5,0,3,1,0.14184280039215463
109531,40.0,39039.58,73.5,8.8,6.5,0,1,1,0.18594640970628717
109532,56.0,105582.07,24.9,12.4,5.1,0,2,1,0.16556913977484494
109533,42.0,134475.18,81.0,18.4,13.6,0,0,1,0.10837744367703361
109534,33.0,66569.53,48.8,8.4,3.7,0,1,1,0.18475792873481556
109535,44.0,169751.78,72.5,16.0,10.8,0,0,1,0.11784995494563305
109536,38.0,61048.92,48.3,3.8,13.8,0,1,1,0.14715858932370596
109537,40.0,114977.84,75.1,16.0,9.5,0,0,1,0.16413782373697416
109538,31.0,25906.66,75.0,3.9,6.3,0,3,1,0.19265429082611518
109539,47.0,93003.48,54.6,10.3,3.2,0,2,1,0.18133862623817631
109540,36.0,36580.07,61.1,2.5,11.8,0,3,1,0.1789496462678003
109541,50.0,175100.21,77.6,19.4,4.1,0,0,1,0.08123833205649256
109542,40.0,107308.4,82.3,18.8,8.3,0,0,1,0.15398148514032384
109543,44.0,68005.99,69.4,8.5,9.6,0,1,1,0.19169194723538246
109544,31.0,72872.46,62.7,6.2,9.1,0,1,1,0.19614603668256347
109545,58.0,93321.15,27.5,10.6,0.0,0,2,1,0.11599021271260129
109546,23.0,35399.64,95.3,1.4,11.1,0,3,1,0.1321185387179749
109547,52.0,94852.91,19.7,10.0,9.4,0,2,1,0.12235275856986805
109548,57.0,99836.91,39.6,13.5,2.7,0,2,1,0.160446473782987
109549,34.0,55127.09,59.7,4.7,5.0,0,1,1,0.20057160294290555
109550,27.0,29967.1,60.5,2.2,11.6,0,3,1,0.17692618544295557
109551,44.0,97417.89,82.3,17.5,9.0,0,0,1,0.15319207414379754
109552,29.0,31286.97,58.9,6.5,3.4,0,1,1,0.1533522190225205
109553,50.0,117156.01,28.0,10.7,3.3,0,2,1,0.16332759933663216
109554,23.0,27044.84,71.6,5.1,8.4,0,3,1,0.1939012985343847
109555,27.0,26742.1,91.8,4.9,9.7,0,3,1,0.1558458169813261
109556,27.0,40766.02,68.0,0.9,11.1,0,3,1,0.18736937928104597
109557,30.0,44677.25,42.0,7.3,0.9,0,1,1,0.12470103304058477
109558,50.0,36341.59,39.4,13.0,3.4,0,2,1,0.13325428817438378
109559,42.0,70877.75,50.1,5.2,9.7,0,1,1,0.1811055927226491
109560,55.0,90399.18,17.4,13.9,4.2,0,2,1,0.12576388426873725
109561,52.0,46450.31,40.3,11.9,2.4,0,2,1,0.13700323515742324
109562,20.0,32638.48,82.7,2.2,11.7,0,3,1,0.1685367790118633
109563,18.0,28242.53,84.9,2.2,15.2,0,3,1,0.08942206132277286
109564,53.0,75026.91,19.3,13.6,2.2,0,2,1,0.11402404462573335
109565,57.0,85761.3,37.4,11.3,4.8,0,2,1,0.17590390785100946
109566,56.0,95327.16,41.6,8.6,5.2,0,2,1,0.1550634173126305
109567,24.0,30490.22,54.1,0.0,10.7,0,3,1,0.13816320174500568
109568,45.0,150315.67,71.9,15.6,4.9,0,0,1,0.14745805551712815
109569,18.0,32717.8,97.1,2.8,7.7,0,3,1,0.10102183893346028
109570,52.0,92679.96,17.6,12.5,3.7,0,2,1,0.13569687966901972
109571,23.0,43452.57,77.0,6.6,7.5,0,3,1,0.18054647106558858
109572,44.0,81151.76,46.7,10.5,0.0,0,2,1,0.14629257244567134
109573,38.0,57720.3,63.7,5.7,4.2,0,1,1,0.19861400385105787
109574,60.0,80761.58,26.6,12.9,0.0,0,2,1,0.09198173402821441
109575,28.0,42301.59,86.7,0.9,7.8,0,3,1,0.15939180274173348
109576,52.0,101244.21,51.1,15.1,3.4,0,2,1,0.16354822584230222
109577,21.0,27497.87,84.4,5.2,10.2,0,3,1,0.16776014494772368
109578,52.0,131133.42,41.8,7.9,3.9,0,2,1,0.13221752938053882
109579,25.0,30448.03,90.6,2.3,7.0,0,3,1,0.15745768897816154
109580,20.0,35885.11,64.5,2.0,12.5,0,3,1,0.14857422029865258
109581,45.0,77262.67,18.0,10.2,2.4,0,2,1,0.11640092421053289
109582,23.0,26719.64,74.2,5.0,11.0,0,3,1,0.19551375784848768
109583,35.0,28123.46,73.5,3.3,8.5,0,3,1,0.1949462315010806
109584,43.0,91674.42,68.3,19.8,13.7,0,0,1,0.0925812701294807
109585,50.0,143172.16,76.8,18.7,6.3,0,0,1,0.15083092260343262
109586,38.0,146256.66,70.9,19.7,0.9,0,0,1,0.07887338617926043
109587,35.0,75494.93,63.8,5.0,3.1,0,1,1,0.16863898232122432
109588,36.0,70762.65,63.2,7.2,8.9,0,1,1,0.2109124551983877
109589,53.0,105248.85,44.4,11.1,1.3,0,2,1,0.15771129681277646
109590,28.0,29058.04,58.5,5.9,10.8,0,3,1,0.18654620634045016
109591,53.0,91838.23,43.4,9.4,4.0,0,2,1,0.17327735140802458
109592,25.0,35173.78,60.9,4.2,8.7,0,3,1,0.20076289638398642
109593,40.0,100649.28,94.3,17.7,8.7,0,0,1,0.09705451325835246
109594,47.0,68847.51,43.1,9.3,7.9,0,1,1,0.18834206636299916
109595,45.0,53345.94,53.4,1.9,1.8,0,1,1,0.12393152835338916
109596,39.0,76000.39,50.2,5.7,2.3,0,1,1,0.15827246259689265
109597,18.0,39652.98,81.1,0.0,11.7,0,3,1,0.10766815999391133
109598,48.0,57602.74,51.3,8.2,10.0,0,1,1,0.15854303991875174
109599,56.0,89577.58,30.8,8.6,0.3,0,2,1,0.11115256025238296
109600,38.0,56034.31,60.5,6.5,7.2,0,1,1,0.21482530843073527
109601,36.0,70326.62,66.5,7.0,6.4,0,1,1,0.21550077808021517
109602,24.0,27484.04,88.9,1.9,9.5,0,3,1,0.1696997030509077
109603,53.0,100301.46,37.7,11.7,8.9,0,2,1,0.16414716975009497
109604,36.0,59195.74,76.0,5.4,12.4,0,3,1,0.18025848342259537
109605,18.0,29686.11,61.3,0.3,11.4,0,3,1,0.10700433890913907
109606,44.0,124670.31,88.3,20.3,7.8,0,0,1,0.10880631936575158
109607,27.0,72700.89,53.2,7.6,9.4,0,1,1,0.1656028640900804
109608,34.0,76271.16,54.2,8.1,9.3,0,1,1,0.18940114763172022
109609,48.0,183954.12,63.8,15.7,7.0,0,0,1,0.11520536242959711
109610,51.0,77072.42,52.5,6.3,7.0,0,1,1,0.1747363335790763
109611,44.0,156157.54,78.8,20.4,14.0,0,0,1,0.06863983682832753
109612,51.0,91345.42,31.4,11.4,5.1,0,2,1,0.19108636997777856
109613,55.0,124517.7,27.9,12.7,1.5,0,2,1,0.12143361821342147
109614,26.0,47394.14,76.6,7.9,7.5,0,3,1,0.18308145502774198
109615,22.0,30026.49,79.7,2.7,12.3,0,3,1,0.17365645251815476
109616,22.0,51064.85,76.9,4.2,5.9,0,3,1,0.14562610886142258
109617,27.0,31738.03,69.5,3.9,12.5,0,3,1,0.195333804030002
109618,21.0,34346.62,86.6,5.2,11.1,0,3,1,0.16719828540421106
109619,61.0,95809.25,25.2,11.6,7.6,0,2,1,0.13035402186606865
109620,48.0,56663.22,39.6,11.1,10.7,0,1,1,0.1358610803054754
109621,25.0,39126.11,73.1,4.2,11.1,0,3,1,0.204733911894305
109622,59.0,98272.09,29.8,14.1,1.9,0,2,1,0.12963733260757615
109623,39.0,138889.85,68.7,18.0,6.0,0,0,1,0.1787001295881655
109624,58.0,113904.2,43.3,13.5,0.0,0,2,1,0.10055150622436959
109625,53.0,109668.49,48.4,11.6,7.9,0,2,1,0.18017507485709372
109626,54.0,50830.99,34.0,10.3,2.2,0,2,1,0.12620169747877474
109627,29.0,33713.41,72.8,1.6,11.3,0,3,1,0.19682290827181692
109628,35.0,69773.92,49.7,6.2,3.6,0,1,1,0.17971989772555025
109629,40.0,194879.98,64.6,17.1,5.5,0,0,1,0.09890068355050441
109630,51.0,93762.2,47.2,11.2,4.3,0,2,1,0.1967434142287408
109631,43.0,80212.46,45.9,10.3,6.3,0,1,1,0.1936283762777068
109632,38.0,135642.07,89.1,19.5,2.1,0,0,1,0.05297716582568668
109633,40.0,26017.6,96.7,2.1,6.3,0,3,1,0.07958174487898562
109634,34.0,54708.97,52.5,7.1,8.4,0,1,1,0.210955795086393
109635,59.0,98666.36,35.8,10.6,3.2,0,2,1,0.16375226667794723
109636,21.0,24090.34,100.0,3.5,10.8,0,3,1,0.09789103442050051
109637,58.0,50855.5,57.4,10.3,1.3,0,2,1,0.09929927129442995
109638,40.0,164804.77,93.4,21.3,6.6,0,0,1,0.07237693411016977
109639,43.0,87914.54,28.6,8.7,5.7,0,2,1,0.16884632205503264
109640,36.0,67586.23,65.3,8.4,6.8,0,1,1,0.22263200436232172
109641,60.0,86620.98,28.6,11.5,5.6,0,2,1,0.15121971982490767
109642,27.0,30039.94,74.8,5.6,6.1,0,3,1,0.1895588146239529
109643,57.0,132423.42,70.0,18.7,9.6,0,0,1,0.11565096120429297
109644,21.0,33949.07,68.7,1.8,5.2,0,3,1,0.1491106402676834
109645,44.0,135557.09,51.9,16.6,7.9,0,0,1,0.1696660560981632
109646,40.0,47694.33,55.0,4.8,9.2,0,1,1,0.18454770910593632
109647,33.0,67789.84,54.4,3.6,6.8,0,1,1,0.1978167555894999
109648,30.0,74492.51,76.2,8.3,5.1,0,1,1,0.15799645128380974
109649,24.0,33671.06,88.8,2.6,11.2,0,3,1,0.17748493525305536
109650,28.0,64698.13,49.4,7.1,3.9,0,1,1,0.1726337804252281
109651,45.0,156078.08,69.7,16.3,9.7,0,0,1,0.15124942988723444
109652,51.0,188425.12,76.0,18.6,4.1,0,0,1,0.06414996636147241
109653,31.0,18620.49,89.9,3.1,2.7,0,3,1,0.09095497440074085
109654,54.0,92324.57,30.5,11.5,3.9,0,2,1,0.18262092701877508
109655,43.0,102813.29,76.0,17.2,12.8,0,0,1,0.13122624451556025
109656,47.0,164509.02,90.6,19.5,7.6,0,0,1,0.08159578198083572
109657,23.0,64688.44,75.3,8.8,5.5,0,1,1,0.14397409072988376
109658,24.0,28798.38,81.1,2.0,14.3,0,3,1,0.15982779669961134
109659,44.0,146491.58,63.7,17.2,4.5,0,0,1,0.16109910643544817
109660,43.0,56271.71,59.6,3.9,3.3,0,1,1,0.17324609122293994
109661,35.0,58525.53,60.4,11.0,0.9,0,1,1,0.15155324077029297
109662,57.0,103519.19,28.8,11.1,7.4,0,2,1,0.16770355815256804
109663,24.0,30145.53,67.5,1.3,6.4,0,3,1,0.17915719185505408
109664,47.0,120238.45,60.1,18.3,5.6,0,0,1,0.17460071262317545
109665,32.0,32236.74,80.1,3.4,11.7,0,3,1,0.18761087517349007
109666,56.0,95501.11,24.8,11.7,4.2,0,2,1,0.16806556467870198
109667,35.0,86960.16,59.9,14.1,6.5,0,1,1,0.17225296906649473
109668,39.0,142234.16,79.1,18.6,9.3,0,0,1,0.15494364162079083
109669,48.0,131781.85,45.9,14.5,9.5,0,0,1,0.14907218200552397
109670,44.0,157517.51,100.0,18.4,7.7,0,0,1,0.0774174930041498
109671,26.0,25144.39,85.5,2.7,15.0,0,3,1,0.1360050646483446
109672,35.0,140114.44,65.7,15.9,9.9,0,0,1,0.13727667709331043
109673,41.0,173529.52,66.7,17.2,14.0,0,0,1,0.08236083795958082
109674,29.0,53254.66,27.1,6.1,9.1,0,1,1,0.14189076738212836
109675,38.0,63609.49,49.2,6.6,5.8,0,1,1,0.21090510139353352
109676,24.0,33003.41,100.0,36.3,9.7,1,0,-1,-0.01908663211416528
109677,49.0,96359.7,22.2,12.4,0.7,0,2,1,0.12101826093208368
109678,52.0,102958.73,25.7,14.1,9.4,0,2,1,0.13831982528863074
109679,33.0,60384.64,70.1,3.4,7.1,0,1,1,0.2065925927595499
109680,34.0,72049.17,55.5,7.9,4.5,0,1,1,0.2004676036962959
109681,57.0,75820.65,43.7,12.2,0.0,0,2,1,0.11981423292437743
109682,24.0,35496.08,65.7,1.3,10.3,0,3,1,0.18978803792890125
109683,40.0,148305.45,69.9,15.4,15.0,0,0,1,0.10205976009469364
109684,34.0,63386.81,75.7,8.7,8.6,0,1,1,0.1949274534786376
109685,29.0,35176.35,83.5,4.1,9.5,0,3,1,0.20204167647307109
109686,29.0,35884.77,55.0,4.7,7.6,0,1,1,0.19742878153527044
109687,44.0,97858.91,66.2,17.3,9.6,0,0,1,0.17908449183753672
109688,40.0,85420.04,67.1,17.2,9.9,0,0,1,0.15686159522675586
109689,25.0,27584.05,80.8,6.7,13.5,0,3,1,0.16261911665055861
109690,18.0,46256.66,89.8,6.2,5.4,0,3,1,0.08401355804423682
109691,34.0,68567.74,46.8,8.1,11.9,0,1,1,0.15972964859868538
109692,22.0,41811.39,85.0,0.0,7.4,0,3,1,0.12331112964506308
109693,58.0,77349.23,45.8,13.2,4.9,0,2,1,0.1511570016638269
109694,21.0,33734.56,94.8,2.2,11.8,0,3,1,0.1308865186558289
109695,46.0,64927.34,53.1,6.0,0.7,0,2,1,0.14427752913894765
109696,30.0,65775.08,67.7,6.1,9.9,0,1,1,0.19719823476345316
109697,40.0,53398.02,52.0,4.3,9.2,0,1,1,0.1837610704377401
109698,36.0,71906.58,57.4,5.1,9.3,0,1,1,0.2011303223985546
109699,18.0,30058.18,70.3,6.1,15.2,0,3,1,0.09205335135006332
109700,26.0,28665.97,95.2,1.6,5.8,0,3,1,0.12132524106187637
109701,18.0,32589.51,60.9,5.8,8.3,0,3,1,0.13227301970682215
109702,18.0,38426.18,86.8,6.3,4.9,0,3,1,0.08785914977886433
109703,33.0,179329.73,43.9,15.6,8.2,0,0,1,0.06783295709082426
109704,18.0,33217.05,66.5,5.6,12.2,0,3,1,0.12508867804404022
109705,37.0,58038.32,47.7,6.7,3.3,0,1,1,0.18002107921180838
109706,34.0,33839.0,69.3,6.1,9.9,0,3,1,0.19791671715301423
109707,59.0,118401.09,39.4,9.5,2.3,0,2,1,0.11732534868430872
109708,61.0,126110.32,69.4,17.1,5.2,0,0,1,0.09573175724788419
109709,56.0,72104.74,26.7,12.6,3.2,0,2,1,0.1470156462524339
109710,53.0,94469.61,23.3,14.9,7.4,0,2,1,0.14956626691407326
109711,38.0,152014.45,67.1,20.2,10.6,0,0,1,0.13205153717166962
109712,42.0,51428.35,44.5,3.3,15.0,0,1,1,0.09512838087119957
109713,48.0,171372.96,57.7,19.3,2.8,0,0,1,0.08210479165597218
109714,54.0,95350.04,32.0,10.9,7.5,0,2,1,0.18220767181662106
109715,21.0,39795.38,77.5,3.7,11.7,0,3,1,0.17709957099252854
109716,38.0,64549.6,79.5,9.3,0.0,0,1,1,0.11554039737848387
109717,23.0,40559.72,69.9,3.0,10.2,0,3,1,0.1908206241042304
109718,32.0,25970.94,69.0,4.0,11.0,0,3,1,0.18907579193879248
109719,46.0,148121.0,70.8,19.1,8.6,0,0,1,0.15735791586778253
109720,23.0,31634.8,72.6,1.6,11.7,0,3,1,0.18416952968492495
109721,45.0,106779.92,32.4,11.8,3.5,0,2,1,0.18188879854006207
109722,46.0,177300.22,90.0,20.1,8.2,0,0,1,0.06521695695181762
109723,40.0,39435.02,64.1,7.8,2.4,0,1,1,0.1518743946624863
109724,33.0,65098.07,61.8,8.9,12.0,0,1,1,0.17490378872783852
109725,51.0,75540.66,43.2,14.6,7.8,0,2,1,0.16795783236985884
109726,45.0,190396.0,69.3,21.2,4.5,0,0,1,0.0759459351182552
109727,18.0,25221.3,72.3,3.0,7.2,0,3,1,0.1424984954791612
109728,25.0,35725.65,81.5,2.7,13.6,0,3,1,0.17225758447307932
109729,48.0,90875.5,29.5,13.3,2.7,0,2,1,0.1670105736193619
109730,45.0,160571.58,66.9,14.8,7.3,0,0,1,0.14800797332096333
109731,32.0,54830.9,33.3,3.8,9.4,0,1,1,0.14140283087018513
109732,31.0,74900.23,50.8,8.0,6.2,0,1,1,0.19912938804846414
109733,46.0,133612.65,74.1,20.5,9.4,0,0,1,0.1516266167806199
109734,21.0,21210.53,76.9,3.9,10.5,0,3,1,0.16841271879433367
109735,20.0,32873.6,84.6,5.8,9.3,0,3,1,0.1674507498915105
109736,64.0,119850.64,36.7,12.5,8.2,0,2,1,0.0807919615234578
109737,19.0,27378.6,65.1,2.5,7.4,0,3,1,0.15678171556669385
109738,22.0,31800.23,64.2,5.7,13.6,0,3,1,0.14464307662728065
109739,50.0,120339.72,38.9,14.2,0.0,0,2,1,0.12399802444980734
109740,50.0,105742.53,33.4,11.6,3.7,0,2,1,0.18658337991631507
109741,38.0,63243.94,73.6,5.0,7.3,0,1,1,0.20108134468234234
109742,40.0,48120.63,54.6,7.3,11.5,0,1,1,0.16541965199494363
109743,53.0,107961.67,43.2,6.5,4.2,0,2,1,0.13688663692204228
109744,50.0,120704.04,42.0,13.7,5.6,0,2,1,0.17979049264139696
109745,44.0,161056.19,71.8,20.6,4.8,0,0,1,0.13492462034703118
109746,57.0,88796.9,41.8,8.9,4.8,0,2,1,0.1570186301628132
109747,51.0,94224.68,17.3,12.1,4.4,0,2,1,0.13943994109128016
109748,34.0,111002.45,73.6,18.8,7.8,0,0,1,0.15236671819903808
109749,43.0,140677.87,66.6,17.6,3.8,0,0,1,0.15971607920304332
109750,21.0,31755.65,90.4,2.8,16.2,0,3,1,0.08216516203981383
109751,53.0,141756.48,67.9,22.5,10.2,0,0,1,0.08606523749710493
109752,45.0,121818.36,67.7,16.0,12.5,0,0,1,0.1425124798544753
109753,39.0,58537.1,53.3,5.0,6.8,0,1,1,0.20644691921617842
109754,25.0,18893.1,68.4,1.6,13.3,0,3,1,0.14347757783250698
109755,49.0,64316.36,24.0,15.4,2.9,0,2,1,0.10908752014562784
109756,31.0,43322.87,58.2,7.3,8.3,0,1,1,0.20962800250648195
109757,66.0,73860.06,31.3,12.6,2.7,0,2,1,0.09476940997460592
109758,26.0,67706.38,51.7,4.9,4.3,0,1,1,0.1556057708747774
109759,32.0,39482.41,67.1,0.0,12.7,0,3,1,0.15576502682934296
109760,34.0,45436.3,63.8,5.7,10.0,0,1,1,0.2063666371344477
109761,33.0,118338.09,64.1,19.0,3.9,0,0,1,0.11533825431209321
109762,29.0,34738.68,88.2,1.7,11.2,0,3,1,0.17414254435164678
109763,47.0,106571.62,32.6,11.7,3.9,0,2,1,0.18685656959909658
109764,27.0,75278.55,58.8,9.4,10.4,0,1,1,0.1504759383096504
109765,32.0,58988.38,42.5,9.5,8.0,0,1,1,0.17628487555279487
109766,37.0,58919.11,48.3,9.6,13.0,0,1,1,0.1591067219058278
109767,31.0,31035.89,1.0,33.4,10.3,1,2,-1,-0.06368649998883569
109768,62.0,116347.27,62.9,12.4,0.0,0,2,1,0.06401917976504945
109769,52.0,88508.08,36.7,15.6,2.4,0,2,1,0.1391309458134115
109770,20.0,28274.21,99.5,2.1,10.8,0,3,1,0.10350876816280963
109771,45.0,69405.88,35.5,6.0,5.0,0,2,1,0.16737742243573894
109772,43.0,86855.46,7.8,12.7,4.0,0,2,1,0.09780903389585283
109773,48.0,64058.55,48.9,10.9,7.3,0,1,1,0.18993970114145714
109774,35.0,78286.08,63.8,7.2,4.5,0,1,1,0.1921181092960429
109775,58.0,91487.16,26.9,11.7,3.9,0,2,1,0.15911625472876317
109776,28.0,21159.1,100.0,3.9,10.0,0,3,1,0.09533888167867399
109777,26.0,23178.74,79.2,4.3,9.1,0,3,1,0.18856832156722175
109778,55.0,108561.97,27.7,14.5,3.8,0,2,1,0.16777977983869474
109779,62.0,117391.16,39.1,10.4,3.7,0,2,1,0.12489940043347292
109780,48.0,125897.53,76.3,19.1,7.7,0,0,1,0.16788221165578388
109781,20.0,41202.1,82.8,2.4,7.6,0,3,1,0.1564304790897354
109782,40.0,61225.44,67.8,5.2,7.9,0,1,1,0.20452524777933
109783,50.0,124779.47,38.7,10.0,6.8,0,2,1,0.18282645702242478
109784,30.0,30058.66,69.9,0.0,13.3,0,3,1,0.14709794645152646
109785,27.0,61460.44,40.7,10.6,11.0,0,1,1,0.12728358804391188
109786,54.0,112915.68,33.7,10.4,0.0,0,2,1,0.12409094121230896
109787,28.0,26185.94,100.0,0.8,13.0,0,3,1,0.08348559678859557
109788,42.0,47048.01,53.5,6.5,17.4,0,3,1,0.07331795144129094
109789,23.0,25444.06,82.9,0.9,9.8,0,3,1,0.16511503542904787
109790,41.0,153053.91,66.4,16.6,11.2,0,0,1,0.14292537251789622
109791,25.0,32162.66,1.0,33.2,8.6,1,2,-1,-0.06468702036237939
109792,25.0,21376.87,80.8,3.4,9.3,0,3,1,0.18135835967559455
109793,20.0,38716.41,70.5,4.8,13.1,0,3,1,0.15892445249714543
109794,20.0,36308.79,73.7,4.3,7.2,0,3,1,0.18176004500527937
109795,23.0,32443.85,77.7,3.8,7.6,0,3,1,0.20332757335565066
109796,49.0,107206.69,30.9,11.0,1.5,0,2,1,0.15703079221627575
109797,22.0,26084.16,85.3,2.1,6.7,0,3,1,0.1551713003779645
109798,35.0,46415.24,49.4,9.7,3.7,0,1,1,0.17786153620360629
109799,23.0,44708.83,80.5,2.0,4.0,0,3,1,0.1322275894283197
109800,37.0,53432.44,63.6,5.6,7.8,0,1,1,0.21786840173070277
109801,31.0,35866.49,64.8,3.2,12.9,0,3,1,0.1890036705744209
109802,44.0,123851.56,36.4,13.2,3.0,0,2,1,0.154340969844379
109803,52.0,79704.93,50.5,15.6,10.4,0,2,1,0.12407071626734067
109804,43.0,100635.17,39.3,10.6,5.1,0,2,1,0.19560425267728682
109805,18.0,40476.38,62.7,3.5,12.4,0,3,1,0.12622032841935782
109806,40.0,174589.63,53.8,17.9,2.9,0,0,1,0.08756681264246124
109807,48.0,86555.67,29.5,14.5,0.5,0,2,1,0.12886198270000848
109808,18.0,29517.06,79.1,4.0,13.5,0,3,1,0.12854396095769033
109809,25.0,80845.21,49.8,6.4,7.1,0,1,1,0.14327460735192066
109810,41.0,87605.39,44.9,13.3,2.5,0,2,1,0.15859469327285813
109811,37.0,67150.71,55.4,8.0,4.6,0,1,1,0.20549851551592574
109812,31.0,58685.58,33.9,8.4,7.2,0,1,1,0.16657067068181824
109813,51.0,108621.01,38.9,14.1,8.7,0,2,1,0.16610955821828605
109814,26.0,27854.29,85.2,1.6,7.7,0,3,1,0.18130451013629273
109815,42.0,169184.84,79.5,19.8,8.4,0,0,1,0.11854136771450352
109816,27.0,35461.08,71.1,4.2,10.0,0,3,1,0.21495746254748044
109817,22.0,29943.75,72.5,2.4,10.0,0,3,1,0.1902442163814968
109818,27.0,40693.51,83.7,3.2,4.0,0,3,1,0.1479306770057251
109819,48.0,54099.24,51.2,9.5,3.7,0,2,1,0.17371283586920838
109820,45.0,128334.92,69.5,18.1,4.4,0,0,1,0.17216091059397953
109821,42.0,165854.03,71.3,25.0,8.3,0,0,1,0.09687924451368235
109822,37.0,126857.07,52.7,20.2,12.8,0,0,1,0.09164873306523103
109823,40.0,52624.15,49.3,8.5,5.4,0,1,1,0.19668972710023808
109824,32.0,51147.31,76.7,6.1,9.5,0,3,1,0.203788738161864
109825,39.0,52528.92,58.4,5.0,11.3,0,1,1,0.184913136145346
109826,19.0,34103.97,73.1,1.2,13.2,0,3,1,0.1419576968118651
109827,40.0,93893.77,76.2,16.6,8.5,0,0,1,0.16565761986057442
109828,40.0,65979.98,66.9,4.4,10.6,0,1,1,0.1770859904459211
109829,35.0,46078.63,33.5,6.4,4.6,0,1,1,0.14847344913439225
109830,32.0,65731.48,75.2,5.2,7.3,0,1,1,0.19602781593898105
109831,49.0,78123.08,24.8,15.3,4.0,0,2,1,0.13023809607484915
109832,23.0,28052.71,78.7,1.7,15.8,0,3,1,0.12036390750565762
109833,53.0,97384.76,36.2,14.6,3.9,0,2,1,0.17718344992753315
109834,50.0,97754.13,42.9,14.4,4.6,0,2,1,0.17948193518632588
109835,44.0,165017.02,44.7,18.2,6.2,0,0,1,0.12121500511398792
109836,24.0,34048.84,90.5,0.2,7.8,0,3,1,0.13203050041644948
109837,20.0,28504.51,64.3,7.3,12.6,0,3,1,0.133645521937995
109838,32.0,62172.96,53.7,7.3,4.7,0,1,1,0.20413954440267312
109839,35.0,125579.44,85.8,15.0,11.3,0,0,1,0.10664858395790966
109840,46.0,129929.18,79.5,18.4,1.6,0,0,1,0.09858535532515511
109841,50.0,88583.38,49.4,11.2,3.4,0,2,1,0.18076630914543673
109842,18.0,31635.43,66.1,5.2,8.7,0,3,1,0.14885822197050974
109843,18.0,39058.93,64.9,3.5,5.5,0,3,1,0.12200658456507285
109844,53.0,113255.17,28.5,9.6,0.6,0,2,1,0.11781950205411851
109845,24.0,43105.28,88.7,5.3,6.8,0,3,1,0.1624646618072012
109846,57.0,111878.87,38.1,10.7,6.9,0,2,1,0.17090139510397107
109847,40.0,156561.91,68.2,16.0,6.8,0,0,1,0.163278515716476
109848,46.0,48988.65,67.9,8.7,6.4,0,1,1,0.19077928853075876
109849,33.0,48068.51,70.9,4.6,0.0,0,1,1,0.12736078351947916
109850,26.0,24219.62,76.9,0.3,8.3,0,3,1,0.1577538421906151
109851,24.0,33564.07,91.4,3.0,10.3,0,3,1,0.16427120578960042
109852,51.0,110799.55,23.7,11.1,4.0,0,2,1,0.1696867566761025
109853,31.0,77576.85,61.2,4.5,8.2,0,1,1,0.1857923940453417
109854,31.0,27854.66,91.6,3.5,10.6,0,3,1,0.15160256163599783
109855,30.0,33173.38,81.9,3.2,4.7,0,3,1,0.16616199197381598
109856,26.0,33452.44,74.2,0.0,11.9,0,3,1,0.16617647871041774
109857,48.0,75732.47,22.8,8.1,5.4,0,2,1,0.15656345357694612
109858,64.0,85083.77,43.2,11.8,4.8,0,2,1,0.12283923424590365
109859,36.0,70730.61,45.9,7.2,10.4,0,1,1,0.17298097879685875
109860,40.0,65642.01,59.0,6.3,5.9,0,1,1,0.2115058400225489
109861,18.0,34898.32,91.6,3.6,10.0,0,3,1,0.12715305794663073
109862,39.0,38357.98,52.9,6.9,1.9,0,1,1,0.137867026269631
109863,25.0,21339.67,84.9,3.5,9.4,0,3,1,0.17152902889994598
109864,47.0,143705.17,76.8,18.6,5.4,0,0,1,0.15696838779359706
109865,32.0,39175.46,82.3,3.3,12.3,0,3,1,0.1791503905565423
109866,42.0,83249.27,52.6,9.1,6.7,0,1,1,0.20066342175229446
109867,18.0,36827.26,92.7,4.9,9.5,0,3,1,0.12066011840319085
109868,54.0,106950.4,40.7,14.5,6.8,0,2,1,0.17792897840301164
109869,21.0,32152.52,73.0,3.3,4.4,0,3,1,0.15580088449034968
109870,53.0,120351.99,66.9,18.2,3.9,0,0,1,0.13057211060816748
109871,22.0,32971.16,94.5,3.3,8.8,0,3,1,0.14444584825151763
109872,37.0,193885.34,72.8,18.2,3.9,0,0,1,0.06620475800816572
109873,55.0,84943.97,49.7,12.9,4.4,0,2,1,0.17462469487430227
109874,18.0,31434.42,75.9,3.2,4.1,0,3,1,0.12609375290913533
109875,19.0,29143.74,83.0,0.0,14.1,0,3,1,0.0960361402557568
109876,42.0,50902.46,82.7,7.5,6.7,0,1,1,0.16867943679842323
109877,46.0,150536.01,73.2,15.8,6.7,0,0,1,0.15890224907084394
109878,45.0,161019.76,86.4,17.1,8.2,0,0,1,0.12704668249226764
109879,21.0,38300.54,74.9,1.8,10.2,0,3,1,0.17694644596861597
109880,28.0,68038.06,54.9,12.5,5.1,0,1,1,0.1743700740289182
109881,23.0,37859.3,85.8,5.1,9.2,0,3,1,0.18617493622588027
109882,18.0,47368.67,1.0,36.1,12.4,1,0,-1,-0.09539397354967638
109883,45.0,87194.94,24.6,12.3,0.0,0,2,1,0.12098271032108349
109884,39.0,75208.27,69.5,7.9,7.6,0,1,1,0.2064356269098468
109885,22.0,34583.62,76.9,0.0,8.1,0,3,1,0.15774117635942714
109886,47.0,111631.49,60.5,17.6,1.5,0,2,1,0.12642020443737684
109887,56.0,105964.21,44.5,12.4,1.4,0,2,1,0.15063924864809097
109888,46.0,104421.35,42.2,9.8,0.2,0,2,1,0.14553257750103032
109889,24.0,32786.82,87.3,4.3,9.8,0,3,1,0.19513507878040404
109890,48.0,131191.56,68.9,19.7,10.9,0,0,1,0.13942468584062556
109891,57.0,91930.69,35.7,10.3,6.7,0,2,1,0.16956783259736113
109892,33.0,39718.34,53.6,5.3,0.0,0,1,1,0.12910367835057907
109893,21.0,36506.95,82.1,3.8,14.3,0,3,1,0.13857162392458866
109894,40.0,111136.1,76.9,18.7,4.2,0,0,1,0.13946679011871338
109895,35.0,68009.64,60.7,8.5,5.0,0,1,1,0.20656794485757185
109896,36.0,116984.41,80.6,20.1,7.5,0,0,1,0.13163617167649766
109897,60.0,92228.04,29.9,9.2,3.8,0,2,1,0.13339408201446862
109898,57.0,116691.59,45.7,13.0,8.8,0,2,1,0.13573484938558394
109899,47.0,115263.78,37.8,12.4,0.0,0,2,1,0.13898720821634097
109900,45.0,169081.34,50.7,19.6,1.1,0,0,1,0.05120501835602764
109901,18.0,31456.82,93.8,2.7,11.4,0,3,1,0.12451365969258138
109902,19.0,30881.0,77.5,6.3,7.8,0,3,1,0.15694283215564386
109903,49.0,113413.72,32.5,12.2,5.3,0,2,1,0.18015961362708827
109904,33.0,39095.98,68.8,7.2,3.2,0,1,1,0.17004068482357187
109905,56.0,129357.92,46.9,16.2,0.3,0,2,1,0.08673939948659137
109906,53.0,101067.77,33.8,11.3,0.0,0,2,1,0.14134074845779598
109907,44.0,43956.74,67.0,7.0,6.9,0,1,1,0.19754418848839345
109908,51.0,98403.21,41.4,13.9,3.6,0,2,1,0.18621410399173566
109909,30.0,48163.73,68.4,6.5,3.9,0,1,1,0.18556494531276363
109910,39.0,137633.72,59.2,17.9,11.8,0,0,1,0.14318986960236907
109911,23.0,21818.78,86.7,5.2,13.5,0,3,1,0.13619260781308257
109912,52.0,134868.28,42.4,18.0,8.1,0,0,1,0.12775749474759096
109913,49.0,124309.12,62.5,18.2,7.4,0,0,1,0.16953444306689497
109914,21.0,31250.35,76.0,1.7,12.0,0,3,1,0.1719119660360483
109915,32.0,61518.49,45.9,7.2,7.6,0,1,1,0.19409831830808338
109916,31.0,62786.46,57.0,6.1,5.6,0,1,1,0.20975371430535045
109917,54.0,95484.55,44.6,9.9,3.4,0,2,1,0.17774426814646221
109918,33.0,62674.8,60.7,4.6,8.8,0,1,1,0.21092341075258564
109919,35.0,32982.77,69.3,2.4,9.0,0,3,1,0.19942672254249305
109920,40.0,158212.62,53.8,18.5,11.9,0,0,1,0.10902854082772151
109921,30.0,37901.16,71.4,5.9,11.1,0,3,1,0.20440666035828658
109922,43.0,74070.23,61.1,6.5,14.1,0,1,1,0.12586036482823165
109923,43.0,92033.79,20.9,12.2,5.1,0,2,1,0.1463484708565892
109924,21.0,28729.94,64.8,3.9,8.6,0,3,1,0.17995189340615186
109925,26.0,28983.09,80.5,4.5,11.4,0,3,1,0.20031825685134658
109926,44.0,137394.12,76.8,16.8,7.4,0,0,1,0.17633890498479743
109927,54.0,121286.15,28.9,10.2,4.9,0,2,1,0.1655671216686302
109928,30.0,36675.79,78.2,5.5,4.6,0,1,1,0.17201541941836568
109929,57.0,89627.4,41.3,14.0,4.6,0,2,1,0.16673888477096055
109930,36.0,57630.92,74.9,7.7,7.7,0,1,1,0.20231373836403432
109931,32.0,29105.56,75.5,4.9,15.3,0,3,1,0.1471784114245484
109932,52.0,101610.59,19.1,14.6,0.8,0,2,1,0.09220710051993974
109933,33.0,64102.58,51.5,3.1,3.3,0,1,1,0.1706873133569775
109934,24.0,40618.59,92.2,3.8,10.5,0,3,1,0.15334139472325187
109935,47.0,173406.73,73.2,18.3,8.6,0,0,1,0.12632117036771345
109936,41.0,46727.78,58.2,7.8,1.3,0,1,1,0.15202844842899615
109937,41.0,74010.2,38.5,6.2,5.9,0,1,1,0.18114776268368216
109938,20.0,27674.52,72.8,4.2,13.7,0,3,1,0.13821925745350294
109939,55.0,79373.01,42.9,13.2,0.0,0,2,1,0.12718629421017402
109940,58.0,97283.34,36.7,8.5,8.8,0,2,1,0.12308650132017418
109941,45.0,159532.82,58.8,19.0,9.6,0,0,1,0.13281052124674397
109942,23.0,24551.31,77.4,1.1,7.9,0,3,1,0.17500895144557654
109943,58.0,96483.37,34.2,9.6,3.9,0,2,1,0.16548110739309246
109944,51.0,78214.01,45.9,14.1,1.7,0,2,1,0.15089482428890033
109945,38.0,41323.64,61.2,8.6,3.6,0,1,1,0.17095772126791825
109946,24.0,32735.02,100.0,8.2,11.0,0,3,1,0.10244093281548428
109947,40.0,146160.34,83.3,14.7,1.7,0,0,1,0.07842330012622822
109948,18.0,36391.11,86.2,3.9,13.3,0,3,1,0.12717331266329918
109949,51.0,90366.73,38.9,15.4,5.2,0,2,1,0.16802184761890254
109950,36.0,66495.62,72.2,6.3,5.7,0,1,1,0.20622787342879978
109951,22.0,36695.96,70.2,4.3,5.6,0,3,1,0.17077640150502182
109952,42.0,138531.95,89.9,19.9,6.9,0,0,1,0.10768317470374367
109953,40.0,123009.99,60.8,21.2,5.7,0,0,1,0.14431389027939628
109954,45.0,63107.99,57.2,7.2,10.6,0,1,1,0.17332780319127322
109955,48.0,103690.09,34.6,12.8,3.4,0,2,1,0.18761951408161343
109956,34.0,67861.74,44.2,9.8,7.3,0,1,1,0.18858060213556332
109957,49.0,101302.96,28.1,12.2,4.3,0,2,1,0.1779265410408412
109958,30.0,33606.14,66.8,4.2,12.2,0,3,1,0.19114646681434405
109959,28.0,48739.82,78.1,6.3,6.1,0,1,1,0.19360931846688156
109960,36.0,54848.39,40.3,4.8,5.1,0,1,1,0.16760726212667665
109961,33.0,53413.46,100.0,29.8,10.3,1,0,-1,-0.01134444366369558
109962,33.0,59965.46,72.4,5.6,16.2,0,3,1,0.11750365122114936
109963,28.0,32445.03,75.5,5.7,7.9,0,3,1,0.205837773092436
109964,41.0,180503.34,68.2,17.1,6.0,0,0,1,0.1246267074654559
109965,18.0,37845.43,77.6,5.1,9.5,0,3,1,0.15640863387993958
109966,22.0,28178.67,84.8,1.4,11.2,0,3,1,0.16636195741150117
109967,36.0,50364.35,53.5,7.0,6.1,0,1,1,0.20273580439083355
109968,61.0,99018.7,33.0,11.3,3.3,0,2,1,0.15024140669261804
109969,21.0,27258.96,84.0,6.1,8.6,0,3,1,0.160834357620446
109970,38.0,54586.7,59.0,4.4,4.4,0,1,1,0.19446720400787915
109971,48.0,92516.64,23.3,7.5,0.0,0,2,1,0.10019609529165785
109972,23.0,27435.01,72.2,3.5,7.5,0,3,1,0.1989146557432545
109973,43.0,193843.95,68.2,17.6,9.1,0,0,1,0.1074915730951701
109974,32.0,55396.17,57.0,7.4,4.2,0,1,1,0.2031257694190789
109975,55.0,121447.76,15.9,12.8,3.7,0,2,1,0.10257727263590188
109976,23.0,33879.33,91.8,3.5,12.9,0,3,1,0.14977787431358192
109977,52.0,101242.85,29.6,12.1,3.2,0,2,1,0.17898544514835973
109978,44.0,98288.24,60.8,20.4,12.2,0,0,1,0.11294084543931426
109979,18.0,28734.01,70.5,3.5,9.7,0,3,1,0.1552543296335529
109980,27.0,24216.76,81.5,2.3,7.8,0,3,1,0.17842500974246606
109981,38.0,59241.83,57.0,9.7,7.2,0,1,1,0.21617730645894784
109982,34.0,18580.58,77.9,0.8,7.2,0,3,1,0.14110118026101703
109983,40.0,163249.02,67.9,15.7,10.0,0,0,1,0.1320741126529117
109984,46.0,123591.47,22.1,11.4,9.8,0,2,1,0.12444566736736834
109985,50.0,102244.17,33.9,12.0,1.5,0,2,1,0.16172245479142472
109986,45.0,173448.83,52.6,16.2,6.3,0,0,1,0.12259989217236966
109987,39.0,156195.44,65.9,18.2,12.5,0,0,1,0.1275095678978394
109988,34.0,147988.4,70.8,17.8,5.3,0,0,1,0.1373899173003177
109989,34.0,61911.51,56.2,8.4,3.7,0,1,1,0.19428159736579598
109990,29.0,39610.84,59.4,8.5,3.5,0,1,1,0.16657774776703133
109991,30.0,83076.3,70.8,9.7,8.0,0,1,1,0.1730126655982569
109992,40.0,58796.57,43.8,4.3,7.0,0,1,1,0.17371506569761375
109993,41.0,60130.91,64.1,6.8,7.9,0,1,1,0.21662491076801105
109994,28.0,39665.71,80.9,6.9,9.3,0,3,1,0.20134987605354587
109995,43.0,68500.76,39.7,9.8,4.2,0,2,1,0.18884658174385904
109996,35.0,71744.32,50.6,6.9,9.0,0,1,1,0.19657111062175686
109997,32.0,59368.0,54.5,8.9,11.7,0,1,1,0.17411279462366963
109998,18.0,32447.67,72.8,3.1,15.3,0,3,1,0.10651458039753225
109999,38.0,55716.44,44.3,9.0,5.6,0,1,1,0.1958321710960007
110000,32.0,65392.57,63.8,6.3,4.2,0,1,1,0.19657895796048974
