id,area_sqft,bedrooms,age_years,distance_city_km,price_lakhs
1,3119,1,0,26.21,129.8
2,919,5,2,21.08,68.05
3,630,1,2,8.43,35.7
4,1314,5,13,8.49,90.38
5,2913,3,25,30.56,114.35
6,2231,3,8,6.29,119.52
7,1878,1,2,13.92,83.8
8,1583,1,23,16.62,60.23
9,1011,4,2,19.77,66.78
10,1981,5,6,24.96,99.95
11,687,2,24,10.84,33.04
12,913,4,8,16.42,60.75
13,1994,2,11,13.08,90.8
14,3299,1,19,22.59,122.81
15,2687,2,5,16.72,124.01
16,3318,5,7,24.28,177.64
17,729,2,26,2.09,38.92
18,1364,5,28,25.41,67.08
19,1370,4,12,31.08,58.38
20,1071,2,23,20.09,34.97
21,1576,5,13,31.53,72.87
22,1066,5,15,4.09,85.1
23,692,1,4,22.33,23.73
24,760,4,12,21.26,38.9
25,2417,5,8,34.02,114.43
26,3452,1,21,31.08,124.86
27,1592,3,3,10.98,91.78
28,3457,3,16,26.91,149.06
29,2579,1,27,22.26,95.65
30,1314,2,11,26.93,43.02
31,2709,5,29,1.02,150.94
32,1986,3,7,2.97,116.79
33,2823,1,2,25.88,121.04
34,2681,2,4,23.43,105.46
35,2751,2,8,18.94,113.69
36,2708,2,22,11.6,113.2
37,3251,3,14,31.59,131.77
38,762,3,0,21.0,45.77
39,1442,5,7,1.24,107.96
40,776,1,27,12.23,21.12
41,2605,2,8,23.75,112.31
42,2838,5,15,9.26,159.41
43,2437,4,6,4.21,140.39
44,2183,4,27,25.79,89.09
45,3258,1,1,14.69,143.27
46,1518,2,6,19.23,77.72
47,1074,4,5,10.47,75.05
48,2315,5,3,2.72,159.93
49,2714,1,2,32.5,104.71
50,2489,4,6,30.4,112.69
51,740,2,12,1.07,42.45
52,2363,3,13,24.68,111.26
53,3492,5,21,25.43,166.11
54,739,5,23,19.43,48.93
55,1784,1,1,20.86,65.36
56,1144,1,30,18.27,30.29
57,1261,1,19,3.31,63.37
58,2833,2,18,21.21,114.51
59,3036,1,13,23.35,116.82
60,1568,2,21,25.35,53.02
61,1477,3,12,5.45,83.52
62,797,1,14,22.12,16.45
63,2806,1,2,19.28,119.63
64,1929,1,28,9.31,77.3
65,1667,2,14,29.35,57.18
66,3178,5,0,23.71,158.66
67,2771,3,29,23.56,115.74
68,972,1,23,19.81,24.5
69,1615,3,19,8.16,81.24
70,1581,5,15,9.54,106.29
71,708,1,20,15.4,20.58
72,1035,3,5,26.2,48.11
73,2759,4,17,1.33,162.8
74,1110,5,1,29.38,69.73
75,2885,5,4,15.61,163.37
76,663,3,6,24.19,33.85
77,3231,1,11,27.52,129.91
78,3042,2,29,32.62,104.13
79,1165,2,28,15.02,48.83
80,2186,2,8,6.41,123.06
81,3372,1,12,30.65,130.43
82,2385,3,9,28.9,99.99
83,1432,2,0,23.44,61.24
84,784,3,11,22.81,38.81
85,2137,5,10,32.93,111.23
86,1231,5,30,34.44,54.58
87,656,1,19,15.78,17.94
88,2983,5,3,14.1,161.27
89,2861,2,8,2.51,142.08
90,2705,2,11,15.66,125.93
91,3220,3,19,11.67,158.24
92,1730,5,9,23.67,87.77
93,1836,4,22,11.05,101.25
94,2052,2,19,20.35,87.33
95,2163,5,26,1.01,127.56
96,2875,5,20,11.96,157.28
97,2309,4,21,8.27,112.14
98,1195,1,9,18.53,47.92
99,3092,5,10,4.18,180.83
100,1771,2,25,7.77,80.42
101,600,1,7,34.45,8
102,2365,4,28,22.41,98.95
103,1296,4,15,14.59,78.37
104,936,4,7,6.98,77.64
105,3350,5,14,2.71,188.08
106,2369,2,25,16.8,107.75
107,2675,5,19,11.79,144.14
108,3446,5,13,29.24,157.09
109,2744,4,28,6.41,143.43
110,1512,3,24,27.44,51.2
111,2484,2,8,15.96,114.4
112,1875,3,28,19.37,74.84
113,1066,2,7,14.02,56.29
114,2199,4,10,19.45,114.93
115,2203,1,6,29.32,74.43
116,3348,1,27,30.94,122.51
117,2858,4,15,1.2,154.49
118,2216,5,23,25.98,111.11
119,2970,2,15,8.46,140.05
120,1876,4,23,6.61,104.34
121,2414,2,19,19.16,106.83
122,3215,1,2,22.85,132.9
123,1055,4,5,2.71,80.61
124,1838,3,24,30.91,68.44
125,1639,4,8,29.39,68.59
126,713,3,7,23.1,37.01
127,3169,1,24,2.06,144.3
128,3044,2,7,5.29,162.9
129,3242,1,18,33.22,111.73
130,2010,2,19,21.65,81.04
131,3442,1,24,28.86,127.93
132,605,3,18,24.03,21.86
133,2037,4,30,25.31,91.86
134,3069,2,3,24.7,138.27
135,1735,5,25,5.12,114.13
136,1922,5,13,23.49,99.64
137,782,5,20,12.6,62.64
138,932,4,30,13.31,41.6
139,2383,2,13,6.99,110.56
140,3022,5,24,17.44,148.85
141,2284,5,8,11.96,133.66
142,1642,4,7,26.52,92.52
143,2834,5,21,13.89,157.0
144,1244,4,6,13.06,80.81
145,1558,3,8,30.93,62.63
146,541,5,30,7.5,41.89
147,1488,4,15,19.88,76.69
148,3415,4,14,27.96,160.1
149,881,3,7,14.75,52.94
150,2011,4,17,19.05,106.92
151,2242,5,10,12.96,124.89
152,1444,1,23,7.55,62.07
153,989,5,30,26.91,44.94
154,2483,3,23,21.05,110.28
155,2648,5,9,34.34,125.4
156,1978,2,9,1.48,104.82
157,2687,2,8,2.55,143.7
158,1017,4,3,30.67,51.94
159,2851,3,15,17.28,126.17
160,1534,4,3,28.95,86.71
161,2141,4,2,20.62,112.22
162,2805,3,2,34.79,116.77
163,985,5,24,15.15,55.09
164,2640,4,14,31.89,111.08
165,1717,5,13,11.38,100.26
166,906,2,20,8.17,40.65
167,3205,1,5,9.16,147.18
168,2173,4,22,21.19,100.18
169,1692,1,7,10.8,76.65
170,791,2,29,9.99,41.96
171,3060,5,21,28.33,141.77
172,1420,2,29,10.03,62.85
173,1082,1,1,6.64,56.96
174,2831,3,14,5.23,154.55
175,3320,3,22,14.69,151.84
176,2293,1,19,2.36,113.79
177,2269,3,19,9.51,124.05
178,2856,5,30,1.71,163.49
179,3253,3,18,2.37,166.68
180,3168,4,29,10.46,148.05
181,2897,4,20,28.68,131.91
182,2172,3,10,23.78,97.3
183,1158,3,13,24.58,47.03
184,2753,1,14,3.99,141.4
185,1533,3,3,33.99,57.49
186,504,5,14,15.05,49.18
187,1268,5,11,22.17,68.51
188,711,2,8,19.67,31.23
189,1679,4,28,24.74,80.62
190,2993,2,22,6.38,149.34
191,2756,1,17,14.87,116.89
192,964,4,30,4.99,69.62
193,1130,4,29,25.36,40.85
194,2476,4,7,16.53,129.64
195,1092,4,6,32.34,39.78
196,785,3,24,27.86,21.65
197,2199,3,29,27.78,82.62
198,3473,3,26,20.96,150.14
199,3203,4,27,6.05,157.16
200,2760,5,12,16.48,145.84
201,1818,2,22,9.12,76.72
202,2182,1,10,26.32,87.53
203,3388,4,12,34.61,148.77
204,1123,4,30,2.26,63.43
205,2557,5,10,30.57,126.7
206,2654,4,0,25.56,128.21
207,2179,2,2,16.96,108.71
208,3337,4,20,3.73,174.0
209,1845,5,12,33.44,78.96
210,2498,5,1,21.99,128.5
211,1461,3,7,26.39,63.26
212,3095,1,14,6.66,142.93
213,1726,1,1,12.03,87.11
214,2264,2,7,19.06,104.04
215,2818,2,5,6.95,138.77
216,3298,2,15,32.04,125.7
217,1086,2,14,22.69,33.5
218,2405,3,21,19.58,108.42
219,802,4,30,12.75,37.84
220,2237,3,14,29.74,88.13
221,1315,4,27,17.43,64.1
222,2854,3,22,11.04,142.43
223,3196,4,8,1.28,184.89
224,700,5,23,17.89,38.97
225,1672,2,19,28.27,58.01
226,1526,2,20,4.3,80.91
227,3070,1,9,27.81,124.48
228,1038,1,29,11.03,35.67
229,2201,2,6,5.49,102.9
230,2674,5,29,10.27,135.9
231,1173,3,29,29.04,26.04
232,1887,1,14,33.74,57.55
233,1076,2,27,24.0,27.97
234,2782,3,2,27.88,121.85
235,557,3,17,5.2,36.9
236,1573,5,12,28.96,85.29
237,2021,1,21,8.95,96.76
238,2799,3,29,21.74,118.23
239,3152,1,20,29.01,118.55
240,2172,1,4,2.54,109.43
241,652,3,15,4.95,48.99
242,2091,4,11,23.8,107.76
243,3352,5,13,20.97,166.25
244,3182,1,26,17.64,115.21
245,2171,3,1,24.47,104.51
246,1467,3,3,34.35,64.37
247,2004,5,28,34.25,78.91
248,1277,1,30,29.83,27.07
249,2362,1,21,8.21,94.18
250,707,3,7,34.62,11.72
251,2812,2,2,29.21,112.39
252,1454,3,24,6.02,75.19
253,2941,1,8,30.19,113.55
254,1526,2,3,23.48,68.8
255,605,2,0,13.18,40.66
256,564,2,8,2.78,37.51
257,2224,5,3,26.35,108.75
258,2602,5,3,16.37,147.1
259,1407,5,1,25.73,88.74
260,1735,4,20,33.78,64.25
261,749,4,27,14.65,39.04
262,2316,1,28,3.75,95.86
263,2991,2,2,5.29,149.5
264,3416,3,12,34.82,135.71
265,2673,3,14,18.19,116.73
266,968,5,23,30.43,46.88
267,2261,4,28,8.77,112.55
268,2203,1,10,15.51,98.96
269,3224,3,11,33.42,131.8
270,873,1,2,15.68,34.22
271,2026,2,17,3.04,109.81
272,3244,1,13,13.02,140.33
273,3225,4,27,32.14,136.52
274,1779,3,3,20.65,90.17
275,1371,2,21,17.39,57.71
276,2778,3,3,26.93,122.79
277,2851,2,25,15.59,113.2
278,3046,5,21,22.85,143.45
279,607,5,29,23.37,30.67
280,1619,3,29,12.55,72.94
281,525,2,27,5.87,25.28
282,3093,1,2,26.37,125.47
283,1381,4,13,16.42,79.19
284,1828,5,19,3.89,118.55
285,715,2,5,26.65,27.24
286,2314,4,15,21.64,112.13
287,2196,3,6,26.67,102.75
288,1660,5,15,18.92,96.17
289,1763,1,7,14.44,77.17
290,1734,2,24,5.67,82.55
291,1546,3,10,5.08,86.42
292,1029,4,17,24.92,48.68
293,2549,5,26,23.71,116.98
294,673,4,0,16.63,57.15
295,818,3,18,15.6,35.77
296,1685,1,12,1.71,89.6
297,1830,2,25,33.22,47.49
298,1982,1,13,29.71,67.97
299,1496,4,18,14.62,89.71
300,1890,2,10,27.49,78.73
301,812,5,20,4.88,56.58
302,1931,3,23,33.58,67.15
303,3143,2,7,4.5,158.59
304,1126,1,5,33.34,31.66
305,3072,4,14,26.65,140.83
306,2812,5,10,30.38,129.16
307,3069,3,4,15.95,144.73
308,1625,5,1,12.97,108.43
309,803,3,14,16.37,51.55
310,814,1,19,21.2,22.7
311,2074,4,18,19.85,103.56
312,2342,5,20,7.4,123.11
313,2978,4,16,6.13,160.72
314,1906,1,16,22.97,69.34
315,660,2,22,15.88,18.49
316,1150,3,11,32.21,44.32
317,2086,4,24,12.5,98.69
318,3151,3,2,12.21,155.86
319,2785,4,9,9.57,158.16
320,2968,2,10,3.77,139.35
321,3218,2,29,12.89,145.72
322,2105,2,19,25.1,78.95
323,847,3,17,13.81,48.05
324,3244,5,2,22.96,158.93
325,2234,5,11,1.62,136.58
326,1899,4,6,8.7,125.01
327,1063,2,2,11.06,62.23
328,2710,5,1,23.51,137.98
329,3031,2,19,13.81,140.11
330,3058,2,23,15.88,139.43
331,2182,3,21,25.47,96.49
332,2338,2,17,9.13,109.36
333,2421,2,11,24.06,96.26
334,1654,4,16,18.93,81.95
335,1163,2,25,21.56,39.43
336,2468,3,17,32.77,95.65
337,3413,5,27,5.24,182.06
338,2340,5,4,29.26,120.04
339,875,2,26,16.34,30.0
340,718,4,16,13.71,49.09
341,2081,1,11,8.63,95.12
342,3427,3,25,5.97,167.67
343,656,3,29,29.21,10.67
344,3389,4,14,21.92,157.62
345,824,1,8,8.33,48.81
346,2993,5,13,4.78,179.82
347,1680,2,9,5.14,91.36
348,3051,4,2,4.77,179.63
349,2547,5,17,1.56,147.57
350,1088,3,13,1.05,73.44
351,1945,2,18,15.16,84.31
352,1977,1,30,18.89,65.42
353,2578,5,17,1.69,153.56
354,2084,3,8,26.41,91.64
355,1962,1,11,9.2,88.77
356,2883,3,4,2.51,156.8
357,2736,3,26,22.86,118.11
358,3348,4,20,7.2,164.73
359,1052,1,22,27.39,17.02
360,679,2,28,2.42,37.67
361,1770,5,12,34.63,77.84
362,3149,2,9,13.14,146.72
363,695,3,8,5.23,47.47
364,2301,4,10,34.11,107.56
365,2532,4,11,32.43,102.57
366,3478,4,2,15.64,178.14
367,1239,5,9,11.92,92.14
368,1755,4,19,25.4,82.96
369,1182,4,11,16.2,67.81
370,3018,4,8,22.74,135.56
371,734,1,21,22.68,8
372,3282,2,30,2.06,159.62
373,2988,4,1,5.29,170.36
374,1983,4,30,20.29,95.57
375,2978,2,21,16.3,124.88
376,814,5,4,19.0,65.61
377,2130,3,20,10.48,106.41
378,1262,4,16,14.16,71.82
379,2800,1,8,27.35,107.86
380,3006,3,22,32.16,115.15
381,2511,2,3,5.61,134.34
382,3421,4,2,28.56,163.18
383,1809,3,22,3.21,87.75
384,1145,2,25,13.29,44.23
385,1418,1,6,27.93,47.78
386,1978,5,18,13.54,117.06
387,2759,2,19,31.06,107.7
388,3436,4,16,14.97,171.03
389,2177,5,2,5.26,139.31
390,2408,5,11,5.36,146.34
391,2758,5,5,27.1,143.27
392,726,1,16,6.2,38.92
393,1174,2,10,32.78,37.5
394,2625,3,27,3.68,142.84
395,1304,5,8,5.26,94.92
396,2558,2,18,33.01,98.29
397,1131,2,21,22.23,42.39
398,2808,1,26,30.37,91.41
399,832,1,30,22.81,8
400,2843,4,19,22.73,128.08
401,2539,5,9,22.82,130.46
402,3305,4,9,16.42,169.54
403,3320,1,5,15.95,143.95
404,2984,2,10,30.29,120.28
405,1807,3,12,5.45,97.34
406,1807,2,14,5.17,97.94
407,2341,2,4,4.29,123.58
408,3020,4,7,33.73,139.33
409,1154,3,29,20.64,40.59
410,2540,5,14,17.96,141.88
411,1763,4,0,4.06,112.34
412,1486,2,18,13.0,70.66
413,707,3,15,21.32,36.16
414,1670,5,0,29.8,84.14
415,2265,2,28,9.99,95.86
416,685,4,1,20.39,52.52
417,1297,3,17,10.81,65.25
418,2752,3,26,34.63,105.2
419,3286,5,3,5.37,193.21
420,1888,5,30,13.43,102.27
421,1090,2,19,18.31,41.12
422,1061,3,25,17.11,46.32
423,2371,2,19,31.37,92.66
424,1804,2,12,34.68,69.41
425,1725,5,10,18.25,93.85
426,2805,3,15,28.74,117.57
427,2008,3,21,4.73,102.06
428,3470,1,19,17.14,145.74
429,3185,5,18,8.74,176.5
430,2647,5,24,29.6,120.79
431,1105,2,1,20.47,51.54
432,2306,3,13,6.15,119.65
433,3328,2,13,18.06,143.22
434,3479,1,22,5.69,151.57
435,1349,5,10,34.94,58.71
436,1209,4,29,19.13,56.21
437,2737,3,21,27.25,111.37
438,3339,3,19,17.46,145.27
439,1509,3,17,11.15,91.78
440,1683,2,22,24.97,54.62
441,1798,4,11,20.06,100.02
442,1678,1,18,24.01,52.5
443,2055,4,26,12.73,103.34
444,672,3,30,25.28,13.38
445,1918,4,20,9.72,100.8
446,2706,3,29,20.11,114.73
447,1612,2,3,21.93,69.19
448,3243,5,7,22.69,162.86
449,715,1,13,12.23,21.71
450,1063,1,30,19.71,26.47
451,1146,4,20,32.79,46.97
452,1316,3,10,10.7,70.97
453,742,1,20,20.52,8.47
454,652,2,13,31.0,10.48
455,1220,1,26,14.5,29.09
456,1685,1,0,11.15,82.84
457,2968,1,29,34.42,91.39
458,2725,5,15,31.23,141.14
459,1049,5,14,10.28,77.4
460,3494,4,20,9.75,170.84
461,1262,1,23,12.46,44.92
462,1291,2,19,30.11,45.31
463,2160,4,16,12.15,113.01
464,1075,4,10,32.82,47.44
465,527,3,12,9.01,40.35
466,1736,5,23,20.48,76.71
467,1571,3,22,9.03,77.75
468,1154,4,21,18.09,54.61
469,3381,3,22,4.99,170.22
470,3017,2,7,33.55,117.53
471,2458,2,14,26.42,94.05
472,2749,4,24,19.28,124.74
473,3220,2,24,9.41,145.78
474,835,5,14,18.96,46.02
475,1981,1,29,20.18,72.42
476,2570,2,18,19.25,111.2
477,1173,3,27,18.69,50.77
478,2888,4,2,31.56,136.63
479,2324,1,14,5.49,103.11
480,2788,4,21,28.44,124.37
481,3462,1,12,9.65,159.9
482,799,1,13,12.71,32.45
483,761,5,1,32.78,55.97
484,629,3,13,7.12,51.06
485,1054,4,11,34.76,34.84
486,2046,4,2,24.21,111.72
487,3210,5,4,23.22,162.84
488,2700,4,16,5.33,149.53
489,1412,1,24,1.77,63.17
490,2730,4,17,13.9,144.95
491,1440,2,14,12.77,66.13
492,3469,1,1,28.52,153.78
493,2217,5,24,32.83,98.75
494,775,1,19,2.14,37.18
495,2948,1,7,26.18,114.52
496,1389,1,4,18.13,60.66
497,1684,2,26,32.16,43.07
498,3254,3,7,11.26,160.41
499,1086,5,7,15.06,75.5
500,2923,2,20,24.08,124.14
501,2776,4,1,34.06,134.06
502,2648,3,22,15.16,119.25
503,1111,3,12,7.25,64.75
504,1423,3,27,25.06,51.29
505,2396,1,17,15.03,93.67
506,2090,2,8,7.91,109.83
507,3148,1,29,16.29,119.31
508,1280,1,8,13.82,60.49
509,2977,5,1,30.7,150.72
510,3466,5,6,17.3,189.51
511,1863,3,30,31.91,62.91
512,980,4,29,9.25,59.77
513,2975,2,12,32.11,107.96
514,2059,4,17,23.06,94.31
515,1763,3,11,18.44,83.2
516,3459,4,24,29.55,148.11
517,1332,3,10,15.07,67.34
518,1097,1,8,19.81,39.53
519,2892,5,23,15.2,149.78
520,2055,5,26,9.35,117.98
521,2755,3,8,26.95,114.29
522,2509,4,5,25.91,122.43
523,1942,2,4,25.49,71.35
524,2720,1,16,2.15,129.85
525,804,1,24,1.22,43.26
526,778,2,0,8.44,57.67
527,2367,3,1,22.01,111.6
528,2479,4,0,1.22,146.15
529,2759,4,0,1.57,163.27
530,1674,1,16,28.65,45.38
531,3260,4,25,32.95,139.37
532,2647,2,7,7.53,143.0
533,2656,3,26,13.05,122.68
534,2163,4,18,9.27,115.03
535,3355,2,9,24.26,148.43
536,3161,1,2,14.78,137.5
537,2044,5,15,2.91,131.44
538,2547,4,20,27.67,111.98
539,2817,1,28,18.96,109.58
540,3335,5,15,10.22,178.98
541,804,3,28,19.46,28.39
542,1788,1,30,8.04,68.58
543,1090,4,29,3.62,69.98
544,2093,5,10,14.05,124.19
545,1073,1,16,26.35,25.8
546,1450,1,10,21.58,55.3
547,3014,5,12,33.94,135.03
548,2345,4,7,13.1,134.2
549,2037,4,5,24.11,101.56
550,3033,3,25,9.38,142.16
551,801,1,8,6.24,41.48
552,2095,3,11,4.62,109.43
553,521,3,14,13.24,33.29
554,1267,4,14,19.94,69.63
555,2598,4,3,1.89,153.44
556,2949,3,27,14.1,135.2
557,1695,4,12,27.49,77.85
558,1494,5,16,6.77,92.22
559,2059,2,4,10.14,105.07
560,1184,4,8,15.32,75.25
561,2483,1,11,9.56,113.24
562,2932,5,6,16.57,165.49
563,1054,3,0,33.26,40.24
564,1849,4,10,15.64,106.77
565,3166,5,4,11.21,170.33
566,2462,3,5,33.8,98.51
567,1807,3,23,24.63,66.0
568,1492,3,12,10.53,82.1
569,2109,3,3,32.69,95.19
570,1236,5,0,33.4,83.04
571,2390,2,14,28.12,94.04
572,2175,4,4,22.53,109.71
573,1491,3,21,6.24,76.46
574,2339,5,15,20.8,123.34
575,2688,5,29,32.29,112.23
576,1972,5,19,22.7,93.94
577,848,1,24,9.44,29.66
578,3009,1,18,34.44,101.01
579,3274,4,30,26.59,144.43
580,543,1,8,8.55,27.77
581,2624,5,18,24.38,128.72
582,2396,5,22,18.02,127.06
583,1912,1,15,4.55,79.52
584,975,2,11,11.6,56.82
585,2365,2,16,17.42,97.68
586,3353,4,10,3.28,183.41
587,683,1,0,29.87,11.39
588,1173,2,16,6.93,55.39
589,1155,3,17,15.5,48.91
590,3079,2,5,22.78,138.22
591,2270,4,0,26.07,118.22
592,2259,4,0,24.96,111.29
593,1342,3,24,24.93,52.49
594,2699,2,11,12.08,121.12
595,2374,1,8,23.8,80.79
596,1783,5,12,21.78,97.75
597,2904,1,11,12.97,125.14
598,3259,3,29,21.89,137.94
599,847,2,10,5.01,51.77
600,3340,2,16,14.21,153.55
601,2942,2,18,14.05,134.32
602,3340,2,17,6.67,165.11
603,1683,2,5,11.7,84.45
604,1970,1,15,5.64,92.42
605,2072,5,16,23.2,100.77
606,3408,4,15,6.69,181.06
607,2815,1,25,26.88,97.97
608,2702,3,5,27.55,125.03
609,2816,4,17,18.37,133.0
610,2724,3,17,28.97,110.97
611,670,4,17,8.43,44.13
612,3177,2,9,30.74,132.46
613,632,4,8,12.85,52.65
614,980,2,6,28.56,29.45
615,2908,3,27,25.17,116.84
616,1070,2,26,8.04,46.77
617,743,5,11,19.1,51.33
618,3383,3,9,20.47,155.61
619,2607,1,4,33.73,97.92
620,1635,2,22,30.45,40.33
621,1522,2,22,11.95,67.6
622,2108,4,4,20.63,120.17
623,1600,4,12,16.37,80.5
624,881,4,16,26.49,33.12
625,3345,3,14,33.31,137.45
626,881,4,20,23.58,41.84
627,1967,1,25,19.17,70.78
628,1367,4,8,11.98,89.73
629,1661,3,17,20.65,69.18
630,1907,1,1,4.39,97.29
631,2382,1,3,32.6,90.27
632,2252,2,22,31.92,81.96
633,3162,3,5,30.73,139.78
634,1976,3,2,13.64,104.88
635,3157,2,1,14.48,149.11
636,1459,4,20,4.1,97.23
637,889,1,6,17.21,38.22
638,3285,4,0,1.27,191.02
639,1907,1,27,15.36,71.39
640,2069,1,23,28.4,66.41
641,922,3,11,30.95,38.86
642,1045,2,2,19.04,57.37
643,534,5,20,6.58,50.91
644,1120,4,19,24.34,54.84
645,1389,1,28,4.42,58.82
646,2072,3,30,15.6,83.63
647,1072,2,8,22.92,43.76
648,3453,5,9,27.48,174.21
649,3328,1,27,29.8,119.85
650,2985,5,6,26.43,147.15
651,1710,1,25,31.53,49.55
652,961,2,15,22.69,32.76
653,790,5,28,34.24,39.09
654,1040,4,27,29.53,36.33
655,2223,3,17,24.22,96.62
656,798,1,18,3.3,27.53
657,1573,2,1,32.37,64.69
658,1673,5,24,15.12,90.2
659,3374,4,2,22.78,163.54
660,842,3,2,18.38,49.28
661,1332,2,17,12.11,54.7
662,3161,1,9,24.75,123.05
663,3489,2,1,9.31,174.86
664,3007,5,1,11.52,169.78
665,3195,2,3,1.43,167.67
666,2533,3,16,18.59,117.28
667,3452,3,5,13.64,170.89
668,983,1,10,28.44,14.36
669,1614,5,2,9.94,116.34
670,2532,4,16,13.24,129.22
671,2546,5,5,13.5,145.22
672,2850,1,7,26.19,115.41
673,510,1,27,30.34,8
674,2068,2,5,32.66,84.9
675,644,5,25,32.07,25.04
676,1818,2,13,32.14,58.19
677,1810,3,26,3.65,90.74
678,715,2,7,28.35,26.25
679,688,4,2,30.82,41.96
680,1772,3,2,19.81,83.73
681,532,3,6,10.91,43.76
682,1493,4,11,21.12,69.74
683,2520,2,23,31.62,89.33
684,526,4,0,8.92,51.67
685,1918,1,30,12.39,72.33
686,3478,3,3,7.98,175.03
687,1475,4,15,33.68,62.62
688,1646,1,1,32.32,55.28
689,2628,4,22,31.45,101.77
690,2878,1,16,5.54,134.38
691,2115,1,18,20.31,67.78
692,1469,3,8,29.93,66.11
693,2109,3,10,16.39,105.29
694,1057,5,3,6.28,99.82
695,1173,4,14,11.68,75.67
696,1350,4,9,16.75,80.88
697,991,1,5,28.46,25.51
698,2971,1,6,29.42,122.82
699,1842,2,2,25.18,84.56
700,700,3,8,28.88,26.6
701,1212,1,30,14.75,29.65
702,1523,1,14,4.46,76.26
703,1072,1,0,3.1,64.86
704,1311,4,11,24.33,62.39
705,3140,1,18,20.93,126.74
706,764,2,28,22.96,15.8
707,1027,1,28,29.81,14.16
708,2388,1,5,32.42,84.04
709,2274,4,15,2.0,131.03
710,1379,2,8,10.52,68.94
711,1108,1,19,22.05,31.76
712,2187,5,15,3.07,138.81
713,1645,4,4,15.25,90.31
714,1520,5,25,1.66,92.77
715,2066,3,15,19.51,84.29
716,2557,3,12,10.19,131.11
717,606,3,19,8.45,46.59
718,739,4,16,13.15,44.44
719,2892,2,5,4.4,146.66
720,729,2,18,29.78,10.58
721,2090,3,29,29.53,77.49
722,2926,3,25,26.1,117.33
723,1969,5,0,24.92,105.59
724,1082,5,30,7.4,75.38
725,2516,5,9,6.97,150.51
726,2964,2,0,18.9,139.05
727,502,3,29,21.88,14.66
728,1226,3,1,1.75,82.73
729,2902,2,24,4.77,131.81
730,797,3,22,33.03,17.3
731,2120,5,3,12.44,122.63
732,3499,4,25,22.74,169.3
733,2495,3,5,25.04,105.02
734,3013,3,7,23.63,134.38
735,1218,4,9,25.96,60.24
736,507,5,12,29.93,33.1
737,2824,1,5,21.48,130.14
738,1404,5,3,32.85,66.72
739,1076,3,23,3.65,61.27
740,3105,1,26,25.1,117.06
741,3117,3,14,1.39,165.99
742,1935,3,25,4.67,107.4
743,505,1,12,15.9,13.5
744,2195,4,28,13.88,108.07
745,2736,4,3,29.18,131.2
746,3314,2,5,16.34,147.71
747,636,3,0,11.84,51.38
748,1196,4,5,25.89,62.21
749,2740,1,10,21.2,107.58
750,626,4,30,23.22,20.21
751,2987,4,5,2.82,163.32
752,2176,5,23,32.47,106.95
753,2712,3,21,10.57,130.86
754,2841,5,26,17.69,141.69
755,723,3,0,15.54,47.13
756,2958,4,6,4.3,173.34
757,1347,2,20,10.92,70.44
758,1763,4,15,17.63,96.05
759,3207,3,2,22.82,147.61
760,2062,3,5,16.16,108.58
761,1578,4,14,9.96,95.81
762,1119,1,2,23.72,35.77
763,2717,4,24,21.05,115.41
764,2640,4,30,19.21,116.04
765,2444,5,28,9.01,129.4
766,3425,1,16,20.42,144.52
767,2616,5,21,34.41,121.33
768,2339,2,30,34.47,82.88
769,1367,2,4,2.45,89.78
770,1327,2,26,21.23,48.98
771,1809,1,2,14.2,79.72
772,1631,5,14,32.18,79.46
773,550,5,18,18.77,36.44
774,1107,5,18,20.81,66.19
775,910,1,18,27.5,19.36
776,1908,4,8,14.02,96.74
777,2488,5,19,17.08,131.85
778,3032,5,21,24.58,148.51
779,658,4,28,30.88,17.32
780,2446,3,28,13.66,109.18
781,1883,3,9,10.53,93.57
782,902,2,4,11.22,52.49
783,2314,3,8,25.78,102.07
784,2309,2,29,29.01,77.37
785,2484,5,27,13.71,136.27
786,768,3,22,18.23,36.86
787,1055,5,28,20.33,60.1
788,1322,1,7,2.12,81.05
789,707,3,22,7.77,39.3
790,2125,1,21,2.04,103.24
791,2025,4,19,16.17,107.68
792,2758,3,11,6.56,142.52
793,1559,1,9,1.93,90.92
794,1377,2,20,8.65,69.03
795,1346,3,20,14.92,73.55
796,3294,1,15,31.99,122.29
797,3151,2,19,28.23,125.1
798,1751,3,13,31.45,75.43
799,1928,4,8,8.42,111.93
800,3054,4,18,4.48,168.32
801,2595,3,17,23.01,110.5
802,942,4,2,12.43,66.13
803,1632,3,27,10.41,71.56
804,3168,3,6,6.1,155.9
805,1484,1,25,30.15,37.23
806,1809,2,23,1.87,86.57
807,2537,3,8,31.83,100.12
808,2888,5,26,7.46,158.59
809,3475,2,21,19.18,150.04
810,3251,3,16,11.21,146.88
811,1196,5,5,10.99,79.35
812,3470,5,24,32.03,154.72
813,3284,3,20,4.04,159.56
814,1757,4,25,31.15,75.51
815,2022,3,18,11.0,104.49
816,3098,5,18,33.11,134.6
817,791,4,28,7.61,56.16
818,2670,3,13,2.84,148.1
819,1117,2,6,12.65,69.35
820,2374,2,10,30.32,91.61
821,1238,1,15,12.31,55.62
822,737,1,14,10.3,31.36
823,1190,5,24,6.39,82.01
824,1030,5,13,22.54,52.99
825,2152,4,30,17.23,105.7
826,3492,3,30,1.48,170.62
827,1819,5,6,1.61,133.73
828,1426,3,9,5.38,86.84
829,2071,5,18,11.41,119.28
830,1691,4,23,18.69,82.26
831,2646,3,13,31.19,113.83
832,2507,3,24,7.41,123.06
833,2152,1,7,8.63,105.29
834,589,5,16,6.75,57.52
835,2001,1,12,30.8,66.1
836,699,5,1,23.51,59.45
837,3177,1,1,24.45,129.46
838,2741,3,15,24.86,121.95
839,1341,1,9,15.31,61.27
840,3050,5,22,5.66,169.53
841,929,5,23,22.0,49.27
842,2538,2,19,7.79,128.48
843,1577,5,6,13.17,98.93
844,2745,4,29,8.06,138.99
845,2468,3,7,1.09,134.61
846,2851,4,4,33.28,119.82
847,2595,1,23,25.6,97.83
848,2370,3,8,16.79,112.59
849,908,2,27,2.34,45.35
850,1780,4,23,4.94,110.17
851,687,1,27,5.71,23.61
852,2292,5,8,30.87,108.38
853,880,3,26,12.65,46.47
854,2369,3,26,14.11,111.29
855,2458,4,20,31.13,105.14
856,3475,1,30,29.71,124.52
857,924,4,29,21.09,42.91
858,1242,5,12,27.49,58.85
859,3004,1,27,24.27,116.33
860,1035,4,29,17.6,38.05
861,2184,4,1,3.15,135.56
862,3276,5,24,26.28,150.45
863,3464,5,7,34.25,159.25
864,2642,5,3,15.72,144.38
865,3476,2,15,12.76,156.79
866,2786,5,1,1.4,168.2
867,1142,5,27,16.96,60.83
868,2513,3,7,12.25,129.03
869,1639,1,16,8.57,69.84
870,1462,1,14,16.1,53.69
871,2847,4,2,30.12,131.8
872,2537,1,3,14.72,115.61
873,646,5,17,1.01,72.09
874,3035,3,28,18.28,135.53
875,1347,4,30,12.59,72.83
876,2361,3,17,27.09,90.34
877,2957,4,22,23.34,133.4
878,3198,2,0,12.61,154.0
879,3095,3,17,18.75,140.71
880,1172,4,4,28.94,57.4
881,3455,4,3,9.65,185.27
882,2109,2,14,29.03,81.81
883,1280,3,3,26.74,66.18
884,3253,5,3,27.25,164.64
885,2345,4,21,21.04,96.8
886,517,5,23,2.65,54.43
887,2272,5,15,32.43,106.83
888,3333,5,5,25.84,155.75
889,1025,1,12,23.36,27.5
890,2075,4,19,32.14,83.34
891,1516,3,12,33.76,61.49
892,1046,2,13,21.49,39.89
893,2598,3,26,24.85,110.99
894,2767,2,6,8.13,132.21
895,3426,3,21,12.74,153.76
896,3162,2,16,19.44,124.07
897,3108,3,22,4.92,150.97
898,2837,4,21,26.43,130.2
899,2686,3,28,29.81,105.07
900,603,4,4,2.8,57.64
901,731,2,8,26.51,26.39
902,1526,2,26,3.11,78.68
903,1708,2,24,19.4,62.49
904,3023,5,27,8.63,162.32
905,3150,5,12,9.08,174.92
906,1678,1,29,13.97,51.35
907,2206,3,30,19.77,95.33
908,3041,4,26,8.67,152.28
909,3095,3,24,21.01,133.77
910,3469,2,9,16.26,155.26
911,3296,1,5,33.72,125.56
912,666,4,8,19.92,41.35
913,1032,2,18,29.76,33.12
914,1134,1,4,32.57,30.67
915,2944,1,24,32.7,93.27
916,2509,5,17,13.17,131.32
917,3398,3,16,8.48,168.02
918,2569,2,13,19.46,113.5
919,2152,1,11,8.52,100.42
920,1977,3,6,33.31,85.63
921,3032,5,15,34.89,142.36
922,536,1,21,12.76,8
923,1484,5,29,22.12,79.32
924,1814,4,29,28.07,70.57
925,964,4,8,19.37,55.65
926,2035,5,25,18.3,114.55
927,2493,1,9,31.54,91.69
928,893,2,30,27.29,21.92
929,2684,1,20,3.23,119.43
930,3307,4,26,4.53,161.14
931,2702,4,20,28.77,124.35
932,597,4,22,12.28,43.78
933,858,1,1,7.05,49.33
934,1432,3,13,14.19,76.08
935,3081,4,13,11.76,156.74
936,524,5,2,26.7,42.68
937,2898,1,22,29.84,97.59
938,1687,3,19,3.94,98.14
939,2292,4,12,28.95,106.91
940,1400,2,23,14.29,59.18
941,2735,3,30,22.56,109.03
942,3487,3,30,33.28,143.61
943,2767,5,4,5.19,172.18
944,2700,5,30,3.89,147.24
945,1360,3,6,15.03,70.87
946,1159,2,7,21.97,44.58
947,1535,2,3,7.17,88.88
948,2748,4,20,19.69,120.71
949,1690,1,8,4.34,84.48
950,1855,3,4,23.82,82.27
951,1460,1,9,22.06,57.52
952,2345,3,19,23.42,98.17
953,3340,5,4,20.23,171.06
954,2254,2,0,11.65,118.31
955,1407,4,8,29.56,71.52
956,2465,4,14,13.2,134.72
957,1751,4,17,4.7,103.08
958,1649,2,28,19.31,59.16
959,1578,1,23,3.56,77.37
960,627,5,18,14.77,49.72
961,2916,2,29,2.25,136.08
962,2710,4,20,27.36,130.06
963,1998,4,7,31.31,83.01
964,1048,4,16,18.35,52.39
965,2125,3,16,1.36,119.06
966,3015,2,24,18.48,138.68
967,2327,2,5,20.26,95.88
968,1098,4,30,13.2,52.65
969,1396,4,7,3.14,95.65
970,1346,5,29,27.91,60.21
971,2089,4,29,16.46,111.67
972,1827,1,22,33.93,52.43
973,3095,3,26,26.22,121.0
974,2042,4,11,20.98,99.53
975,818,5,8,13.8,70.27
976,1945,3,15,27.95,76.82
977,2974,1,16,30.99,103.93
978,2607,3,6,6.11,142.22
979,1144,3,19,25.39,47.09
980,1852,1,15,23.96,67.98
981,2462,2,18,6.48,119.17
982,676,2,18,21.14,20.49
983,1051,5,1,31.29,61.98
984,1237,5,30,14.79,71.06
985,2808,1,28,25.46,96.23
986,851,2,14,21.62,27.86
987,2430,4,5,8.46,136.02
988,2886,2,19,23.43,119.05
989,1583,2,23,24.31,61.28
990,781,2,12,14.11,34.96
991,944,1,6,18.77,42.89
992,1112,5,3,7.03,85.41
993,3018,5,1,30.84,141.0
994,881,4,21,5.43,60.11
995,2971,5,26,1.04,172.06
996,2267,5,13,13.59,124.56
997,677,5,13,8.8,64.24
998,2061,3,18,28.36,74.58
999,3353,5,3,15.47,180.4
1000,843,3,19,30.81,33.17
1001,2173,3,6,1.19,126.99
1002,2640,1,16,1.24,125.88
1003,3181,2,22,28.35,121.25
1004,2245,5,8,9.88,135.25
1005,2695,4,18,13.43,134.92
1006,1334,4,17,27.65,66.64
1007,2476,2,11,20.01,93.39
1008,2866,3,24,24.99,120.65
1009,1065,1,23,8.81,44.86
1010,910,2,16,14.62,28.79
1011,1886,5,19,24.7,92.82
1012,3104,1,25,4.1,135.36
1013,1095,4,29,21.41,51.13
1014,2018,1,19,2.28,97.39
1015,2074,4,19,23.31,93.25
1016,735,2,20,17.81,39.12
1017,543,2,27,23.33,8.42
1018,637,5,16,18.54,42.57
1019,1448,5,5,23.92,79.26
1020,1144,1,8,27.51,39.77
1021,1946,4,12,20.93,89.58
1022,781,1,17,10.67,30.42
1023,2790,5,11,12.81,154.6
1024,1296,4,29,14.73,61.25
1025,519,3,5,14.84,39.06
1026,1705,3,30,4.98,87.2
1027,2602,3,28,19.29,112.23
1028,2313,4,18,17.44,110.68
1029,1496,3,30,27.37,46.41
1030,612,4,3,9.77,46.67
1031,2067,2,21,24.84,79.4
1032,1946,5,17,1.33,119.59
1033,1578,2,9,4.16,83.1
1034,811,5,29,7.07,50.78
1035,1785,3,6,31.41,73.35
1036,3298,2,15,26.06,147.73
1037,1461,2,27,10.02,64.91
1038,3033,3,4,27.48,146.19
1039,991,1,21,33.5,11.34
1040,2717,1,27,17.4,104.23
1041,3042,3,15,31.54,130.16
1042,1625,4,5,34.47,67.79
1043,2593,3,12,8.55,132.07
1044,2233,4,30,19.39,99.91
1045,2558,3,12,30.25,107.92
1046,993,5,14,11.73,66.14
1047,534,1,21,8.17,16.61
1048,3009,3,5,19.65,141.9
1049,1471,3,15,33.59,50.56
1050,2236,2,13,24.82,93.28
1051,2024,3,27,14.62,85.02
1052,2858,2,26,4.4,135.63
1053,1605,2,17,15.7,68.06
1054,1112,4,25,1.33,76.17
1055,2226,4,4,34.85,103.02
1056,3451,3,25,17.55,148.47
1057,1527,5,27,20.31,71.16
1058,745,2,26,9.65,37.09
1059,3079,1,14,26.32,118.4
1060,2783,3,11,1.67,155.38
1061,996,3,27,24.11,28.88
1062,3161,5,5,34.3,145.01
1063,1665,3,10,23.89,67.31
1064,821,4,19,10.74,54.89
1065,3087,2,27,6.7,142.27
1066,3085,5,18,14.76,155.41
1067,792,1,5,12.68,34.48
1068,3409,3,19,22.92,155.9
1069,1611,4,24,30.34,59.66
1070,2344,4,5,7.25,140.93
1071,594,2,23,8.98,28.37
1072,827,2,5,14.5,52.54
1073,891,1,29,30.88,8
1074,2126,5,24,34.86,89.13
1075,925,3,19,6.28,50.69
1076,1767,2,7,26.08,63.37
1077,2315,2,4,18.91,107.47
1078,1961,3,27,17.19,86.6
1079,2714,3,17,16.12,134.63
1080,1225,5,19,16.52,71.81
1081,3104,5,13,18.8,156.36
1082,1922,4,17,8.72,104.1
1083,866,4,9,13.44,59.4
1084,500,5,26,26.78,28.55
1085,1058,3,9,16.95,68.05
1086,2454,3,0,27.04,114.42
1087,1699,5,7,28.09,86.02
1088,2796,4,12,9.5,148.13
1089,3428,4,26,13.86,162.99
1090,1481,5,24,28.2,73.33
1091,3011,3,9,23.05,133.76
1092,1270,1,5,5.65,66.11
1093,952,4,19,16.39,51.86
1094,1813,1,4,2.69,89.85
1095,2691,1,5,34.06,97.66
1096,2295,1,7,4.07,116.08
1097,560,4,6,12.63,45.39
1098,2021,4,22,27.91,94.85
1099,1852,1,26,26.52,57.83
1100,2107,1,17,16.98,86.86
1101,1287,3,26,13.97,72.96
1102,3427,2,12,27.22,143.19
1103,2314,2,23,34.81,78.71
1104,884,5,21,34.39,43.82
1105,2436,4,21,33.68,101.94
1106,3482,1,23,32.87,122.29
1107,2633,1,8,17.36,111.39
1108,713,2,3,9.02,51.27
1109,2278,3,0,6.69,128.9
1110,1495,1,1,20.76,64.74
1111,3329,4,22,21.27,151.55
1112,1145,4,2,24.32,65.82
1113,1886,1,1,13.09,92.19
1114,939,2,15,8.91,54.36
1115,2787,3,25,31.32,107.54
1116,2047,3,23,5.58,104.21
1117,661,4,22,15.88,37.04
1118,1277,5,5,19.48,88.74
1119,1825,4,8,30.5,75.77
1120,1156,1,16,6.27,48.14
1121,1711,3,17,13.48,92.07
1122,2052,2,28,1.64,99.29
1123,1991,5,7,11.9,132.91
1124,2087,2,16,24.23,87.72
1125,2758,2,19,10.63,122.82
1126,894,5,21,3.27,74.69
1127,1031,2,27,2.06,56.03
1128,630,5,20,29.43,33.04
1129,3194,4,16,22.21,148.45
1130,1404,5,22,3.41,93.61
1131,1354,4,29,31.25,56.02
1132,748,3,17,26.28,31.21
1133,2203,3,25,25.09,90.29
1134,666,1,26,11.33,16.02
1135,1384,5,3,4.44,105.31
1136,1291,5,21,9.46,87.96
1137,3061,2,17,26.47,121.22
1138,3115,5,11,23.93,156.21
1139,3377,4,28,4.54,172.21
1140,2567,3,21,6.38,122.93
1141,2957,4,29,12.98,135.15
1142,1829,3,13,26.98,91.49
1143,2263,3,19,9.18,108.78
1144,2753,3,11,33.7,111.11
1145,2332,4,0,25.69,124.09
1146,2620,2,28,11.26,113.03
1147,1730,2,6,30.09,75.55
1148,3325,3,29,19.82,143.74
1149,2778,5,29,20.43,136.77
1150,1139,2,8,13.48,60.65
1151,2884,2,7,9.71,139.04
1152,2830,2,23,3.62,141.42
1153,1829,4,5,17.6,107.09
1154,890,5,20,11.21,59.04
1155,3493,5,12,3.67,202.72
1156,1925,4,13,32.63,85.6
1157,993,2,23,23.19,29.46
1158,3089,4,1,11.36,166.84
1159,668,3,17,20.21,26.68
1160,1127,1,21,25.87,33.67
1161,2109,4,24,21.23,93.35
1162,1686,4,4,5.49,108.85
1163,838,4,18,26.34,33.99
1164,2132,5,13,27.31,104.42
1165,1034,2,15,20.02,33.51
1166,1303,5,19,34.9,56.2
1167,2647,2,7,3.44,138.35
1168,2859,1,3,23.84,114.43
1169,2234,3,11,7.48,115.19
1170,1748,2,11,21.95,79.32
1171,2311,5,4,15.98,135.76
1172,3307,3,4,26.76,148.27
1173,851,1,23,2.85,50.42
1174,1678,1,10,24.59,56.63
1175,955,3,14,17.02,44.76
1176,1367,2,17,18.79,63.0
1177,1559,5,15,22.18,92.1
1178,3237,1,12,20.82,133.05
1179,3217,5,1,9.69,185.58
1180,3352,5,8,2.8,193.15
1181,3181,1,2,14.21,143.7
1182,3203,3,27,4.67,165.4
1183,1698,4,7,34.31,66.55
1184,1792,4,27,21.3,80.17
1185,860,2,6,18.02,30.05
1186,588,1,7,32.36,8
1187,1748,3,15,14.38,89.42
1188,1941,3,20,11.28,99.72
1189,2553,3,25,3.11,129.32
1190,620,5,30,10.53,50.73
1191,1121,3,28,14.36,55.49
1192,2632,5,27,22.27,130.92
1193,1431,4,7,20.48,74.42
1194,2979,3,14,19.44,139.03
1195,1346,2,18,19.41,56.63
1196,1765,5,29,5.6,94.16
1197,1094,5,29,6.37,78.17
1198,3446,1,5,11.8,160.3
1199,1096,1,24,11.84,52.17
1200,1742,4,23,32.75,65.62
1201,3108,3,4,27.49,142.65
1202,3006,5,8,21.59,156.73
1203,3008,2,19,8.89,137.98
1204,3318,4,4,18.08,163.56
1205,2976,4,22,23.09,137.06
1206,2440,2,5,7.57,129.38
1207,632,4,24,33.94,26.74
1208,1411,2,24,7.96,60.21
1209,1225,4,27,21.98,50.48
1210,1510,4,12,27.39,61.37
1211,2990,4,23,11.64,141.92
1212,2932,5,16,22.81,139.5
1213,3384,1,16,4.72,146.07
1214,1506,5,17,14.45,92.34
1215,660,5,12,18.55,48.98
1216,1692,4,12,31.07,73.45
1217,1671,4,5,15.36,95.01
1218,2617,2,14,29.22,100.97
1219,2350,1,23,18.02,92.41
1220,3351,5,4,14.36,187.18
1221,1824,4,0,7.08,109.28
1222,1327,4,2,9.5,85.25
1223,3333,2,22,25.93,139.44
1224,3097,3,2,18.81,155.18
1225,2073,5,19,33.29,88.61
1226,1199,3,18,30.62,44.92
1227,1114,2,27,5.92,52.97
1228,1761,3,23,27.13,65.98
1229,2327,3,20,7.14,128.22
1230,514,5,24,9.61,38.42
1231,2378,4,27,17.95,113.23
1232,2521,2,6,21.02,105.97
1233,2448,4,13,16.02,124.83
1234,2741,3,19,22.37,119.43
1235,1350,1,5,6.04,69.27
1236,632,5,26,21.51,35.18
1237,1856,1,1,4.7,99.93
1238,1664,5,21,24.51,82.43
1239,2936,5,25,20.11,150.38
1240,1975,1,2,27.13,74.13
1241,1822,3,28,13.88,87.14
1242,2754,1,9,17.01,120.2
1243,999,3,10,18.92,43.58
1244,3006,1,3,20.43,128.14
1245,3076,5,2,17.44,162.18
1246,3395,3,13,21.7,143.07
1247,1796,3,16,20.55,73.11
1248,3016,5,15,18.67,146.0
1249,3088,4,15,28.47,141.18
1250,1689,2,0,5.02,94.8
1251,2404,1,23,29.83,84.11
1252,2195,1,10,12.89,79.28
1253,3111,2,0,22.78,139.39
1254,777,3,9,18.23,39.09
1255,1826,1,3,24.32,67.39
1256,3023,1,26,6.97,137.36
1257,1853,3,29,23.86,79.32
1258,3144,2,15,6.28,147.02
1259,2386,5,28,12.39,125.52
1260,729,5,9,20.21,48.16
1261,3277,3,17,19.22,150.78
1262,1948,1,4,10.54,99.78
1263,627,3,12,22.3,32.84
1264,2095,2,19,4.97,97.77
1265,1762,3,22,2.08,92.07
1266,1473,3,14,29.2,61.12
1267,1739,2,16,11.28,88.56
1268,1327,1,14,18.2,54.87
1269,2476,5,4,7.47,156.93
1270,2644,3,24,12.13,120.18
1271,902,5,21,34.75,36.86
1272,2087,5,3,1.14,141.46
1273,680,5,27,3.96,56.49
1274,2632,3,0,20.64,129.52
1275,1778,2,10,7.82,90.11
1276,2306,1,8,6.08,117.08
1277,1620,1,0,33.58,51.62
1278,2722,3,17,11.83,131.49
1279,1079,3,18,9.32,66.85
1280,1887,5,14,2.72,125.17
1281,618,4,28,23.97,25.35
1282,2246,4,5,24.96,112.14
1283,2927,4,19,13.09,144.67
1284,3247,5,2,34.11,157.98
1285,2407,5,4,4.16,152.93
1286,898,4,9,24.27,41.32
1287,3409,4,15,8.88,177.07
1288,3026,3,29,13.36,146.26
1289,1251,3,25,30.27,37.12
1290,767,4,3,12.95,64.83
1291,2389,2,9,27.11,95.41
1292,921,4,26,25.29,35.87
1293,938,3,17,23.08,40.74
1294,2141,5,13,9.11,120.97
1295,1498,5,5,34.11,71.03
1296,3342,5,13,27.67,162.66
1297,2283,5,25,12.63,120.4
1298,3242,1,23,32.65,110.0
1299,2851,4,3,21.13,137.85
1300,2323,2,9,33.5,88.63
1301,785,5,3,24.31,47.31
1302,1841,4,20,23.45,79.61
1303,870,2,26,5.72,35.34
1304,500,2,21,6.07,24.79
1305,2676,3,12,21.93,118.69
1306,1796,3,18,28.01,72.51
1307,3283,3,29,33.07,112.3
1308,1910,1,18,1.28,97.95
1309,2590,4,27,5.34,133.54
1310,2748,1,0,24.91,119.13
1311,1971,1,27,10.6,83.67
1312,2917,4,20,11.82,147.71
1313,2067,4,12,15.8,109.79
1314,1069,2,17,14.08,50.86
1315,1975,4,4,10.81,117.65
1316,547,1,20,1.53,27.5
1317,3454,4,21,15.85,167.65
1318,3130,4,27,16.5,146.2
1319,3348,5,29,15.47,166.07
1320,2761,4,12,13.08,148.8
1321,1261,4,19,1.25,76.86
1322,3416,5,8,14.97,180.9
1323,2737,5,11,2.14,168.64
1324,2009,1,18,17.37,79.58
1325,3328,1,4,25.83,127.19
1326,1644,4,16,3.66,99.74
1327,2998,1,7,17.06,129.58
1328,819,5,25,20.71,33.6
1329,3011,1,28,12.68,123.22
1330,2599,4,18,25.95,111.88
1331,2224,3,30,34.24,74.87
1332,3346,5,23,11.34,174.99
1333,2808,3,1,22.4,128.7
1334,3188,3,25,26.07,128.65
1335,611,3,15,3.81,38.11
1336,1638,3,4,21.94,80.04
1337,1627,3,0,26.21,68.85
1338,1119,4,11,28.47,45.8
1339,1570,2,15,7.15,78.4
1340,845,2,19,32.75,14.79
1341,1131,4,24,34.78,37.77
1342,2302,2,6,20.64,99.3
1343,1913,1,20,9.99,81.79
1344,2400,4,15,11.25,125.82
1345,2681,2,12,24.24,108.96
1346,2672,4,0,10.82,152.28
1347,2338,4,21,11.73,107.8
1348,898,5,20,13.03,59.57
1349,2268,5,29,23.17,105.5
1350,902,3,20,20.86,42.03
1351,2388,2,23,23.84,92.87
1352,3275,2,10,19.62,139.3
1353,3255,1,26,3.31,140.09
1354,3307,4,11,8.46,177.17
1355,1660,3,6,2.16,101.56
1356,2933,2,30,21.38,113.73
1357,998,1,2,30.12,33.48
1358,3153,5,25,33.88,141.5
1359,954,2,8,11.02,51.0
1360,2357,3,24,15.52,105.44
1361,3234,3,8,6.51,175.09
1362,2067,4,10,34.86,92.31
1363,1557,3,5,15.98,71.47
1364,2999,4,5,22.95,147.91
1365,944,2,17,27.14,28.64
1366,2308,3,3,2.19,140.93
1367,788,5,23,9.52,49.02
1368,1109,1,29,2.29,51.47
1369,2099,3,4,24.8,103.23
1370,2611,4,15,15.83,127.85
1371,3480,1,17,8.68,149.35
1372,2474,1,18,19.2,102.13
1373,1970,3,21,11.3,112.54
1374,3150,1,11,19.18,137.84
1375,1892,1,26,16.63,69.36
1376,1223,5,1,33.9,57.72
1377,3206,2,9,24.66,142.68
1378,1971,4,2,31.1,89.36
1379,2293,2,4,2.21,141.6
1380,1476,4,12,3.14,99.67
1381,2714,3,15,19.15,127.62
1382,567,1,10,2.91,30.45
1383,3453,1,12,5.02,163.92
1384,2377,5,4,26.2,116.79
1385,1454,1,1,26.01,53.39
1386,3032,1,7,24.84,122.89
1387,1034,1,5,22.51,44.55
1388,898,4,19,6.8,57.01
1389,2920,1,26,28.79,105.96
1390,3021,2,2,28.35,133.46
1391,2245,3,25,29.42,85.06
1392,994,5,17,5.67,71.6
1393,1373,1,18,6.9,65.34
1394,2200,2,22,13.58,97.63
1395,1175,4,7,32.47,55.2
1396,3089,5,12,27.44,149.73
1397,564,4,2,1.22,65.6
1398,3169,5,28,10.65,163.61
1399,3340,4,22,5.31,174.37
1400,2344,4,7,32.9,108.21
1401,3000,1,19,7.12,121.71
1402,3068,3,11,15.24,147.89
1403,2784,2,6,5.0,140.43
1404,1982,5,16,8.46,118.14
1405,3065,2,8,2.8,158.66
1406,2443,4,5,6.43,143.14
1407,676,1,20,13.38,22.49
1408,3026,4,1,4.55,175.97
1409,714,5,5,6.37,76.97
1410,790,2,23,16.12,30.15
1411,2874,3,13,7.76,144.49
1412,951,3,7,4.33,63.79
1413,2189,2,12,31.31,87.64
1414,722,4,4,8.35,65.24
1415,2996,4,5,14.17,162.5
1416,3088,3,8,7.88,165.23
1417,1021,1,22,20.33,27.3
1418,2406,4,13,6.82,136.36
1419,1907,2,28,11.04,86.84
1420,3004,2,18,33.98,118.82
1421,1440,1,13,30.14,24.73
1422,2923,4,26,16.73,138.51
1423,559,4,23,30.67,17.01
1424,1410,5,30,6.06,91.82
1425,2849,1,13,34.33,105.24
1426,2565,1,13,19.06,105.96
1427,2463,1,14,17.84,107.97
1428,3339,4,30,8.41,167.25
1429,1968,3,7,23.02,96.85
1430,1748,2,22,16.62,75.33
1431,2836,5,0,34.2,135.13
1432,3380,4,5,27.86,159.43
1433,2017,4,22,22.54,93.77
1434,3329,3,16,2.11,170.01
1435,2244,3,22,33.17,74.45
1436,3304,1,19,30.95,117.89
1437,724,5,30,31.94,24.78
1438,2068,3,14,22.05,94.33
1439,1997,3,5,23.04,92.82
1440,1338,2,10,9.11,64.08
1441,965,4,23,32.93,21.53
1442,1359,2,10,12.99,60.62
1443,1595,5,21,15.38,94.49
1444,2353,4,16,18.91,117.36
1445,1002,4,22,19.08,55.74
1446,2351,5,11,28.2,106.18
1447,3339,1,6,31.32,127.86
1448,1232,3,30,33.53,32.42
1449,947,2,8,4.81,60.59
1450,1336,5,30,22.33,66.73
1451,1700,4,21,19.41,85.64
1452,2318,1,9,7.43,112.82
1453,590,2,26,33.21,8
1454,1904,3,15,21.17,82.02
1455,3354,5,26,19.65,154.68
1456,1755,2,25,9.84,80.1
1457,2483,3,9,27.17,113.6
1458,2367,2,19,32.42,85.25
1459,3415,5,9,7.2,192.59
1460,3229,2,5,9.09,165.6
1461,668,3,18,5.3,46.56
1462,2803,1,21,11.78,121.62
1463,1908,2,11,16.25,93.13
1464,997,1,12,32.66,18.06
1465,1095,4,29,11.89,66.94
1466,2578,3,20,24.99,108.99
1467,2441,3,30,26.64,101.62
1468,2815,4,10,24.43,133.8
1469,3496,4,28,2.36,177.32
1470,601,4,19,29.59,20.42
1471,2326,3,2,12.1,121.39
1472,2656,2,25,32.81,90.47
1473,1638,2,0,3.84,100.69
1474,857,5,12,7.61,65.42
1475,1801,5,19,18.39,104.0
1476,2128,2,22,30.03,76.48
1477,2014,4,11,1.41,121.45
1478,2325,5,2,8.33,146.8
1479,2319,4,25,16.05,115.81
1480,2236,4,4,29.41,113.11
1481,2949,1,4,8.06,130.41
1482,1873,1,29,33.64,47.85
1483,2039,1,0,14.92,98.54
1484,2776,4,22,20.31,126.61
1485,1060,2,5,29.3,36.33
1486,1736,5,9,17.8,106.93
1487,2398,2,0,27.9,105.22
1488,3123,4,3,23.23,157.35
1489,1678,4,5,17.72,92.46
1490,988,3,15,34.81,25.71
1491,773,5,23,13.3,48.73
1492,1556,4,22,28.82,65.23
1493,2028,5,23,20.56,103.85
1494,739,2,10,16.68,32.11
1495,3339,2,11,6.55,161.83
1496,1958,1,9,10.92,94.36
1497,3117,1,16,7.59,134.74
1498,2952,2,17,11.97,128.9
1499,1795,3,8,24.31,81.27
1500,2875,3,26,5.89,138.12
1501,1060,5,9,13.68,71.08
1502,1167,1,6,6.25,61.36
1503,1405,2,25,31.5,30.61
1504,2653,5,22,19.74,125.71
1505,966,4,14,32.15,41.37
1506,571,4,11,11.59,48.99
1507,1985,2,26,16.03,87.06
1508,1901,2,22,11.36,84.71
1509,985,2,4,30.13,36.32
1510,1013,2,4,34.36,33.27
1511,2240,1,2,1.64,111.83
1512,1304,1,1,27.96,45.9
1513,2603,5,1,16.95,147.74
1514,1735,1,24,4.28,76.24
1515,1007,5,6,20.98,69.09
1516,619,1,4,29.76,17.62
1517,1636,5,11,12.97,106.4
1518,3010,2,16,20.39,121.72
1519,905,5,24,1.48,73.59
1520,1654,2,28,26.64,55.78
1521,517,1,29,8.28,8
1522,2001,5,5,15.95,117.75
1523,939,2,26,13.06,34.81
1524,1432,4,3,26.89,75.95
1525,1787,1,14,4.75,90.92
1526,3386,3,17,25.55,152.83
1527,836,3,15,4.93,55.28
1528,1777,4,7,19.83,101.23
1529,1690,4,6,30.13,86.61
1530,3281,3,5,1.43,171.72
1531,3261,4,21,4.58,163.05
1532,848,1,4,14.42,41.26
1533,3346,5,3,26.21,170.35
1534,1989,2,10,7.81,99.12
1535,2155,1,7,29.5,77.37
1536,3422,5,18,10.28,175.98
1537,3137,4,11,17.18,152.2
1538,2484,5,8,6.01,146.1
1539,2362,1,3,9.52,105.86
1540,1051,1,3,26.09,34.96
1541,779,4,21,1.91,64.14
1542,1839,2,9,22.15,84.58
1543,894,1,21,26.55,16.52
1544,1327,3,21,17.93,51.13
1545,2567,3,17,12.68,128.38
1546,629,4,28,32.11,10.32
1547,2071,4,10,30.0,92.93
1548,1224,5,21,30.25,56.62
1549,1741,2,15,15.64,75.71
1550,948,5,21,17.68,62.76
1551,2768,5,18,16.97,140.15
1552,728,4,8,17.82,47.96
1553,2047,5,21,12.99,117.38
1554,615,5,1,5.36,69.75
1555,2000,3,25,26.23,88.47
1556,1897,4,3,15.56,109.29
1557,1963,4,11,2.92,119.96
1558,1778,5,2,31.95,95.12
1559,768,3,3,12.48,57.17
1560,2387,4,18,18.5,116.99
1561,2225,3,0,24.66,93.86
1562,2047,5,12,11.96,112.4
1563,900,4,3,24.49,53.99
1564,3233,3,5,21.9,157.19
1565,1988,4,6,17.9,112.02
1566,2694,2,9,10.02,123.66
1567,1717,5,12,28.36,77.43
1568,3439,5,3,21.12,169.14
1569,1619,1,18,28.24,44.79
1570,814,3,16,28.34,28.67
1571,2273,5,10,7.8,130.59
1572,2356,5,5,30.95,120.71
1573,3071,5,27,7.34,154.35
1574,2414,3,29,22.69,98.22
1575,3016,4,29,20.25,131.33
1576,1992,4,4,9.17,114.15
1577,3307,3,27,15.8,143.66
1578,763,2,27,15.02,35.07
1579,1675,2,8,24.35,69.49
1580,1114,2,0,9.35,70.05
1581,1771,4,15,20.03,82.27
1582,651,2,5,10.27,44.05
1583,619,3,25,28.32,11.85
1584,672,4,25,1.68,51.45
1585,843,3,19,11.13,58.76
1586,1988,1,12,33.07,67.97
1587,3466,2,7,4.81,171.76
1588,2637,5,30,27.35,105.64
1589,2651,3,15,31.08,108.49
1590,1783,3,26,20.87,76.38
1591,2097,2,29,15.38,86.74
1592,1624,4,13,9.65,97.98
1593,2914,1,15,19.14,118.11
1594,2735,4,15,24.21,125.16
1595,1637,2,11,17.16,70.89
1596,3143,5,1,29.61,159.4
1597,3212,1,22,32.19,110.92
1598,2075,3,20,33.59,72.88
1599,1986,1,17,30.48,65.87
1600,2109,3,9,4.07,115.01
1601,1464,3,6,30.22,64.6
1602,1799,4,25,2.15,108.77
1603,828,4,15,26.06,43.57
1604,2230,1,26,6.45,93.53
1605,1568,5,2,12.96,96.52
1606,1838,4,22,1.93,102.71
1607,713,2,20,16.08,27.34
1608,1319,3,10,20.58,63.38
1609,953,2,7,18.56,53.24
1610,1032,5,21,14.95,63.31
1611,1808,4,15,30.7,80.37
1612,2929,3,25,10.58,140.18
1613,845,4,11,7.18,73.2
1614,2836,2,0,33.24,107.96
1615,2787,5,20,8.78,156.54
1616,1572,2,1,14.64,83.21
1617,2256,5,8,6.07,141.79
1618,2823,1,0,25.43,116.49
1619,2282,4,26,23.9,106.12
1620,1280,3,9,26.38,61.27
1621,2064,2,13,30.12,63.58
1622,1659,2,13,7.13,75.39
1623,1097,1,9,34.19,24.2
1624,1517,3,18,24.27,68.61
1625,2376,1,0,16.94,116.29
1626,2128,2,22,14.04,82.53
1627,2233,5,8,3.48,139.25
1628,1461,4,29,13.05,73.31
1629,2983,5,22,26.44,142.7
1630,3038,4,9,34.24,134.56
1631,3249,3,4,33.91,132.97
1632,1566,2,16,17.76,64.24
1633,1889,4,4,4.05,118.43
1634,1566,1,10,2.5,75.43
1635,1023,4,27,34.09,30.37
1636,2261,3,28,30.82,87.24
1637,3010,3,16,11.64,149.56
1638,2512,2,17,30.0,91.77
1639,3192,4,1,7.42,179.45
1640,2426,3,5,25.0,112.74
1641,2287,1,28,32.53,71.35
1642,3404,5,15,16.56,175.08
1643,960,2,3,12.89,54.6
1644,1189,5,26,10.27,78.21
1645,3216,5,6,20.84,172.37
1646,2837,2,13,32.29,108.0
1647,1508,4,21,4.21,89.43
1648,3287,1,12,13.7,147.46
1649,934,3,4,1.98,64.05
1650,2465,4,20,33.48,103.36
1651,2933,1,10,33.97,99.09
1652,1830,5,4,8.19,109.63
1653,699,3,10,28.14,26.85
1654,2966,4,2,14.56,151.14
1655,1229,2,30,27.21,30.69
1656,1352,2,12,27.5,49.02
1657,1667,2,3,11.15,89.82
1658,1770,5,4,13.21,103.62
1659,893,3,16,7.8,50.65
1660,1599,5,19,15.38,93.08
1661,2230,3,19,7.34,112.55
1662,2602,3,14,24.0,113.27
1663,3152,2,29,17.84,125.29
1664,1690,4,13,3.69,100.92
1665,2456,3,4,34.46,101.1
1666,1518,5,13,11.05,92.78
1667,695,5,2,32.19,36.5
1668,2191,1,14,23.47,81.5
1669,2828,3,11,9.67,148.64
1670,966,4,5,27.73,53.24
1671,2109,1,2,15.15,94.46
1672,3465,4,24,23.79,150.8
1673,3055,3,10,33.87,128.75
1674,1258,1,23,34.39,19.28
1675,1562,1,13,19.17,61.78
1676,1203,4,14,24.52,58.93
1677,3194,5,23,17.55,148.17
1678,1977,4,25,11.29,92.58
1679,1012,2,0,7.49,67.03
1680,1270,1,6,17.36,45.72
1681,1094,2,13,29.63,37.61
1682,852,3,24,16.76,33.13
1683,2441,4,0,4.96,152.84
1684,2323,4,15,1.67,130.15
1685,2341,5,7,7.85,132.68
1686,708,3,0,4.49,57.19
1687,3420,4,13,29.85,152.58
1688,2770,3,1,17.57,131.59
1689,2491,5,18,25.64,130.37
1690,2498,2,22,3.06,117.3
1691,577,4,18,11.74,52.5
1692,2208,4,3,17.82,123.02
1693,3146,3,14,24.72,142.63
1694,1287,4,11,15.9,75.02
1695,2579,2,18,31.91,91.05
1696,3429,4,4,31.03,163.77
1697,3461,4,30,15.17,167.58
1698,1975,4,25,34.01,72.89
1699,1163,5,6,10.6,85.71
1700,1028,2,6,6.31,54.69
1701,2515,1,25,15.14,103.26
1702,1357,5,1,34.97,69.53
1703,1969,3,11,24.02,92.84
1704,2562,1,25,3.16,123.72
1705,2263,1,19,8.71,93.63
1706,1893,3,24,2.59,98.92
1707,2781,3,28,6.14,132.17
1708,3242,1,22,2.71,142.38
1709,2293,4,30,29.61,93.45
1710,3000,5,25,30.19,135.05
1711,917,5,1,18.25,70.38
1712,1341,3,5,25.76,64.14
1713,3400,4,24,18.2,158.22
1714,3150,3,10,28.85,134.3
1715,1003,2,14,33.97,24.04
1716,2440,3,9,18.17,116.98
1717,849,3,11,25.32,30.37
1718,1505,2,24,26.62,52.1
1719,2227,2,4,28.26,87.73
1720,2379,5,25,24.19,115.14
1721,621,4,4,27.19,34.86
1722,785,1,10,11.7,28.96
1723,1173,4,1,14.37,88.61
1724,1118,5,1,34.24,62.4
1725,3421,5,9,15.26,185.9
1726,1746,3,29,12.7,74.51
1727,1645,5,19,32.3,72.36
1728,1340,5,19,27.8,60.31
1729,3170,4,22,12.74,158.44
1730,1308,3,2,2.26,82.77
1731,1870,4,23,25.44,86.36
1732,2715,3,6,4.16,143.84
1733,2760,3,16,12.58,133.12
1734,2711,5,8,9.21,154.88
1735,1744,4,16,4.76,109.1
1736,3068,5,11,5.21,176.2
1737,3166,1,14,11.13,139.62
1738,1467,5,18,25.3,69.25
1739,3071,5,27,21.25,143.3
1740,3428,5,21,5.76,186.79
1741,2046,5,23,9.42,112.68
1742,1979,4,3,5.98,128.06
1743,2243,4,2,4.14,134.52
1744,1379,4,2,13.56,88.36
1745,2655,4,18,20.0,128.6
1746,2893,4,20,15.4,131.5
1747,2302,4,23,34.09,92.69
1748,1020,4,22,16.56,52.06
1749,3385,5,27,18.99,160.55
1750,633,2,30,20.01,8
1751,986,5,27,14.89,63.92
1752,664,5,4,5.0,75.51
1753,1748,3,9,11.0,97.39
1754,2915,4,1,32.85,135.23
1755,1749,3,6,7.22,100.98
1756,2742,3,2,30.59,121.09
1757,2210,4,18,11.53,112.15
1758,2045,4,26,25.48,89.16
1759,2980,2,24,5.71,133.39
1760,3232,4,4,30.46,143.41
1761,1832,1,25,22.24,56.58
1762,2119,3,17,2.56,112.39
1763,3246,4,23,10.43,163.68
1764,601,5,20,28.07,32.85
1765,3397,3,17,22.94,148.63
1766,3034,5,18,26.76,141.9
1767,2835,5,6,26.52,141.71
1768,3196,5,5,33.72,151.28
1769,1626,2,7,29.21,65.52
1770,846,5,19,11.89,55.97
1771,2912,1,15,30.31,111.24
1772,2199,1,27,18.95,79.89
1773,2064,3,2,4.9,122.91
1774,1089,2,8,27.12,41.39
1775,1131,3,30,14.85,52.17
1776,1832,2,0,25.25,86.44
1777,1720,4,3,11.88,100.01
1778,2038,1,1,7.89,103.79
1779,2945,5,7,17.76,157.13
1780,971,3,1,11.82,59.02
1781,2765,4,2,17.46,142.0
1782,576,3,17,33.76,12.55
1783,3265,1,7,26.94,129.39
1784,2827,4,14,3.85,153.58
1785,3104,5,6,27.62,157.42
1786,1188,2,17,33.39,35.87
1787,2773,4,1,1.03,155.78
1788,1684,2,0,3.05,101.34
1789,2475,3,19,9.53,114.5
1790,3089,2,18,29.58,103.14
1791,1652,1,5,26.13,56.64
1792,2119,1,26,5.75,89.71
1793,2779,3,28,15.69,113.65
1794,1803,3,20,9.89,83.23
1795,3398,4,8,9.36,183.49
1796,2383,5,10,1.54,147.98
1797,3333,2,20,32.36,126.41
1798,539,2,13,19.9,19.63
1799,3352,4,24,14.35,169.67
1800,3167,1,17,2.05,153.6
1801,3250,4,21,5.2,173.4
1802,2962,3,12,7.02,151.07
1803,3355,1,3,16.73,154.28
1804,1407,1,24,10.56,52.96
1805,3404,3,6,4.06,175.9
1806,3440,2,7,34.32,135.0
1807,1986,1,8,17.76,81.3
1808,529,2,26,22.71,8
1809,954,3,18,18.01,46.59
1810,2817,5,18,6.97,159.43
1811,2909,2,23,3.21,138.87
1812,1433,5,23,27.6,73.78
1813,1285,1,22,24.04,29.69
1814,2359,1,30,15.52,83.33
1815,3257,1,27,32.92,95.79
1816,1622,1,21,18.62,64.13
1817,2529,3,16,26.81,109.73
1818,1638,4,17,16.26,83.58
1819,521,4,6,12.38,53.93
1820,1424,4,30,3.53,76.31
1821,1523,2,5,12.19,84.73
1822,614,4,13,28.47,31.13
1823,2927,3,26,9.51,141.25
1824,1895,1,26,12.34,76.0
1825,1469,1,24,21.4,43.32
1826,2328,5,3,3.91,148.66
1827,748,1,12,11.65,33.02
1828,1022,1,29,28.28,12.62
1829,724,3,19,22.29,35.99
1830,2790,1,9,29.9,107.84
1831,2145,1,19,26.57,73.84
1832,3202,5,0,16.42,181.43
1833,2401,4,28,22.09,112.28
1834,3267,1,14,18.59,140.35
1835,2907,2,3,4.49,149.16
1836,1293,5,4,22.67,77.96
1837,1549,3,13,17.37,73.45
1838,1063,1,1,5.34,58.34
1839,2894,4,16,33.63,123.27
1840,2716,2,4,16.96,122.8
1841,2971,3,9,13.54,153.41
1842,3278,2,1,9.07,163.77
1843,2791,1,13,12.69,129.13
1844,1324,1,10,7.44,62.97
1845,2448,4,19,24.54,115.45
1846,1874,5,9,15.24,105.28
1847,1164,1,14,30.79,32.32
1848,515,2,22,8.83,22.6
1849,3055,2,7,17.35,141.03
1850,2039,2,12,7.26,93.49
1851,527,3,0,3.51,56.61
1852,1690,4,6,22.47,88.77
1853,1974,1,0,7.77,98.65
1854,1573,2,10,29.82,60.43
1855,1507,2,6,1.73,94.98
1856,585,2,12,23.27,9.59
1857,954,3,29,8.15,44.58
1858,2025,2,30,18.92,78.17
1859,3052,4,28,25.17,139.81
1860,1035,2,6,19.11,54.71
1861,3344,3,10,21.38,157.6
1862,689,5,18,7.43,59.72
1863,2693,3,25,6.05,132.6
1864,1647,2,27,18.28,69.59
1865,2892,4,6,25.73,140.56
1866,3018,1,5,18.29,122.39
1867,3142,5,11,17.95,158.8
1868,2031,5,22,17.43,107.53
1869,2526,4,8,20.76,120.88
1870,3161,1,6,8.46,141.37
1871,1331,4,27,8.97,75.06
1872,2044,5,5,32.81,105.66
1873,2032,3,17,3.88,110.47
1874,2625,3,7,20.85,119.92
1875,2405,5,19,12.44,126.0
1876,2005,4,10,10.28,115.51
1877,601,2,14,8.95,31.77
1878,837,3,26,18.06,30.76
1879,2739,1,25,10.4,114.9
1880,1975,1,17,7.81,90.83
1881,1305,3,8,11.29,78.08
1882,1624,2,22,21.54,54.06
1883,1064,5,29,9.88,67.68
1884,1919,4,30,14.8,87.8
1885,2875,1,15,23.24,124.67
1886,2128,2,7,25.59,87.95
1887,1359,4,7,18.54,79.17
1888,3459,4,10,27.93,150.83
1889,1782,2,13,27.18,66.38
1890,2343,5,0,13.74,135.89
1891,2865,2,9,33.07,121.15
1892,1952,3,7,15.25,100.81
1893,3308,4,24,27.47,139.35
1894,595,5,25,2.1,56.57
1895,1069,2,30,34.8,8
1896,2989,5,27,14.29,146.3
1897,2061,2,30,14.28,80.67
1898,944,3,18,33.71,25.82
1899,3117,3,2,6.83,164.19
1900,3322,5,15,1.91,184.26
1901,1315,1,29,33.74,20.26
1902,3201,5,2,16.46,176.88
1903,2009,5,0,6.84,135.31
1904,1143,1,4,19.24,42.24
1905,2458,1,12,33.47,85.57
1906,1342,3,13,28.81,51.34
1907,3222,4,5,21.53,165.15
1908,2558,4,8,7.86,140.39
1909,1084,4,2,29.04,53.11
1910,1847,5,28,17.69,91.77
1911,2395,5,1,26.07,124.21
1912,2369,3,22,29.65,102.73
1913,1718,4,19,29.0,76.65
1914,1235,5,23,15.69,67.89
1915,2075,2,22,20.33,73.23
1916,1481,2,8,31.01,60.27
1917,2702,3,21,32.15,102.9
1918,1389,4,13,34.74,48.52
1919,2764,1,11,3.6,139.32
1920,1835,4,14,6.6,113.12
1921,1349,5,1,16.71,97.24
1922,2391,4,10,26.36,116.2
1923,1296,4,1,1.37,106.48
1924,1839,4,15,16.69,103.17
1925,838,5,21,9.24,65.55
1926,1643,2,5,29.51,62.9
1927,2986,1,5,11.0,133.11
1928,817,1,21,10.29,29.71
1929,2304,3,5,8.37,132.63
1930,1385,4,22,2.62,88.62
1931,3100,5,20,23.53,147.69
1932,3327,3,14,2.78,169.95
1933,519,1,24,13.83,12.48
1934,1477,2,2,1.55,94.0
1935,614,1,10,28.9,8
1936,895,2,23,6.68,43.01
1937,2202,5,3,28.73,110.51
1938,3058,2,29,19.42,129.73
1939,2252,1,7,8.27,104.86
1940,2147,3,0,14.23,117.17
1941,2379,2,2,23.37,104.64
1942,679,1,28,8.43,29.04
1943,1735,5,15,34.43,83.2
1944,2831,2,8,33.61,114.24
1945,2957,3,20,24.67,120.33
1946,3341,2,10,6.96,150.8
1947,3316,3,27,23.66,139.82
1948,2896,4,12,18.37,143.78
1949,1452,5,18,24.96,75.47
1950,1008,3,7,26.09,45.39
1951,1497,5,2,3.04,109.11
1952,1121,4,6,22.83,65.27
1953,1475,5,30,16.09,79.8
1954,1800,1,16,27.92,56.12
1955,2199,3,24,1.81,118.34
1956,1492,2,17,2.84,76.15
1957,3223,2,25,24.37,126.46
1958,2062,5,10,7.24,120.75
1959,3079,1,2,30.58,124.55
1960,3098,2,30,7.94,139.17
1961,875,2,18,19.66,33.01
1962,2578,1,13,25.65,94.32
1963,1775,2,23,7.72,76.99
1964,1741,3,18,16.24,85.6
1965,3103,2,8,30.32,114.37
1966,1972,4,12,6.7,116.68
1967,2307,4,16,21.72,107.78
1968,2474,1,24,13.97,100.35
1969,840,3,19,19.26,34.86
1970,2058,4,9,16.42,108.86
1971,2036,5,19,17.35,104.86
1972,1301,2,29,7.45,64.99
1973,552,5,23,25.66,18.5
1974,2116,3,12,17.64,102.25
1975,3125,5,2,14.9,182.64
1976,2076,5,5,7.6,133.66
1977,2287,3,24,32.04,83.93
1978,2501,3,22,2.96,123.46
1979,2078,4,23,9.39,98.59
1980,1980,1,22,23.63,68.7
1981,1105,3,19,16.49,51.3
1982,2966,5,30,23.53,132.93
1983,1161,1,3,27.21,31.63
1984,2128,5,28,3.73,113.98
1985,1273,4,5,29.21,62.37
1986,2683,4,18,11.47,142.09
1987,2185,1,3,22.63,90.62
1988,1084,3,23,8.12,54.46
1989,2130,3,0,34.56,90.72
1990,786,4,16,15.17,49.27
1991,1681,4,5,7.0,107.39
1992,2492,2,16,33.25,92.98
1993,2345,5,26,8.23,131.19
1994,1285,3,28,30.63,46.83
1995,2305,5,3,30.52,118.27
1996,2047,1,8,3.18,106.36
1997,621,5,7,17.25,51.98
1998,750,3,24,33.48,12.11
1999,3225,5,25,34.58,143.6
2000,529,4,19,18.68,35.45
2001,1588,4,15,26.73,69.38
2002,3292,3,10,28.77,140.29
2003,1979,4,12,21.77,108.26
2004,910,1,14,30.6,14.59
2005,2145,2,0,21.46,101.6
2006,3364,2,11,16.37,149.44
2007,3310,4,16,15.05,168.8
2008,1819,1,20,13.25,86.65
2009,687,3,21,16.11,29.28
2010,3009,1,11,15.55,126.73
2011,2450,1,23,14.09,92.43
2012,2630,5,25,30.13,112.03
2013,2566,1,4,17.93,119.82
2014,2747,4,5,31.48,131.08
2015,973,4,21,19.38,49.98
2016,3202,1,3,15.79,146.54
2017,3431,1,5,32.59,130.89
2018,1648,2,23,9.76,79.35
2019,2450,1,21,5.62,101.79
2020,870,3,27,8.61,44.47
2021,2859,5,2,22.9,144.83
2022,3469,4,20,22.83,164.4
2023,2801,4,25,8.93,141.29
2024,956,1,10,26.18,30.05
2025,1270,1,18,13.5,56.93
2026,2863,1,9,3.1,129.03
2027,2693,2,27,14.2,106.68
2028,3282,2,16,23.57,141.15
2029,2919,2,3,14.44,134.4
2030,1092,3,26,8.44,55.71
2031,3285,4,4,21.45,167.06
2032,3379,1,19,11.88,151.41
2033,2557,1,8,34.89,87.7
2034,1383,4,9,24.94,64.21
2035,2042,1,25,12.33,82.58
2036,3500,2,22,26.01,137.25
2037,1233,4,23,14.32,73.37
2038,1152,1,17,14.34,43.08
2039,2230,4,11,26.76,99.68
2040,1659,3,22,32.38,61.49
2041,3371,5,12,4.31,184.5
2042,721,3,14,23.26,39.02
2043,2864,2,14,24.66,117.71
2044,1393,2,23,23.14,50.83
2045,1983,5,3,24.06,111.93
2046,2249,2,29,2.92,105.79
2047,1956,4,5,33.13,93.13
2048,1886,5,13,33.97,90.9
2049,3068,4,7,2.16,173.36
2050,3317,5,30,6.86,177.16
2051,2037,1,24,16.76,78.33
2052,3090,4,11,1.39,167.84
2053,977,1,3,17.63,38.32
2054,594,5,18,34.57,19.56
2055,2464,3,22,26.34,101.66
2056,2483,4,9,20.43,121.35
2057,907,3,2,25.27,48.98
2058,2160,1,12,19.91,81.27
2059,2697,5,15,3.17,160.71
2060,3169,1,24,26.6,110.6
2061,3197,1,5,30.31,125.08
2062,2331,3,3,2.33,134.28
2063,2855,2,20,6.48,126.0
2064,643,1,3,18.21,21.81
2065,1989,5,5,15.38,118.13
2066,1731,1,30,33.16,39.74
2067,1701,5,14,5.76,106.0
2068,1942,5,17,18.36,104.99
2069,3317,1,21,28.87,122.18
2070,1727,2,30,5.56,82.04
2071,2761,2,18,13.21,129.18
2072,804,5,8,9.86,74.18
2073,3161,2,12,16.51,149.52
2074,3344,2,17,7.93,154.75
2075,3078,3,20,24.69,133.32
2076,3192,5,19,6.58,177.74
2077,1128,3,25,15.74,57.62
2078,817,3,3,19.07,48.49
2079,3301,5,13,3.24,182.85
2080,1866,3,4,30.54,77.09
2081,1424,3,0,4.33,97.12
2082,930,1,5,18.9,35.91
2083,1755,5,26,28.43,82.7
2084,2843,3,17,10.22,142.25
2085,905,1,5,11.81,43.43
2086,3276,5,17,21.22,158.31
2087,2149,4,18,5.34,126.86
2088,1136,2,4,13.88,59.92
2089,1595,1,29,25.66,50.66
2090,1520,5,13,25.03,79.41
2091,1249,4,11,28.15,54.67
2092,2252,5,30,25.43,102.04
2093,1437,3,20,30.17,56.3
2094,1780,1,20,3.7,80.69
2095,3489,2,30,4.18,157.83
2096,1670,5,29,17.76,84.42
2097,543,4,21,18.3,31.05
2098,2609,5,22,5.24,140.91
2099,556,5,6,31.97,33.65
2100,3377,5,23,12.73,163.97
2101,3208,5,21,21.71,145.15
2102,3262,5,28,8.65,160.07
2103,807,3,26,5.53,46.58
2104,2529,4,5,13.69,138.1
2105,963,3,29,24.09,36.07
2106,982,3,9,17.43,44.3
2107,1584,2,0,26.09,65.1
2108,1748,5,26,31.38,73.71
2109,2396,5,27,17.6,115.27
2110,1845,3,11,4.64,110.48
2111,1932,2,12,13.05,95.81
2112,847,5,16,31.55,44.39
2113,2182,1,29,17.57,82.72
2114,1426,4,12,13.73,88.64
2115,1992,4,28,7.19,106.08
2116,2296,4,5,5.76,133.22
2117,2277,1,11,31.04,78.51
2118,1666,1,4,14.41,72.96
2119,1856,1,5,23.65,84.58
2120,1588,1,13,17.63,58.2
2121,2529,2,10,26.54,104.74
2122,3473,4,4,4.73,185.28
2123,941,1,4,6.29,43.47
2124,1468,1,21,29.21,38.32
2125,2259,5,23,1.27,130.7
2126,838,4,7,22.0,50.37
2127,3487,5,5,9.48,193.31
2128,3371,2,21,28.9,121.87
2129,1312,4,22,27.61,61.45
2130,3003,2,6,34.75,123.16
2131,2921,2,7,5.1,144.78
2132,1287,2,13,1.6,76.95
2133,1317,1,27,2.73,54.5
2134,3094,2,7,12.43,149.74
2135,2462,1,16,15.52,104.33
2136,1989,3,30,12.93,90.41
2137,2212,2,10,31.43,83.96
2138,3205,3,6,10.7,162.67
2139,1647,5,3,15.65,103.58
2140,1869,3,3,4.29,117.53
2141,555,5,24,30.31,20.0
2142,1980,5,16,21.56,110.58
2143,1475,3,6,20.87,75.0
2144,3078,5,3,2.4,184.54
2145,3180,2,6,24.96,139.26
2146,2738,5,10,11.25,152.38
2147,2442,2,17,25.51,99.64
2148,2754,3,28,30.82,105.67
2149,2795,3,28,13.44,124.91
2150,2286,1,15,15.25,93.26
2151,2563,1,5,21.37,106.15
2152,686,5,1,28.01,45.03
2153,3341,2,23,28.69,123.24
2154,2603,1,5,15.88,115.32
2155,2586,4,17,27.5,112.46
2156,1253,1,5,20.44,51.45
2157,2925,1,28,32.57,89.57
2158,3451,5,8,11.32,186.1
2159,1402,3,22,10.13,74.25
2160,2685,2,9,2.33,141.72
2161,1106,3,29,5.52,60.21
2162,1519,2,17,4.95,77.45
2163,3156,3,20,21.58,137.28
2164,3389,5,8,25.55,168.95
2165,2172,5,9,12.04,136.15
2166,1956,2,23,33.82,64.42
2167,1223,3,0,19.27,75.97
2168,2889,1,23,26.36,103.09
2169,2064,3,27,22.29,81.5
2170,2311,2,10,10.14,110.76
2171,2882,4,4,16.17,149.82
2172,1107,4,2,17.86,64.69
2173,2381,2,26,30.32,84.55
2174,3487,2,20,10.59,164.12
2175,1770,2,28,7.04,74.97
2176,784,2,2,15.5,47.38
2177,2363,4,3,25.63,122.33
2178,548,5,3,13.85,62.61
2179,584,1,26,1.46,32.86
2180,1041,2,24,3.84,43.61
2181,1084,5,0,27.94,74.99
2182,2721,3,27,25.05,111.11
2183,1328,2,15,26.83,53.33
2184,1759,3,15,6.25,90.97
2185,728,5,22,10.09,55.36
2186,682,1,17,11.09,26.11
2187,2595,4,4,1.04,155.56
2188,2078,2,11,23.28,90.13
2189,1425,4,21,31.06,57.83
2190,1194,1,7,4.46,61.36
2191,1654,3,2,21.93,90.75
2192,847,1,19,6.14,45.88
2193,2255,5,10,21.39,118.65
2194,3233,3,19,28.8,131.94
2195,1926,1,8,32.15,57.88
2196,3413,1,25,1.07,145.72
2197,1108,2,10,6.02,55.01
2198,2459,1,3,20.65,107.39
2199,3476,3,4,4.08,186.79
2200,2077,3,10,17.8,100.89
2201,2471,4,19,27.98,104.16
2202,3178,2,12,15.23,152.49
2203,2536,5,17,17.75,128.63
2204,842,5,22,15.34,54.63
2205,2866,2,22,3.97,134.93
2206,570,3,17,17.11,32.0
2207,1047,1,1,31.99,22.94
2208,1070,3,14,5.9,74.23
2209,2758,4,7,8.17,153.48
2210,980,2,12,25.92,41.68
2211,3351,4,11,2.84,187.57
2212,2453,5,27,6.38,139.08
2213,1101,3,4,3.69,82.94
2214,2205,2,24,7.2,105.37
2215,1073,5,22,33.26,37.37
2216,2318,1,9,4.78,113.95
2217,745,1,19,26.54,9.42
2218,2235,4,17,25.19,102.54
2219,1556,5,16,11.41,97.64
2220,1613,1,16,13.84,77.23
2221,1012,2,12,22.05,40.0
2222,2790,5,26,3.63,157.1
2223,3336,4,15,11.65,163.09
2224,1175,1,25,13.63,33.16
2225,2237,2,8,4.69,123.07
2226,1874,1,7,10.6,90.28
2227,2718,1,2,8.2,142.02
2228,1268,5,6,22.71,77.3
2229,632,2,8,3.89,44.4
2230,2481,1,1,11.7,116.39
2231,1764,1,11,26.56,66.88
2232,1788,4,23,13.1,90.94
2233,1030,1,10,14.85,42.15
2234,1115,1,18,28.07,23.39
2235,2453,5,27,29.97,107.15
2236,2396,1,28,22.28,86.27
2237,3442,2,28,8.33,152.96
2238,3443,2,30,18.06,139.16
2239,3484,5,20,18.79,172.31
2240,1037,3,9,13.25,54.67
2241,2264,1,28,25.23,72.65
2242,3000,5,2,33.57,141.22
2243,2822,4,3,28.36,140.74
2244,2741,1,15,4.2,136.16
2245,1784,2,29,11.05,81.69
2246,1947,1,2,7.09,100.38
2247,2387,3,15,34.27,93.2
2248,1075,1,18,17.6,30.55
2249,1988,3,12,14.91,93.5
2250,2305,3,16,29.72,88.49
2251,1784,3,2,24.19,81.76
2252,3295,1,19,34.23,115.91
2253,733,2,22,28.92,22.21
2254,1690,4,5,20.38,91.85
2255,798,2,12,30.72,17.53
2256,2418,5,28,28.82,102.92
2257,946,1,5,25.88,38.88
2258,2274,2,12,12.18,101.92
2259,1799,3,19,17.53,81.27
2260,1640,4,1,19.53,87.26
2261,2424,2,20,8.26,100.08
2262,2057,1,29,28.49,54.28
2263,2261,4,6,2.84,144.92
2264,3300,4,8,9.57,165.19
2265,1221,1,4,3.35,64.51
2266,3417,4,27,15.27,163.02
2267,1376,3,5,29.24,68.55
2268,1900,3,5,7.75,113.75
2269,2216,4,15,19.21,112.62
2270,2289,3,29,24.56,77.72
2271,2093,1,17,27.62,69.22
2272,3235,5,19,5.92,174.76
2273,3220,3,0,6.12,169.63
2274,1796,1,25,33.98,45.72
2275,2164,3,16,25.56,104.03
2276,1014,4,20,33.96,34.69
2277,899,1,6,26.35,28.7
2278,1180,5,12,8.35,92.33
2279,1359,2,21,20.61,59.93
2280,566,3,28,11.44,29.44
2281,1010,4,20,34.97,30.24
2282,2721,4,16,34.12,117.2
2283,1875,1,29,6.98,74.19
2284,2936,2,17,15.82,131.23
2285,1667,4,20,10.63,83.51
2286,906,1,25,29.47,8
2287,867,1,19,32.7,15.18
2288,3055,5,3,22.54,164.15
2289,2561,5,25,2.11,144.77
2290,1412,4,17,13.96,83.5
2291,1301,4,30,5.23,85.88
2292,2191,4,0,32.95,100.46
2293,1417,5,9,10.1,93.47
2294,2198,2,0,31.61,85.96
2295,2198,1,0,1.89,118.65
2296,2625,5,10,12.39,137.6
2297,2843,4,7,19.9,137.13
2298,2111,1,25,32.69,65.02
2299,2257,2,30,22.63,86.1
2300,1803,5,5,15.87,108.7
2301,907,2,16,5.02,47.23
2302,3069,3,26,19.8,130.62
2303,1820,2,2,4.17,96.3
2304,2930,2,0,22.02,136.22
2305,2726,1,18,14.0,114.24
2306,2358,3,5,9.15,124.2
2307,1408,3,6,19.2,72.14
2308,2048,3,21,2.76,118.53
2309,839,2,20,1.79,59.69
2310,954,4,29,21.26,40.67
2311,938,2,9,9.91,52.81
2312,1980,2,12,4.42,105.04
2313,589,4,2,17.54,44.61
2314,2219,4,28,11.66,107.81
2315,2346,2,5,11.16,122.52
2316,3085,5,27,2.07,164.22
2317,1904,3,15,34.83,69.97
2318,2637,3,29,5.13,128.12
2319,2982,1,17,1.78,137.73
2320,1994,1,28,8.38,81.18
2321,1841,2,7,3.84,99.95
2322,1620,4,6,33.41,70.15
2323,1927,5,20,11.01,110.38
2324,2599,4,29,7.56,125.56
2325,1208,2,21,29.77,30.87
2326,921,5,25,27.06,31.06
2327,1776,2,25,8.0,80.54
2328,2327,4,19,26.4,98.76
2329,1805,5,3,21.65,98.03
2330,2031,1,14,6.69,96.88
2331,638,5,8,20.95,46.39
2332,3142,5,11,14.54,176.03
2333,969,2,25,11.97,41.79
2334,797,2,21,13.64,28.98
2335,1094,3,3,1.33,77.25
2336,1375,4,18,28.04,52.58
2337,1452,5,2,14.11,92.4
2338,921,5,8,25.35,52.94
2339,3249,1,18,31.35,110.55
2340,1801,3,6,7.7,106.76
2341,2523,4,1,34.67,112.75
2342,1200,5,10,21.1,73.96
2343,1468,5,0,10.69,97.17
2344,519,4,9,5.46,45.5
2345,2149,1,28,19.14,71.53
2346,566,1,15,4.23,29.58
2347,2200,3,8,11.78,113.6
2348,1782,4,19,2.6,108.53
2349,1722,4,15,29.85,77.9
2350,2031,5,3,2.0,136.12
2351,695,1,4,4.57,39.55
2352,2284,2,5,3.99,128.78
2353,3465,3,26,31.7,148.71
2354,715,3,28,27.69,15.87
2355,953,1,30,11.35,29.18
2356,2054,3,22,6.79,112.42
2357,1064,5,14,5.08,81.24
2358,2892,4,20,16.19,143.09
2359,1001,5,16,9.18,67.84
2360,1649,3,24,25.85,64.18
2361,1425,1,8,27.05,46.2
2362,1492,2,22,3.65,71.11
2363,2525,1,6,1.45,129.51
2364,1269,4,3,12.58,91.72
2365,2918,5,16,30.19,135.98
2366,2359,2,27,18.15,90.42
2367,1032,2,29,13.36,49.16
2368,2603,2,24,14.61,110.16
2369,781,3,13,6.58,50.08
2370,3155,1,4,16.67,149.16
2371,938,1,7,1.56,51.55
2372,2450,5,14,12.97,136.69
2373,984,5,2,13.05,78.66
2374,2264,5,10,2.81,146.53
2375,1616,3,3,2.67,93.71
2376,1294,3,6,14.69,79.65
2377,2933,3,16,21.65,128.8
2378,704,2,30,4.78,33.4
2379,971,1,28,2.21,42.27
2380,913,3,7,31.01,37.21
2381,3365,4,12,14.36,170.86
2382,3333,3,15,7.99,174.7
2383,1333,3,20,10.79,62.39
2384,886,2,16,31.86,15.2
2385,3048,4,23,11.38,154.2
2386,1790,1,5,7.37,86.28
2387,2364,2,30,1.43,107.78
2388,1227,3,28,3.62,68.07
2389,3282,1,19,12.97,139.7
2390,1513,4,3,2.54,105.25
2391,571,5,21,34.67,24.79
2392,1185,2,24,4.19,54.66
2393,1747,3,14,17.68,79.97
2394,3217,4,8,13.39,171.23
2395,555,3,9,25.15,31.4
2396,2940,4,3,10.18,155.2
2397,2627,1,4,34.27,100.25
2398,1080,3,15,2.05,65.23
2399,2865,4,11,8.01,164.09
2400,2047,1,30,10.31,86.25
2401,3067,5,28,32.02,142.68
2402,1216,3,29,24.09,41.85
2403,1856,4,18,15.19,100.65
2404,668,5,16,24.86,40.41
2405,3008,1,13,28.04,106.06
2406,1921,3,3,33.96,76.33
2407,2543,2,14,24.15,100.47
2408,2786,2,9,17.55,125.74
2409,764,3,0,16.43,51.89
2410,1005,1,15,11.4,51.01
2411,2262,3,21,29.36,91.47
2412,1660,5,21,33.59,72.76
2413,2796,2,30,3.92,126.66
2414,1305,4,18,32.22,68.42
2415,1691,2,1,17.09,77.21
2416,3109,4,13,14.57,163.93
2417,901,3,29,11.27,40.84
2418,3280,3,25,20.66,148.07
2419,3298,2,8,5.61,159.77
2420,850,3,18,32.52,22.24
2421,2388,5,5,13.78,141.67
2422,1067,5,14,24.6,56.36
2423,2563,3,14,13.04,113.26
2424,2389,1,29,20.0,87.82
2425,2224,1,24,5.78,104.66
2426,2877,5,11,5.33,160.83
2427,2725,5,28,10.97,141.48
2428,2150,1,14,28.45,69.44
2429,2621,4,26,2.85,148.63
2430,3161,1,10,21.21,134.02
2431,1690,5,15,24.48,89.32
2432,2894,5,23,25.38,133.68
2433,3373,2,16,5.9,161.25
2434,1415,2,9,22.36,53.27
2435,3445,1,25,17.49,137.22
2436,500,2,19,30.92,8
2437,2629,1,7,7.95,114.79
2438,2317,4,1,32.49,109.8
2439,1728,4,15,34.41,74.54
2440,2739,3,26,21.83,107.07
2441,2298,5,3,15.7,130.81
2442,3192,2,5,18.39,143.83
2443,3365,5,6,17.19,175.41
2444,2911,4,11,23.7,145.78
2445,2102,4,22,28.2,80.93
2446,1106,1,9,16.54,46.46
2447,2811,4,0,20.74,151.73
2448,3191,5,14,2.45,182.72
2449,1952,2,14,31.0,69.44
2450,1148,3,16,30.1,41.32
2451,2561,2,11,31.69,92.73
2452,1214,2,11,23.3,46.74
2453,2806,3,14,25.32,123.47
2454,3196,3,29,14.39,138.99
2455,3142,4,12,33.73,134.32
2456,3402,5,24,23.4,158.13
2457,1561,2,22,12.02,73.57
2458,3029,4,2,2.53,172.81
2459,1151,2,3,23.62,42.14
2460,1825,2,24,28.49,60.79
2461,3500,2,3,31.59,151.07
2462,2220,1,1,21.8,103.06
2463,968,1,27,26.5,10.52
2464,3085,1,29,6.92,133.26
2465,940,4,12,5.53,66.0
2466,1301,3,15,15.88,60.19
2467,1671,2,6,26.23,62.52
2468,1287,1,18,1.82,66.09
2469,3238,1,6,2.13,159.19
2470,2171,5,17,30.39,101.59
2471,1895,2,21,25.82,75.01
2472,2532,2,26,8.05,110.98
2473,2440,5,11,13.12,144.98
2474,775,4,13,22.27,37.04
2475,790,5,2,5.32,75.34
2476,2542,2,1,21.45,115.82
2477,1855,1,7,28.93,62.83
2478,2099,3,2,30.66,101.49
2479,1146,3,2,19.17,63.05
2480,3003,5,9,14.57,168.06
2481,732,5,22,31.32,21.92
2482,1577,1,1,12.49,69.61
2483,1568,2,10,31.19,58.34
2484,1850,1,7,17.78,78.99
2485,2809,5,22,29.39,129.43
2486,789,4,19,26.14,30.78
2487,830,5,15,33.18,38.76
2488,645,4,16,8.66,52.11
2489,1934,4,15,11.32,114.09
2490,587,1,0,27.3,8
2491,1303,5,19,30.25,57.6
2492,2763,4,1,14.16,141.96
2493,2045,2,13,24.85,79.64
2494,983,5,28,13.5,59.25
2495,1293,3,13,32.21,47.36
2496,541,2,13,26.41,14.71
2497,2696,5,1,34.69,138.22
2498,732,1,1,5.31,46.43
2499,1239,3,1,11.68,67.76
2500,1697,2,19,14.53,68.0
2501,3193,1,21,3.61,145.38
2502,2527,3,28,32.11,99.35
2503,1402,4,22,11.29,73.56
2504,3177,2,16,31.36,128.2
2505,1806,5,16,4.55,112.2
2506,3047,4,8,3.67,173.92
2507,1061,5,7,11.37,77.2
2508,3469,2,1,34.25,142.23
2509,3360,4,20,26.98,150.17
2510,638,3,8,21.0,33.56
2511,1730,1,1,10.49,80.12
2512,2067,4,14,2.51,119.31
2513,1342,4,5,23.44,64.99
2514,628,5,24,12.83,45.92
2515,606,5,24,31.37,34.74
2516,2920,2,24,1.93,135.49
2517,3472,5,13,30.44,164.62
2518,733,1,17,14.2,13.86
2519,3454,3,27,34.69,127.36
2520,3445,5,24,18.64,166.35
2521,1165,4,14,26.35,57.39
2522,562,3,25,24.21,14.49
2523,1623,1,7,27.23,54.82
2524,658,5,8,13.3,64.85
2525,3200,3,25,23.2,135.68
2526,1757,5,21,11.91,100.44
2527,1583,2,14,16.73,64.69
2528,1969,4,20,29.71,85.5
2529,1392,4,1,20.71,89.53
2530,2758,3,30,3.18,140.56
2531,1236,3,24,27.75,42.26
2532,1431,2,4,30.62,59.42
2533,3186,1,7,4.89,160.07
2534,2303,5,10,2.43,145.66
2535,3438,2,1,33.36,156.28
2536,566,3,17,25.42,19.0
2537,2959,2,11,4.71,145.14
2538,817,2,6,12.08,45.87
2539,2021,4,2,22.82,107.38
2540,1837,5,25,13.25,98.72
2541,2171,3,15,33.04,84.11
2542,2008,1,9,32.63,67.7
2543,2921,1,3,21.71,126.16
2544,2581,5,22,12.7,131.15
2545,1380,4,26,20.81,61.7
2546,3159,1,30,3.63,135.6
2547,1419,5,16,34.93,57.23
2548,2707,1,27,30.87,82.32
2549,710,5,15,23.41,40.45
2550,1298,5,9,31.98,64.73
2551,1846,2,25,27.1,59.09
2552,972,2,14,25.92,36.04
2553,2179,3,2,12.97,105.25
2554,3176,4,19,8.83,162.02
2555,2215,2,18,29.15,92.81
2556,1503,4,21,20.88,71.02
2557,1065,5,8,28.06,58.59
2558,2173,4,16,34.43,91.89
2559,2859,4,20,30.97,123.05
2560,2359,1,5,5.11,119.51
2561,1578,5,22,32.62,68.58
2562,639,4,0,24.46,40.03
2563,799,2,16,30.47,26.96
2564,1951,2,12,24.7,73.29
2565,1488,3,3,12.45,87.24
2566,2993,5,3,34.8,138.17
2567,685,1,23,32.3,8.68
2568,3083,4,23,29.38,128.6
2569,1684,4,22,5.58,100.52
2570,2586,1,4,31.45,104.89
2571,2931,5,11,23.91,142.54
2572,1223,5,23,20.99,66.71
2573,896,2,9,17.77,46.8
2574,2651,5,16,29.7,126.04
2575,2247,3,10,14.06,113.51
2576,671,2,13,18.65,14.92
2577,2855,5,10,4.38,165.89
2578,1621,4,14,8.6,98.41
2579,1193,3,30,32.2,40.0
2580,1448,3,4,4.26,91.57
2581,2761,5,24,6.74,149.23
2582,2711,5,25,7.63,145.65
2583,2500,1,11,7.91,121.83
2584,3498,4,16,5.29,180.6
2585,2358,3,29,4.73,113.71
2586,2320,4,15,9.94,115.93
2587,1060,3,23,23.74,48.79
2588,1411,1,10,6.33,67.44
2589,1873,3,14,22.44,75.24
2590,3395,3,28,32.44,131.07
2591,2275,1,29,24.97,71.09
2592,2786,1,30,22.57,98.98
2593,532,2,4,20.94,26.71
2594,1301,3,15,6.15,73.68
2595,1266,4,9,5.48,85.39
2596,2614,2,0,15.77,124.88
2597,2509,5,19,8.09,143.02
2598,1577,5,12,22.45,91.53
2599,1461,3,15,19.04,78.43
2600,1449,3,21,17.49,63.04
2601,3080,4,19,13.14,150.9
2602,960,3,13,33.96,30.46
2603,1832,2,21,15.45,83.62
2604,3205,1,11,24.7,139.36
2605,3386,2,24,30.99,133.49
2606,2961,4,21,8.99,142.83
2607,1691,3,16,8.31,93.68
2608,2803,3,8,23.95,123.76
2609,2184,4,25,16.03,96.72
2610,1599,4,23,8.44,95.86
2611,3106,1,9,16.22,136.6
2612,2695,2,24,22.26,117.12
2613,3012,5,10,5.39,160.47
2614,586,4,2,27.53,32.38
2615,1865,3,24,27.04,73.19
2616,1362,3,17,7.75,76.44
2617,1143,5,12,30.23,59.53
2618,2031,3,13,8.33,116.78
2619,1518,1,1,29.75,53.14
2620,2554,4,25,17.49,114.46
2621,1142,3,9,1.82,72.78
2622,638,3,23,5.2,36.67
2623,2047,4,4,28.82,105.48
2624,813,1,16,25.55,9.34
2625,3500,4,0,1.5,201.07
2626,1121,1,23,21.0,24.88
2627,2102,2,26,21.59,78.18
2628,2598,1,9,10.32,122.78
2629,1330,1,8,33.95,30.79
2630,2259,1,7,33.87,75.42
2631,2797,3,15,10.67,136.61
2632,2066,1,15,25.74,67.43
2633,2026,5,22,4.68,123.19
2634,2127,2,14,13.57,111.42
2635,2806,1,20,11.56,123.84
2636,842,1,17,6.75,44.11
2637,2506,5,7,3.85,145.46
2638,2643,5,24,8.9,148.05
2639,2521,3,13,11.59,124.67
2640,1816,5,19,14.82,104.26
2641,522,3,22,8.11,29.01
2642,2547,3,30,23.17,100.76
2643,1818,4,22,17.42,81.76
2644,833,1,13,24.77,17.28
2645,2038,2,24,1.46,98.91
2646,1308,4,27,34.05,43.83
2647,659,4,15,6.8,55.98
2648,2740,4,12,1.31,150.53
2649,981,4,9,25.48,53.9
2650,1820,5,28,13.64,94.8
2651,3163,2,4,10.87,150.66
2652,3426,3,16,21.55,145.22
2653,2433,4,6,32.83,116.99
2654,1054,2,16,25.31,31.39
2655,2440,1,10,15.15,106.47
2656,522,3,22,7.38,36.71
2657,3342,1,17,16.59,145.56
2658,2934,2,2,12.92,146.8
2659,2790,2,11,22.38,123.26
2660,2245,5,23,11.4,120.71
2661,3057,4,29,9.66,142.51
2662,817,5,4,4.5,76.62
2663,1386,3,5,9.94,89.33
2664,2905,4,10,20.57,147.92
2665,2925,5,8,33.87,136.42
2666,2439,2,5,1.09,125.36
2667,1449,2,2,32.6,51.33
2668,2447,1,10,3.64,117.09
2669,713,2,16,28.45,10.93
2670,1739,5,24,4.99,108.97
2671,2794,4,12,27.31,127.25
2672,2638,3,16,3.66,134.09
2673,2979,2,30,6.65,131.22
2674,1085,4,17,16.02,58.35
2675,3347,3,21,5.09,171.48
2676,1229,1,27,13.43,37.53
2677,2409,3,23,15.42,102.64
2678,1282,4,11,7.09,77.53
2679,543,2,14,13.27,29.33
2680,1845,1,29,13.54,74.35
2681,1539,5,29,1.44,97.21
2682,3128,4,12,2.49,179.24
2683,3348,3,8,22.26,163.52
2684,3441,4,19,22.5,156.94
2685,2508,2,15,26.5,95.87
2686,925,1,11,1.98,46.67
2687,3421,2,22,26.03,138.54
2688,2218,1,1,16.07,98.25
2689,3410,1,10,4.31,147.72
2690,1295,5,23,1.57,87.1
2691,3252,3,28,25.12,139.27
2692,2000,5,0,32.98,97.86
2693,2151,4,26,23.7,97.67
2694,2554,2,23,10.07,116.63
2695,1206,4,1,10.37,85.57
2696,1208,1,9,10.31,61.78
2697,1936,1,10,16.85,81.84
2698,2396,1,3,32.21,86.51
2699,1247,1,5,11.8,58.09
2700,1193,1,6,22.69,42.47
2701,2385,1,28,25.63,79.35
2702,3130,2,23,26.7,131.72
2703,1043,3,1,13.9,63.87
2704,2814,3,13,8.68,146.63
2705,1271,3,28,7.77,68.4
2706,2300,3,2,17.66,115.89
2707,2870,3,11,27.26,115.84
2708,3314,2,1,33.29,135.84
2709,2897,4,4,19.29,149.49
2710,1920,3,6,12.63,110.02
2711,2563,5,26,26.27,117.01
2712,1363,3,6,16.9,78.46
2713,628,1,16,23.38,11.54
2714,2903,3,11,20.17,137.32
2715,3196,5,28,2.15,170.52
2716,532,2,13,17.17,16.03
2717,1879,1,5,32.05,62.01
2718,1262,1,14,28.51,39.66
2719,2369,5,18,24.61,115.43
2720,1497,3,23,13.69,65.55
2721,1883,4,21,14.64,107.39
2722,1459,5,3,15.31,98.47
2723,1603,5,12,21.16,91.05
2724,1731,5,30,24.72,82.05
2725,2646,2,30,34.06,87.43
2726,1864,1,2,11.52,86.19
2727,1079,3,14,14.46,50.22
2728,1320,2,9,11.46,69.17
2729,1256,2,27,7.91,60.03
2730,3304,5,27,27.37,151.17
2731,520,4,5,12.72,40.03
2732,3362,2,29,17.06,141.21
2733,2041,4,22,9.25,113.2
2734,1803,2,12,27.29,66.48
2735,1659,4,19,14.39,92.97
2736,2902,1,7,31.11,112.28
2737,1229,2,11,13.32,59.55
2738,2954,4,29,3.63,151.9
2739,1442,2,15,7.39,74.93
2740,1890,4,20,7.12,111.05
2741,1117,3,9,14.15,63.22
2742,2227,2,5,14.54,106.04
2743,2619,1,14,28.41,90.96
2744,3186,4,25,28.44,143.09
2745,1158,3,4,20.54,56.28
2746,2491,4,13,27.23,118.0
2747,1740,4,8,26.23,91.7
2748,2344,5,11,27.55,122.19
2749,3416,3,27,19.19,142.81
2750,2236,5,24,14.04,124.96
2751,3263,1,4,1.24,169.74
2752,1556,2,16,28.64,51.18
2753,3480,4,13,2.65,186.6
2754,2505,4,11,2.7,146.97
2755,2954,3,8,15.47,140.57
2756,596,5,8,7.08,55.38
2757,1961,4,0,16.19,111.23
2758,957,3,23,2.24,61.33
2759,2122,2,5,3.86,121.47
2760,3092,4,13,31.35,141.15
2761,1914,4,22,21.99,97.98
2762,2644,5,14,2.38,151.36
2763,1837,3,1,5.99,116.68
2764,914,4,16,34.33,32.22
2765,822,3,29,22.65,24.97
2766,1253,3,23,23.2,54.05
2767,824,4,30,4.96,55.27
2768,1741,5,16,19.33,98.85
2769,1498,1,11,20.49,58.74
2770,1625,2,8,18.05,85.6
2771,687,5,12,31.93,34.16
2772,2167,2,0,27.59,89.2
2773,3191,2,8,10.08,142.72
2774,1803,1,7,8.64,78.19
2775,3404,3,7,3.17,177.63
2776,2386,5,13,22.58,130.12
2777,1846,5,12,17.17,100.74
2778,1809,3,26,16.11,78.85
2779,2392,4,6,19.1,126.17
2780,2150,1,21,29.98,72.48
2781,821,4,17,34.49,35.43
2782,2669,3,9,10.92,140.34
2783,1791,4,21,16.89,93.22
2784,3056,3,18,15.67,147.8
2785,595,3,17,26.3,24.82
2786,2701,2,12,21.64,115.54
2787,1005,1,12,8.42,53.74
2788,1231,2,24,27.44,34.92
2789,2142,5,13,12.97,124.69
2790,1642,3,24,13.35,87.96
2791,932,3,16,19.21,36.24
2792,2526,4,9,29.09,122.57
2793,2340,2,29,30.69,77.83
2794,1868,4,20,6.86,105.41
2795,902,4,18,23.21,49.27
2796,3106,1,19,8.62,136.18
2797,2997,5,16,34.96,127.18
2798,593,3,19,9.5,33.16
2799,2831,4,21,4.09,145.39
2800,3179,4,17,18.39,158.85
2801,1290,2,14,13.55,62.56
2802,3419,2,10,5.51,165.82
2803,765,1,6,20.64,18.95
2804,2317,2,25,7.01,108.88
2805,2389,5,20,4.78,134.95
2806,1152,2,14,25.55,37.63
2807,786,1,23,2.1,33.05
2808,2425,4,2,27.62,109.06
2809,1565,5,3,25.34,77.06
2810,3427,1,14,17.35,135.29
2811,3473,1,9,28.6,140.84
2812,663,3,12,25.37,20.28
2813,2595,4,13,27.77,126.1
2814,2874,1,23,6.74,132.0
2815,2191,3,4,32.04,94.62
2816,897,3,20,24.59,30.29
2817,2376,4,24,9.32,122.34
2818,2321,3,25,16.31,108.11
2819,1556,5,8,21.21,90.13
2820,1681,1,7,30.93,52.2
2821,2808,3,22,10.9,136.79
2822,3096,3,15,25.24,134.05
2823,3257,3,4,26.29,147.28
2824,1697,4,8,22.65,84.47
2825,614,2,18,11.3,26.59
2826,3453,5,23,30.59,152.8
2827,2616,4,15,22.03,126.84
2828,1138,5,27,18.04,66.44
2829,2643,3,12,30.42,107.62
2830,2651,4,5,17.46,138.25
2831,2055,1,21,33.2,57.79
2832,1418,2,8,21.69,64.26
2833,3485,1,20,7.7,147.98
2834,3115,1,26,26.37,112.5
2835,2646,2,23,7.89,119.46
2836,904,3,16,3.28,56.68
2837,2766,5,27,26.2,135.53
2838,729,4,18,18.78,31.99
2839,1502,3,25,26.14,53.1
2840,1503,2,22,25.39,44.4
2841,1226,1,19,10.04,49.36
2842,760,2,16,11.29,45.94
2843,1350,2,7,20.91,54.28
2844,2699,1,10,27.86,99.69
2845,799,2,15,4.96,50.37
2846,2721,5,6,21.34,145.16
2847,1728,5,0,20.78,104.93
2848,2313,2,18,28.4,84.86
2849,3016,4,0,9.56,163.41
2850,3085,2,10,18.25,140.53
2851,2606,3,30,22.94,105.34
2852,1897,3,21,20.08,89.26
2853,1764,4,3,34.23,85.51
2854,1807,5,15,17.86,98.59
2855,1232,1,24,15.69,37.46
2856,2315,3,20,24.36,108.39
2857,1248,2,24,4.7,62.64
2858,1750,3,24,19.03,80.02
2859,921,3,29,21.72,29.5
2860,1140,2,24,14.47,44.81
2861,1203,2,19,23.53,38.97
2862,2440,5,25,15.17,130.96
2863,3475,3,7,32.72,139.0
2864,1743,3,4,11.41,98.94
2865,3476,3,26,26.34,138.73
2866,2111,4,0,26.92,107.67
2867,2155,1,30,14.9,78.17
2868,2371,3,0,28.83,105.86
2869,1328,2,21,25.37,42.59
2870,1818,4,25,14.0,96.1
2871,2785,5,23,7.78,152.22
2872,1622,1,2,9.27,86.3
2873,1833,4,30,25.52,62.56
2874,688,4,22,33.63,22.49
2875,3393,4,7,10.52,174.24
2876,915,1,20,12.65,30.12
2877,2703,3,14,32.4,111.83
2878,803,3,24,25.9,26.97
2879,1121,2,18,11.16,53.57
2880,1504,3,18,19.58,70.0
2881,3206,3,17,19.05,145.54
2882,778,3,30,30.02,16.5
2883,2326,2,5,11.92,115.37
2884,1315,3,8,21.52,68.42
2885,594,2,3,22.84,17.39
2886,696,5,1,32.04,47.32
2887,2598,3,0,20.23,140.82
2888,1839,5,15,10.61,109.96
2889,1867,1,23,3.57,89.81
2890,960,5,5,28.15,60.57
2891,859,5,29,16.93,47.93
2892,799,4,26,10.41,46.45
2893,2348,2,20,12.23,108.32
2894,2359,5,24,24.55,117.77
2895,2271,1,12,20.54,99.65
2896,577,1,7,11.96,27.54
2897,1116,3,27,8.58,55.27
2898,2374,2,24,28.93,81.0
2899,1952,5,4,7.42,128.77
2900,913,1,17,21.47,28.29
2901,661,2,17,12.85,40.09
2902,1442,2,6,11.3,79.26
2903,2237,3,7,32.83,93.82
2904,1062,4,3,29.36,58.66
2905,2036,1,14,30.5,69.03
2906,701,4,14,14.57,44.98
2907,1342,4,18,28.69,60.29
2908,2868,5,3,6.54,170.8
2909,1358,1,30,17.63,34.26
2910,1797,4,6,8.15,104.5
2911,871,5,11,17.25,49.69
2912,566,1,12,28.32,8
2913,2139,1,11,13.25,92.69
2914,3170,3,7,34.99,134.07
2915,845,4,28,17.03,46.06
2916,3151,3,1,5.79,167.78
2917,1519,2,18,1.32,79.41
2918,2424,1,1,21.27,103.15
2919,1359,3,11,22.0,65.52
2920,1215,5,30,6.15,72.93
2921,3238,2,11,30.89,132.34
2922,2537,2,9,14.72,120.28
2923,2028,3,19,11.92,100.63
2924,2427,1,23,30.65,74.13
2925,2169,1,17,13.82,85.19
2926,1147,1,0,12.85,52.8
2927,1412,1,13,34.6,39.12
2928,2200,5,14,5.57,136.68
2929,2970,1,9,17.19,130.64
2930,1822,5,11,33.53,83.51
2931,3237,1,15,17.76,138.16
2932,1015,2,16,5.41,50.37
2933,1084,2,21,3.79,61.98
2934,3019,1,7,8.69,143.66
2935,1256,3,10,25.16,49.09
2936,2617,5,28,10.07,139.06
2937,1039,3,13,13.74,62.0
2938,640,4,20,2.63,61.23
2939,1310,2,0,5.86,87.91
2940,1163,4,10,1.4,88.12
2941,2469,4,27,12.69,114.6
2942,2864,4,14,34.75,115.15
2943,2356,5,8,19.56,130.81
2944,2607,3,10,34.89,107.92
2945,1263,3,10,28.44,45.84
2946,3216,1,21,30.11,116.44
2947,2626,3,2,27.59,118.63
2948,2725,2,3,8.72,138.15
2949,2373,1,3,19.72,98.78
2950,1757,4,13,19.81,99.58
2951,839,5,5,14.52,84.16
2952,1298,2,26,24.14,34.23
2953,568,2,23,26.32,8
2954,2805,5,16,2.6,160.94
2955,2683,3,17,8.83,139.85
2956,2033,2,3,24.13,86.78
2957,3100,5,7,29.67,150.35
2958,2997,4,27,7.87,147.39
2959,700,4,9,14.25,46.08
2960,2451,4,10,5.63,138.61
2961,1728,1,2,9.55,80.92
2962,3011,5,30,3.27,160.25
2963,2180,2,4,17.35,109.7
2964,1493,4,25,6.42,96.86
2965,2216,4,18,7.57,122.28
2966,1631,2,28,14.65,63.7
2967,3473,5,30,23.86,159.61
2968,1628,3,0,22.65,84.38
2969,2632,3,16,4.49,133.48
2970,3205,4,9,28.96,142.99
2971,2716,5,14,6.23,161.57
2972,3449,3,28,10.25,153.99
2973,667,4,26,31.3,23.37
2974,2896,2,28,25.13,113.87
2975,2495,3,7,18.78,127.52
2976,2953,3,7,30.56,131.98
2977,3223,4,26,24.85,140.0
2978,930,3,26,25.62,30.69
2979,1629,3,20,18.27,65.47
2980,1960,1,0,4.44,107.2
2981,2488,2,18,17.83,100.53
2982,925,4,17,21.63,43.69
2983,2816,4,19,18.64,139.31
2984,2964,1,18,29.5,105.03
2985,3132,1,18,4.23,147.49
2986,2876,5,13,28.72,136.68
2987,3442,1,11,23.0,135.62
2988,2641,1,30,14.56,104.14
2989,3072,4,21,31.87,130.61
2990,3082,3,3,10.94,161.74
2991,2188,1,23,16.53,87.65
2992,3297,3,11,34.1,133.52
2993,1518,3,14,27.65,58.42
2994,3100,3,24,27.98,133.14
2995,1357,5,24,30.36,55.15
2996,1927,2,27,17.99,68.88
2997,864,3,11,21.96,40.37
2998,1432,3,26,11.4,59.44
2999,3457,1,20,14.81,139.88
3000,2067,2,8,30.1,75.25
3001,2488,3,10,28.4,113.95
3002,1190,3,0,4.79,77.44
3003,2883,3,29,18.21,121.82
3004,2793,5,5,14.53,151.96
3005,3349,1,6,4.17,158.86
3006,3216,4,27,9.95,146.95
3007,3432,3,17,13.03,166.21
3008,1703,5,18,34.01,78.98
3009,1826,2,14,29.09,66.69
3010,1621,1,15,8.63,75.67
3011,3347,2,7,30.75,129.2
3012,1095,1,9,9.29,55.59
3013,585,5,15,29.49,26.72
3014,2826,2,13,7.33,140.53
3015,2624,5,12,22.33,144.74
3016,1571,3,25,28.26,47.49
3017,2266,3,11,31.6,97.03
3018,1962,1,30,24.57,58.34
3019,1817,2,25,19.3,80.04
3020,2578,4,17,11.66,143.74
3021,2974,2,23,12.84,127.06
3022,1417,4,8,20.52,63.89
3023,717,4,19,15.89,42.1
3024,1201,1,17,16.25,42.82
3025,3163,1,28,12.82,130.8
3026,3293,3,2,33.46,140.81
3027,1630,5,8,33.21,78.36
3028,2510,4,22,26.99,101.78
3029,1046,4,6,23.5,55.31
3030,1747,3,7,20.38,92.32
3031,2580,4,4,27.05,130.99
3032,527,5,1,25.21,42.75
3033,1967,5,3,27.34,106.26
3034,2194,2,23,7.62,102.8
3035,2963,2,26,7.16,131.75
3036,989,3,2,4.2,68.16
3037,2152,5,22,33.27,89.89
3038,3352,4,4,29.81,159.28
3039,1249,1,9,13.08,52.09
3040,2546,1,5,9.86,109.57
3041,1321,2,11,34.51,36.55
3042,885,5,8,1.69,78.8
3043,2982,1,17,3.01,137.06
3044,2667,1,0,12.11,127.76
3045,1754,1,25,31.77,36.52
3046,1206,2,20,22.11,39.0
3047,1244,5,6,34.18,68.49
3048,1133,5,11,20.52,74.08
3049,2305,2,16,6.06,113.88
3050,658,5,28,33.57,21.18
3051,992,3,29,10.91,45.9
3052,2623,2,28,4.39,124.35
3053,1291,5,4,34.91,75.18
3054,3197,5,26,14.22,154.43
3055,2334,1,21,19.85,85.54
3056,1480,4,6,28.0,76.55
3057,670,3,1,32.16,35.04
3058,3201,5,3,29.82,152.96
3059,872,3,29,18.93,27.63
3060,2114,5,20,7.83,119.83
3061,1812,2,14,26.96,66.57
3062,2155,4,12,3.8,133.57
3063,597,4,3,11.93,48.26
3064,2538,3,24,24.26,105.71
3065,725,5,26,2.42,66.49
3066,2906,5,17,6.89,159.89
3067,1784,1,17,1.95,91.31
3068,1940,5,1,29.01,101.77
3069,3302,4,23,18.28,158.1
3070,3289,1,29,8.29,134.28
3071,2372,2,28,8.53,102.35
3072,2528,2,18,22.77,110.03
3073,563,1,29,13.97,11.93
3074,1689,1,28,9.17,65.3
3075,1854,2,12,29.1,62.56
3076,683,2,4,21.36,37.45
3077,3046,3,28,32.35,112.83
3078,3064,3,6,32.97,123.44
3079,3176,3,13,24.47,136.37
3080,1639,2,26,27.49,54.85
3081,1538,5,0,22.3,86.95
3082,2339,2,21,24.44,95.21
3083,788,1,3,6.4,46.12
3084,2699,3,5,33.08,112.87
3085,1550,4,9,19.23,82.38
3086,944,1,12,28.98,27.2
3087,1327,1,17,29.78,35.76
3088,646,4,15,4.72,61.65
3089,1436,1,26,14.19,57.56
3090,776,2,13,21.92,32.12
3091,2294,2,14,21.3,107.9
3092,1274,2,23,11.81,58.77
3093,2829,1,30,6.19,122.6
3094,1218,3,14,7.82,68.28
3095,3138,1,12,13.92,142.51
3096,1422,2,20,7.61,67.29
3097,3195,4,0,30.63,153.95
3098,2664,3,17,6.48,137.46
3099,2741,3,1,4.79,157.23
3100,571,5,23,6.78,54.85
3101,1817,3,1,5.88,111.75
3102,2061,1,18,2.99,99.32
3103,2087,5,3,30.14,106.91
3104,2734,1,0,23.06,114.68
3105,2451,5,20,14.13,128.6
3106,1473,4,19,9.5,80.46
3107,3107,4,15,32.26,138.51
3108,1975,2,4,10.75,106.0
3109,3494,2,30,33.89,136.09
3110,2007,1,13,28.39,68.66
3111,1089,1,14,14.95,49.33
3112,2147,2,26,22.3,74.37
3113,1352,4,13,31.04,53.37
3114,2091,4,11,12.49,115.93
3115,3225,4,4,25.59,156.05
3116,1282,5,6,33.23,68.44
3117,3487,5,11,31.61,154.8
3118,2172,3,20,11.43,103.56
3119,2109,2,15,4.69,104.33
3120,3054,4,1,7.78,166.38
3121,1883,5,28,6.33,104.25
3122,1238,4,0,24.59,73.44
3123,2080,5,21,6.86,129.08
3124,1138,4,18,27.58,49.02
3125,1310,2,13,11.76,64.2
3126,2493,3,19,32.72,104.89
3127,3008,5,23,22.35,146.41
3128,767,1,0,1.29,53.03
3129,716,3,27,4.06,48.77
3130,1116,2,9,29.58,35.4
3131,1986,5,29,11.73,111.02
3132,1886,2,9,11.31,89.94
3133,2801,2,28,30.94,100.57
3134,3032,4,5,20.1,154.22
3135,3075,4,22,34.43,122.5
3136,964,2,29,16.13,22.92
3137,661,2,28,13.95,20.28
3138,581,5,22,34.58,23.68
3139,1984,4,18,20.44,95.13
3140,2514,5,11,31.11,120.03
3141,848,3,2,7.03,57.93
3142,1112,1,29,27.89,13.33
3143,3239,2,30,22.56,124.98
3144,840,3,19,34.44,28.9
3145,2526,1,19,31.3,82.18
3146,1535,2,16,10.53,75.07
3147,2631,1,15,11.83,118.15
3148,3369,3,8,16.26,168.48
3149,2273,3,1,10.28,131.62
3150,3200,1,10,19.74,134.07
3151,1035,5,0,25.98,71.06
3152,2425,4,12,2.22,141.36
3153,3252,3,22,13.75,146.71
3154,2238,4,22,12.63,118.34
3155,1918,3,17,7.56,100.65
3156,2342,1,25,23.65,83.49
3157,1805,5,28,4.86,110.31
3158,938,2,2,7.02,51.43
3159,766,2,18,28.25,19.08
3160,539,1,23,28.44,8
3161,3029,1,4,20.81,142.15
3162,3084,3,25,23.61,127.05
3163,3009,1,1,24.94,128.16
3164,832,2,2,25.42,41.77
3165,875,1,13,27.91,18.5
3166,825,4,10,22.27,48.61
3167,1289,4,26,7.71,81.04
3168,1262,4,9,25.87,62.67
3169,2924,1,14,7.29,136.7
3170,1309,3,4,30.86,55.44
3171,2856,2,22,5.22,135.45
3172,1816,2,5,14.42,85.67
3173,2926,3,19,15.02,134.32
3174,1527,3,23,9.19,74.98
3175,528,3,9,26.65,23.42
3176,1909,1,19,26.69,63.07
3177,2261,1,21,26.99,76.39
3178,3262,1,10,21.0,134.88
3179,1980,5,21,33.62,78.98
3180,1806,4,11,26.23,82.56
3181,2467,3,15,11.21,116.61
3182,1279,2,18,6.8,65.47
3183,3329,3,13,16.81,145.52
3184,2151,4,27,31.57,87.65
3185,2352,2,4,26.09,91.04
3186,1071,3,12,34.65,43.1
3187,3089,2,12,13.43,134.31
3188,1207,2,18,33.17,35.16
3189,1388,1,0,14.3,68.18
3190,588,4,12,6.38,56.99
3191,2750,3,7,7.46,140.52
3192,2282,2,15,33.95,77.24
3193,744,3,30,4.6,50.67
3194,2989,3,4,9.0,153.78
3195,2524,2,13,17.68,118.61
3196,1886,3,21,22.03,78.49
3197,3005,1,19,5.4,134.57
3198,3320,2,11,20.22,153.87
3199,2439,1,0,16.2,107.65
3200,1836,2,29,30.64,57.24
3201,1780,4,25,10.54,88.93
3202,3360,2,28,5.32,161.36
3203,1818,5,29,8.78,99.29
3204,1520,4,18,16.97,77.16
3205,579,3,16,30.94,12.46
3206,1817,1,16,17.69,72.41
3207,2968,3,2,16.28,149.56
3208,1631,2,11,29.82,50.23
3209,741,4,7,8.59,65.61
3210,3042,4,17,5.97,161.06
3211,1617,3,15,34.5,52.94
3212,3145,2,30,32.41,107.96
3213,2978,1,9,25.94,117.53
3214,2564,3,7,27.88,109.99
3215,2232,1,9,9.87,103.44
3216,3169,4,2,13.53,168.64
3217,1104,4,20,13.99,65.58
3218,1786,1,29,10.3,73.69
3219,1630,2,22,21.62,59.75
3220,1822,1,3,2.78,102.83
3221,1837,5,15,13.54,103.66
3222,2753,1,20,15.76,119.58
3223,1826,4,5,12.1,107.69
3224,1658,3,18,26.72,65.55
3225,661,5,1,25.57,47.86
3226,778,2,4,4.48,48.55
3227,1169,2,2,26.66,52.12
3228,2190,3,24,3.37,112.79
3229,2140,5,1,18.84,120.33
3230,1134,5,26,4.04,75.08
3231,1348,4,5,4.92,97.05
3232,1480,1,20,24.24,43.17
3233,599,1,20,29.66,8
3234,1397,2,30,6.19,64.7
3235,1063,5,10,11.98,77.34
3236,578,5,24,10.85,39.99
3237,596,4,17,3.31,54.38
3238,1440,5,15,1.24,104.41
3239,3374,1,18,30.98,114.62
3240,2126,2,4,19.23,97.42
3241,3070,5,9,10.03,166.77
3242,1325,5,8,12.37,93.22
3243,1839,3,12,5.05,103.38
3244,2971,5,24,14.79,151.77
3245,1257,1,1,14.17,68.23
3246,1342,2,24,20.39,55.57
3247,1723,2,28,21.17,60.15
3248,3153,2,18,31.27,126.5
3249,1533,2,16,1.81,92.88
3250,1867,2,15,33.19,63.83
3251,2091,3,14,34.46,77.45
3252,2513,4,17,21.29,117.76
3253,3232,2,2,21.96,153.2
3254,3036,1,27,1.38,130.48
3255,1623,1,9,16.13,66.44
3256,898,1,11,8.32,30.56
3257,1281,4,23,30.8,53.89
3258,591,3,24,2.19,45.37
3259,991,3,4,9.93,74.53
3260,1338,1,29,22.65,30.37
3261,3292,1,28,32.66,111.04
3262,852,2,14,30.57,21.21
3263,2874,5,8,10.18,160.26
3264,3495,2,6,3.22,171.2
3265,3277,4,0,2.26,181.76
3266,1216,1,18,31.51,28.59
3267,3189,1,30,27.16,111.49
3268,2462,2,25,10.09,113.93
3269,3249,3,30,30.65,126.48
3270,507,1,27,20.15,8
3271,2283,5,30,24.9,106.17
3272,693,3,11,4.01,46.27
3273,2004,4,26,17.06,99.44
3274,2020,5,17,5.95,128.79
3275,3118,3,13,6.91,153.84
3276,1923,3,4,28.68,88.7
3277,2525,5,13,13.25,133.26
3278,1063,3,29,13.19,51.14
3279,2411,4,24,19.33,108.22
3280,1906,5,29,30.23,72.15
3281,3060,2,19,12.62,132.28
3282,2849,2,26,27.94,100.06
3283,3339,4,2,29.0,168.78
3284,2728,1,16,4.53,116.26
3285,516,3,29,19.72,23.86
3286,3301,3,15,4.98,164.66
3287,3497,3,17,32.86,133.87
3288,1397,5,11,26.49,73.41
3289,3317,1,7,22.78,128.94
3290,1271,1,28,27.98,29.04
3291,2566,1,15,5.91,129.43
3292,1490,4,9,29.06,75.15
3293,2719,1,30,28.69,90.6
3294,995,2,5,29.14,35.2
3295,3287,1,2,9.62,160.04
3296,1964,4,0,24.73,100.35
3297,1729,3,12,13.75,86.39
3298,2459,5,18,2.42,152.23
3299,2512,1,15,11.87,116.76
3300,2071,5,24,4.33,123.62
3301,3320,5,19,30.94,158.18
3302,611,4,1,33.73,27.67
3303,855,4,8,19.49,59.82
3304,3431,1,14,13.91,152.8
3305,1881,2,19,34.46,63.87
3306,3383,4,6,21.87,166.11
3307,888,1,21,5.37,45.3
3308,2573,4,2,18.07,129.09
3309,2397,3,22,20.21,106.79
3310,3466,1,8,20.91,140.35
3311,3359,5,15,6.91,173.61
3312,663,3,19,12.27,40.8
3313,949,2,30,29.47,18.13
3314,523,4,24,26.31,25.16
3315,3178,2,24,13.81,137.38
3316,3297,5,27,17.77,163.25
3317,3423,4,25,24.83,153.2
3318,1070,2,23,34.28,19.56
3319,2978,5,0,15.9,160.04
3320,584,5,28,24.59,35.06
3321,3100,5,3,15.23,174.77
3322,3375,4,2,3.22,189.99
3323,1576,3,15,14.65,88.34
3324,1063,1,0,6.51,54.56
3325,2836,2,21,7.68,128.77
3326,2782,3,15,3.27,140.88
3327,3188,2,18,15.05,138.07
3328,1103,3,4,26.39,49.86
3329,2100,1,11,3.04,103.93
3330,3227,3,18,19.04,143.74
3331,1742,2,10,32.3,67.5
3332,1272,4,15,17.28,62.71
3333,905,2,12,19.8,30.25
3334,790,2,21,5.32,35.7
3335,2588,2,27,26.86,80.02
3336,797,5,5,9.4,73.42
3337,2193,3,30,8.66,103.59
3338,2268,1,27,11.9,92.07
3339,2116,1,6,23.84,87.92
3340,2983,2,23,31.86,107.55
3341,2463,5,30,27.88,114.29
3342,3102,2,7,21.37,132.83
3343,1678,4,24,3.55,93.62
3344,2800,1,22,31.32,92.13
3345,1096,1,11,10.43,48.28
3346,1898,3,26,19.2,88.04
3347,1839,3,27,33.25,56.54
3348,3319,5,22,20.05,161.14
3349,3294,5,19,23.47,153.36
3350,872,4,10,19.11,50.24
3351,3024,1,8,22.39,133.96
3352,2934,5,7,11.64,159.5
3353,1827,2,18,7.5,92.1
3354,1872,5,21,14.99,102.29
3355,1580,5,13,23.77,87.42
3356,1070,3,6,24.36,57.12
3357,1980,5,17,11.92,115.8
3358,1210,1,23,25.57,23.29
3359,1693,2,6,21.34,71.71
3360,3152,4,11,9.35,162.56
3361,2483,3,29,20.32,101.28
3362,2982,1,8,5.23,141.82
3363,2042,5,12,1.11,136.68
3364,2527,4,29,34.69,107.79
3365,2890,3,16,20.29,131.32
3366,2251,4,19,4.67,127.11
3367,2290,4,10,5.06,134.72
3368,723,1,27,3.39,34.88
3369,940,5,17,10.13,71.51
3370,3312,4,6,2.36,173.28
3371,3204,5,1,1.34,187.83
3372,1635,3,13,9.18,95.03
3373,1402,5,19,20.4,76.11
3374,1468,2,0,19.83,76.56
3375,1797,2,5,28.39,73.5
3376,3024,1,30,6.45,125.66
3377,2839,5,8,28.52,141.92
3378,2164,2,7,16.62,103.37
3379,1178,2,29,8.49,54.28
3380,1763,4,18,30.27,77.13
3381,2083,4,6,8.89,124.55
3382,2319,4,4,26.13,109.51
3383,2074,5,24,13.93,107.36
3384,3257,4,13,27.85,147.07
3385,2646,3,10,1.7,140.17
3386,2311,5,6,13.68,133.63
3387,3381,1,19,29.46,124.18
3388,2154,2,6,11.68,103.82
3389,2159,3,7,25.31,101.92
3390,2423,1,21,32.8,74.26
3391,1499,1,14,25.24,55.28
3392,1972,4,0,17.69,111.29
3393,3466,4,29,15.42,157.11
3394,1602,3,29,34.9,49.38
3395,2460,2,5,8.45,119.55
3396,2674,2,27,2.23,124.13
3397,2062,3,1,26.86,105.14
3398,878,5,22,19.8,57.9
3399,1525,1,16,32.69,36.15
3400,2285,3,27,32.14,84.02
3401,1438,4,9,6.67,102.45
3402,3043,1,18,23.26,122.11
3403,1220,3,17,16.99,56.13
3404,570,2,19,25.23,12.69
3405,775,1,8,28.79,17.18
3406,2394,5,24,13.54,128.38
3407,1232,2,17,32.69,33.81
3408,1203,3,16,28.65,45.95
3409,2551,5,28,2.93,143.77
3410,1138,2,7,30.3,40.0
3411,2004,5,25,10.5,111.44
3412,950,2,5,22.76,43.43
3413,673,1,12,5.62,34.1
3414,2506,4,17,19.41,127.37
3415,2154,5,14,33.71,102.94
3416,2980,5,22,29.48,133.77
3417,2159,3,16,32.85,88.4
3418,1017,1,6,3.5,65.9
3419,2005,3,3,21.55,93.85
3420,2030,1,10,17.57,86.68
3421,565,2,13,27.35,12.53
3422,2918,2,20,27.99,107.65
3423,2123,2,4,1.56,118.91
3424,2493,4,14,25.24,121.38
3425,2021,2,14,5.43,106.23
3426,1096,1,9,13.72,46.25
3427,1935,4,29,14.14,90.93
3428,2950,3,11,28.92,122.46
3429,2759,4,1,32.76,131.71
3430,1943,3,6,11.55,100.55
3431,2575,2,0,34.73,107.73
3432,1604,1,0,18.32,76.87
3433,3083,5,11,1.82,171.64
3434,2385,3,19,12.1,120.66
3435,2007,1,25,18.58,76.04
3436,2496,4,24,18.48,121.23
3437,3229,5,23,26.46,131.27
3438,1128,4,10,23.46,58.6
3439,2301,3,4,5.84,130.63
3440,2072,3,12,8.49,109.05
3441,680,3,0,33.42,28.88
3442,2210,2,13,19.6,101.56
3443,1545,2,0,34.69,57.35
3444,3478,4,25,3.25,179.7
3445,2418,2,29,23.87,95.11
3446,1903,5,23,34.3,85.63
3447,2420,3,18,19.99,115.75
3448,1854,3,16,6.29,94.41
3449,3293,5,16,24.21,162.44
3450,1504,2,26,1.76,67.61
3451,2479,3,10,32.96,97.46
3452,2157,1,30,21.12,85.53
3453,1555,1,26,6.03,67.08
3454,1518,4,28,6.21,93.6
3455,903,5,16,13.34,64.15
3456,1856,3,2,9.24,100.89
3457,3052,4,30,32.57,126.35
3458,733,4,12,28.71,35.93
3459,1130,4,15,34.26,41.28
3460,1761,2,15,30.89,65.13
3461,2514,4,18,8.28,130.59
3462,1496,5,25,6.61,94.52
3463,1152,5,10,21.18,71.87
3464,837,1,4,19.37,30.45
3465,2517,1,29,33.98,77.42
3466,710,1,15,7.04,26.85
3467,1046,3,26,13.47,45.5
3468,1963,5,2,2.37,125.2
3469,1768,3,3,2.32,96.52
3470,3016,1,26,32.37,93.68
3471,1196,4,26,34.78,44.16
3472,3020,5,2,29.28,154.62
3473,1665,2,2,16.72,83.15
3474,3366,5,3,17.88,176.12
3475,1416,3,1,14.38,79.46
3476,2436,4,11,33.36,108.64
3477,1755,3,20,24.99,64.36
3478,1463,3,21,12.1,78.05
3479,1485,4,4,24.91,79.27
3480,982,2,3,34.94,29.46
3481,1016,2,23,3.5,54.72
3482,2872,2,22,17.37,114.4
3483,2178,1,29,22.91,78.24
3484,2907,3,29,25.11,115.35
3485,2438,1,11,6.32,115.46
3486,628,3,12,7.34,48.24
3487,2538,4,21,33.86,105.72
3488,2341,2,26,12.11,91.78
3489,3397,4,21,11.7,173.34
3490,3366,2,0,30.55,140.06
3491,1172,3,13,4.17,77.2
3492,672,2,7,18.43,28.31
3493,2528,3,29,7.88,120.94
3494,537,3,22,12.66,31.07
3495,3018,3,10,1.09,153.29
3496,2552,2,6,6.03,132.01
3497,3286,5,8,19.05,182.49
3498,3008,5,6,15.79,152.63
3499,3495,1,14,33.78,125.35
3500,2369,1,9,12.31,103.86
3501,2168,5,20,33.81,103.86
3502,2209,4,29,31.07,90.44
3503,2842,2,29,11.72,117.97
3504,1729,1,26,8.8,67.33
3505,2873,3,12,10.02,143.05
3506,2340,2,12,1.08,122.98
3507,695,1,25,28.31,8
3508,2207,1,16,30.53,70.95
3509,3121,3,24,21.41,148.95
3510,1374,5,21,19.78,79.67
3511,974,2,29,34.64,8.0
3512,2732,2,0,24.29,120.34
3513,826,3,20,9.35,45.65
3514,3494,3,5,23.35,161.92
3515,3251,3,13,6.5,157.64
3516,1980,1,24,32.68,59.02
3517,1767,5,22,19.66,105.06
3518,997,1,30,9.14,40.31
3519,1606,2,3,27.01,63.18
3520,2689,4,16,5.15,151.7
3521,3236,5,8,27.71,156.69
3522,1222,4,25,7.44,73.91
3523,1525,1,29,32.07,35.37
3524,853,1,5,5.96,39.42
3525,1156,5,26,24.44,61.79
3526,3086,3,0,12.57,173.35
3527,2094,4,3,28.45,102.38
3528,1186,2,19,22.67,36.94
3529,2901,1,23,8.71,118.99
3530,2524,5,24,16.57,119.21
3531,1819,3,6,31.6,79.26
3532,2838,3,0,34.58,123.17
3533,2025,3,13,26.49,91.06
3534,2398,1,4,29.66,90.9
3535,2935,5,17,27.05,134.69
3536,2767,5,23,26.89,125.02
3537,990,5,25,2.1,77.61
3538,1778,5,26,15.47,91.06
3539,659,1,1,32.93,8
3540,3350,3,26,13.91,136.92
3541,1126,3,10,29.89,57.79
3542,1990,1,15,11.49,84.49
3543,1728,4,0,1.89,116.89
3544,881,2,29,18.85,29.24
3545,2955,1,11,4.85,148.19
3546,1803,1,5,20.6,72.34
3547,2884,1,7,2.67,138.47
3548,2717,1,25,25.24,104.32
3549,2864,5,9,31.81,134.69
3550,2153,1,9,32.24,71.53
3551,2221,1,21,12.33,91.46
3552,886,5,0,4.63,81.34
3553,2453,1,15,28.52,85.36
3554,1150,5,30,20.08,59.98
3555,1514,1,10,6.72,69.54
3556,925,1,15,8.43,36.47
3557,3400,2,5,26.09,150.06
3558,1477,4,0,24.17,73.86
3559,1619,5,25,25.81,79.6
3560,1474,1,13,8.17,63.1
3561,3231,4,6,29.05,149.37
3562,2919,4,29,20.66,133.35
3563,1603,2,19,30.11,55.86
3564,3155,5,15,1.05,184.2
3565,969,4,18,7.5,65.23
3566,1255,5,3,33.88,67.68
3567,1519,2,22,2.37,86.59
3568,3495,1,21,14.42,146.45
3569,1393,3,30,4.83,75.56
3570,953,1,13,4.64,48.66
3571,1345,4,4,6.0,91.49
3572,2010,3,13,13.88,98.48
3573,2625,3,14,23.55,118.2
3574,2094,3,6,30.58,87.47
3575,3212,2,15,17.62,141.29
3576,512,4,14,6.39,50.16
3577,744,4,16,10.83,43.79
3578,1076,3,8,7.02,74.99
3579,556,4,25,26.93,24.85
3580,1741,2,14,7.83,89.44
3581,1628,4,30,14.28,81.22
3582,1046,1,24,8.97,43.64
3583,2490,4,7,34.54,102.99
3584,1092,1,8,25.52,31.8
3585,2638,3,22,4.36,137.8
3586,1770,4,0,3.14,113.44
3587,938,2,28,10.62,41.88
3588,3237,5,27,21.86,144.64
3589,2670,2,20,17.9,110.77
3590,580,3,24,24.45,16.38
3591,2768,4,18,12.6,137.17
3592,3500,3,23,26.98,146.41
3593,1528,3,18,7.78,74.77
3594,2964,5,18,13.13,161.63
3595,2056,4,19,7.67,113.4
3596,1876,3,15,26.8,79.88
3597,2681,3,15,8.74,136.22
3598,812,1,18,31.46,8
3599,1447,4,27,2.49,80.65
3600,797,1,21,34.65,8
3601,2746,4,22,5.61,144.55
3602,896,1,8,1.4,49.51
3603,2906,4,3,34.7,124.38
3604,1356,1,10,32.4,28.54
3605,3005,1,2,28.38,122.37
3606,3076,2,1,17.18,139.01
3607,1634,5,5,23.35,92.74
3608,2505,2,25,15.0,105.69
3609,1854,1,2,18.13,81.63
3610,500,4,22,12.86,41.9
3611,1961,4,17,24.66,93.07
3612,3069,5,0,23.69,160.74
3613,1288,2,26,6.34,60.13
3614,1302,2,6,5.51,67.26
3615,2387,1,21,16.28,93.61
3616,3472,2,11,22.32,149.56
3617,1727,4,4,24.39,90.54
3618,2048,1,5,13.73,90.07
3619,2683,2,21,29.66,98.13
3620,1145,2,2,6.23,71.07
3621,944,4,7,24.79,55.4
3622,3423,5,28,24.02,164.55
3623,2923,5,10,31.14,148.15
3624,2682,5,6,33.42,142.19
3625,2240,2,19,29.45,77.48
3626,2983,2,29,25.94,114.03
3627,582,2,12,11.05,33.47
3628,872,5,3,28.08,48.96
3629,1019,1,7,26.06,21.19
3630,2794,4,12,31.92,121.16
3631,2878,2,1,18.61,130.94
3632,1017,2,29,2.73,49.89
3633,2985,5,28,3.52,159.55
3634,2650,5,2,9.83,155.64
3635,1860,5,4,29.16,102.65
3636,1340,2,25,27.86,40.6
3637,3362,1,16,6.03,148.56
3638,3096,5,2,26.08,159.38
3639,1818,4,5,24.17,97.3
3640,635,1,24,1.93,30.05
3641,3223,1,27,28.53,118.51
3642,3109,5,2,3.81,184.56
3643,1279,4,30,28.38,37.59
3644,3152,3,1,27.77,147.72
3645,2977,1,23,6.09,128.56
3646,971,5,20,10.86,71.59
3647,1696,3,5,3.89,105.7
3648,2860,5,15,10.76,149.82
3649,2639,1,4,6.97,128.13
3650,673,3,12,16.94,31.63
3651,2577,4,14,1.89,146.39
3652,1570,2,12,12.74,74.98
3653,1898,1,11,25.61,67.86
3654,2047,5,3,9.02,132.11
3655,1111,3,16,8.75,60.83
3656,1999,3,26,6.79,106.37
3657,2862,4,23,2.42,151.5
3658,717,4,6,9.17,52.99
3659,2966,5,17,16.64,141.58
3660,3057,5,5,5.28,192.18
3661,748,3,25,2.6,52.5
3662,2665,1,28,19.9,101.81
3663,2667,1,8,22.27,108.17
3664,1226,5,30,17.1,75.35
3665,1519,5,6,13.85,98.56
3666,762,4,8,9.24,54.36
3667,3256,1,4,24.69,131.96
3668,1199,5,18,22.94,62.53
3669,3231,3,13,11.12,168.86
3670,3436,2,11,25.56,146.41
3671,2664,4,6,4.54,156.45
3672,2392,1,26,14.27,92.9
3673,3087,4,5,13.06,162.66
3674,673,2,12,27.81,9.09
3675,3453,3,10,19.48,162.24
3676,3486,1,21,3.88,161.27
3677,2045,3,13,27.93,89.87
3678,2672,5,29,32.21,109.3
3679,1425,1,11,9.21,63.92
3680,1628,3,23,34.06,47.92
3681,2407,5,26,24.7,110.41
3682,1686,1,27,10.91,61.23
3683,1338,2,6,33.97,45.72
3684,2655,3,18,11.71,125.87
3685,3403,1,12,25.77,138.36
3686,868,1,22,21.4,11.16
3687,2655,4,23,30.87,112.15
3688,1313,2,18,4.11,70.76
3689,3280,2,15,8.37,151.57
3690,1424,1,28,14.83,50.81
3691,642,1,30,3.85,24.46
3692,2534,3,12,4.24,127.39
3693,2550,4,24,19.79,125.32
3694,543,2,6,28.89,8
3695,620,5,3,12.38,55.78
3696,2946,5,29,1.45,164.77
3697,3319,4,10,17.06,164.09
3698,1661,5,3,33.65,79.85
3699,2201,1,28,22.12,75.99
3700,1916,2,28,2.97,96.27
3701,1774,5,2,28.49,100.18
3702,2855,3,3,19.33,133.62
3703,1425,2,12,19.02,60.81
3704,1070,4,6,6.8,79.39
3705,3461,2,30,8.33,151.4
3706,1483,4,8,12.4,87.58
3707,2213,1,2,9.68,114.71
3708,3493,3,4,18.67,169.5
3709,2168,1,26,13.47,93.45
3710,1473,4,29,14.45,74.0
3711,2283,1,16,24.59,85.51
3712,573,1,30,7.56,18.85
3713,726,5,28,7.91,46.84
3714,862,1,12,6.24,49.91
3715,2366,1,10,32.97,84.41
3716,1395,3,28,12.58,76.63
3717,713,4,16,19.71,38.81
3718,3065,4,13,26.94,141.43
3719,3138,2,19,8.17,142.6
3720,665,1,7,11.34,31.23
3721,2771,1,25,18.95,103.05
3722,1722,2,15,30.34,60.91
3723,2753,5,4,14.85,155.41
3724,3017,1,1,4.48,156.46
3725,2017,4,22,24.59,88.96
3726,2008,5,18,25.06,98.38
3727,1685,3,18,7.18,106.68
3728,1545,5,25,6.63,96.77
3729,2948,5,19,33.05,125.65
3730,2039,3,26,19.79,89.94
3731,2976,5,23,25.81,132.65
3732,2368,1,28,18.76,73.59
3733,1094,5,25,13.45,57.82
3734,1516,2,10,20.22,73.67
3735,1705,1,24,18.01,57.37
3736,1296,2,28,7.47,64.99
3737,1257,2,9,27.54,46.91
3738,2809,5,30,32.88,113.36
3739,2170,5,22,1.78,128.09
3740,3122,1,14,26.97,118.84
3741,625,4,5,26.48,32.05
3742,3467,2,16,21.63,158.88
3743,1834,5,29,13.3,98.35
3744,1067,5,24,1.59,92.32
3745,1666,1,28,12.72,55.47
3746,1083,5,19,15.76,71.81
3747,622,5,25,29.87,30.91
3748,1969,5,21,5.98,122.91
3749,3207,3,2,27.64,142.12
3750,2166,1,29,29.19,67.83
3751,561,5,15,28.5,39.9
3752,1096,2,25,18.97,43.71
3753,2840,3,29,26.51,112.92
3754,1593,4,17,6.06,98.93
3755,2906,3,27,18.31,125.65
3756,620,2,15,26.58,13.56
3757,504,1,21,29.98,8
3758,2094,1,1,4.97,109.36
3759,2085,5,6,3.55,130.84
3760,1871,1,1,33.14,56.94
3761,2036,5,1,21.81,114.63
3762,2984,1,27,26.08,110.33
3763,722,4,13,27.3,38.6
3764,2885,4,20,14.98,136.99
3765,1088,1,23,13.52,35.39
3766,2528,4,14,21.36,119.08
3767,2100,2,1,25.29,89.16
3768,2151,4,21,5.42,119.78
3769,1061,3,0,19.89,67.87
3770,3469,4,29,14.07,168.62
3771,695,2,18,24.78,11.21
3772,1579,1,12,32.84,39.88
3773,3263,5,8,3.28,188.5
3774,1450,1,29,5.51,62.73
3775,1786,3,22,32.64,66.3
3776,2143,1,14,19.52,95.02
3777,824,4,0,7.97,80.82
3778,3277,1,2,21.5,140.67
3779,501,4,3,8.44,44.65
3780,3242,3,4,16.9,162.76
3781,2736,5,11,13.78,151.62
3782,3235,5,9,11.44,181.14
3783,2927,1,23,33.68,100.44
3784,1076,4,9,18.35,60.15
3785,887,4,8,10.68,69.61
3786,3293,3,26,4.45,162.46
3787,2426,5,3,32.54,126.1
3788,2546,5,5,32.12,119.26
3789,807,1,26,6.49,36.32
3790,2912,5,26,7.2,158.55
3791,3073,2,8,18.66,141.65
3792,2736,3,23,29.21,108.57
3793,3495,5,14,8.95,179.02
3794,2709,2,28,4.91,129.25
3795,2610,2,17,24.17,105.1
3796,1437,5,24,16.29,80.94
3797,593,4,25,24.9,16.96
3798,2149,1,14,17.26,85.29
3799,750,4,27,32.9,20.81
3800,1100,1,11,26.99,35.89
3801,2040,5,4,3.87,135.95
3802,3077,3,10,23.91,136.31
3803,853,4,21,30.7,25.66
3804,2708,4,29,4.57,146.22
3805,1585,4,18,6.11,101.11
3806,1213,1,18,5.72,59.01
3807,2825,4,14,26.67,135.48
3808,2688,3,7,15.62,131.16
3809,2994,5,9,27.63,154.96
3810,1019,1,27,12.25,24.6
3811,638,5,22,25.81,30.96
3812,3445,5,22,24.51,156.71
3813,2578,3,20,5.42,134.63
3814,2997,5,17,22.4,144.5
3815,3151,1,9,12.79,136.56
3816,646,4,2,13.14,50.42
3817,1233,2,28,19.49,36.48
3818,2708,2,0,32.75,113.04
3819,2351,3,12,27.53,102.6
3820,3071,4,15,21.75,145.02
3821,2517,4,17,6.1,129.28
3822,2571,4,22,29.75,101.39
3823,1030,3,16,20.61,38.43
3824,3134,5,10,24.17,156.55
3825,502,4,20,7.33,40.56
3826,712,3,28,2.02,43.41
3827,1976,4,12,25.74,90.8
3828,656,1,21,5.24,34.15
3829,1645,5,5,27.46,86.03
3830,1528,2,29,18.8,59.34
3831,2386,5,12,7.67,134.71
3832,1704,2,20,9.39,87.21
3833,1045,5,23,20.59,57.3
3834,1410,2,17,33.66,45.64
3835,2845,1,10,14.77,123.53
3836,1842,2,17,26.89,75.49
3837,3459,4,5,32.07,155.85
3838,2857,2,12,33.17,112.14
3839,1407,2,10,19.01,62.9
3840,1415,5,3,20.04,83.47
3841,2102,3,11,1.87,116.11
3842,2082,5,10,1.53,130.13
3843,1812,4,24,24.12,81.82
3844,1295,3,20,22.19,51.08
3845,3266,5,26,20.62,158.05
3846,2471,5,15,6.6,142.26
3847,1315,5,26,24.96,59.63
3848,654,1,26,13.38,14.69
3849,2115,3,2,12.06,110.25
3850,1842,2,3,8.36,99.6
3851,1210,3,19,31.13,43.14
3852,2648,1,7,28.16,96.55
3853,2332,3,1,1.55,128.04
3854,1113,1,9,33.31,16.93
3855,856,1,24,13.03,20.78
3856,999,5,16,17.08,66.27
3857,746,5,23,29.39,34.35
3858,1978,2,7,29.72,76.7
3859,2657,5,27,27.08,111.79
3860,1855,5,25,32.04,85.94
3861,2253,4,1,33.49,108.57
3862,2201,4,17,16.03,106.57
3863,1723,2,4,17.75,79.14
3864,3241,3,17,22.49,147.29
3865,2909,4,30,13.37,143.92
3866,3013,3,5,18.07,139.52
3867,1747,5,29,5.03,110.15
3868,1861,1,4,32.71,66.86
3869,525,1,1,6.3,32.73
3870,2901,2,2,33.59,124.31
3871,1037,1,25,12.08,34.62
3872,1827,3,15,2.15,107.61
3873,1335,4,17,26.1,59.32
3874,1664,5,16,21.97,85.0
3875,2080,5,19,34.83,84.82
3876,3327,2,13,16.27,149.9
3877,3110,4,23,33.28,126.96
3878,526,2,11,29.76,8
3879,3382,2,29,13.54,147.97
3880,2653,2,25,28.66,109.39
3881,3398,5,25,28.76,152.82
3882,757,2,6,21.62,29.06
3883,3142,1,20,11.37,138.88
3884,533,1,16,9.32,25.04
3885,1574,4,5,7.93,96.11
3886,2681,2,24,17.04,110.95
3887,2624,1,21,16.5,107.42
3888,2466,4,10,9.85,124.7
3889,1987,5,20,10.03,116.29
3890,2839,1,10,5.84,136.22
3891,869,5,26,27.37,37.57
3892,3193,5,7,25.8,154.15
3893,2107,1,17,30.55,65.62
3894,3143,4,5,3.15,164.11
3895,3315,2,6,16.06,153.09
3896,2812,5,30,7.33,144.68
3897,619,3,5,6.87,45.47
3898,3018,2,23,15.01,127.6
3899,1201,1,23,15.52,36.19
3900,808,3,7,19.81,52.21
3901,1089,2,28,6.66,45.7
3902,1501,5,27,31.41,56.98
3903,1332,3,17,32.95,45.23
3904,3468,4,23,26.28,155.43
3905,2519,2,5,28.48,101.4
3906,2838,3,8,30.42,133.58
3907,2865,4,19,25.33,137.31
3908,2972,5,14,1.09,179.95
3909,2838,2,14,3.38,145.26
3910,2940,4,24,18.92,138.23
3911,2538,1,6,17.67,113.01
3912,2873,5,30,32.11,119.64
3913,1495,2,4,1.95,83.38
3914,1051,3,12,25.79,32.41
3915,3474,1,17,7.41,157.72
3916,2770,4,19,28.57,121.8
3917,3309,4,16,18.12,163.18
3918,3300,2,22,26.16,127.06
3919,3387,3,21,18.49,154.84
3920,2115,1,25,29.49,71.04
3921,665,2,0,10.46,41.26
3922,3143,1,26,20.47,131.2
3923,2850,3,3,16.65,135.86
3924,1360,5,28,32.57,63.36
3925,883,1,24,6.07,28.97
3926,3489,5,23,12.84,172.74
3927,598,1,9,7.76,29.93
3928,2594,2,1,21.81,127.91
3929,1304,1,18,15.13,45.7
3930,2930,4,2,21.7,148.24
3931,971,2,12,2.65,61.52
3932,1348,2,3,30.47,53.0
3933,3368,4,13,16.86,164.83
3934,2981,1,3,4.83,144.74
3935,2149,1,4,32.05,83.44
3936,630,4,4,25.58,40.13
3937,3210,5,24,15.88,160.18
3938,3488,2,1,10.98,182.08
3939,1288,4,12,12.47,70.66
3940,2365,3,24,18.71,102.15
3941,1112,3,5,4.42,74.31
3942,3297,4,20,18.84,164.32
3943,1880,1,18,23.61,68.08
3944,1674,4,4,1.58,112.59
3945,2922,2,22,29.79,114.57
3946,2058,1,25,26.23,65.54
3947,3183,1,25,32.64,107.56
3948,1914,2,24,24.62,62.88
3949,2533,1,24,4.3,115.41
3950,1628,2,13,32.8,53.6
3951,2751,3,17,13.47,127.78
3952,1368,1,8,33.01,48.53
3953,1139,1,4,34.66,33.04
3954,1982,5,5,17.3,113.32
3955,2783,4,8,3.05,157.08
3956,3444,1,13,15.49,147.18
3957,2919,1,13,8.76,135.18
3958,3162,1,10,11.86,144.55
3959,1149,1,7,24.84,38.95
3960,740,1,0,21.95,26.6
3961,2161,4,18,32.08,87.59
3962,1762,5,2,13.61,108.15
3963,2917,3,11,10.69,153.01
3964,1529,4,26,4.62,78.54
3965,1528,4,13,1.09,102.74
3966,985,5,3,2.32,89.69
3967,609,4,17,8.81,44.41
3968,868,4,5,15.41,61.35
3969,674,5,0,18.57,61.32
3970,2334,1,4,21.15,90.72
3971,3448,1,10,24.95,136.26
3972,673,4,14,4.46,58.81
3973,720,4,22,8.79,51.36
3974,1678,3,16,33.43,61.92
3975,2515,3,6,28.23,114.85
3976,601,1,18,15.79,23.64
3977,1929,5,27,18.96,93.71
3978,2259,5,8,17.87,129.56
3979,1337,1,17,1.19,69.6
3980,1320,5,12,6.32,100.91
3981,2300,3,26,15.87,95.54
3982,823,3,18,3.18,61.95
3983,1485,2,22,30.03,46.7
3984,1589,4,13,15.47,87.47
3985,1772,3,20,21.04,77.33
3986,707,4,18,17.51,33.08
3987,2414,1,29,9.58,105.5
3988,2898,2,17,27.12,116.07
3989,2761,1,26,25.31,98.19
3990,3084,3,18,1.1,150.45
3991,1521,1,10,27.67,56.25
3992,2555,1,25,21.05,95.82
3993,3148,5,26,17.89,161.14
3994,2667,4,20,8.61,134.55
3995,766,2,14,21.07,24.51
3996,2065,5,17,26.5,92.48
3997,918,4,29,13.99,51.2
3998,1674,1,15,17.32,67.21
3999,1590,2,7,29.25,60.77
4000,1363,5,21,21.09,67.59
4001,1684,5,18,32.01,82.2
4002,560,1,22,28.97,8
4003,1581,2,28,15.65,69.27
4004,607,2,14,2.73,41.52
4005,2387,5,27,6.83,132.93
4006,1148,1,20,28.31,26.5
4007,3071,3,3,29.89,141.5
4008,842,2,11,24.27,26.2
4009,3019,5,16,21.25,157.04
4010,2337,2,28,4.81,102.68
4011,2320,1,23,29.43,68.45
4012,1686,5,0,28.72,92.19
4013,789,5,29,14.57,49.01
4014,1158,1,14,33.19,30.52
4015,1958,5,16,26.07,98.74
4016,2576,3,14,32.71,117.88
4017,2708,2,1,28.6,115.23
4018,2442,3,15,23.66,108.98
4019,1236,2,12,20.16,50.08
4020,3154,1,29,6.37,140.09
4021,2546,5,8,27.91,122.53
4022,2567,2,14,25.69,100.79
4023,2106,5,30,34.97,89.71
4024,3102,1,8,2.47,148.63
4025,1952,2,22,5.01,96.56
4026,2879,4,3,13.06,153.37
4027,680,4,28,19.76,31.74
4028,3261,5,17,8.62,181.06
4029,3460,4,11,4.64,191.2
4030,3197,4,5,10.96,167.24
4031,685,5,29,15.34,37.77
4032,2041,4,17,9.45,104.63
4033,1584,5,13,1.87,106.04
4034,765,4,0,6.2,70.55
4035,1884,1,12,5.84,94.42
4036,1495,4,8,19.45,81.16
4037,1012,1,16,33.9,24.07
4038,1589,5,12,19.11,89.08
4039,2555,2,19,2.4,113.53
4040,2118,4,4,34.68,100.51
4041,2659,4,19,20.58,119.41
4042,759,1,9,3.51,46.94
4043,962,5,28,26.73,43.11
4044,2956,2,26,30.69,103.18
4045,3427,4,3,8.91,178.96
4046,501,3,5,34.35,15.09
4047,679,3,10,19.91,39.39
4048,3368,1,29,6.63,147.1
4049,1640,3,15,5.92,93.35
4050,1802,1,27,7.57,75.93
4051,1684,3,0,27.78,69.98
4052,2425,4,28,31.99,100.98
4053,767,5,4,24.81,47.48
4054,2738,1,17,19.4,105.7
4055,3487,1,27,14.62,143.45
4056,1612,1,14,10.21,68.77
4057,2617,1,25,8.7,109.53
4058,2115,4,30,10.01,109.0
4059,2229,5,21,19.31,115.22
4060,2882,4,22,22.03,128.49
4061,2303,3,29,18.23,91.35
4062,869,3,10,21.0,39.82
4063,1784,1,3,5.22,96.31
4064,1239,1,27,24.37,34.74
4065,2456,3,7,24.7,106.4
4066,1938,1,2,17.13,90.93
4067,2230,1,7,29.31,73.25
4068,2117,2,13,11.69,98.35
4069,2182,2,3,18.5,101.66
4070,728,4,15,1.26,68.38
4071,601,5,20,23.15,36.07
4072,2672,5,8,7.08,158.96
4073,1701,4,12,24.2,81.29
4074,2780,5,13,15.67,158.81
4075,2181,1,10,27.83,79.08
4076,1772,3,13,30.42,71.65
4077,2507,4,10,19.28,131.52
4078,1763,3,30,8.5,85.56
4079,2574,5,0,15.46,147.96
4080,1557,4,28,13.96,86.53
4081,1035,2,24,15.24,39.94
4082,2124,3,19,21.68,91.21
4083,1437,1,0,24.62,54.51
4084,1264,1,5,6.17,63.4
4085,1241,4,13,33.79,43.29
4086,1772,4,4,26.97,89.12
4087,3011,1,12,1.94,148.53
4088,909,1,11,31.96,18.44
4089,2561,3,17,28.09,96.25
4090,525,5,0,4.68,55.58
4091,2911,5,12,17.36,146.34
4092,1302,1,5,20.65,51.31
4093,1967,4,29,27.71,88.76
4094,2327,2,22,14.89,101.06
4095,1577,2,20,28.61,59.25
4096,1174,1,6,18.98,50.33
4097,1437,4,10,8.75,86.33
4098,2080,5,1,16.68,128.76
4099,1935,2,11,34.44,70.25
4100,1023,1,21,19.95,27.95
4101,1452,5,10,30.87,67.43
4102,1599,1,1,23.98,69.6
4103,2258,3,9,23.2,102.35
4104,1096,2,27,30.92,28.69
4105,956,2,30,7.58,55.06
4106,1669,5,19,27.02,75.41
4107,3494,4,21,32.96,146.19
4108,2346,4,28,27.3,83.75
4109,1344,2,21,10.98,56.02
4110,2504,2,0,7.52,124.64
4111,2773,5,12,24.29,143.08
4112,1948,1,20,19.46,62.11
4113,775,5,25,14.16,51.87
4114,1847,2,1,14.14,94.66
4115,1440,3,23,19.54,63.77
4116,1439,3,27,8.8,68.13
4117,1751,1,1,30.17,68.7
4118,925,5,2,25.32,54.04
4119,2123,4,15,18.18,105.02
4120,2240,3,5,10.48,119.83
4121,1541,3,8,9.9,93.07
4122,2691,3,22,3.24,139.6
4123,2968,5,6,16.31,160.91
4124,3128,3,7,22.88,142.07
4125,1005,2,17,16.52,34.82
4126,2707,4,25,22.15,121.98
4127,2872,4,18,18.94,139.48
4128,3328,5,1,11.41,175.24
4129,1788,4,18,24.9,83.35
4130,2340,2,8,13.81,109.21
4131,649,1,27,25.78,8
4132,2061,3,5,10.11,107.57
4133,1334,5,20,8.7,80.76
4134,1475,5,25,4.51,96.33
4135,961,5,15,2.02,83.23
4136,2820,2,5,18.58,127.87
4137,2608,1,22,20.65,101.5
4138,996,1,26,4.98,40.3
4139,1258,2,5,31.22,52.09
4140,2080,4,13,13.9,111.95
4141,685,1,16,29.6,8
4142,3271,4,22,14.13,152.89
4143,545,5,2,28.81,41.42
4144,880,3,1,32.19,41.0
4145,1463,5,9,32.57,67.82
4146,848,5,16,26.67,40.8
4147,2476,3,13,27.62,106.36
4148,1066,2,10,11.52,48.93
4149,2911,3,26,23.99,121.36
4150,569,4,26,26.55,20.42
4151,1247,1,11,28.79,34.55
4152,2909,4,14,29.36,134.44
4153,1857,1,28,24.43,44.44
4154,3237,4,13,10.13,172.82
4155,802,1,28,23.01,14.57
4156,854,1,22,29.58,8
4157,1420,3,0,28.46,63.45
4158,3015,5,8,27.26,148.03
4159,2422,1,16,21.92,88.57
4160,1297,4,13,19.64,74.08
4161,1705,5,4,13.85,106.71
4162,2159,2,12,21.64,85.1
4163,563,5,7,19.36,42.36
4164,3102,5,3,17.06,165.36
4165,3293,4,25,21.89,145.6
4166,2922,4,5,13.34,158.53
4167,817,5,14,31.49,47.6
4168,1018,1,30,3.96,42.24
4169,2267,3,14,29.88,88.59
4170,1265,4,0,11.29,81.13
4171,822,5,27,1.2,77.57
4172,2009,2,30,3.48,90.2
4173,2388,3,10,18.36,116.81
4174,2493,4,9,25.01,119.13
4175,3248,2,15,11.09,143.64
4176,895,5,21,28.11,38.56
4177,3141,5,4,10.53,170.94
4178,1064,4,8,7.02,72.39
4179,1077,5,30,17.24,56.68
4180,718,3,23,25.87,21.96
4181,1591,2,3,28.99,60.93
4182,2491,1,10,15.79,110.36
4183,2571,2,0,29.73,114.58
4184,2003,4,26,1.0,121.58
4185,2853,1,30,25.97,103.17
4186,3384,3,13,10.35,168.38
4187,716,4,5,8.18,67.93
4188,2425,2,16,6.54,125.52
4189,2793,5,10,31.17,135.89
4190,739,1,15,18.69,18.84
4191,2616,2,5,24.42,112.63
4192,1058,4,2,14.24,68.31
4193,2721,3,0,17.37,141.31
4194,2803,1,2,4.95,140.33
4195,2022,1,19,7.05,81.19
4196,3190,1,10,7.32,150.18
4197,831,1,23,13.33,36.02
4198,2304,1,26,20.36,79.61
4199,1317,1,1,16.72,61.34
4200,3287,1,0,33.54,122.6
4201,1550,1,28,18.14,51.6
4202,1840,3,7,28.56,73.64
4203,1076,5,16,16.92,62.62
4204,2188,3,4,21.24,102.33
4205,1642,4,24,4.93,95.73
4206,3057,5,29,5.8,159.71
4207,2442,2,25,11.57,103.97
4208,3471,1,1,9.77,162.98
4209,685,2,11,27.34,16.62
4210,3304,2,2,16.92,150.57
4211,1715,2,28,27.64,53.46
4212,2646,2,10,30.63,99.03
4213,1120,4,16,3.06,87.48
4214,2283,1,23,15.6,78.75
4215,1293,5,17,8.45,86.15
4216,1727,5,16,7.64,104.3
4217,1743,2,10,28.21,56.05
4218,3083,3,12,32.11,138.0
4219,2712,1,10,12.36,115.72
4220,1633,1,12,13.24,71.78
4221,3039,3,11,3.72,162.69
4222,2812,2,23,29.04,104.48
4223,2933,1,17,32.86,106.27
4224,674,4,20,24.79,28.27
4225,3492,1,21,34.66,126.06
4226,841,1,14,27.48,18.82
4227,2088,1,19,34.53,65.83
4228,1708,4,21,14.23,89.38
4229,3312,2,5,22.55,141.07
4230,1457,3,26,32.28,49.92
4231,1597,1,21,7.02,71.72
4232,1053,2,14,31.64,28.91
4233,2817,3,27,33.71,114.84
4234,3365,1,2,11.86,156.64
4235,1881,2,27,25.46,69.01
4236,3181,5,8,15.97,178.45
4237,3029,3,1,15.89,161.01
4238,909,4,22,7.5,62.56
4239,1028,4,19,19.73,60.34
4240,2916,3,20,1.95,147.17
4241,1444,1,1,1.33,72.49
4242,3047,2,9,27.28,134.74
4243,549,2,22,31.51,8
4244,1016,1,28,8.29,40.22
4245,686,5,19,24.76,39.66
4246,2723,3,20,21.86,117.08
4247,884,2,20,12.45,31.57
4248,2734,3,11,26.84,112.52
4249,1497,3,21,20.28,67.76
4250,789,1,1,14.86,41.03
4251,2494,5,30,20.64,115.39
4252,2255,5,1,3.51,142.33
4253,2084,4,15,9.93,116.49
4254,2461,5,8,24.61,116.29
4255,1013,2,21,7.59,52.68
4256,3362,3,27,8.65,154.8
4257,511,4,15,16.59,36.7
4258,1868,3,0,8.41,99.22
4259,3092,3,26,1.38,140.63
4260,1782,3,4,31.56,76.41
4261,1252,3,3,16.62,69.58
4262,3071,2,21,33.2,119.97
4263,3377,2,7,27.84,138.91
4264,785,1,23,27.77,17.14
4265,2840,1,20,31.43,91.53
4266,1958,2,0,22.67,92.59
4267,2715,5,29,15.08,135.47
4268,977,1,12,14.35,40.0
4269,1400,2,19,32.54,38.74
4270,2369,3,24,30.8,97.47
4271,2804,5,25,34.39,110.48
4272,1262,1,5,21.18,51.66
4273,2931,4,9,6.69,172.2
4274,1484,4,21,28.34,66.1
4275,1233,1,28,24.6,23.99
4276,1264,1,8,16.71,53.19
4277,2397,1,22,21.26,94.04
4278,872,3,26,6.51,49.39
4279,3423,5,0,7.15,183.9
4280,905,5,23,23.45,53.55
4281,776,3,29,31.95,15.18
4282,2502,1,21,13.45,97.05
4283,886,4,3,27.28,45.1
4284,2021,3,17,19.72,91.65
4285,3491,5,28,11.64,174.99
4286,2426,2,22,24.48,86.06
4287,2063,5,16,2.51,143.9
4288,1891,2,15,19.19,85.14
4289,3364,5,27,8.34,169.1
4290,1133,5,29,20.78,56.31
4291,1206,5,8,12.28,91.85
4292,3192,1,16,5.7,139.42
4293,3458,4,5,1.04,194.69
4294,1706,5,4,22.26,101.19
4295,1436,2,21,33.15,41.86
4296,1641,4,8,23.26,84.68
4297,3494,2,29,26.48,132.55
4298,2226,3,18,21.48,97.89
4299,1303,1,21,5.3,57.83
4300,647,2,1,10.42,42.9
4301,3426,2,7,29.98,145.81
4302,1971,2,22,30.78,69.93
4303,1498,3,22,7.59,85.66
4304,2561,1,13,12.41,107.0
4305,692,4,8,14.46,65.73
4306,735,3,22,27.96,21.38
4307,1445,4,14,16.63,73.49
4308,3003,5,7,5.49,177.74
4309,790,1,20,6.5,30.35
4310,3308,1,15,11.15,142.79
4311,2990,1,27,33.13,87.54
4312,1393,1,30,27.7,24.67
4313,1579,2,26,33.82,38.38
4314,3039,4,12,6.51,162.44
4315,2824,1,25,30.53,100.06
4316,557,5,1,13.47,56.47
4317,2782,3,26,15.2,130.22
4318,666,4,7,24.81,37.94
4319,1126,1,18,18.41,33.58
4320,1741,5,9,27.48,93.33
4321,1543,3,20,2.23,93.24
4322,1304,3,19,27.19,48.48
4323,3437,2,18,15.17,159.73
4324,2043,2,14,7.45,101.65
4325,1191,4,4,15.75,75.97
4326,1101,3,6,27.72,46.41
4327,3225,2,29,29.18,115.68
4328,3348,3,8,23.9,158.54
4329,915,5,27,18.45,52.98
4330,2519,5,30,24.37,114.4
4331,901,5,29,14.86,48.97
4332,3413,1,21,21.43,128.62
4333,3296,4,8,8.5,166.93
4334,1048,3,30,16.67,39.68
4335,1264,3,21,2.96,70.83
4336,1567,2,30,28.72,44.28
4337,3324,2,2,3.68,175.96
4338,2666,4,12,1.95,143.55
4339,3444,3,11,30.36,148.3
4340,3325,5,21,10.13,168.93
4341,1855,4,12,20.95,100.64
4342,1598,3,30,7.78,72.48
4343,1482,4,11,20.19,82.29
4344,2083,5,24,18.09,106.61
4345,760,4,6,31.8,37.92
4346,1669,3,0,19.21,89.74
4347,532,5,10,32.46,39.9
4348,1754,5,2,28.7,89.81
4349,1259,4,19,5.85,80.67
4350,2061,4,9,29.7,90.05
4351,1244,1,27,32.37,30.77
4352,1631,2,7,13.51,81.17
4353,3438,5,3,10.03,182.01
4354,1671,1,21,33.42,50.31
4355,3165,5,18,7.64,172.21
4356,2201,1,9,27.41,78.35
4357,1765,2,22,28.53,54.38
4358,3194,4,7,4.54,177.47
4359,3288,1,0,19.16,144.43
4360,2674,3,29,6.68,125.95
4361,992,1,11,25.82,16.78
4362,2781,3,10,6.32,149.54
4363,1985,3,23,31.47,62.77
4364,2386,3,8,29.7,106.96
4365,3164,4,1,4.82,182.65
4366,3154,1,22,18.99,137.44
4367,1898,2,7,31.77,68.74
4368,2261,4,21,12.01,116.9
4369,1271,2,14,1.12,73.49
4370,691,3,26,6.19,43.34
4371,2299,5,2,1.84,153.62
4372,2626,1,1,1.86,133.15
4373,1122,4,27,24.2,46.87
4374,1263,3,14,23.53,53.35
4375,1298,1,13,1.9,63.14
4376,3335,1,24,32.23,129.34
4377,2130,5,25,22.34,116.96
4378,643,2,3,7.74,53.31
4379,3049,3,11,25.11,130.73
4380,3452,1,19,22.93,135.56
4381,2857,4,25,9.37,146.9
4382,3020,3,26,31.37,120.9
4383,3200,2,29,8.98,145.31
4384,2313,2,22,21.94,97.79
4385,2638,5,19,6.93,145.62
4386,3331,2,25,13.04,155.17
4387,1029,2,13,15.51,33.66
4388,2423,4,2,31.85,112.5
4389,2757,4,1,18.39,139.77
4390,994,5,25,6.39,74.4
4391,1318,4,1,4.35,92.75
4392,908,3,20,29.74,28.32
4393,2767,2,28,33.73,91.43
4394,1249,1,30,30.21,15.11
4395,3228,4,29,25.05,138.85
4396,2148,4,6,12.03,130.8
4397,1575,2,4,8.13,89.36
4398,3329,2,4,33.38,135.16
4399,3416,5,0,22.58,177.37
4400,1130,3,17,34.67,30.28
4401,2818,2,22,28.73,113.52
4402,1254,2,23,33.58,29.46
4403,2158,1,12,7.22,112.53
4404,1882,2,11,23.31,67.59
4405,2095,2,26,31.5,69.58
4406,1502,1,27,23.02,37.54
4407,2677,1,8,14.49,119.17
4408,1467,1,15,23.75,44.58
4409,1438,5,30,11.37,86.26
4410,1108,1,28,23.44,28.66
4411,1400,4,5,14.64,93.11
4412,3219,4,7,20.41,161.92
4413,3449,4,21,13.42,175.59
4414,2450,1,11,11.83,112.13
4415,2829,1,25,6.93,121.28
4416,854,4,23,10.1,52.54
4417,817,5,24,32.22,30.72
4418,569,5,29,23.8,33.31
4419,2860,4,18,34.48,114.74
4420,2534,3,25,7.29,120.94
4421,2454,1,25,5.66,107.05
4422,1148,1,2,22.17,49.7
4423,3170,4,3,5.62,174.74
4424,800,2,18,9.28,38.21
4425,3434,4,28,33.19,135.1
4426,3151,4,12,2.24,176.93
4427,2643,4,6,3.52,143.52
4428,1447,1,25,21.47,48.39
4429,1259,2,14,23.17,47.37
4430,1889,5,30,19.03,92.05
4431,3046,4,20,19.52,137.87
4432,1351,5,28,32.14,62.8
4433,3338,3,6,4.92,182.34
4434,1846,3,6,2.05,115.98
4435,2599,5,20,12.39,139.5
4436,1149,1,18,3.35,58.43
4437,596,3,15,28.46,18.27
4438,3121,4,25,32.34,133.04
4439,2465,1,22,2.7,121.37
4440,2401,4,9,11.51,141.09
4441,3225,4,15,14.63,154.53
4442,1767,1,13,28.75,54.56
4443,2079,3,13,24.48,101.11
4444,635,1,13,9.3,31.01
4445,1789,2,15,7.77,84.63
4446,1615,5,13,21.96,85.85
4447,2402,4,2,4.74,138.55
4448,1062,5,22,13.93,61.54
4449,1815,2,1,24.62,73.08
4450,1234,3,11,4.74,73.01
4451,2666,2,14,15.06,121.69
4452,820,3,19,10.86,50.62
4453,2648,5,27,20.03,123.98
4454,2111,3,29,10.58,96.56
4455,3192,4,7,11.15,166.38
4456,1696,2,9,25.11,72.0
4457,798,3,19,5.12,46.01
4458,1501,5,7,29.35,75.87
4459,1558,3,18,16.33,75.65
4460,2179,3,0,18.88,121.04
4461,3268,5,5,5.97,190.71
4462,2220,2,19,25.58,86.45
4463,3463,2,18,23.75,135.43
4464,2639,5,27,32.75,111.27
4465,908,2,5,4.52,70.0
4466,2838,4,4,3.08,164.1
4467,1209,1,27,17.28,40.77
4468,2624,3,6,10.76,137.5
4469,3407,4,11,12.45,174.67
4470,1014,1,7,1.35,56.5
4471,1736,3,18,15.72,78.99
4472,1107,5,7,20.26,82.3
4473,612,2,28,26.07,8
4474,970,2,23,30.37,22.91
4475,1865,4,27,13.11,91.97
4476,1854,5,10,22.35,95.92
4477,2430,1,17,32.96,81.89
4478,2849,5,6,33.11,135.36
4479,1569,3,17,11.14,80.98
4480,2088,2,2,3.46,120.13
4481,2720,5,11,2.63,164.68
4482,1280,4,5,32.71,68.82
4483,1055,1,27,9.45,37.02
4484,1585,4,6,23.3,86.5
4485,576,3,7,23.55,27.63
4486,3339,4,25,28.93,137.68
4487,614,1,17,27.91,11.22
4488,3411,2,18,30.25,133.49
4489,2062,5,30,2.7,125.18
4490,3148,4,14,31.24,133.86
4491,763,4,8,7.4,65.94
4492,1804,1,4,8.76,88.8
4493,2001,1,5,6.51,87.61
4494,2229,4,10,7.16,123.21
4495,1879,2,6,7.84,95.78
4496,1457,1,4,1.55,80.32
4497,1852,4,18,34.71,75.93
4498,1440,1,7,7.71,80.9
4499,2172,4,14,3.3,124.2
4500,2252,4,11,32.72,91.6
4501,543,4,27,15.51,32.16
4502,1922,3,7,31.55,73.39
4503,732,2,8,22.82,28.99
4504,1208,2,23,20.78,44.47
4505,1558,4,5,8.99,100.17
4506,1039,1,4,19.37,49.15
4507,2377,1,30,34.05,60.64
4508,567,1,14,25.4,8
4509,1169,2,9,2.77,66.81
4510,3458,4,29,29.27,148.94
4511,3205,5,14,25.81,164.06
4512,2450,4,10,29.04,109.92
4513,2195,1,19,27.75,65.98
4514,1580,1,12,13.23,61.7
4515,2718,2,17,30.66,94.79
4516,2421,2,10,18.2,111.72
4517,762,2,4,11.77,57.25
4518,3318,3,12,14.4,162.56
4519,2686,3,22,9.66,121.77
4520,1513,4,7,22.32,79.5
4521,2348,5,24,32.98,102.26
4522,846,1,1,5.05,48.91
4523,2375,5,1,9.01,141.01
4524,2203,5,1,23.77,126.92
4525,802,4,27,2.68,59.33
4526,647,2,19,6.14,33.0
4527,924,5,19,21.99,52.37
4528,1803,1,15,4.47,82.8
4529,1218,2,28,17.74,40.29
4530,1402,5,14,7.18,97.72
4531,587,3,27,10.83,33.9
4532,2043,3,21,28.57,83.75
4533,2921,4,27,33.58,124.17
4534,506,5,26,7.65,42.12
4535,1687,3,9,16.06,86.9
4536,2557,5,15,18.29,133.24
4537,2876,3,0,10.21,155.17
4538,2032,5,21,13.84,111.77
4539,2578,3,2,21.81,126.42
4540,3292,4,15,9.75,166.89
4541,3375,2,12,15.52,151.61
4542,2948,3,13,8.93,145.97
4543,1257,4,29,17.93,57.81
4544,1969,5,4,1.6,136.44
4545,829,4,11,19.45,54.07
4546,613,3,18,25.65,26.18
4547,1145,2,18,10.72,64.73
4548,2181,2,1,6.16,122.33
4549,1801,3,24,23.6,69.63
4550,1500,4,21,25.49,64.75
4551,1131,4,5,29.11,54.91
4552,1236,1,13,13.82,43.5
4553,1873,3,19,18.49,81.33
4554,897,2,6,25.61,28.98
4555,1413,5,24,29.95,69.33
4556,1419,2,2,28.84,58.16
4557,842,2,27,6.16,43.18
4558,812,3,23,11.07,42.4
4559,3214,1,22,13.66,137.16
4560,2208,5,15,34.71,103.59
4561,1720,1,3,26.96,67.38
4562,2778,5,1,14.24,160.31
4563,1751,2,26,29.45,63.92
4564,1227,5,29,18.08,65.13
4565,2539,4,20,18.83,121.75
4566,1840,4,20,14.66,99.28
4567,2135,3,24,26.34,78.07
4568,1391,3,21,7.13,70.7
4569,3000,2,22,32.63,111.31
4570,1291,2,0,11.39,69.07
4571,761,1,9,6.55,40.3
4572,961,3,23,17.51,46.15
4573,2593,5,24,30.3,117.19
4574,3019,4,4,29.06,140.21
4575,2164,5,19,21.2,105.19
4576,2657,1,20,6.47,114.36
4577,3360,2,3,26.0,149.84
4578,2269,4,13,1.71,134.13
4579,3318,2,22,1.07,172.5
4580,1160,5,10,7.58,86.88
4581,2122,2,27,4.28,99.35
4582,1235,3,7,31.13,51.11
4583,1462,5,22,1.06,95.08
4584,2211,5,5,23.44,124.82
4585,2812,5,1,3.03,165.7
4586,1171,4,24,15.83,65.51
4587,1499,2,5,29.69,60.46
4588,2554,5,28,14.1,129.86
4589,1334,2,26,17.44,51.76
4590,1877,1,28,22.46,58.71
4591,2721,4,5,14.52,148.72
4592,1748,1,0,34.09,62.22
4593,1277,2,21,18.2,55.81
4594,3436,5,4,4.37,205.44
4595,2714,5,23,34.01,115.69
4596,2957,1,16,17.21,124.98
4597,3400,1,12,33.39,121.4
4598,3165,1,13,26.69,123.33
4599,3462,3,26,20.79,160.18
4600,2704,5,3,30.11,135.03
4601,1591,2,24,3.55,83.67
4602,2178,1,14,32.22,76.26
4603,3345,1,11,33.98,115.24
4604,3134,2,17,24.55,133.52
4605,1933,4,5,25.97,103.76
4606,3497,2,22,14.29,154.46
4607,2009,4,17,14.07,109.99
4608,2854,1,4,12.0,140.4
4609,1336,3,19,18.25,49.97
4610,1906,3,7,21.48,86.08
4611,3249,4,20,22.64,149.89
4612,1059,5,27,21.67,46.53
4613,2322,3,20,17.16,106.74
4614,2917,3,2,26.99,128.3
4615,2851,5,12,17.47,144.04
4616,2938,4,9,24.32,137.97
4617,2539,3,17,12.97,117.99
4618,2161,3,2,33.42,87.62
4619,1292,5,25,18.14,68.87
4620,1493,3,26,16.58,70.59
4621,3080,3,6,14.55,144.54
4622,937,4,9,27.4,42.35
4623,2686,1,8,10.86,129.48
4624,3215,5,25,14.41,161.78
4625,540,3,30,6.81,39.0
4626,1171,4,4,33.68,40.76
4627,660,4,12,10.86,49.99
4628,2729,2,8,19.18,121.49
4629,1534,3,16,4.55,89.04
4630,2710,5,17,7.46,158.09
4631,3226,1,10,17.4,135.04
4632,1470,5,19,26.05,67.94
4633,1572,1,17,12.82,68.1
4634,1111,4,25,13.6,59.74
4635,552,1,0,8.24,31.45
4636,3280,4,3,21.13,156.14
4637,2943,3,20,7.91,155.23
4638,2086,3,3,19.97,96.97
4639,2815,2,26,15.9,109.16
4640,1705,4,14,20.36,83.73
4641,2558,4,29,25.51,111.41
4642,2433,2,13,30.86,92.85
4643,643,1,3,22.45,22.04
4644,3317,1,1,8.85,162.56
4645,1710,3,30,33.94,57.48
4646,677,4,15,10.32,55.79
4647,1904,4,17,31.68,71.15
4648,1175,3,30,2.31,71.72
4649,1080,2,3,12.0,56.09
4650,2456,2,10,32.7,99.01
4651,1230,2,30,30.07,28.72
4652,1466,2,29,22.6,48.58
4653,3202,3,14,27.97,137.09
4654,2092,3,17,10.81,109.44
4655,1833,3,19,8.58,91.94
4656,1449,5,7,11.63,97.96
4657,2503,1,4,10.77,116.68
4658,1180,5,1,1.11,97.2
4659,1520,4,4,23.39,91.8
4660,778,4,7,32.39,31.4
4661,3121,2,20,33.98,110.11
4662,1608,5,20,19.55,86.55
4663,1509,5,11,19.89,86.35
4664,1830,2,5,20.87,77.82
4665,1750,2,21,29.62,64.35
4666,915,4,3,34.23,49.49
4667,1842,4,11,21.91,90.95
4668,713,5,27,22.65,38.52
4669,1987,3,19,4.15,102.73
4670,2431,2,24,13.45,106.7
4671,1379,3,24,5.8,68.6
4672,3499,3,3,29.33,158.59
4673,2389,1,11,20.74,91.88
4674,2381,2,8,10.84,103.12
4675,2970,2,1,12.33,139.66
4676,1410,2,3,19.01,67.09
4677,2225,1,27,27.78,68.73
4678,3139,5,29,21.43,143.83
4679,1246,4,29,2.27,70.5
4680,1217,5,2,12.99,89.02
4681,1213,4,17,17.16,75.15
4682,2280,2,10,24.27,95.76
4683,1783,2,3,16.14,85.2
4684,3207,2,29,12.13,142.69
4685,1427,4,25,28.4,55.0
4686,2812,1,11,15.45,120.95
4687,2459,2,9,10.49,118.17
4688,2462,4,23,13.88,123.33
4689,1165,5,25,14.51,82.4
4690,1419,2,26,14.47,51.22
4691,2907,5,18,9.74,151.09
4692,1573,3,1,21.73,85.89
4693,2855,5,25,1.99,160.97
4694,2939,5,10,17.31,155.71
4695,2865,1,17,31.8,104.57
4696,1894,2,3,24.95,75.0
4697,2713,5,13,23.56,135.0
4698,3164,3,12,10.42,161.08
4699,2607,5,9,22.05,144.48
4700,3019,4,18,13.6,146.95
4701,1199,5,29,30.81,53.88
4702,1845,5,11,26.64,85.35
4703,1017,5,23,4.78,72.19
4704,792,4,23,20.85,36.99
4705,3494,5,19,23.45,163.73
4706,803,2,9,18.98,29.43
4707,1268,5,29,30.24,57.41
4708,1844,5,16,11.17,105.93
4709,1575,3,25,4.36,82.97
4710,2242,4,24,30.71,103.33
4711,2642,4,16,4.56,146.69
4712,621,2,16,18.09,26.93
4713,2279,5,3,27.36,112.59
4714,2513,5,2,10.35,146.15
4715,1878,5,0,31.18,106.96
4716,3189,5,20,29.76,147.04
4717,931,4,14,20.62,49.14
4718,2241,4,18,8.06,123.93
4719,2030,1,20,29.19,61.99
4720,584,4,30,26.47,23.81
4721,3239,3,6,5.3,163.73
4722,997,1,18,9.2,47.18
4723,2894,1,0,9.45,140.48
4724,2849,4,9,5.57,155.93
4725,1790,3,3,9.27,96.59
4726,3326,5,10,29.1,162.11
4727,913,5,22,5.18,69.96
4728,1055,3,6,25.3,50.71
4729,1346,4,2,31.8,72.82
4730,2674,4,6,13.89,138.8
4731,2146,2,29,15.96,87.32
4732,3451,5,12,20.32,178.16
4733,1356,3,7,28.15,59.15
4734,1867,5,10,34.16,87.95
4735,2262,1,11,22.52,86.32
4736,852,3,27,14.12,46.2
4737,2038,2,18,17.57,88.61
4738,973,1,12,10.87,47.23
4739,2109,5,1,23.44,122.59
4740,2431,4,5,16.54,119.78
4741,1148,5,19,15.34,71.65
4742,519,3,29,9.48,23.25
4743,1225,5,2,13.84,87.35
4744,3386,4,2,2.19,192.44
4745,929,5,22,16.7,64.53
4746,1338,3,17,30.65,46.17
4747,3100,3,13,29.16,136.68
4748,1009,1,6,23.76,34.97
4749,2739,1,4,17.67,120.71
4750,2493,4,6,15.36,136.44
4751,2585,1,8,22.55,102.24
4752,2666,5,7,21.13,135.7
4753,1365,1,18,15.0,53.5
4754,2147,3,22,26.71,81.12
4755,3200,5,20,33.82,147.29
4756,1209,5,17,26.96,58.72
4757,1639,5,16,16.45,93.4
4758,1936,1,27,25.04,64.63
4759,1846,5,23,31.35,85.39
4760,2357,3,28,7.68,117.91
4761,3128,4,25,19.8,141.39
4762,932,4,26,29.29,32.43
4763,1609,1,6,11.37,76.46
4764,2641,1,16,17.78,113.22
4765,2746,4,14,23.16,126.04
4766,3499,2,6,14.76,168.22
4767,2445,4,0,29.2,125.04
4768,2978,1,19,32.05,108.74
4769,1929,2,16,29.08,79.2
4770,1263,5,4,14.46,77.68
4771,1928,3,25,6.67,101.12
4772,3183,2,27,30.58,118.48
4773,848,5,1,25.62,54.11
4774,529,3,24,10.5,35.0
4775,580,1,22,24.46,8
4776,1614,1,18,8.31,62.0
4777,1608,3,24,9.17,78.84
4778,3045,4,22,21.95,138.86
4779,904,2,4,26.52,29.2
4780,2905,5,15,6.13,161.9
4781,2096,3,27,32.73,70.98
4782,2028,1,15,29.63,68.69
4783,1090,2,9,1.48,72.3
4784,3258,2,5,15.25,146.14
4785,941,5,26,22.14,53.65
4786,2653,4,3,24.38,132.34
4787,1381,1,15,1.41,65.05
4788,3173,2,1,32.76,129.9
4789,1120,1,1,21.21,45.53
4790,2196,2,2,20.42,97.43
4791,1305,4,30,19.49,63.27
4792,2448,5,10,2.02,151.72
4793,892,4,7,5.64,77.29
4794,550,1,25,16.69,8
4795,3020,4,2,7.44,169.35
4796,1203,2,2,4.71,67.25
4797,2714,4,18,2.4,139.3
4798,3183,4,15,5.85,168.15
4799,991,1,25,29.0,9.93
4800,1644,4,25,4.8,104.54
4801,2531,1,18,6.68,118.6
4802,2441,1,14,9.73,96.98
4803,1503,4,1,34.43,71.59
4804,1735,3,27,27.74,65.94
4805,1039,2,11,5.9,59.29
4806,1902,2,6,31.99,71.2
4807,1605,1,4,33.45,56.99
4808,569,5,8,11.37,53.02
4809,2327,4,28,7.13,117.78
4810,1248,4,20,22.27,57.26
4811,1793,1,7,32.38,56.41
4812,2407,5,26,11.2,128.41
4813,2782,1,21,5.55,133.53
4814,1970,5,17,12.93,109.22
4815,2065,1,4,4.6,102.38
4816,2699,5,29,29.61,116.96
4817,1199,4,17,30.95,57.1
4818,3500,5,25,19.22,168.32
4819,2194,3,15,19.9,103.39
4820,2604,4,4,8.27,136.5
4821,2053,1,29,1.33,87.24
4822,1560,1,16,26.47,48.17
4823,2295,5,2,34.21,113.13
4824,1694,5,27,20.29,85.66
4825,851,4,9,2.48,64.87
4826,2667,2,12,21.67,118.94
4827,3491,2,26,7.71,156.66
4828,2713,3,16,15.86,131.16
4829,2339,1,16,6.36,109.15
4830,2180,3,8,15.68,122.17
4831,1106,1,5,3.24,66.43
4832,2513,2,27,1.49,127.96
4833,1846,1,28,8.08,75.43
4834,574,5,16,13.81,50.79
4835,1694,4,14,9.14,99.0
4836,2614,5,18,27.12,124.56
4837,2827,1,3,9.57,133.46
4838,2874,1,12,20.3,117.89
4839,3071,2,26,8.99,136.63
4840,2370,5,21,19.09,117.46
4841,2864,4,23,25.36,127.41
4842,1879,3,17,34.63,68.37
4843,836,5,13,17.32,58.56
4844,707,1,29,21.29,11.72
4845,2914,5,8,24.27,147.53
4846,896,2,30,16.15,31.76
4847,893,5,28,3.9,72.69
4848,3145,3,22,9.81,154.18
4849,2553,2,24,20.49,103.68
4850,574,2,20,9.83,25.84
4851,3222,1,2,13.34,146.19
4852,2191,4,0,16.18,125.29
4853,2036,5,19,21.31,102.07
4854,1619,4,13,16.01,98.28
4855,3433,1,3,2.99,175.28
4856,3453,1,25,5.74,159.9
4857,2708,1,22,18.24,112.47
4858,2602,4,19,32.36,106.05
4859,1683,1,4,33.67,52.9
4860,1919,5,28,3.38,114.6
4861,1573,3,28,5.62,82.18
4862,3109,2,13,11.59,156.06
4863,1410,3,14,1.59,86.21
4864,887,5,30,5.74,66.15
4865,3372,3,3,19.66,157.1
4866,3073,2,25,22.47,112.32
4867,1840,3,18,1.61,98.41
4868,968,1,1,16.8,33.99
4869,1208,2,1,9.99,67.83
4870,1023,5,7,18.76,70.32
4871,2377,1,0,4.05,129.71
4872,1321,2,18,25.99,37.34
4873,3068,4,2,12.93,169.04
4874,1583,5,22,13.72,95.82
4875,2538,4,13,26.55,118.7
4876,3492,3,9,13.98,178.78
4877,688,3,20,7.04,47.68
4878,1396,3,12,29.06,60.34
4879,603,1,19,4.0,30.09
4880,3445,2,30,25.88,137.52
4881,2514,2,8,8.99,119.7
4882,2511,4,17,6.75,134.31
4883,1801,1,23,24.1,61.3
4884,1250,4,14,34.55,42.82
4885,2586,4,27,15.22,127.57
4886,3362,4,30,6.19,155.78
4887,1032,3,2,33.52,37.19
4888,2174,5,14,18.36,113.38
4889,1604,5,9,17.09,99.72
4890,2868,1,20,8.06,119.83
4891,561,1,13,34.15,8
4892,2550,5,15,34.78,118.28
4893,1096,2,7,11.65,57.9
4894,719,3,23,15.26,37.75
4895,2049,5,4,33.21,103.56
4896,3109,4,26,9.59,157.65
4897,1959,2,11,9.73,97.02
4898,2137,3,25,10.62,101.29
4899,860,1,3,23.8,22.32
4900,2739,5,2,19.06,143.94
4901,2398,2,0,30.14,96.39
4902,1881,5,25,10.78,107.34
4903,2559,2,23,3.2,116.92
4904,2219,5,0,34.76,108.68
4905,2159,3,27,27.32,81.38
4906,912,1,5,4.1,54.44
4907,2019,3,6,23.32,93.01
4908,1263,2,27,2.0,72.84
4909,3400,4,1,11.57,180.81
4910,517,2,15,5.84,27.68
4911,3422,5,12,2.8,195.26
4912,3362,2,3,21.22,153.01
4913,2755,5,19,21.55,138.32
4914,1630,1,30,1.45,71.15
4915,1719,4,26,4.97,102.73
4916,905,5,26,16.87,58.69
4917,3171,5,13,2.55,180.76
4918,2089,2,24,34.58,55.25
4919,1953,5,24,34.68,81.22
4920,2883,3,27,34.26,103.48
4921,2411,5,10,30.49,122.63
4922,815,2,30,15.88,22.57
4923,1415,3,16,6.63,84.29
4924,1181,5,16,23.98,68.52
4925,2317,5,23,1.12,141.17
4926,730,2,14,4.81,49.49
4927,2201,1,13,1.93,106.99
4928,3021,4,26,6.26,151.59
4929,1330,5,28,26.78,57.07
4930,2470,4,24,5.1,128.02
4931,1310,4,10,29.48,70.48
4932,2792,1,28,31.7,93.06
4933,1245,3,17,1.51,76.67
4934,1941,4,27,33.99,66.49
4935,628,1,5,23.15,15.86
4936,1052,2,28,14.44,35.9
4937,1262,2,26,5.13,53.4
4938,2074,5,21,26.96,93.68
4939,2758,3,27,16.5,117.55
4940,2093,4,21,24.21,98.06
4941,771,4,19,24.46,36.47
4942,1993,2,2,11.94,111.39
4943,972,4,28,11.14,55.92
4944,2467,1,6,7.72,119.27
4945,690,5,24,9.77,54.52
4946,1367,1,19,19.3,42.48
4947,1409,5,4,10.81,101.51
4948,1402,1,0,11.25,64.98
4949,938,4,19,28.52,39.85
4950,1436,1,4,4.43,76.82
4951,791,4,15,25.47,39.23
4952,2089,3,12,25.24,83.79
4953,1503,2,21,30.5,42.54
4954,1769,5,2,4.18,120.05
4955,1834,1,26,5.03,80.11
4956,2222,3,24,34.78,67.89
4957,2509,5,26,28.49,115.02
4958,1000,3,15,9.39,49.38
4959,1880,3,23,27.01,74.87
4960,812,4,29,17.75,37.23
4961,903,2,7,21.14,39.33
4962,903,3,11,9.83,50.84
4963,2041,1,24,23.83,65.93
4964,2070,1,4,11.05,95.62
4965,1698,4,24,26.1,81.37
4966,2231,4,14,5.81,126.12
4967,1966,1,14,4.46,92.02
4968,2548,4,3,13.3,139.85
4969,1579,4,17,34.83,62.05
4970,3460,1,6,4.32,160.61
4971,1802,3,7,19.02,90.89
4972,1714,1,26,11.26,56.45
4973,1828,4,21,7.16,108.49
4974,1861,3,24,26.56,74.08
4975,3306,5,12,34.36,153.47
4976,2614,3,1,16.26,130.79
4977,2255,3,4,1.35,129.03
4978,1347,2,15,33.15,35.76
4979,3393,2,30,12.5,143.9
4980,2142,4,13,24.52,88.83
4981,1966,5,4,8.41,117.83
4982,2446,5,1,14.82,140.43
4983,3251,1,25,9.95,143.41
4984,2111,5,21,8.95,117.57
4985,735,3,24,13.6,36.39
4986,604,5,30,29.36,23.96
4987,1093,4,6,20.64,62.93
4988,1840,5,27,16.28,83.5
4989,1554,1,10,7.52,71.83
4990,2344,1,23,17.11,86.69
4991,2938,4,15,25.16,133.88
4992,815,5,22,30.33,39.44
4993,1488,5,8,6.0,105.8
4994,2148,2,14,25.77,88.04
4995,1238,1,22,6.99,55.52
4996,923,1,24,3.55,40.37
4997,2403,3,20,31.16,91.53
4998,2514,1,13,6.59,117.74
4999,1706,2,19,31.02,52.88
5000,2762,4,18,19.82,134.77
5001,632,3,5,32.96,28.17
5002,532,2,18,30.12,8
5003,1233,2,0,31.55,45.88
5004,2829,5,0,4.25,155.67
5005,1590,2,21,14.52,66.2
5006,2229,5,0,30.52,114.76
5007,2345,4,28,31.16,96.95
5008,829,4,29,7.6,52.14
5009,661,3,21,1.37,55.49
5010,1354,2,13,29.39,47.04
5011,1251,3,29,10.51,51.21
5012,2304,2,18,10.47,102.36
5013,2316,4,7,32.14,108.25
5014,2805,1,23,14.52,114.2
5015,1831,3,1,6.31,104.25
5016,2752,3,3,24.76,134.45
5017,1396,5,7,5.33,96.95
5018,2520,2,17,30.28,79.86
5019,1155,5,3,28.96,67.48
5020,1722,5,26,15.59,99.32
5021,1013,4,22,15.27,52.18
5022,1203,4,27,6.65,73.68
5023,3139,3,11,34.23,125.9
5024,3066,5,11,1.8,176.19
5025,3460,1,16,30.21,121.62
5026,2214,4,11,26.62,107.53
5027,588,2,1,19.55,24.58
5028,2814,2,19,2.58,128.58
5029,1262,1,28,13.63,44.34
5030,1475,5,1,10.5,99.4
5031,2720,5,29,2.18,152.21
5032,1927,2,7,8.01,110.52
5033,526,2,7,13.16,39.8
5034,3170,3,11,30.02,137.78
5035,743,1,19,31.08,8
5036,1845,1,7,30.08,67.87
5037,2879,5,26,19.85,132.17
5038,1352,5,6,26.67,72.92
5039,1505,2,28,6.51,71.98
5040,1168,5,13,5.5,83.23
5041,2701,1,11,20.19,109.43
5042,1444,1,4,29.28,27.47
5043,1603,3,2,6.5,93.11
5044,1865,5,12,11.64,109.63
5045,3005,5,19,5.55,168.59
5046,2533,4,6,3.56,148.95
5047,2383,3,18,13.64,120.18
5048,2072,2,19,27.35,85.63
5049,1598,1,18,7.91,64.0
5050,900,5,4,7.15,81.41
5051,2328,1,22,8.79,96.24
5052,2141,2,30,15.4,86.55
5053,1622,4,10,6.14,105.68
5054,2132,3,12,4.5,111.84
5055,1081,1,28,22.11,31.13
5056,1436,1,0,20.42,66.88
5057,1148,5,28,10.13,74.11
5058,1282,2,22,4.6,62.28
5059,1949,2,27,12.28,85.25
5060,1359,2,3,20.78,62.45
5061,930,3,7,23.65,53.9
5062,2487,5,14,22.68,129.21
5063,1568,4,19,34.11,55.19
5064,1037,2,2,18.06,57.43
5065,1467,3,20,28.13,50.14
5066,948,5,5,26.02,69.43
5067,530,3,24,19.45,15.07
5068,3097,4,26,20.54,141.09
5069,1355,2,24,6.79,59.16
5070,1951,1,11,30.67,61.46
5071,734,2,10,16.89,30.12
5072,2274,3,1,31.04,99.38
5073,1866,5,25,27.67,84.83
5074,2717,2,24,11.9,113.86
5075,2290,4,4,14.75,129.35
5076,1590,4,15,5.26,104.99
5077,2894,2,11,11.37,138.81
5078,1806,3,2,27.72,91.11
5079,2104,2,17,6.41,105.14
5080,935,5,5,12.99,77.63
5081,3218,4,5,26.74,158.24
5082,2762,4,6,21.03,137.82
5083,1531,2,20,1.43,83.06
5084,1165,2,29,10.3,46.28
5085,1677,5,18,6.95,106.09
5086,3376,4,12,6.79,178.37
5087,3341,4,1,5.57,182.16
5088,1903,1,30,20.74,64.11
5089,2262,2,5,3.27,125.49
5090,576,2,19,3.55,30.3
5091,845,5,7,9.35,72.73
5092,1227,2,5,11.13,59.97
5093,2399,1,2,33.29,89.57
5094,3346,1,13,33.81,132.37
5095,2666,2,14,17.52,122.64
5096,2139,1,29,24.29,70.14
5097,2212,1,15,34.17,73.41
5098,1394,5,22,32.94,56.43
5099,542,1,18,12.07,15.06
5100,2235,1,14,29.09,78.29
5101,3199,2,27,8.58,154.46
5102,1311,4,3,1.42,106.6
5103,3028,3,9,25.23,140.01
5104,1319,1,12,12.86,55.35
5105,1678,1,29,26.46,40.33
5106,3197,4,16,13.31,161.55
5107,2221,1,13,30.19,77.26
5108,1697,2,19,34.14,55.43
5109,1636,4,25,3.36,93.37
5110,2595,5,14,1.67,159.28
5111,854,4,19,21.93,44.44
5112,1248,1,28,6.74,53.62
5113,2795,2,14,11.46,130.77
5114,2532,2,7,10.13,122.75
5115,2254,3,25,7.68,113.77
5116,2337,5,24,34.91,93.09
5117,1177,3,27,10.98,49.23
5118,2050,2,13,20.02,85.92
5119,669,3,22,16.9,32.59
5120,3392,3,2,23.2,164.21
5121,513,5,10,8.72,61.0
5122,1781,4,23,33.08,64.18
5123,1214,1,12,25.69,37.64
5124,2971,1,26,28.13,112.61
5125,2882,2,15,19.14,124.54
5126,1748,4,27,23.02,81.9
5127,2181,1,9,8.55,91.08
5128,1572,3,6,16.54,81.96
5129,2122,4,2,19.44,106.91
5130,1939,4,8,31.47,90.05
5131,2414,2,21,30.81,86.71
5132,775,3,21,11.1,37.87
5133,3342,1,16,13.67,136.96
5134,637,1,4,16.4,25.95
5135,3349,2,18,29.67,137.9
5136,1870,1,22,16.45,70.85
5137,2802,4,0,10.86,156.05
5138,2254,1,10,31.58,83.25
5139,1433,2,14,10.08,65.48
5140,1365,1,12,17.42,55.81
5141,2302,2,0,28.79,88.77
5142,992,5,29,5.61,70.44
5143,1251,4,13,31.19,47.52
5144,1651,1,19,1.55,80.67
5145,2596,4,16,23.0,118.79
5146,1849,5,25,29.1,84.46
5147,2086,4,24,7.98,107.43
5148,1192,5,22,22.01,65.7
5149,2563,4,12,1.82,152.42
5150,3111,3,27,1.74,147.5
5151,3247,3,18,5.69,166.01
5152,740,3,20,30.12,13.38
5153,2230,1,17,30.39,71.64
5154,2167,4,6,7.35,122.23
5155,750,1,12,26.94,8
5156,560,4,6,33.08,19.24
5157,2876,5,5,27.07,137.64
5158,3256,5,26,19.24,156.6
5159,1154,4,3,20.1,65.01
5160,1335,2,14,4.07,75.45
5161,524,5,13,28.96,29.94
5162,2159,5,9,6.36,137.14
5163,1344,5,17,24.36,64.08
5164,856,2,30,12.11,20.56
5165,3314,5,22,1.66,180.68
5166,3000,4,14,1.91,174.16
5167,2058,5,5,3.16,131.89
5168,1277,1,11,9.79,63.81
5169,2987,5,5,33.59,141.17
5170,2599,3,21,27.74,112.26
5171,722,2,25,30.63,8
5172,2408,5,3,15.09,131.16
5173,2556,1,12,22.56,104.59
5174,1408,1,10,31.02,39.55
5175,2661,5,27,26.69,122.34
5176,2054,3,28,27.26,76.45
5177,3460,2,28,29.9,125.66
5178,1318,4,24,2.58,82.43
5179,2449,1,29,21.37,90.21
5180,674,4,28,2.63,56.97
5181,627,5,20,19.34,31.85
5182,768,4,5,14.67,55.26
5183,2665,2,19,33.16,89.54
5184,1712,3,26,18.9,70.65
5185,623,1,14,6.01,24.95
5186,1888,5,5,22.81,104.66
5187,2412,3,2,3.56,132.57
5188,2926,1,23,21.39,110.32
5189,2076,1,5,28.19,75.04
5190,2783,1,16,5.54,129.45
5191,568,2,19,5.08,42.25
5192,1217,4,6,23.87,68.36
5193,1583,3,8,8.42,92.46
5194,3166,2,20,9.6,140.8
5195,2637,4,28,1.2,144.62
5196,1709,2,9,6.52,97.91
5197,2031,2,13,21.29,75.31
5198,1139,2,14,13.38,47.72
5199,536,2,17,31.92,8
5200,3384,1,7,21.74,140.06
5201,3158,4,0,5.48,177.91
5202,1803,2,27,27.01,55.8
5203,3325,3,1,12.97,170.03
5204,1547,5,24,3.69,107.64
5205,2682,4,25,13.49,137.97
5206,1495,4,26,24.86,61.08
5207,2589,5,4,5.04,162.18
5208,2541,2,16,13.56,110.74
5209,3417,4,13,6.18,181.05
5210,2252,1,12,14.71,98.59
5211,2398,5,24,22.25,112.21
5212,801,2,11,20.77,31.27
5213,2822,4,30,31.99,120.95
5214,1052,1,30,9.72,29.11
5215,2977,5,12,7.27,173.55
5216,1027,1,12,15.18,38.91
5217,797,4,30,32.67,18.09
5218,1912,4,19,34.5,74.45
5219,2960,2,18,32.1,101.79
5220,2745,2,6,11.9,125.51
5221,2764,4,27,34.07,104.41
5222,2529,4,19,7.37,133.06
5223,2276,1,9,5.13,110.08
5224,2643,3,28,21.67,113.39
5225,1511,1,10,7.8,68.83
5226,2955,1,4,34.7,109.4
5227,2148,1,0,1.15,118.68
5228,3172,4,29,14.56,150.85
5229,3026,1,30,27.94,103.63
5230,638,3,23,32.82,8
5231,789,2,9,5.02,53.48
5232,2530,3,4,31.64,118.12
5233,2726,4,4,2.13,155.57
5234,1840,4,9,6.43,108.08
5235,3232,2,9,31.89,123.58
5236,3158,2,1,18.63,158.64
5237,1456,3,26,8.89,67.69
5238,2247,4,19,33.04,90.31
5239,919,5,30,9.87,64.2
5240,2828,5,29,34.07,115.91
5241,639,3,12,19.15,34.96
5242,3198,3,7,22.35,146.71
5243,511,4,19,14.89,40.45
5244,2842,3,15,6.2,149.12
5245,3169,3,27,29.79,122.04
5246,1758,4,8,5.1,118.33
5247,1169,3,7,33.79,40.52
5248,3034,3,27,14.76,131.73
5249,552,1,15,17.67,15.28
5250,2532,3,1,8.68,140.69
5251,852,5,24,23.55,47.91
5252,1866,5,23,29.42,84.09
5253,2947,1,18,7.74,128.1
5254,665,2,9,25.88,21.65
5255,1703,3,8,29.79,70.11
5256,1609,4,13,1.87,110.48
5257,2689,4,27,5.37,141.53
5258,521,4,13,11.93,57.77
5259,2991,1,25,17.02,129.22
5260,2782,3,2,17.43,140.73
5261,1478,2,27,19.3,51.5
5262,2070,2,8,2.26,115.59
5263,800,5,25,13.04,58.86
5264,823,1,10,31.44,13.92
5265,2350,3,8,25.42,100.37
5266,1519,5,21,4.98,93.42
5267,2131,1,20,17.72,80.43
5268,546,5,7,31.34,33.75
5269,551,3,10,31.35,19.72
5270,575,2,19,32.39,8
5271,3415,5,4,7.06,192.83
5272,1356,5,12,14.38,85.14
5273,1156,1,7,18.47,51.13
5274,2135,3,20,34.05,75.24
5275,586,4,17,19.38,37.59
5276,2990,3,2,34.01,132.23
5277,2065,3,22,15.87,86.76
5278,3458,2,10,25.51,140.85
5279,1041,2,1,32.71,31.13
5280,1579,1,16,31.87,40.06
5281,718,4,15,2.45,60.46
5282,2478,1,19,6.72,104.24
5283,3283,1,19,24.78,134.37
5284,3337,3,27,8.56,162.53
5285,876,2,21,30.11,21.18
5286,910,1,10,19.26,35.73
5287,2767,3,17,2.6,147.6
5288,1263,1,3,21.2,54.32
5289,2151,1,9,34.8,72.68
5290,1150,2,0,11.66,58.22
5291,2960,4,21,1.24,156.17
5292,3412,3,9,17.33,162.82
5293,3359,1,27,19.08,137.85
5294,3123,2,2,16.09,142.32
5295,760,3,12,26.36,33.47
5296,3486,2,18,10.26,154.53
5297,2490,4,13,5.5,136.12
5298,3379,5,12,32.38,158.59
5299,1988,2,0,5.69,103.78
5300,1733,1,4,13.71,84.57
5301,2775,4,0,8.35,153.41
5302,1854,1,12,9.04,88.0
5303,2122,4,7,15.76,116.31
5304,3493,5,28,22.8,162.34
5305,3150,4,8,29.47,139.92
5306,544,2,18,2.49,32.24
5307,984,2,1,28.39,38.08
5308,1994,2,0,21.68,93.0
5309,1888,2,22,7.8,96.56
5310,2828,4,22,21.31,127.49
5311,1447,1,18,23.08,48.31
5312,702,5,22,19.14,49.38
5313,676,2,27,33.88,8
5314,2519,3,21,11.94,127.94
5315,1619,5,30,5.66,92.86
5316,2977,3,22,10.7,149.38
5317,1849,2,16,4.08,88.51
5318,994,5,19,14.24,63.01
5319,3077,3,16,8.19,160.44
5320,1852,4,12,6.33,103.93
5321,1187,5,25,24.32,62.14
5322,2527,1,10,24.78,102.92
5323,2056,1,7,33.96,60.76
5324,1071,3,17,15.38,58.93
5325,2333,1,9,16.26,94.58
5326,2163,1,4,7.69,98.89
5327,757,3,16,13.42,53.96
5328,3288,1,2,16.0,153.13
5329,3282,1,13,17.9,142.51
5330,1920,5,14,20.45,106.2
5331,2029,2,5,9.69,107.25
5332,1836,3,14,20.28,86.4
5333,731,4,30,9.98,43.82
5334,3285,3,22,32.92,126.7
5335,2415,5,1,11.86,137.57
5336,827,5,20,20.57,51.67
5337,2129,4,30,26.28,85.61
5338,2878,2,13,12.22,141.57
5339,1004,5,7,7.62,78.37
5340,1580,5,14,14.46,101.01
5341,528,3,21,16.94,26.96
5342,3342,4,27,17.12,142.0
5343,3494,1,17,10.02,159.73
5344,910,5,5,6.57,72.51
5345,2971,3,13,17.62,141.49
5346,1088,5,22,17.29,73.81
5347,3295,2,6,20.23,150.76
5348,663,2,27,20.06,13.04
5349,1046,3,7,26.94,50.71
5350,2384,4,19,30.22,91.47
5351,3173,2,8,6.62,153.35
5352,3404,2,7,25.51,146.9
5353,1885,2,1,5.65,104.27
5354,884,3,22,34.71,19.1
5355,767,4,19,7.42,55.85
5356,1642,3,4,8.22,93.24
5357,1716,4,21,3.4,99.27
5358,2990,1,25,23.87,108.81
5359,1857,3,27,3.86,100.29
5360,1019,4,1,32.1,43.9
5361,2312,3,13,20.33,105.24
5362,2757,2,3,2.0,145.61
5363,3435,4,25,10.67,168.25
5364,1254,4,20,25.64,63.42
5365,1116,2,15,16.28,45.45
5366,808,4,28,25.68,31.33
5367,3366,1,30,14.55,142.03
5368,615,4,0,8.05,56.91
5369,1980,1,7,13.87,94.84
5370,1194,5,16,28.07,62.04
5371,1054,3,2,25.75,56.52
5372,3400,3,23,2.82,170.63
5373,2531,3,0,23.96,124.68
5374,2002,5,5,15.55,114.3
5375,2221,2,11,20.35,107.8
5376,1154,1,26,2.36,51.99
5377,3394,4,6,28.36,155.76
5378,2152,3,30,15.0,90.59
5379,790,3,18,16.23,37.39
5380,2901,2,3,18.77,139.3
5381,1391,5,22,27.18,62.97
5382,2718,3,26,34.91,92.26
5383,816,3,19,32.07,20.67
5384,3040,3,26,11.66,140.94
5385,1655,5,22,28.21,79.69
5386,2287,3,6,5.34,136.36
5387,1411,5,8,31.37,73.57
5388,3443,5,18,24.93,165.44
5389,2685,1,21,30.48,97.11
5390,2803,3,7,9.55,149.32
5391,516,1,5,24.29,8
5392,1169,2,29,7.57,55.04
5393,2923,5,22,32.12,133.72
5394,3109,2,10,14.52,142.13
5395,2388,5,22,17.72,127.23
5396,2655,2,29,33.82,81.67
5397,1339,4,16,22.86,64.54
5398,3192,5,27,10.86,161.71
5399,2088,5,1,14.07,133.8
5400,3358,3,18,22.84,151.42
5401,2141,3,14,26.42,85.84
5402,1610,4,0,26.6,81.05
5403,1829,5,13,24.35,90.73
5404,2084,2,28,24.06,70.38
5405,1488,1,27,22.11,46.0
5406,2117,1,1,29.54,78.72
5407,743,5,28,5.78,62.46
5408,530,1,13,11.97,23.67
5409,1805,4,21,18.22,92.89
5410,3225,5,30,14.55,157.04
5411,1842,3,28,17.78,89.27
5412,1543,4,13,10.34,98.73
5413,528,1,12,18.81,9.23
5414,2199,5,27,5.51,132.06
5415,3298,1,11,3.42,153.99
5416,936,2,5,31.32,32.43
5417,1739,3,2,27.17,75.41
5418,1712,1,4,28.26,58.45
5419,1326,2,16,14.82,54.08
5420,2599,2,26,11.82,112.33
5421,2424,1,23,3.16,113.72
5422,1294,1,28,22.16,34.51
5423,1596,2,29,8.21,69.43
5424,685,3,23,2.65,45.94
5425,3004,5,7,2.03,169.92
5426,783,2,8,23.71,23.36
5427,549,5,24,15.73,46.77
5428,2942,4,27,29.72,125.43
5429,2858,4,4,29.58,132.5
5430,1600,1,6,13.33,74.73
5431,2996,3,16,1.45,156.65
5432,1338,3,24,27.18,49.19
5433,3331,4,9,34.59,147.1
5434,1818,4,20,22.73,84.53
5435,1412,5,8,24.01,85.29
5436,3072,5,1,5.77,176.18
5437,2270,1,5,25.39,89.18
5438,681,2,2,13.03,44.18
5439,2672,5,24,5.76,140.71
5440,571,4,6,29.71,28.74
5441,1129,1,7,4.28,60.56
5442,2429,3,17,15.85,107.14
5443,1985,5,11,33.49,96.41
5444,2603,4,23,10.09,135.4
5445,3312,5,23,6.4,182.3
5446,3465,2,26,21.62,141.3
5447,3127,5,27,14.48,144.28
5448,934,5,13,6.41,74.65
5449,3148,2,5,34.02,118.91
5450,1976,5,12,25.36,104.96
5451,1646,2,14,15.28,63.01
5452,1359,1,27,34.39,24.95
5453,1288,1,12,14.7,54.67
5454,3130,1,11,4.14,145.55
5455,2669,1,14,19.39,113.33
5456,2062,3,26,12.56,102.96
5457,1779,4,19,19.66,93.08
5458,1125,2,4,16.65,45.89
5459,1091,2,20,17.11,37.8
5460,2872,1,4,31.05,112.25
5461,1433,4,21,29.14,66.68
5462,2254,3,26,10.27,109.95
5463,3426,5,20,22.68,174.43
5464,1649,4,14,20.75,86.83
5465,3380,3,2,22.32,154.12
5466,1785,2,18,18.84,75.94
5467,2730,5,19,24.31,136.63
5468,2395,5,2,12.99,134.1
5469,765,3,15,21.49,30.49
5470,2588,5,24,25.22,119.85
5471,2099,2,12,29.11,81.15
5472,2596,4,13,7.98,144.98
5473,593,2,30,1.57,30.37
5474,1474,5,12,24.16,80.51
5475,1238,1,29,22.47,29.93
5476,1866,1,17,30.87,55.89
5477,2739,1,4,32.57,98.94
5478,3136,4,27,23.29,133.81
5479,902,5,24,5.55,70.7
5480,2500,1,29,14.66,89.54
5481,3429,5,1,30.68,174.23
5482,1398,4,24,5.99,84.36
5483,2772,2,12,19.81,123.95
5484,3393,5,21,32.61,148.82
5485,2288,3,19,31.67,91.97
5486,1795,1,13,17.69,69.71
5487,2385,5,19,15.07,119.11
5488,1422,2,10,13.05,68.54
5489,2327,1,25,17.55,87.98
5490,1199,2,3,11.98,67.53
5491,1893,1,21,29.7,53.76
5492,634,3,4,22.89,40.93
5493,2649,4,19,21.52,126.65
5494,1621,3,8,2.52,96.87
5495,2005,5,17,8.11,123.6
5496,1763,4,30,2.75,97.91
5497,3373,1,24,6.18,149.63
5498,1821,1,6,14.62,87.88
5499,2318,1,10,22.34,82.46
5500,2686,5,2,26.28,146.09
5501,2887,4,28,30.67,113.86
5502,1082,2,20,34.1,19.28
5503,3070,3,11,15.5,146.33
5504,2437,5,25,10.98,135.26
5505,1449,4,23,30.11,66.42
5506,771,4,6,32.88,32.36
5507,3011,3,15,8.43,143.19
5508,987,3,18,33.13,29.18
5509,1999,4,22,32.18,74.38
5510,1103,4,7,4.55,77.22
5511,2111,5,24,26.26,98.03
5512,863,3,17,13.52,44.11
5513,3388,3,20,6.57,167.96
5514,1729,1,12,30.05,51.72
5515,2027,1,17,12.8,84.51
5516,2888,4,25,14.23,133.15
5517,2411,2,9,10.92,112.87
5518,1542,4,5,25.72,82.31
5519,1914,5,11,19.52,99.42
5520,2494,3,23,32.68,85.06
5521,2997,1,13,3.16,143.09
5522,1161,2,2,18.46,56.73
5523,885,4,18,19.76,40.1
5524,905,2,25,26.95,11.01
5525,1620,4,12,24.77,84.85
5526,2803,2,22,17.55,121.06
5527,2342,3,0,26.02,116.27
5528,1013,5,12,10.81,81.44
5529,3108,2,6,27.2,134.5
5530,3098,3,29,26.47,125.13
5531,2855,5,12,25.04,143.84
5532,1272,4,12,16.38,78.5
5533,1004,5,23,13.84,59.2
5534,819,1,4,34.91,16.32
5535,2114,2,8,6.91,110.2
5536,1024,2,21,24.76,30.56
5537,1401,3,19,21.01,71.42
5538,1355,4,13,19.83,74.36
5539,2224,4,11,21.98,115.29
5540,2352,5,2,12.13,140.66
5541,3103,3,8,28.68,138.99
5542,3026,2,6,9.34,151.39
5543,1935,1,14,11.34,80.69
5544,1758,2,27,28.51,58.66
5545,715,1,17,14.05,21.85
5546,1393,1,18,20.87,46.66
5547,1961,4,28,21.82,83.59
5548,1146,2,15,24.3,46.57
5549,2038,3,25,4.15,104.29
5550,2742,3,0,34.08,117.97
5551,1870,3,2,25.77,97.07
5552,1610,3,29,24.23,58.98
5553,2750,4,15,5.78,143.29
5554,2845,1,9,16.94,120.9
5555,1487,2,2,9.59,78.45
5556,3349,1,11,24.35,138.78
5557,1697,5,26,7.73,98.53
5558,3353,5,14,18.88,171.5
5559,2411,5,26,11.77,136.95
5560,533,3,0,20.83,38.49
5561,1669,2,14,17.85,70.43
5562,1295,1,22,18.96,42.55
5563,2031,5,1,3.03,135.72
5564,1496,1,9,8.01,65.65
5565,845,3,2,32.9,33.38
5566,2690,4,5,22.46,139.3
5567,560,4,25,19.65,26.2
5568,3019,4,20,18.83,142.52
5569,2233,3,4,12.24,116.73
5570,3130,5,20,29.49,143.9
5571,1084,4,26,20.66,53.77
5572,3455,1,11,33.03,140.6
5573,1234,2,0,14.74,68.69
5574,1257,5,13,30.73,63.35
5575,3150,3,29,24.64,124.04
5576,1065,2,9,26.19,29.04
5577,892,3,25,6.22,46.53
5578,922,3,2,9.71,66.78
5579,2911,5,4,1.65,181.04
5580,1523,2,27,26.17,47.35
5581,1076,2,4,30.0,38.1
5582,1808,2,27,34.23,52.69
5583,1034,2,21,6.99,49.93
5584,612,1,30,23.55,8
5585,3014,1,27,3.57,133.67
5586,1756,2,7,20.58,73.96
5587,1288,2,20,6.93,66.03
5588,978,2,5,9.27,61.53
5589,2948,3,10,29.3,123.5
5590,1017,2,9,7.31,60.66
5591,2137,3,24,28.34,78.39
5592,520,2,8,20.84,17.88
5593,2261,4,6,10.1,128.0
5594,2889,3,7,15.87,133.62
5595,2358,4,20,31.77,100.31
5596,2846,5,20,22.25,135.35
5597,1226,5,15,29.23,55.43
5598,877,3,22,7.04,59.02
5599,2071,4,11,28.68,93.35
5600,2498,4,30,6.36,126.88
5601,1508,5,1,22.07,87.67
5602,1591,4,25,34.75,59.5
5603,1397,2,12,29.87,46.77
5604,2308,3,29,27.0,85.67
5605,2278,3,21,8.93,114.79
5606,3323,4,4,26.9,164.37
5607,2861,5,28,12.53,145.64
5608,3396,4,15,32.41,151.93
5609,1117,3,3,12.52,74.65
5610,3141,4,30,7.68,158.53
5611,3061,5,29,8.64,156.86
5612,1673,4,17,12.17,104.0
5613,2257,2,21,20.64,89.21
5614,3493,5,4,11.07,192.56
5615,2426,5,20,9.04,127.12
5616,2737,1,13,4.27,122.7
5617,1419,5,2,4.45,111.74
5618,1305,4,2,1.99,93.51
5619,594,4,25,8.08,44.37
5620,3330,2,24,29.22,128.92
5621,516,1,8,19.23,10.32
5622,2768,1,17,31.47,99.47
5623,2083,3,18,8.07,108.98
5624,1669,4,25,7.68,93.91
5625,1719,4,12,7.25,97.25
5626,2868,2,12,29.64,106.73
5627,1714,3,24,14.79,81.85
5628,945,4,4,26.43,49.91
5629,2896,5,20,31.58,135.51
5630,2845,3,16,29.78,118.24
5631,827,1,5,22.83,25.77
5632,1696,5,14,4.01,107.41
5633,2179,4,21,1.87,121.63
5634,1394,3,7,21.4,62.31
5635,634,1,30,14.25,16.38
5636,2839,1,3,14.65,136.14
5637,3442,2,18,21.46,145.36
5638,833,2,7,8.88,48.42
5639,1613,2,15,32.2,47.79
5640,1340,3,17,28.02,54.31
5641,1652,1,26,20.15,54.91
5642,3483,1,30,3.42,149.05
5643,2278,4,19,8.36,125.95
5644,2729,1,3,14.62,125.24
5645,1658,5,20,25.15,81.1
5646,602,1,27,11.59,13.93
5647,1161,1,4,19.01,49.81
5648,2208,1,12,32.14,69.56
5649,635,1,28,22.11,8.48
5650,999,2,8,18.07,47.0
5651,1848,3,17,9.88,96.23
5652,1807,2,2,15.47,90.68
5653,3348,4,18,34.47,149.16
5654,2923,1,6,32.31,115.39
5655,2065,1,2,12.01,87.56
5656,853,4,3,7.91,70.54
5657,1053,1,18,24.18,35.62
5658,1054,3,28,16.77,40.32
5659,517,2,29,18.71,10.6
5660,876,1,4,29.57,20.28
5661,2381,3,10,5.65,120.95
5662,2988,2,13,17.2,133.98
5663,2589,3,15,13.94,127.28
5664,793,2,17,27.81,17.17
5665,826,1,29,22.66,8
5666,3193,4,3,27.6,164.58
5667,1672,2,7,22.81,74.46
5668,696,1,22,9.07,28.87
5669,1874,2,10,2.75,97.29
5670,3211,2,12,3.26,156.9
5671,2744,3,26,12.71,128.66
5672,3186,4,23,11.6,160.91
5673,807,1,4,22.52,25.67
5674,766,4,18,19.46,50.21
5675,3386,5,8,18.7,179.22
5676,2099,5,9,18.23,114.74
5677,2948,2,1,2.04,168.65
5678,3370,3,13,16.35,168.31
5679,3217,4,6,13.43,168.16
5680,1096,2,14,22.7,36.99
5681,853,4,4,14.25,66.27
5682,2159,3,0,9.81,125.78
5683,532,4,0,23.55,47.44
5684,3178,3,3,29.52,146.54
5685,520,4,16,23.04,38.14
5686,1567,1,25,24.81,42.82
5687,2323,1,28,1.18,118.23
5688,2186,4,17,21.38,101.97
5689,3253,3,25,26.83,127.61
5690,531,4,13,6.73,50.26
5691,2554,1,3,12.94,118.39
5692,1439,2,17,6.03,70.91
5693,1216,5,4,10.65,83.87
5694,1137,5,6,13.17,80.35
5695,2982,5,19,11.1,160.78
5696,3474,5,8,16.38,181.81
5697,974,2,11,31.26,29.72
5698,1508,3,21,2.01,87.88
5699,1787,2,10,33.88,72.7
5700,1174,5,18,5.46,80.38
5701,531,4,9,5.0,52.02
5702,2504,5,1,21.36,129.93
5703,2402,5,7,1.99,151.59
5704,798,1,28,11.2,23.92
5705,3047,3,29,30.47,121.22
5706,816,5,10,30.63,43.19
5707,1017,5,24,31.82,46.6
5708,2423,5,13,28.2,115.99
5709,1678,2,17,2.24,94.02
5710,2775,5,7,1.77,170.83
5711,1409,3,15,34.37,41.3
5712,602,2,14,19.98,19.15
5713,972,2,3,8.55,54.68
5714,3443,4,8,32.66,147.37
5715,1481,4,19,20.57,70.75
5716,1823,3,29,17.76,81.34
5717,2024,5,18,11.41,116.47
5718,1639,2,18,31.42,46.69
5719,502,4,19,33.8,11.92
5720,1720,3,28,6.21,85.92
5721,2989,5,13,1.5,175.27
5722,1858,4,14,9.18,106.59
5723,2352,3,11,16.1,119.54
5724,1089,4,13,4.17,79.11
5725,1412,4,21,20.04,65.61
5726,739,2,11,8.48,53.56
5727,583,5,8,7.61,60.61
5728,1158,5,27,14.52,60.54
5729,1603,3,14,27.31,55.17
5730,1823,1,17,10.59,78.38
5731,1254,2,23,5.79,61.81
5732,2598,1,24,2.08,121.87
5733,827,4,22,5.28,62.29
5734,1510,4,19,4.67,95.1
5735,2689,3,10,16.59,133.68
5736,617,4,5,29.36,27.29
5737,2806,4,0,6.51,163.59
5738,1479,2,7,23.34,66.88
5739,3041,3,21,21.39,125.79
5740,838,3,20,19.29,45.99
5741,1070,5,12,8.7,77.81
5742,1072,5,13,14.34,83.62
5743,3326,5,19,4.08,185.28
5744,1142,5,4,29.19,69.55
5745,608,3,2,14.85,35.21
5746,988,3,21,9.19,52.53
5747,1221,4,12,21.54,49.3
5748,520,4,7,34.53,23.54
5749,1953,1,6,5.12,97.95
5750,684,3,17,27.53,25.47
5751,1967,1,5,6.14,91.21
5752,699,1,18,9.14,32.42
5753,1497,2,11,22.05,56.09
5754,2972,1,0,2.98,150.2
5755,588,2,22,20.78,14.02
5756,1098,2,26,12.58,46.96
5757,3430,3,22,17.74,149.37
5758,2956,3,0,25.72,137.52
5759,2873,5,25,31.55,126.85
5760,1909,2,4,26.26,84.16
5761,839,4,20,22.34,32.54
5762,809,3,10,13.81,50.4
5763,2306,3,26,9.33,118.82
5764,3018,3,30,26.74,120.72
5765,1302,5,22,32.02,63.49
5766,2543,4,13,25.19,115.43
5767,1892,1,11,7.01,78.96
5768,2212,1,4,1.9,116.19
5769,2857,2,17,3.94,138.63
5770,2742,1,13,23.51,103.22
5771,3454,5,1,6.3,197.23
5772,2100,4,20,19.6,108.46
5773,2309,1,12,22.39,84.63
5774,1873,2,4,6.14,102.36
5775,3301,4,3,19.33,164.71
5776,1065,4,26,22.62,46.02
5777,3451,3,20,18.43,146.15
5778,843,1,9,29.76,23.02
5779,2983,3,6,1.73,170.99
5780,2357,3,24,31.88,89.8
5781,2833,5,18,31.87,130.86
5782,3356,1,6,5.87,162.87
5783,2291,3,19,23.4,93.45
5784,3009,2,4,34.01,120.63
5785,2692,3,3,17.69,124.86
5786,2535,4,10,20.38,123.16
5787,1896,2,29,18.81,74.04
5788,1625,1,26,14.19,59.99
5789,1946,2,22,15.55,80.98
5790,1402,3,2,28.39,68.76
5791,2498,2,8,11.74,113.49
5792,1519,4,30,29.37,67.65
5793,3255,4,10,32.63,140.21
5794,2182,3,16,16.0,107.59
5795,1702,5,13,6.43,108.63
5796,1679,3,26,5.09,96.16
5797,1756,4,20,5.7,106.62
5798,1030,5,13,12.12,73.65
5799,2686,3,27,4.74,133.06
5800,2227,2,24,16.21,91.46
5801,2211,4,5,21.31,114.25
5802,589,5,14,20.87,47.26
5803,1382,3,21,30.83,48.89
5804,2857,1,9,15.86,122.53
5805,3190,3,28,1.15,160.51
5806,2521,4,17,34.45,107.42
5807,3324,1,9,31.96,134.37
5808,2399,2,11,4.95,120.73
5809,2628,3,22,23.28,108.43
5810,3161,5,16,5.55,175.82
5811,1698,4,17,24.14,93.29
5812,1089,2,6,16.12,48.81
5813,3494,2,22,2.91,159.48
5814,1797,1,22,32.37,45.64
5815,2499,4,24,25.81,112.48
5816,3081,2,21,5.78,145.59
5817,2630,4,6,1.15,157.62
5818,1120,1,26,33.27,15.86
5819,700,5,9,18.11,53.75
5820,1536,5,6,7.96,110.49
5821,1370,4,27,16.35,66.34
5822,2586,2,30,34.23,84.01
5823,2712,5,12,17.96,142.95
5824,1347,4,0,29.96,66.05
5825,3121,3,19,32.19,133.49
5826,2955,2,0,20.12,130.35
5827,2017,4,8,20.32,105.43
5828,1269,2,8,22.14,51.32
5829,883,5,29,8.32,67.74
5830,503,1,3,31.56,8
5831,1695,4,3,17.16,98.01
5832,3330,1,17,30.84,116.85
5833,1387,5,23,18.33,70.7
5834,646,3,8,22.69,26.09
5835,750,3,1,10.25,60.51
5836,2584,3,2,24.36,123.46
5837,1852,2,16,22.57,78.78
5838,1389,4,9,16.57,83.23
5839,1942,5,1,7.7,126.83
5840,2151,5,29,11.8,113.33
5841,1654,4,3,17.56,96.81
5842,647,1,30,32.52,8
5843,652,2,28,16.73,20.88
5844,2983,5,22,20.0,145.21
5845,3380,2,15,24.86,138.58
5846,2613,4,13,34.35,112.56
5847,2619,4,3,3.9,144.98
5848,2078,4,11,20.69,100.51
5849,3419,5,6,23.58,173.33
5850,670,3,27,1.95,46.41
5851,2696,2,11,7.45,128.74
5852,2908,3,13,12.12,147.85
5853,3390,2,17,13.57,150.45
5854,1513,5,20,21.17,83.02
5855,2585,2,9,6.41,127.86
5856,2417,4,10,20.02,122.87
5857,772,3,17,28.69,29.96
5858,2486,5,27,8.07,132.26
5859,1329,1,4,27.82,43.13
5860,2392,2,15,26.63,96.73
5861,2261,5,17,28.58,108.09
5862,3113,3,25,26.11,132.6
5863,750,2,10,5.28,36.27
5864,2246,1,30,9.11,89.25
5865,2729,4,26,7.48,144.64
5866,2811,4,4,31.12,126.97
5867,532,4,24,29.17,9.35
5868,1183,4,25,17.15,56.55
5869,2367,1,3,30.88,85.8
5870,1025,4,20,18.13,54.25
5871,2097,2,0,27.53,94.71
5872,839,2,2,2.63,62.47
5873,1079,3,4,7.58,69.11
5874,3276,1,11,26.12,124.57
5875,2480,4,15,4.19,130.63
5876,3415,4,29,5.09,163.17
5877,2874,5,20,17.14,140.52
5878,2279,3,24,14.56,110.23
5879,2364,4,9,2.38,133.95
5880,2646,2,6,10.78,124.98
5881,1589,1,0,21.91,63.82
5882,1653,2,21,13.92,73.93
5883,3418,3,6,27.53,143.83
5884,1246,2,26,4.0,52.74
5885,811,3,7,34.46,25.22
5886,1982,3,15,23.84,81.22
5887,2225,1,24,4.88,91.27
5888,968,1,29,33.12,8
5889,652,1,1,3.35,41.53
5890,2216,1,0,18.13,87.77
5891,1051,4,11,20.06,57.58
5892,2419,3,19,16.49,104.75
5893,2778,2,7,11.83,125.96
5894,1967,4,28,4.03,107.3
5895,1265,1,9,20.4,44.96
5896,1532,4,7,33.99,67.68
5897,3411,5,29,15.05,160.3
5898,3280,2,25,6.3,143.82
5899,1350,1,30,34.83,17.96
5900,3192,4,13,13.41,161.86
5901,2623,2,9,14.36,117.74
5902,2925,2,23,17.93,131.62
5903,1026,3,0,2.34,88.05
5904,3266,2,0,19.57,153.67
5905,3220,1,2,11.34,149.85
5906,1809,1,18,1.82,78.28
5907,1884,3,6,29.01,79.55
5908,3169,2,23,2.94,151.34
5909,3141,2,7,11.89,143.71
5910,1389,4,19,25.23,66.62
5911,1322,1,2,31.84,42.37
5912,714,5,26,21.24,40.79
5913,1461,1,17,16.07,56.03
5914,1768,5,30,2.53,106.93
5915,2657,2,10,24.77,110.77
5916,2958,2,19,24.22,124.35
5917,3046,2,1,32.4,124.24
5918,2208,4,2,9.24,122.62
5919,2210,4,5,19.15,112.44
5920,837,2,4,23.93,29.87
5921,2257,5,2,12.86,143.39
5922,1741,4,28,24.71,72.89
5923,1550,4,27,1.13,88.33
5924,801,1,1,34.3,21.96
5925,3288,5,30,8.21,169.21
5926,3010,4,15,32.62,126.51
5927,2976,4,19,18.13,144.93
5928,2894,1,23,11.49,121.27
5929,3233,4,19,8.91,173.02
5930,1958,1,24,25.77,62.31
5931,2161,4,13,17.28,114.92
5932,2460,4,27,31.53,94.46
5933,3195,5,17,28.56,151.75
5934,2271,5,16,31.81,115.9
5935,3231,3,0,3.98,169.53
5936,3120,2,14,32.43,112.51
5937,1204,5,5,7.26,87.15
5938,3330,5,0,20.38,178.15
5939,3317,2,14,22.88,145.16
5940,1830,2,5,19.71,86.0
5941,3124,5,21,31.33,133.74
5942,2399,3,18,20.85,105.17
5943,1802,5,17,4.61,111.13
5944,2467,4,4,15.75,138.55
5945,2970,4,12,11.08,152.03
5946,2781,3,30,26.23,109.0
5947,600,3,0,32.43,34.58
5948,1691,1,24,15.99,55.77
5949,2087,3,15,19.75,96.67
5950,1069,5,30,33.27,41.61
5951,1943,4,11,28.25,84.53
5952,3155,1,26,34.22,104.07
5953,2652,4,1,2.91,152.34
5954,517,5,5,9.9,51.11
5955,2934,2,16,33.23,100.7
5956,1931,4,1,22.3,98.67
5957,3131,1,24,5.8,138.98
5958,3494,2,10,22.54,154.23
5959,761,5,12,29.41,46.03
5960,2841,1,12,23.49,113.43
5961,2960,3,4,34.85,130.14
5962,2171,5,6,28.91,118.35
5963,3096,5,0,14.07,173.27
5964,2541,2,0,32.97,102.89
5965,1571,2,28,14.09,62.62
5966,3374,5,14,13.36,174.22
5967,2423,3,0,24.71,110.31
5968,3327,1,25,22.83,135.91
5969,1634,3,12,33.17,66.73
5970,2171,4,8,2.69,130.24
5971,2058,5,28,17.76,105.35
5972,1536,3,7,9.65,94.93
5973,3467,1,8,13.95,148.58
5974,2697,4,11,32.53,121.52
5975,2605,2,21,26.42,99.82
5976,1715,5,23,30.11,80.4
5977,3208,3,20,19.6,140.66
5978,2205,4,6,15.76,120.48
5979,2104,3,16,11.65,111.0
5980,2387,4,11,18.83,128.79
5981,518,5,28,21.7,30.0
5982,3164,4,24,28.34,144.79
5983,2797,2,21,29.19,105.6
5984,3485,4,19,24.48,162.06
5985,2693,1,11,1.81,130.76
5986,744,3,23,2.08,46.42
5987,1216,5,8,14.63,86.92
5988,709,4,6,10.53,65.91
5989,2971,2,18,2.55,142.55
5990,2507,2,27,34.05,83.84
5991,1789,3,20,27.81,66.05
5992,3308,1,7,20.12,146.49
5993,617,1,13,5.68,27.95
5994,1951,1,21,5.51,85.62
5995,3355,1,9,34.74,127.84
5996,2803,1,9,8.13,130.9
5997,1429,1,4,31.9,37.46
5998,3312,2,26,8.61,144.34
5999,2513,5,27,29.3,110.36
6000,3455,1,3,5.84,168.08
6001,3190,3,18,1.99,167.08
6002,1966,2,28,16.66,77.99
6003,1582,2,17,15.76,64.12
6004,3235,3,3,24.52,140.22
6005,2644,3,15,8.6,136.64
6006,1933,3,9,12.64,108.51
6007,828,3,20,26.72,36.88
6008,3063,1,18,8.89,134.11
6009,884,1,15,23.63,26.42
6010,1964,3,24,24.26,77.25
6011,3320,4,22,2.06,174.98
6012,1263,5,27,4.66,80.74
6013,2366,2,7,16.04,97.39
6014,1075,1,21,11.79,52.16
6015,2448,3,30,15.39,105.69
6016,1183,4,8,31.02,44.43
6017,1211,4,0,18.47,69.35
6018,3182,4,12,6.43,169.03
6019,2913,5,29,3.01,156.39
6020,2267,2,0,27.86,96.07
6021,1462,5,19,12.42,96.05
6022,742,3,10,2.1,62.67
6023,1851,5,26,21.07,97.45
6024,3273,4,14,8.74,177.38
6025,909,2,30,26.86,16.83
6026,2675,5,16,33.55,124.43
6027,1763,5,11,29.91,90.79
6028,1123,1,4,13.56,54.08
6029,1492,4,9,13.45,89.59
6030,1219,2,3,9.37,66.96
6031,1042,4,11,27.08,45.37
6032,2983,5,2,4.75,178.98
6033,1856,3,18,1.83,103.37
6034,848,5,27,25.05,45.08
6035,3149,3,7,15.82,150.78
6036,846,1,21,23.21,14.87
6037,1142,5,15,17.44,70.05
6038,564,4,4,24.23,34.77
6039,969,4,19,5.3,77.57
6040,763,4,6,30.15,30.52
6041,2585,1,26,15.53,100.24
6042,719,5,15,8.77,60.1
6043,3033,2,5,4.33,150.47
6044,809,3,14,8.41,50.58
6045,2386,4,24,17.46,114.37
6046,2813,5,21,16.34,138.98
6047,504,4,20,10.93,43.96
6048,3485,1,11,30.36,127.63
6049,731,3,8,11.81,63.48
6050,524,2,24,22.97,9.53
6051,2632,2,17,17.81,105.99
6052,1768,3,28,2.88,85.75
6053,2934,3,16,14.59,139.46
6054,3156,1,8,1.29,153.29
6055,3444,2,8,14.87,156.89
6056,1718,1,17,25.17,49.81
6057,1098,2,25,15.41,40.93
6058,1497,5,21,5.49,96.85
6059,1206,1,1,30.63,36.44
6060,1650,4,1,4.42,113.96
6061,1771,2,4,1.1,103.52
6062,1192,3,25,9.03,68.79
6063,629,5,23,7.7,52.78
6064,3252,4,16,5.13,161.79
6065,3109,4,7,15.12,166.17
6066,3271,1,20,32.91,116.2
6067,2461,2,23,13.93,115.06
6068,2926,3,20,17.53,133.67
6069,2474,2,1,2.45,133.62
6070,3362,1,24,2.71,153.71
6071,2441,1,14,4.88,114.98
6072,612,5,26,21.63,41.67
6073,926,2,6,16.6,43.66
6074,951,5,24,3.74,72.02
6075,1584,3,11,9.82,82.88
6076,1080,5,12,12.7,80.86
6077,2095,1,19,7.33,91.18
6078,2298,4,23,24.27,103.43
6079,976,5,16,15.12,68.95
6080,2894,3,12,4.62,155.7
6081,2145,4,29,27.4,76.75
6082,2024,3,15,8.05,103.34
6083,903,2,17,29.77,14.15
6084,690,2,23,5.75,35.2
6085,3315,3,21,13.95,157.79
6086,2101,4,5,17.8,114.59
6087,1338,2,0,11.09,73.64
6088,2372,4,24,4.29,126.46
6089,1721,2,20,23.81,61.11
6090,1428,1,19,14.49,57.71
6091,2678,4,6,31.16,117.85
6092,1525,4,10,13.82,91.12
6093,2815,4,18,18.36,134.82
6094,2045,5,17,27.5,98.96
6095,1447,1,0,10.46,74.01
6096,3124,2,12,25.78,137.58
6097,3326,1,24,12.71,147.14
6098,1093,5,3,23.48,68.46
6099,1186,4,29,2.96,71.41
6100,763,1,29,9.98,26.62
6101,2044,2,18,4.2,99.51
6102,2603,2,8,17.31,118.21
6103,2624,2,0,3.98,146.32
6104,2140,1,27,29.13,69.83
6105,1870,4,16,21.84,92.64
6106,3187,3,26,20.6,129.52
6107,1666,5,19,16.26,89.9
6108,1052,1,15,5.22,48.52
6109,1643,5,27,14.91,86.07
6110,2616,1,17,22.07,105.25
6111,3215,1,30,31.31,110.67
6112,1365,3,13,30.29,52.76
6113,887,4,6,29.19,47.18
6114,2001,3,14,28.81,87.15
6115,2197,1,13,21.29,82.71
6116,2796,5,2,4.02,167.18
6117,1365,5,27,24.45,59.69
6118,2897,1,12,19.03,116.65
6119,1182,1,3,26.96,39.23
6120,814,4,15,12.83,53.49
6121,3298,2,3,14.23,159.58
6122,2226,1,25,29.48,62.27
6123,814,4,19,30.27,28.32
6124,685,3,22,21.47,32.1
6125,730,2,15,23.87,15.96
6126,2021,5,24,12.32,105.73
6127,1421,3,22,15.32,76.37
6128,3285,5,29,20.92,152.39
6129,1006,2,15,29.92,31.62
6130,3089,2,4,31.97,126.62
6131,1900,1,14,28.5,69.26
6132,1254,3,17,30.94,47.17
6133,773,3,26,17.78,29.17
6134,935,2,22,7.39,47.77
6135,652,1,22,19.43,12.9
6136,1966,3,3,29.04,94.34
6137,3462,5,8,11.82,190.63
6138,715,5,7,1.3,78.39
6139,2426,5,12,18.72,128.63
6140,3046,1,20,20.96,110.86
6141,3349,3,11,30.99,137.51
6142,3078,3,29,25.8,121.82
6143,2803,5,19,30.45,126.64
6144,3105,2,10,23.13,128.31
6145,880,4,12,18.28,55.88
6146,3046,4,6,32.77,138.86
6147,2354,1,15,24.54,92.76
6148,3394,3,0,25.02,163.5
6149,1238,3,4,23.12,56.08
6150,1607,1,22,21.97,45.77
6151,3456,2,25,28.52,124.09
6152,1257,2,13,11.63,67.55
6153,559,1,28,19.51,8
6154,1599,2,9,26.87,58.74
6155,2764,3,4,23.76,127.52
6156,1644,2,25,29.45,48.32
6157,2006,1,22,21.43,66.51
6158,872,1,21,26.02,16.9
6159,2244,1,10,15.16,95.51
6160,2859,3,3,11.5,154.79
6161,1939,2,19,19.33,76.81
6162,2414,1,10,11.58,98.04
6163,3106,2,9,29.52,134.55
6164,3054,1,16,31.92,109.35
6165,1233,4,27,3.59,82.9
6166,611,2,10,14.03,26.83
6167,3025,3,5,26.48,134.34
6168,3097,2,7,17.33,140.16
6169,3412,4,13,20.82,167.98
6170,1209,2,18,12.8,52.95
6171,1449,5,12,4.17,102.11
6172,3060,5,25,26.65,149.79
6173,2993,1,26,22.12,112.93
6174,1019,3,20,22.45,50.36
6175,1109,3,0,13.87,65.68
6176,1269,3,13,7.5,69.22
6177,1728,5,17,21.55,95.11
6178,2435,3,3,32.93,103.12
6179,2657,4,13,31.69,116.63
6180,2280,3,25,10.79,109.82
6181,1664,2,23,20.11,58.62
6182,1047,5,10,12.68,80.18
6183,2342,3,6,12.56,124.81
6184,1922,2,24,29.99,57.71
6185,3095,5,25,22.13,144.29
6186,2464,1,7,20.36,105.26
6187,2978,4,9,12.11,155.24
6188,2426,4,10,2.52,143.79
6189,2375,1,25,19.68,87.91
6190,2924,5,10,10.31,164.04
6191,2754,5,30,16.48,148.36
6192,3488,5,20,14.67,170.75
6193,2045,5,30,15.74,98.01
6194,2873,3,14,1.56,154.81
6195,3370,1,14,24.81,134.17
6196,2274,5,1,3.89,145.87
6197,1568,5,14,31.88,85.54
6198,1380,5,8,28.07,80.37
6199,3432,4,3,12.45,175.5
6200,2270,3,0,23.19,110.56
6201,813,5,23,18.18,57.37
6202,2074,4,21,10.95,106.45
6203,2805,2,6,10.66,140.49
6204,3001,4,18,18.58,156.5
6205,576,3,10,26.82,27.57
6206,2175,4,27,25.05,93.99
6207,1439,4,10,11.57,92.14
6208,1582,2,25,20.07,64.8
6209,795,4,26,24.9,23.11
6210,2325,1,9,33.6,74.02
6211,1032,3,1,34.33,39.28
6212,1825,4,13,26.32,82.03
6213,2041,3,16,34.75,80.62
6214,1521,5,20,10.78,94.78
6215,1501,4,27,20.02,73.65
6216,1823,5,11,8.5,116.19
6217,3449,1,0,27.17,145.08
6218,2749,5,12,21.44,138.52
6219,844,5,20,8.09,65.59
6220,2563,3,4,31.82,103.48
6221,3400,4,14,12.91,167.01
6222,1385,4,10,15.11,84.43
6223,711,2,23,15.36,26.2
6224,1365,5,8,14.7,96.37
6225,2948,4,23,26.12,129.75
6226,794,2,6,8.56,51.34
6227,2301,4,2,17.21,130.36
6228,2337,2,26,5.22,100.24
6229,2328,3,8,30.46,88.92
6230,1208,4,28,5.62,74.23
6231,1503,4,14,19.3,76.38
6232,2770,5,15,28.67,125.79
6233,1585,4,30,27.3,59.62
6234,1674,2,30,10.7,73.36
6235,2557,3,4,20.97,126.0
6236,2382,3,28,29.08,85.62
6237,612,2,15,14.24,23.44
6238,602,3,27,6.11,39.75
6239,2466,4,14,13.06,126.91
6240,1318,3,2,3.59,93.45
6241,2429,2,20,27.42,97.98
6242,632,1,18,29.94,8
6243,637,4,11,14.55,46.35
6244,1689,3,10,9.3,90.49
6245,1866,4,11,9.36,118.66
6246,3272,2,30,15.0,134.32
6247,630,1,27,33.57,8
6248,2837,1,2,3.04,143.58
6249,1505,3,18,34.65,45.96
6250,818,1,19,24.44,8
6251,2948,5,18,21.11,142.68
6252,829,1,17,4.46,43.2
6253,1803,5,6,26.46,85.41
6254,2145,4,2,11.61,127.58
6255,1755,4,14,15.45,100.09
6256,3153,4,16,17.55,157.26
6257,500,3,23,16.69,18.48
6258,3166,4,17,31.1,135.12
6259,3400,5,0,26.17,171.27
6260,1905,5,18,13.75,103.05
6261,2657,5,2,10.39,157.69
6262,1448,1,23,7.14,64.62
6263,3385,2,15,15.38,151.68
6264,1639,4,21,9.23,92.4
6265,2691,4,5,32.1,124.46
6266,775,2,28,4.0,39.76
6267,2091,4,1,11.48,118.69
6268,1373,5,18,29.49,75.08
6269,1537,4,23,26.18,64.03
6270,1725,3,26,5.36,92.35
6271,1269,3,19,9.92,77.04
6272,3253,2,29,25.55,132.11
6273,2566,4,20,8.67,133.21
6274,3293,4,13,11.54,170.08
6275,2535,4,9,4.25,148.18
6276,2001,1,16,23.93,73.44
6277,535,2,11,18.48,26.28
6278,2213,3,17,28.7,100.15
6279,1930,2,30,22.15,62.75
6280,3112,2,22,5.04,145.89
6281,2754,5,10,12.69,147.35
6282,2864,5,9,25.0,138.94
6283,3274,1,29,6.81,154.06
6284,1852,3,25,18.64,79.98
6285,953,4,14,12.74,58.61
6286,1341,1,18,8.49,55.99
6287,2681,5,2,19.62,145.98
6288,727,2,30,19.12,16.81
6289,1557,4,6,9.81,92.81
6290,1208,3,29,6.34,49.14
6291,3322,5,28,13.58,155.84
6292,713,5,23,32.41,31.56
6293,1210,1,16,11.69,46.88
6294,871,1,9,25.61,23.96
6295,860,2,7,3.85,60.2
6296,1301,1,30,3.13,51.79
6297,1415,1,6,3.0,75.57
6298,2306,5,2,23.84,125.23
6299,908,1,19,34.99,8
6300,2748,3,21,27.11,108.61
6301,1809,4,13,26.21,83.85
6302,1751,3,28,11.32,78.52
6303,2787,2,19,21.09,123.27
6304,2949,3,10,6.19,162.76
6305,2207,3,21,3.79,109.81
6306,921,1,13,34.04,8
6307,3345,4,20,13.94,162.8
6308,3376,5,20,5.5,181.47
6309,3220,3,4,28.2,148.79
6310,2209,5,29,5.28,128.32
6311,3314,1,20,28.56,118.39
6312,1198,4,26,22.02,59.3
6313,2062,2,0,18.99,93.98
6314,3401,1,23,1.13,151.99
6315,1914,5,7,5.73,126.66
6316,3095,3,15,5.4,151.07
6317,1043,5,20,16.5,63.61
6318,624,1,30,22.94,8
6319,2397,3,17,12.55,114.26
6320,1283,5,14,32.94,60.36
6321,1092,5,11,4.0,81.44
6322,683,3,21,34.86,20.76
6323,3131,1,22,32.61,118.99
6324,2136,1,25,13.92,77.08
6325,1679,5,0,6.9,120.03
6326,552,4,25,13.19,34.17
6327,1730,4,8,16.34,98.44
6328,2986,3,1,25.41,131.77
6329,595,3,27,3.84,31.23
6330,2568,3,13,14.33,124.99
6331,3317,3,6,2.2,180.96
6332,1951,4,25,5.57,104.53
6333,2608,5,15,19.05,140.05
6334,2060,3,13,24.71,87.93
6335,3012,5,26,9.08,159.7
6336,714,4,20,5.35,62.03
6337,1065,5,0,31.08,70.63
6338,1292,5,12,1.31,97.9
6339,1644,4,26,21.03,72.14
6340,826,5,19,1.52,67.88
6341,2584,1,6,12.2,118.35
6342,2634,5,25,34.67,103.83
6343,1821,2,17,6.73,89.34
6344,800,5,22,26.62,36.53
6345,1563,4,25,20.15,77.44
6346,1760,4,4,20.07,96.92
6347,2910,3,28,4.16,141.95
6348,3119,1,26,20.19,114.09
6349,3484,2,4,23.36,153.82
6350,2779,3,27,18.36,121.28
6351,2617,4,26,22.31,117.15
6352,1858,4,22,23.47,79.15
6353,2928,2,11,27.33,125.92
6354,1260,2,16,31.81,34.41
6355,3436,5,28,1.05,185.25
6356,1131,2,11,8.13,55.3
6357,2289,5,16,12.66,123.44
6358,2230,4,29,14.92,105.42
6359,2528,5,0,21.77,134.66
6360,2759,2,15,34.1,104.81
6361,1649,5,10,29.25,80.79
6362,1446,3,20,7.82,78.02
6363,2456,3,28,12.72,113.23
6364,3074,2,29,18.1,121.31
6365,3050,4,8,19.27,148.01
6366,3309,1,22,22.63,129.15
6367,2656,4,21,31.17,116.79
6368,1823,1,26,26.44,51.93
6369,982,5,19,17.76,60.76
6370,3011,4,11,27.76,141.98
6371,794,3,24,22.81,27.49
6372,2151,4,16,21.36,106.09
6373,1473,1,29,28.5,31.04
6374,2565,2,1,29.39,106.61
6375,2122,2,26,2.28,103.21
6376,2447,2,5,32.35,92.22
6377,1092,2,16,10.55,45.62
6378,1750,5,5,17.31,102.96
6379,2180,5,1,20.3,119.81
6380,3182,1,30,3.82,138.32
6381,3095,5,1,10.34,177.13
6382,1728,5,0,3.45,120.11
6383,1866,2,14,26.42,64.2
6384,2134,4,23,17.52,110.24
6385,1916,3,8,10.27,107.08
6386,2899,2,28,14.36,119.61
6387,3019,4,15,30.1,141.97
6388,2150,2,15,5.63,103.63
6389,3076,3,23,8.01,157.48
6390,1724,5,18,3.14,107.34
6391,2954,2,22,19.04,128.83
6392,3066,2,25,18.04,127.38
6393,674,2,2,30.9,33.06
6394,3459,2,17,9.36,156.69
6395,580,4,14,12.57,43.38
6396,1150,4,5,15.17,75.53
6397,1391,5,11,14.52,85.76
6398,2119,1,14,20.08,79.61
6399,591,4,26,12.68,31.8
6400,3354,5,30,4.4,166.71
6401,2567,1,14,17.43,103.89
6402,3275,3,9,4.26,173.22
6403,1756,5,24,6.62,105.93
6404,1628,5,17,7.05,105.81
6405,3256,2,16,27.54,128.09
6406,1614,4,14,15.77,92.96
6407,2053,3,18,31.53,74.22
6408,1741,5,8,23.05,96.69
6409,3401,2,20,29.4,134.69
6410,2699,4,21,17.75,137.79
6411,1877,4,25,20.17,94.68
6412,2884,3,24,21.82,121.14
6413,720,4,12,33.18,26.99
6414,961,3,6,13.24,54.67
6415,2399,4,3,34.8,106.74
6416,1864,3,14,16.47,88.27
6417,1436,3,19,33.67,48.17
6418,3200,3,22,19.24,144.0
6419,1046,2,11,33.05,23.14
6420,2143,3,3,8.59,120.27
6421,1607,4,9,4.24,93.61
6422,2032,4,6,22.07,102.0
6423,1786,2,7,30.26,55.32
6424,1931,5,0,29.36,99.67
6425,3261,5,25,33.91,136.38
6426,1734,4,11,32.55,82.33
6427,900,4,12,2.51,74.37
6428,1575,1,24,7.58,55.39
6429,1186,2,6,26.22,39.13
6430,1736,4,0,11.22,96.62
6431,2404,1,8,14.62,94.28
6432,3095,1,8,25.8,116.39
6433,2518,5,15,25.49,126.43
6434,1691,1,17,12.88,62.53
6435,1808,5,10,34.82,80.84
6436,1660,3,22,27.06,63.38
6437,651,1,14,1.86,33.71
6438,579,1,14,12.83,18.58
6439,3276,1,21,29.78,119.29
6440,644,4,14,20.47,32.98
6441,3146,3,18,2.14,154.42
6442,1229,5,10,11.67,82.81
6443,900,4,28,24.92,42.54
6444,2868,2,21,19.69,125.46
6445,2897,4,14,14.66,146.41
6446,2254,4,7,13.51,141.13
6447,3259,3,22,18.92,140.25
6448,2361,2,4,19.16,111.79
6449,1378,3,24,3.9,78.46
6450,936,2,19,1.25,64.08
6451,1614,2,1,21.52,77.88
6452,2517,3,19,8.71,123.11
6453,2159,2,10,17.31,98.64
6454,2308,1,30,24.61,69.14
6455,2630,1,6,24.92,111.7
6456,545,1,29,16.51,8
6457,3452,2,25,13.38,144.06
6458,2796,2,12,29.03,104.66
6459,2603,2,27,12.65,119.09
6460,1471,4,25,21.1,65.32
6461,1583,1,4,31.14,56.32
6462,2257,5,3,4.01,139.91
6463,1017,2,30,7.67,45.08
6464,3066,2,10,30.47,121.55
6465,2046,1,29,4.68,80.19
6466,2824,2,26,12.33,123.48
6467,3034,3,12,34.21,124.19
6468,1581,3,12,32.1,55.46
6469,3367,2,5,13.74,161.17
6470,812,1,16,4.32,36.99
6471,3316,5,21,29.9,154.47
6472,1375,4,29,16.3,63.71
6473,2593,1,21,12.5,114.09
6474,3154,5,3,24.46,163.61
6475,1386,4,26,33.34,45.31
6476,908,5,24,31.53,40.33
6477,2534,1,8,13.99,113.03
6478,805,3,21,18.76,36.39
6479,1312,2,10,10.08,70.05
6480,1256,4,5,19.42,73.77
6481,2094,1,6,1.06,100.0
6482,1692,4,29,17.42,80.25
6483,3499,5,0,34.71,164.0
6484,944,5,7,27.37,51.08
6485,2045,2,23,21.53,84.54
6486,2477,1,20,15.15,100.63
6487,884,4,4,2.42,67.13
6488,2116,5,1,23.33,114.51
6489,921,5,12,28.67,50.79
6490,3249,2,12,29.73,134.74
6491,3180,3,25,14.62,140.32
6492,947,5,19,3.83,71.66
6493,651,3,22,31.81,13.03
6494,583,4,25,32.0,8.33
6495,2831,1,30,20.2,102.72
6496,563,2,9,5.44,34.64
6497,3211,1,22,33.69,109.38
6498,2762,1,23,30.35,94.44
6499,2788,5,3,7.39,167.28
6500,2102,4,30,1.37,115.4
6501,1635,2,3,33.66,61.56
6502,1519,4,23,5.71,87.96
6503,1896,2,12,28.06,73.81
6504,2840,1,17,25.07,109.31
6505,2365,3,25,10.4,122.7
6506,2971,2,6,27.27,126.09
6507,2007,5,7,26.7,106.09
6508,3045,1,0,14.88,136.53
6509,2337,2,28,28.32,84.8
6510,1884,3,12,20.51,83.29
6511,3327,3,3,1.88,181.18
6512,692,1,4,31.97,13.04
6513,1501,2,2,20.43,61.46
6514,2887,4,18,20.66,145.55
6515,1403,3,25,26.78,48.76
6516,2519,1,27,17.52,93.77
6517,609,2,1,12.74,28.19
6518,2847,3,2,5.41,155.07
6519,3361,4,0,12.22,182.91
6520,1449,5,18,11.91,88.43
6521,1479,4,12,19.99,82.55
6522,2153,4,14,30.43,99.02
6523,2284,1,0,14.18,106.68
6524,3187,5,25,25.34,151.9
6525,3270,2,26,3.72,153.64
6526,682,2,7,7.02,36.64
6527,2876,4,23,29.18,122.22
6528,2547,3,27,12.57,112.66
6529,501,3,17,10.55,32.41
6530,1743,4,23,28.27,72.67
6531,979,5,2,34.69,44.89
6532,1685,2,15,2.75,96.33
6533,2934,5,28,32.94,128.73
6534,1724,4,13,29.29,70.2
6535,930,1,1,17.46,46.27
6536,1756,4,11,10.86,101.14
6537,1938,4,10,16.69,94.7
6538,1121,2,12,24.23,41.13
6539,1360,3,16,12.49,78.01
6540,1332,5,0,21.7,81.85
6541,1556,4,16,30.18,66.87
6542,2277,4,23,21.06,104.54
6543,2947,2,29,30.43,99.91
6544,777,2,16,5.5,37.18
6545,2178,5,15,2.15,135.88
6546,2305,4,14,21.27,106.79
6547,2418,1,24,23.24,76.4
6548,2164,2,12,8.58,102.24
6549,2418,5,5,30.9,123.55
6550,785,1,1,33.18,8
6551,1476,3,3,5.42,90.22
6552,3206,1,13,19.35,131.31
6553,3175,2,9,7.86,155.85
6554,1490,1,25,5.87,71.09
6555,3026,5,29,8.81,156.49
6556,2143,1,26,29.84,65.77
6557,2047,5,8,25.06,107.45
6558,3006,3,20,5.44,150.21
6559,1896,4,17,30.92,79.49
6560,1751,1,4,18.2,77.23
6561,1493,4,22,29.38,65.9
6562,1585,3,16,31.12,60.65
6563,2776,3,9,19.08,132.48
6564,936,1,30,20.67,13.87
6565,2631,1,8,6.67,122.49
6566,1086,5,25,1.22,84.21
6567,1514,4,13,26.84,69.95
6568,1864,1,15,19.94,73.22
6569,2237,5,16,22.68,108.93
6570,3280,2,1,8.78,165.51
6571,2917,2,5,5.16,157.57
6572,640,1,19,33.94,8
6573,1835,5,12,33.79,96.28
6574,2862,2,17,28.58,106.12
6575,2817,5,24,17.46,145.88
6576,1331,1,8,28.25,38.78
6577,1768,5,11,28.1,93.85
6578,2441,5,12,11.53,146.47
6579,970,4,0,8.97,75.74
6580,2574,1,15,1.15,118.02
6581,1827,1,22,2.41,80.38
6582,3304,1,4,32.93,126.98
6583,1102,2,23,24.91,33.02
6584,2503,3,9,13.46,123.73
6585,1612,1,12,10.36,69.61
6586,3351,1,1,30.53,134.56
6587,1602,4,13,5.47,92.26
6588,573,1,11,6.82,31.81
6589,3289,5,14,9.6,178.14
6590,3454,4,1,17.36,178.23
6591,1899,3,23,19.46,85.62
6592,554,5,30,13.66,38.01
6593,2521,2,28,9.09,107.06
6594,3396,1,13,2.67,159.08
6595,860,3,10,16.14,45.15
6596,2143,4,2,10.11,123.49
6597,3218,5,10,18.01,172.84
6598,528,1,11,2.51,37.38
6599,937,5,13,17.88,76.17
6600,3241,2,0,21.99,145.95
6601,1935,1,18,5.44,93.33
6602,2751,3,4,9.1,149.61
6603,3387,2,18,16.3,152.92
6604,3151,2,24,17.2,133.51
6605,1894,5,5,21.18,112.06
6606,3087,3,29,11.97,144.54
6607,1011,1,13,29.64,24.77
6608,841,3,19,6.61,45.57
6609,579,4,10,29.24,20.46
6610,953,3,29,7.24,52.15
6611,2799,4,26,9.1,136.39
6612,1916,5,2,18.58,115.64
6613,2734,2,22,3.38,129.81
6614,2424,4,7,26.83,121.89
6615,3145,4,22,27.84,126.96
6616,1556,3,6,22.6,75.92
6617,1309,3,27,11.35,67.62
6618,1174,5,27,13.8,65.26
6619,2451,1,10,31.74,86.96
6620,1412,5,27,24.0,58.13
6621,676,2,19,32.14,16.78
6622,1606,5,20,1.64,109.51
6623,1715,2,9,17.01,87.13
6624,3066,1,23,2.69,129.83
6625,1675,1,19,3.24,76.99
6626,2457,4,4,10.79,132.11
6627,1187,4,12,24.61,68.6
6628,1015,3,8,21.19,48.77
6629,635,2,13,27.58,16.21
6630,846,3,29,29.23,26.78
6631,740,1,21,12.29,22.67
6632,3411,1,24,16.64,138.76
6633,1246,4,9,31.99,54.74
6634,1844,4,18,33.97,86.88
6635,552,1,20,3.24,26.5
6636,1412,2,10,21.77,70.14
6637,1617,4,25,11.41,88.79
6638,1492,3,19,15.19,77.03
6639,2201,4,25,17.21,118.07
6640,1520,5,0,27.85,80.14
6641,1180,4,24,32.03,42.38
6642,1467,4,10,1.36,94.37
6643,3447,2,4,21.57,156.09
6644,3105,1,13,11.22,138.01
6645,2356,4,2,30.4,109.16
6646,2349,5,15,9.48,131.21
6647,3390,3,10,9.83,176.57
6648,1663,2,20,9.45,74.98
6649,2140,5,15,21.36,110.14
6650,2273,4,30,13.37,101.19
6651,1596,5,7,22.15,90.05
6652,2853,4,18,1.65,160.19
6653,1808,2,23,27.45,59.16
6654,3321,3,5,18.46,157.76
6655,2785,2,10,16.53,126.92
6656,2592,1,28,8.52,117.09
6657,580,4,7,10.43,51.65
6658,3282,2,1,7.15,176.5
6659,1442,4,9,4.45,97.73
6660,2448,3,0,22.54,122.49
6661,2706,3,6,25.3,121.65
6662,1442,3,1,12.02,85.35
6663,797,4,1,5.27,73.09
6664,616,4,22,4.05,46.76
6665,1960,3,17,30.21,83.18
6666,1592,1,8,6.16,81.08
6667,3152,3,30,12.59,141.67
6668,3042,2,11,28.64,125.71
6669,858,2,10,8.91,49.29
6670,2491,5,2,20.94,134.94
6671,1521,3,28,1.72,82.0
6672,3320,3,19,33.67,129.36
6673,780,5,22,30.73,40.87
6674,1786,3,15,33.28,71.74
6675,2106,4,25,8.84,117.19
6676,1038,3,13,9.37,60.17
6677,2263,1,23,14.96,90.29
6678,3242,5,21,13.4,164.71
6679,3433,4,7,11.74,187.11
6680,2376,4,30,3.49,125.91
6681,670,3,4,2.86,53.02
6682,2551,3,21,23.17,104.42
6683,2939,4,14,30.83,127.07
6684,3337,4,0,32.04,162.46
6685,2569,1,23,27.03,90.53
6686,1665,4,23,4.27,97.42
6687,705,2,19,6.06,42.38
6688,2782,1,17,21.19,103.95
6689,656,3,25,34.11,8
6690,1495,5,16,4.87,102.34
6691,2581,4,22,19.21,118.08
6692,3305,3,29,15.3,151.68
6693,2940,1,11,22.34,116.35
6694,2139,5,17,26.79,99.74
6695,2057,4,5,18.82,121.85
6696,3426,4,5,29.02,160.47
6697,3465,5,3,23.89,179.89
6698,1132,2,14,8.17,58.01
6699,2220,3,0,16.85,116.36
6700,617,5,7,2.69,77.54
6701,2139,5,14,33.38,91.57
6702,3075,5,11,4.51,174.67
6703,1545,3,9,21.66,74.84
6704,825,3,12,17.35,49.21
6705,2811,1,30,15.78,100.45
6706,2340,3,2,30.53,102.04
6707,1882,4,28,4.43,99.23
6708,686,3,21,21.66,28.93
6709,1996,4,6,34.9,87.84
6710,2563,1,29,22.28,98.69
6711,2297,2,18,32.69,82.35
6712,1931,5,26,33.69,80.88
6713,2255,3,24,27.89,88.65
6714,2453,4,25,9.23,131.14
6715,3273,2,3,13.87,154.19
6716,2924,2,26,15.13,118.99
6717,2020,3,17,17.34,99.97
6718,1088,3,21,2.96,74.45
6719,2035,3,10,11.92,96.63
6720,1711,5,1,18.25,90.66
6721,3448,1,21,20.16,146.21
6722,2826,4,12,22.46,130.82
6723,1470,5,16,17.26,84.57
6724,1378,1,6,28.14,47.35
6725,1655,2,16,8.47,80.77
6726,2876,1,9,8.6,132.14
6727,1144,5,9,22.03,69.94
6728,3332,3,3,15.88,165.16
6729,2827,5,30,22.89,129.33
6730,2087,2,16,22.05,88.82
6731,3339,2,11,4.39,161.22
6732,1095,3,4,16.38,59.34
6733,1840,4,1,1.14,123.8
6734,1419,3,1,13.66,82.99
6735,2417,4,27,29.83,101.97
6736,822,3,16,20.17,36.97
6737,678,3,3,32.38,27.61
6738,2576,1,10,3.36,122.63
6739,2148,4,1,25.13,112.18
6740,1390,5,4,17.59,79.98
6741,2766,3,24,10.36,130.59
6742,2780,4,25,7.59,141.14
6743,839,3,4,17.1,42.8
6744,1654,3,9,6.28,89.8
6745,1092,2,25,34.22,19.56
6746,2698,5,26,14.36,134.83
6747,3466,1,7,30.52,136.01
6748,2003,1,7,33.06,69.06
6749,950,5,1,24.65,59.68
6750,2905,1,29,9.96,123.27
6751,997,5,24,9.45,67.39
6752,849,1,8,16.44,33.35
6753,878,5,18,29.33,45.23
6754,2876,5,4,25.94,148.12
6755,2049,5,4,31.21,102.45
6756,2761,2,9,3.16,136.69
6757,685,2,8,3.67,55.4
6758,2612,1,3,33.09,101.68
6759,2803,1,9,1.33,149.48
6760,3356,2,5,11.71,160.12
6761,974,4,27,20.97,48.49
6762,657,5,11,15.08,54.63
6763,2845,3,25,2.62,148.2
6764,909,3,21,28.8,28.61
6765,2379,5,6,3.35,150.06
6766,1948,4,8,11.7,114.7
6767,1012,2,14,12.16,56.15
6768,723,4,23,10.1,46.98
6769,1411,2,27,34.77,29.29
6770,3069,5,19,32.32,139.29
6771,2651,4,0,21.55,137.38
6772,3400,2,12,26.42,148.61
6773,3018,3,2,7.32,151.79
6774,790,1,26,14.1,12.55
6775,1418,2,13,26.81,48.05
6776,767,5,1,12.82,69.73
6777,2124,2,2,24.31,94.46
6778,2686,5,12,22.9,136.5
6779,1709,4,25,4.22,95.6
6780,2091,3,0,3.09,129.56
6781,2305,3,30,18.72,93.08
6782,2799,4,24,22.61,127.3
6783,2891,5,18,10.24,156.09
6784,549,2,12,28.48,13.05
6785,603,1,29,31.33,8
6786,794,4,15,33.29,29.27
6787,1408,4,10,20.52,74.04
6788,1327,1,14,18.95,51.4
6789,953,1,14,4.62,46.46
6790,713,1,8,21.95,16.12
6791,1197,1,8,10.74,67.26
6792,1960,3,27,21.13,87.73
6793,2333,3,7,8.9,121.64
6794,3218,5,23,14.84,157.08
6795,3372,3,11,32.96,143.12
6796,2466,1,26,8.18,118.6
6797,1459,3,7,31.83,65.0
6798,1774,5,22,28.1,76.82
6799,2890,2,12,22.3,127.05
6800,2080,1,30,26.15,63.09
6801,2456,4,7,4.53,130.52
6802,1742,4,22,32.04,72.85
6803,1618,5,15,25.4,89.8
6804,2794,3,27,18.89,130.1
6805,1849,2,26,22.14,72.72
6806,2089,5,14,23.57,101.82
6807,1568,1,29,33.6,32.08
6808,1009,4,29,21.7,46.91
6809,2303,1,13,1.2,108.61
6810,2456,2,26,11.86,112.38
6811,2988,2,3,30.95,125.87
6812,600,4,22,28.59,23.69
6813,2782,5,6,32.77,130.41
6814,1738,4,6,28.87,85.94
6815,2691,5,14,1.53,166.57
6816,3073,3,11,17.52,142.72
6817,1445,5,22,9.07,86.79
6818,905,5,12,14.52,60.9
6819,2888,2,11,11.95,128.32
6820,724,3,0,22.12,35.68
6821,1211,4,1,1.24,90.05
6822,955,1,2,28.81,20.46
6823,2237,1,13,3.39,105.01
6824,1556,3,30,27.22,52.05
6825,3053,5,2,5.74,182.07
6826,692,5,16,5.76,65.51
6827,1291,5,27,11.3,86.35
6828,3057,1,24,24.13,112.03
6829,3403,5,27,14.77,173.3
6830,1393,1,1,9.97,75.46
6831,1574,5,3,17.79,108.57
6832,3072,2,20,34.72,103.38
6833,1986,3,23,15.25,89.34
6834,794,5,17,5.63,66.1
6835,1072,1,13,8.25,56.83
6836,2128,3,3,17.34,112.32
6837,758,2,26,1.99,43.37
6838,976,4,19,9.12,66.7
6839,2575,2,10,32.04,98.1
6840,2394,4,8,1.51,141.62
6841,1498,2,7,27.57,54.19
6842,1434,2,10,5.76,71.57
6843,2685,2,28,31.15,96.87
6844,916,2,12,31.19,16.05
6845,1484,4,18,9.84,89.43
6846,1177,2,10,7.29,59.74
6847,3018,4,24,9.75,149.08
6848,1517,4,24,24.92,71.76
6849,2720,4,16,4.84,150.88
6850,1766,2,7,2.58,98.52
6851,1554,1,19,25.06,54.61
6852,2461,1,26,12.35,100.13
6853,3377,3,19,23.94,146.92
6854,3122,4,22,31.22,130.63
6855,2472,5,15,32.59,124.21
6856,2863,1,22,6.17,130.58
6857,3421,3,30,14.27,152.81
6858,2189,2,28,25.63,80.85
6859,2125,4,23,1.76,123.35
6860,1716,1,17,28.07,56.9
6861,1217,5,10,12.72,78.39
6862,2505,4,24,8.73,124.68
6863,2365,5,6,21.46,123.68
6864,2871,3,24,12.77,137.9
6865,2811,2,8,25.47,118.75
6866,763,4,21,8.36,55.17
6867,2103,4,0,8.43,124.15
6868,1954,4,30,23.2,83.26
6869,2265,1,3,6.45,115.99
6870,1156,2,6,2.04,71.44
6871,559,5,1,13.29,59.95
6872,2581,2,18,33.78,92.25
6873,3073,3,20,19.99,133.25
6874,1201,1,1,31.19,36.77
6875,3297,5,16,7.89,180.94
6876,3433,4,11,26.92,163.13
6877,1690,5,11,6.08,114.09
6878,762,5,14,29.73,40.55
6879,2754,3,4,19.52,133.22
6880,2289,2,15,21.84,102.62
6881,2260,2,20,14.45,105.49
6882,3492,3,11,12.29,173.19
6883,3303,1,0,33.54,130.53
6884,970,5,9,24.41,58.38
6885,1548,2,4,15.6,79.68
6886,552,2,13,1.37,48.59
6887,2350,2,4,9.18,127.63
6888,2666,2,0,24.98,120.21
6889,1279,3,21,5.84,73.38
6890,2371,3,25,7.96,112.16
6891,969,4,24,20.49,50.19
6892,2982,1,27,15.13,113.54
6893,2123,2,3,15.35,107.19
6894,2079,5,15,25.71,100.64
6895,1751,1,7,8.02,89.36
6896,1535,1,30,1.64,67.23
6897,907,4,12,9.97,62.33
6898,2738,3,9,27.82,120.14
6899,1856,5,0,4.39,127.68
6900,2167,3,4,20.72,103.37
6901,2191,2,16,1.12,115.45
6902,1969,1,10,28.82,70.09
6903,3179,5,30,28.41,130.02
6904,2202,1,23,25.44,65.22
6905,1299,1,10,29.44,36.35
6906,3359,2,22,6.53,151.68
6907,3206,5,29,2.63,165.59
6908,2367,4,20,11.34,122.35
6909,1932,3,23,2.95,100.63
6910,2535,4,5,32.91,107.47
6911,3270,2,19,13.38,146.7
6912,1850,2,26,12.04,77.39
6913,2574,4,26,7.17,126.79
6914,2704,2,12,2.37,140.26
6915,837,4,8,19.07,56.2
6916,1543,3,25,31.68,51.68
6917,2578,1,22,26.81,81.02
6918,2268,1,25,31.22,71.14
6919,1767,2,5,21.71,82.04
6920,3377,3,30,24.53,135.77
6921,1708,3,19,30.9,71.31
6922,1944,5,13,16.06,112.35
6923,2322,4,19,21.65,110.67
6924,1271,4,18,28.11,53.27
6925,1415,1,22,11.39,53.26
6926,1084,4,27,9.5,66.8
6927,3296,1,2,34.91,132.87
6928,1960,5,18,16.8,106.7
6929,659,1,28,12.85,18.91
6930,976,2,6,13.88,49.74
6931,2636,5,24,13.78,142.67
6932,1615,4,13,24.15,78.75
6933,788,2,21,18.26,22.49
6934,3028,2,0,24.35,132.43
6935,2530,3,12,31.69,103.61
6936,3492,5,19,26.67,155.34
6937,2462,5,28,30.25,102.65
6938,3094,3,22,14.39,139.75
6939,699,2,6,18.71,26.82
6940,2626,3,28,29.18,101.47
6941,2602,3,23,22.85,119.67
6942,2597,4,16,23.17,118.36
6943,2736,3,24,8.98,127.23
6944,1494,1,22,31.92,33.43
6945,2828,1,20,1.14,132.98
6946,3020,5,19,29.89,145.31
6947,3481,3,25,10.41,152.47
6948,3201,3,27,28.2,131.07
6949,1635,1,27,33.74,30.42
6950,1197,4,4,14.11,79.0
6951,1906,3,20,8.9,98.13
6952,2826,1,22,14.29,106.58
6953,1561,2,10,20.71,69.93
6954,3003,5,10,33.46,138.0
6955,3108,5,23,2.84,174.12
6956,2844,4,11,18.21,134.68
6957,1787,4,16,26.72,86.46
6958,2206,5,2,13.87,128.76
6959,2655,3,26,8.41,126.91
6960,3340,2,1,34.87,137.87
6961,3171,1,25,24.35,105.67
6962,884,2,10,23.36,36.08
6963,3129,1,15,18.27,130.87
6964,1108,2,6,25.33,50.32
6965,2552,3,9,1.46,146.04
6966,2907,5,10,5.42,164.68
6967,2770,3,21,27.04,113.91
6968,1066,4,10,7.65,71.14
6969,2378,2,10,24.61,97.0
6970,1666,5,14,6.3,99.3
6971,2933,1,6,5.75,143.71
6972,2495,1,9,15.41,111.05
6973,3008,3,28,2.13,149.42
6974,2007,3,22,16.35,96.41
6975,671,2,1,2.39,56.67
6976,1296,4,9,10.03,85.43
6977,1976,5,8,28.18,101.55
6978,1155,1,17,20.17,34.92
6979,3214,5,2,33.52,158.8
6980,558,4,10,2.01,64.31
6981,2159,1,28,6.23,98.7
6982,2716,2,20,25.14,99.34
6983,608,3,12,11.07,34.6
6984,1517,1,29,9.73,61.47
6985,2014,3,25,32.95,69.57
6986,2170,2,22,12.32,95.4
6987,527,4,15,17.57,27.03
6988,1776,2,7,22.97,73.78
6989,2499,4,27,34.53,91.19
6990,1576,4,1,1.99,106.85
6991,1228,2,12,20.23,48.6
6992,1082,4,28,32.59,20.97
6993,571,2,30,24.31,9.04
6994,2034,3,21,1.79,115.53
6995,926,4,24,21.59,32.5
6996,2393,1,29,25.52,83.9
6997,1895,1,5,2.31,101.45
6998,1535,3,19,2.13,98.14
6999,2287,5,15,31.4,110.74
7000,3482,1,17,23.07,136.04
7001,3309,2,24,24.33,133.28
7002,797,5,5,20.65,66.46
7003,2047,5,4,4.82,135.57
7004,2467,1,5,6.89,116.46
7005,2211,1,27,2.89,88.44
7006,2592,2,20,16.75,107.6
7007,1645,2,14,27.5,57.51
7008,1827,4,23,19.41,93.32
7009,2322,2,28,19.62,93.82
7010,1117,2,22,23.45,40.0
7011,3341,1,30,3.69,151.33
7012,2863,5,1,31.65,141.18
7013,1559,4,22,15.25,75.89
7014,1608,4,13,1.45,104.15
7015,2825,4,26,24.55,129.23
7016,1586,4,4,24.62,83.1
7017,1552,3,5,13.3,87.08
7018,3346,3,15,17.82,161.02
7019,2696,3,0,16.01,140.28
7020,1616,4,10,17.27,81.16
7021,2376,1,13,3.94,118.4
7022,2984,4,30,32.32,116.23
7023,2735,3,4,14.56,144.49
7024,2599,2,28,14.64,111.46
7025,3447,1,22,22.89,132.18
7026,609,1,10,7.66,33.35
7027,2518,1,20,18.54,94.48
7028,3484,4,17,18.52,168.5
7029,1324,1,22,29.54,27.73
7030,2433,5,26,13.5,122.78
7031,762,2,14,20.81,29.19
7032,1213,3,4,19.93,65.95
7033,1978,2,11,23.86,80.22
7034,573,1,18,21.53,18.3
7035,3026,5,21,9.9,165.98
7036,3377,1,15,1.04,161.18
7037,2607,4,15,30.66,116.75
7038,2464,4,20,4.52,136.52
7039,724,4,26,10.7,44.6
7040,2744,5,11,25.89,139.54
7041,2945,4,14,24.78,134.44
7042,840,1,10,34.13,8.21
7043,875,1,29,29.18,8
7044,2420,1,26,4.61,105.46
7045,2774,3,0,25.7,131.34
7046,1925,3,18,17.1,89.88
7047,3310,2,22,24.21,134.74
7048,3263,2,19,31.64,126.94
7049,2427,3,28,22.23,96.79
7050,2387,3,20,8.82,116.38
7051,2954,4,10,21.23,143.96
7052,1766,3,26,26.84,60.73
7053,1919,2,12,23.55,74.88
7054,1556,2,1,10.56,76.53
7055,2156,3,3,12.87,113.72
7056,661,3,2,31.62,21.29
7057,1268,2,14,32.87,45.65
7058,2319,4,25,26.55,98.68
7059,2848,5,14,13.9,158.2
7060,2043,1,26,19.03,77.62
7061,1906,4,24,4.01,108.76
7062,3192,1,25,13.35,127.48
7063,1721,5,23,14.29,91.56
7064,2909,5,1,18.53,158.22
7065,1366,3,16,14.63,68.43
7066,1956,4,8,10.03,114.77
7067,609,5,19,20.64,37.89
7068,2031,2,10,5.94,106.29
7069,2307,5,3,4.3,152.12
7070,732,5,11,28.22,47.96
7071,790,5,8,14.95,57.34
7072,2768,3,19,8.56,139.61
7073,1179,1,7,13.14,50.68
7074,3227,2,1,28.84,137.24
7075,2359,2,20,10.35,113.94
7076,663,2,4,23.33,25.03
7077,2214,3,4,12.77,122.57
7078,1049,1,10,29.95,24.59
7079,1714,5,26,6.57,93.16
7080,2483,5,27,4.47,133.99
7081,2997,2,30,3.18,138.93
7082,3297,3,19,25.78,136.8
7083,1647,4,9,14.14,92.17
7084,2366,1,15,25.52,93.23
7085,1532,4,25,30.91,63.78
7086,2376,2,15,12.42,112.46
7087,694,3,11,28.22,18.42
7088,2235,4,27,33.05,79.65
7089,2252,5,29,18.12,107.89
7090,2719,5,14,32.98,120.39
7091,1854,3,8,12.2,98.43
7092,1707,1,7,10.44,85.24
7093,973,5,29,34.83,33.23
7094,3334,2,13,34.82,122.04
7095,513,3,30,21.47,15.67
7096,3217,1,22,20.77,131.08
7097,1528,4,28,9.47,79.73
7098,1641,5,9,27.78,84.09
7099,2460,5,7,15.35,139.1
7100,986,1,11,14.93,35.05
7101,2146,2,22,5.5,111.81
7102,754,4,0,23.35,44.32
7103,1873,5,8,18.63,115.91
7104,918,4,1,5.46,66.63
7105,1034,4,20,32.41,38.35
7106,2302,2,25,31.09,80.23
7107,3164,4,2,19.25,158.99
7108,1721,4,27,30.73,64.32
7109,2213,2,27,3.13,106.35
7110,813,2,17,24.75,21.6
7111,2513,5,27,7.32,141.75
7112,694,4,13,3.64,57.06
7113,3354,3,11,22.17,146.79
7114,2042,2,11,15.72,93.26
7115,3402,3,2,18.78,171.61
7116,2756,5,5,12.51,157.15
7117,811,2,29,23.53,16.22
7118,2892,1,29,32.46,88.76
7119,3012,3,12,21.04,136.7
7120,1770,2,17,18.05,68.88
7121,1140,5,9,16.27,79.06
7122,1493,1,21,8.49,63.92
7123,3262,2,26,21.97,121.44
7124,873,2,6,26.36,28.37
7125,568,2,27,15.71,13.0
7126,1700,2,25,16.05,72.42
7127,2468,5,12,5.63,153.61
7128,1884,2,15,5.9,92.6
7129,2395,4,0,25.56,123.88
7130,2478,4,17,8.7,137.25
7131,1600,4,2,33.52,77.32
7132,2699,2,26,8.54,121.88
7133,3112,3,26,30.58,123.0
7134,3384,3,15,9.25,153.91
7135,2241,2,6,33.44,91.71
7136,2355,4,20,25.27,112.46
7137,649,1,8,12.24,26.92
7138,2892,4,6,3.07,168.68
7139,1015,4,7,26.35,51.56
7140,2755,3,26,32.43,102.01
7141,2335,1,9,25.11,90.2
7142,3477,2,10,12.63,161.02
7143,1689,4,16,21.52,84.73
7144,2870,4,28,32.13,108.65
7145,2376,1,9,4.54,103.87
7146,2701,1,11,27.82,108.64
7147,2225,3,12,30.56,85.75
7148,1906,4,19,1.35,115.38
7149,1640,5,21,32.53,71.56
7150,2545,2,6,7.37,136.58
7151,1230,5,27,3.4,81.88
7152,2966,3,11,19.18,134.97
7153,3324,4,0,1.36,196.15
7154,1479,5,8,32.96,64.39
7155,2886,5,21,29.62,136.72
7156,630,4,13,1.82,58.47
7157,2773,5,10,8.02,168.89
7158,693,2,27,33.48,8.25
7159,2858,5,0,24.59,150.49
7160,2543,1,27,26.81,97.59
7161,1088,5,7,9.42,76.86
7162,1812,5,24,34.94,78.46
7163,656,5,21,1.57,70.42
7164,1346,4,8,29.48,69.66
7165,1309,3,12,16.59,71.55
7166,2511,2,16,27.08,103.76
7167,790,3,29,13.95,29.44
7168,2007,4,22,32.16,76.42
7169,3235,3,11,33.66,131.74
7170,2834,3,11,1.86,156.6
7171,1903,3,28,23.05,73.56
7172,2806,1,14,4.9,126.46
7173,2605,3,28,31.26,103.29
7174,2790,2,19,12.73,116.54
7175,1157,3,4,26.13,51.43
7176,752,4,28,23.74,26.26
7177,2669,5,5,27.34,141.38
7178,894,1,19,22.39,24.89
7179,1257,1,9,29.3,33.58
7180,1711,3,4,3.04,108.37
7181,1337,1,25,28.43,35.37
7182,3051,3,14,7.88,158.94
7183,2600,5,4,11.21,159.72
7184,1984,2,5,25.6,86.83
7185,875,2,23,34.73,14.44
7186,3376,2,18,7.81,155.39
7187,2287,2,9,22.9,98.02
7188,1526,1,5,28.11,51.58
7189,862,5,28,2.32,65.97
7190,1948,4,18,11.78,97.21
7191,2827,1,22,1.91,135.3
7192,1535,1,4,28.22,50.93
7193,3184,2,28,6.23,144.71
7194,2767,5,2,33.46,134.84
7195,966,2,25,11.29,54.64
7196,1573,5,22,13.47,87.34
7197,781,2,6,21.43,31.51
7198,1220,4,13,19.59,61.03
7199,857,2,15,9.13,46.36
7200,977,2,0,27.29,37.33
7201,3036,1,28,24.66,110.16
7202,1416,1,2,10.86,71.43
7203,1750,5,1,6.53,113.39
7204,2777,5,20,18.96,138.57
7205,787,5,12,24.03,47.96
7206,1271,1,26,20.46,40.74
7207,3269,5,27,21.06,152.94
7208,1388,2,10,14.35,66.3
7209,2800,2,3,16.04,137.5
7210,3064,4,15,2.83,173.76
7211,1730,1,29,17.46,65.7
7212,3329,5,28,20.15,158.45
7213,3032,1,28,18.21,117.13
7214,1815,1,3,9.13,84.6
7215,1343,2,0,26.96,60.4
7216,1579,5,11,15.62,95.09
7217,2519,1,8,31.41,86.62
7218,737,4,14,12.79,52.14
7219,3380,2,11,25.05,141.5
7220,808,4,24,26.38,30.07
7221,981,4,0,29.4,45.69
7222,2563,1,2,23.18,96.09
7223,3251,1,10,27.2,126.04
7224,626,2,24,30.13,8
7225,3006,4,27,27.23,133.09
7226,2390,1,0,12.74,114.27
7227,2988,3,12,32.08,132.79
7228,2126,5,7,30.28,95.84
7229,1060,2,6,24.46,48.1
7230,3290,3,16,28.84,141.1
7231,608,5,15,30.47,38.76
7232,2791,4,6,9.49,155.71
7233,1385,3,6,29.71,60.31
7234,2689,4,9,10.7,139.99
7235,3350,5,22,18.89,167.82
7236,1200,2,14,12.39,67.2
7237,3499,1,26,20.64,138.69
7238,1831,5,26,24.54,92.39
7239,3309,3,17,33.15,134.02
7240,961,2,19,27.16,21.97
7241,2859,4,25,1.81,153.27
7242,1176,2,13,17.85,55.15
7243,2797,2,17,25.15,116.34
7244,3100,2,4,33.4,135.15
7245,2678,1,1,9.78,128.47
7246,1991,5,9,15.05,119.76
7247,1620,5,13,26.09,87.63
7248,2109,2,15,27.07,79.66
7249,1033,1,12,8.75,43.69
7250,1190,5,14,17.35,75.22
7251,652,1,8,13.18,26.56
7252,954,3,8,28.17,45.52
7253,2014,4,5,19.5,104.84
7254,3379,4,28,3.33,164.43
7255,2196,5,12,5.02,130.84
7256,1312,4,2,4.04,105.55
7257,2988,2,12,26.45,127.7
7258,1891,3,12,34.03,73.28
7259,1557,2,23,14.54,70.19
7260,1546,2,15,16.37,67.07
7261,1593,1,6,10.86,76.01
7262,3309,3,8,34.72,134.48
7263,2820,3,21,14.95,129.96
7264,528,1,2,21.43,17.62
7265,2194,2,4,17.88,104.65
7266,2640,4,25,20.96,123.3
7267,1593,2,22,4.37,87.47
7268,2322,2,12,28.13,81.18
7269,1449,5,11,23.38,89.1
7270,1830,4,0,34.31,76.44
7271,2898,2,8,2.0,148.53
7272,2164,3,1,19.48,102.45
7273,785,2,13,28.32,23.8
7274,578,2,8,28.75,8
7275,3073,3,17,10.25,158.77
7276,2398,1,0,24.49,90.04
7277,1207,4,29,20.39,52.49
7278,3407,1,9,28.58,127.73
7279,2932,3,8,10.69,148.91
7280,1848,3,4,29.4,75.97
7281,3353,4,26,24.64,157.12
7282,1034,4,10,6.73,72.43
7283,531,1,3,15.11,33.56
7284,3442,1,20,34.76,116.97
7285,1338,3,9,16.67,67.55
7286,1806,5,5,8.96,113.73
7287,3261,1,26,14.92,133.02
7288,1164,4,8,31.92,55.97
7289,2606,5,15,25.43,124.84
7290,689,1,2,16.13,23.66
7291,2405,5,30,33.16,105.65
7292,1662,3,14,14.77,88.8
7293,806,2,1,30.12,34.08
7294,2819,3,17,10.58,131.96
7295,3362,3,5,22.27,164.44
7296,1504,3,22,12.92,66.89
7297,1113,5,6,22.76,62.06
7298,2432,3,27,14.78,110.17
7299,2514,5,17,5.24,148.47
7300,2198,3,12,10.31,124.56
7301,2369,4,3,29.15,109.64
7302,3485,1,26,18.84,143.14
7303,2419,1,21,31.26,79.77
7304,3455,1,15,25.74,131.72
7305,994,1,13,5.05,48.39
7306,1542,4,22,23.09,75.35
7307,922,5,27,18.16,58.65
7308,1987,3,5,25.87,93.34
7309,1736,4,6,33.63,80.43
7310,2738,3,22,7.28,128.17
7311,2535,4,9,20.03,131.46
7312,2377,1,1,16.94,99.49
7313,2795,1,20,6.0,125.59
7314,888,2,2,26.53,39.66
7315,3478,5,26,2.05,194.98
7316,2163,4,18,34.03,86.87
7317,747,5,13,23.64,46.63
7318,2716,4,11,31.96,120.84
7319,1332,5,6,29.18,69.12
7320,758,4,9,14.69,49.6
7321,3238,5,4,34.15,153.37
7322,556,2,21,34.76,8
7323,2434,1,26,26.74,69.44
7324,2330,1,25,9.36,89.36
7325,2630,1,16,22.47,101.67
7326,3422,4,24,28.46,142.47
7327,2875,2,5,2.24,153.33
7328,3393,1,18,33.77,113.2
7329,2608,2,8,18.16,112.07
7330,3332,4,15,25.57,148.63
7331,2715,4,27,14.92,126.69
7332,1923,1,27,17.14,62.44
7333,1673,3,25,12.57,77.99
7334,2428,4,11,24.02,118.93
7335,867,5,16,6.45,84.73
7336,1611,4,15,20.63,91.62
7337,514,1,6,11.45,26.34
7338,749,2,13,34.15,8
7339,2126,5,7,2.98,143.02
7340,3216,3,11,6.84,170.03
7341,2020,4,7,9.21,111.71
7342,635,4,24,27.36,18.39
7343,1556,1,23,13.96,55.81
7344,1904,2,20,6.05,97.3
7345,2404,4,23,17.27,118.66
7346,2785,2,15,26.84,114.89
7347,2854,5,0,3.1,177.24
7348,1359,4,23,32.42,41.78
7349,2171,5,29,8.1,122.54
7350,1389,3,4,6.08,91.44
7351,1953,4,5,27.29,95.72
7352,1072,2,15,23.92,34.39
7353,1262,3,24,20.71,54.79
7354,1439,4,26,27.07,60.9
7355,3362,1,0,19.47,146.0
7356,1350,3,29,31.47,38.81
7357,1337,4,0,10.08,94.35
7358,1305,1,20,22.31,49.3
7359,2607,2,17,10.55,114.28
7360,837,2,11,22.95,36.19
7361,2742,1,8,16.8,112.14
7362,3411,3,24,32.8,137.15
7363,3275,1,15,33.28,114.41
7364,567,4,9,13.56,43.93
7365,3391,3,9,11.28,169.65
7366,2005,4,21,24.69,87.75
7367,1411,4,19,23.74,64.71
7368,1344,2,20,29.01,41.61
7369,1311,5,13,18.76,76.27
7370,3472,2,16,34.73,135.47
7371,1374,5,1,8.51,90.32
7372,2419,5,27,8.4,134.09
7373,1365,1,22,13.66,51.08
7374,2588,3,24,20.78,113.69
7375,3261,4,30,12.75,153.25
7376,3305,1,4,12.28,153.06
7377,2122,4,13,30.82,93.08
7378,3112,1,12,22.97,119.25
7379,1414,3,15,15.2,74.4
7380,2827,5,21,19.08,143.46
7381,1510,2,17,20.84,59.58
7382,3493,1,7,18.94,148.22
7383,1258,3,4,30.12,51.76
7384,1832,3,18,26.82,76.35
7385,1491,4,9,8.0,91.74
7386,2943,5,8,21.91,146.9
7387,2943,3,0,7.84,153.86
7388,1671,4,11,15.81,90.17
7389,3213,3,6,3.53,176.55
7390,628,1,4,26.1,17.22
7391,872,1,21,5.98,40.17
7392,1335,4,21,13.79,67.3
7393,3297,2,11,26.02,135.22
7394,3448,2,5,33.2,136.1
7395,1337,3,29,18.17,54.53
7396,767,4,21,14.31,49.85
7397,893,5,3,2.14,91.57
7398,2264,4,23,33.99,90.25
7399,593,4,6,34.19,25.33
7400,1746,4,24,27.14,68.6
7401,2838,2,21,16.95,118.6
7402,1644,1,15,34.72,47.51
7403,738,5,21,1.79,67.73
7404,2199,3,29,32.88,78.93
7405,3396,3,20,33.29,139.24
7406,2510,2,22,10.24,116.44
7407,2283,5,26,11.2,130.07
7408,3320,2,17,15.98,142.42
7409,2749,1,23,27.21,103.1
7410,1035,5,30,20.47,48.08
7411,3200,3,12,15.85,154.34
7412,1283,4,17,28.16,55.25
7413,1740,4,14,4.08,98.27
7414,2558,2,14,10.3,119.67
7415,1581,3,1,21.61,76.55
7416,1377,5,1,14.43,96.72
7417,1824,1,4,9.15,81.97
7418,2923,4,8,14.37,151.34
7419,2991,2,8,32.63,115.83
7420,1967,3,16,14.79,105.34
7421,1851,2,3,7.35,103.65
7422,631,2,16,16.36,28.99
7423,520,5,17,2.53,56.86
7424,3047,3,12,15.52,149.74
7425,1727,5,25,2.99,103.69
7426,1631,4,13,25.98,77.63
7427,2887,1,21,26.22,107.4
7428,1226,1,25,12.49,45.07
7429,1473,5,26,24.14,66.72
7430,2757,4,22,18.09,117.77
7431,3375,1,20,20.14,134.27
7432,1739,1,10,18.72,68.6
7433,1407,2,6,13.68,73.6
7434,3429,4,0,4.41,186.95
7435,1415,5,10,11.73,103.15
7436,1185,5,10,27.7,64.49
7437,2473,2,25,18.63,108.65
7438,627,1,5,30.09,16.17
7439,1949,4,3,33.75,92.99
7440,724,4,23,32.09,25.39
7441,871,5,9,21.66,58.26
7442,2143,3,1,30.82,92.38
7443,1876,1,18,4.23,90.87
7444,1411,5,13,19.1,74.16
7445,833,5,13,28.03,40.56
7446,2696,1,20,11.58,114.78
7447,1104,5,27,7.94,77.44
7448,2787,3,0,17.67,147.71
7449,3375,1,19,15.37,145.15
7450,1350,2,2,26.92,60.99
7451,1644,5,11,6.55,113.06
7452,1586,1,21,2.77,78.85
7453,1373,4,27,23.99,63.84
7454,1987,5,17,12.86,110.86
7455,1132,4,8,19.39,63.63
7456,3328,2,28,15.09,142.73
7457,1037,1,20,8.8,47.66
7458,2017,1,13,11.81,90.05
7459,3259,1,5,4.75,155.96
7460,3134,1,17,3.78,144.61
7461,997,2,27,23.72,24.82
7462,3283,5,27,21.7,151.87
7463,1407,2,1,7.19,75.04
7464,2580,4,18,25.5,125.04
7465,1055,1,13,27.79,28.16
7466,3214,3,19,15.64,157.49
7467,3195,5,22,21.58,155.5
7468,582,5,22,14.15,43.18
7469,941,5,24,14.76,46.8
7470,1971,1,11,6.55,89.67
7471,766,2,24,2.66,43.88
7472,2625,1,12,27.72,103.07
7473,922,5,24,1.45,73.44
7474,2167,1,28,19.4,85.42
7475,808,5,15,31.84,39.12
7476,2760,2,8,15.44,137.27
7477,1833,3,8,20.25,82.94
7478,547,5,21,28.59,35.0
7479,1861,5,1,15.08,123.39
7480,1574,3,12,15.69,88.34
7481,2783,2,21,22.02,104.2
7482,2840,1,15,9.77,123.6
7483,2991,3,2,11.37,151.0
7484,1689,5,11,16.45,93.13
7485,3164,4,29,15.66,146.21
7486,3068,5,9,16.44,165.78
7487,2099,5,2,30.86,108.31
7488,892,4,30,30.13,24.9
7489,1670,4,4,18.83,91.14
7490,1702,4,28,18.64,77.08
7491,2885,1,4,33.85,112.61
7492,2993,4,30,14.19,139.69
7493,995,4,12,5.66,71.49
7494,532,2,9,21.29,15.66
7495,1022,3,25,33.0,31.07
7496,3085,4,15,23.12,139.77
7497,1011,4,11,13.87,68.79
7498,3300,3,1,6.38,168.0
7499,1990,4,30,5.49,115.81
7500,1820,2,8,7.1,101.64
7501,1331,3,4,12.61,76.87
7502,502,5,10,26.33,25.89
7503,2640,5,9,21.41,141.8
7504,942,3,30,29.87,19.25
7505,1890,2,0,22.28,95.37
7506,1853,2,24,3.98,84.39
7507,3444,1,16,10.25,153.09
7508,3009,5,7,10.8,167.49
7509,1111,2,4,5.31,67.77
7510,2976,1,28,5.99,125.82
7511,2870,3,29,9.78,133.26
7512,1635,1,8,30.31,44.98
7513,2704,4,16,8.56,140.38
7514,1306,4,28,29.37,40.36
7515,2923,5,4,24.43,147.56
7516,895,1,13,32.64,21.72
7517,1103,2,2,8.38,61.07
7518,3291,5,2,18.08,171.0
7519,3175,1,30,2.45,138.0
7520,1772,2,13,12.69,79.24
7521,2397,5,24,21.96,119.63
7522,3282,3,11,18.13,145.62
7523,2349,3,24,33.1,85.05
7524,1373,3,16,18.77,66.44
7525,2683,2,6,26.47,122.7
7526,1110,3,9,11.04,65.44
7527,1260,2,20,11.95,56.09
7528,2408,5,21,19.94,122.94
7529,1264,5,0,12.26,96.07
7530,1997,2,17,26.03,75.52
7531,1264,5,30,17.04,71.18
7532,2124,4,13,13.91,113.31
7533,2051,1,17,5.37,88.97
7534,1814,5,14,3.69,116.12
7535,3224,2,1,22.28,145.06
7536,1381,4,17,13.24,79.65
7537,1276,1,11,27.42,36.97
7538,890,1,15,29.61,10.89
7539,3415,1,8,27.87,135.89
7540,998,1,25,14.18,32.29
7541,1636,3,11,5.84,95.87
7542,1752,3,22,16.69,73.3
7543,1610,2,6,3.35,94.46
7544,896,1,21,29.94,8
7545,1428,2,26,9.26,62.61
7546,2346,2,19,15.69,108.68
7547,3020,4,0,4.14,173.14
7548,3093,3,7,11.01,148.19
7549,2956,5,15,13.39,155.51
7550,2759,4,20,3.34,141.77
7551,2673,5,16,4.14,160.08
7552,719,2,3,13.46,39.47
7553,2919,2,15,21.64,124.81
7554,1399,5,4,17.7,94.75
7555,1681,5,27,2.53,107.73
7556,1156,2,5,8.79,63.98
7557,2966,3,8,19.93,144.71
7558,1687,4,6,24.32,83.74
7559,1778,5,6,28.12,89.23
7560,2431,4,8,1.22,143.32
7561,573,2,12,14.09,37.79
7562,1946,4,0,1.13,117.33
7563,2340,4,30,25.38,106.82
7564,1133,1,27,33.88,27.28
7565,3315,5,4,5.11,191.84
7566,2562,4,27,33.59,98.07
7567,1175,4,17,27.86,52.0
7568,1570,2,19,8.0,73.43
7569,545,3,23,27.49,8
7570,2264,5,5,23.52,107.05
7571,650,4,12,23.44,28.15
7572,2724,3,7,4.21,153.98
7573,1328,3,20,32.08,45.62
7574,3477,3,18,30.86,148.16
7575,2803,1,3,33.86,97.02
7576,2273,3,3,6.24,115.84
7577,1570,2,3,1.99,90.61
7578,2782,1,15,26.74,106.54
7579,577,3,17,25.15,28.65
7580,1533,5,3,3.83,108.78
7581,2182,3,18,12.89,96.84
7582,2762,3,18,32.69,120.57
7583,1183,1,19,9.39,46.62
7584,927,2,24,30.01,17.12
7585,1292,4,10,20.59,72.19
7586,2251,5,15,17.19,125.81
7587,1999,5,6,13.27,118.49
7588,1764,1,15,9.73,77.24
7589,2939,1,18,12.77,127.9
7590,596,5,20,19.51,24.51
7591,1719,2,13,27.75,65.99
7592,2989,5,0,24.11,153.7
7593,2507,4,3,13.35,139.7
7594,835,2,19,4.61,47.31
7595,1761,5,30,1.01,106.37
7596,2190,3,15,22.03,106.1
7597,805,3,18,21.53,42.8
7598,2648,4,3,28.21,131.96
7599,2074,3,26,16.65,88.38
7600,3075,5,18,33.49,135.0
7601,1903,4,7,19.03,105.53
7602,3011,5,12,16.7,155.69
7603,1446,4,14,7.17,97.03
7604,984,1,25,7.16,41.0
7605,1293,4,5,15.7,79.39
7606,1990,5,25,14.16,109.56
7607,2817,4,5,31.46,135.24
7608,2420,1,21,29.7,76.91
7609,3144,3,11,32.11,128.81
7610,2502,4,0,5.03,149.94
7611,3290,3,9,24.05,159.71
7612,3268,4,6,22.26,166.9
7613,1249,4,0,28.78,60.01
7614,2164,5,17,24.39,104.71
7615,3124,5,13,26.65,159.18
7616,1905,5,15,7.82,118.31
7617,1920,5,12,34.53,79.06
7618,2921,3,26,8.23,140.83
7619,3354,2,27,14.96,142.39
7620,1189,4,6,6.11,90.38
7621,2120,4,21,15.43,109.27
7622,2935,4,25,30.64,112.94
7623,1580,3,16,16.11,76.41
7624,1562,5,20,10.01,90.36
7625,2312,1,11,13.02,95.75
7626,1626,4,29,9.59,79.38
7627,1809,1,22,22.71,60.32
7628,1488,4,15,6.77,100.05
7629,3151,1,17,25.65,117.18
7630,3003,4,10,30.87,127.64
7631,3128,5,8,12.31,176.22
7632,1931,3,17,30.47,76.21
7633,633,4,16,1.25,59.09
7634,3487,5,11,32.45,165.41
7635,2877,2,5,25.53,127.56
7636,2055,3,23,18.85,93.87
7637,3353,3,25,27.55,131.98
7638,726,3,2,12.96,51.84
7639,3456,4,6,7.01,189.41
7640,620,3,3,2.56,57.25
7641,1078,4,11,18.56,65.75
7642,2881,4,6,7.87,154.68
7643,1693,4,14,10.56,90.06
7644,2114,4,23,2.27,122.96
7645,1394,2,28,17.51,54.24
7646,2443,3,3,12.41,122.37
7647,1100,1,22,33.47,8.0
7648,785,1,28,4.02,27.78
7649,1233,4,13,2.53,86.93
7650,2942,3,3,14.32,146.19
7651,2620,3,18,30.96,98.09
7652,1328,5,6,34.86,66.35
7653,588,4,2,9.96,56.67
7654,3184,3,8,25.0,148.13
7655,2437,5,18,8.15,131.53
7656,1908,2,13,2.08,112.16
7657,2414,1,23,14.72,91.81
7658,2426,1,15,3.9,113.65
7659,3365,5,21,33.04,155.59
7660,1479,4,29,4.22,82.42
7661,1394,5,3,5.33,100.33
7662,2950,5,16,33.82,133.15
7663,3253,1,22,26.04,124.58
7664,2540,4,29,18.02,127.39
7665,536,3,29,24.58,11.64
7666,2870,1,24,2.53,129.39
7667,2156,3,3,31.14,95.41
7668,2531,1,30,16.47,91.37
7669,1339,5,21,22.95,62.16
7670,2598,2,25,1.36,129.01
7671,1541,5,26,27.14,65.56
7672,1845,3,22,24.07,76.79
7673,1692,3,19,5.4,92.77
7674,540,2,3,30.47,15.89
7675,2769,5,7,27.92,139.46
7676,1549,2,23,33.24,34.74
7677,2253,4,23,18.65,106.84
7678,1593,3,8,31.22,59.17
7679,2756,5,21,20.47,133.04
7680,1383,1,6,34.86,45.29
7681,3062,1,14,22.3,122.2
7682,3421,3,4,15.39,168.51
7683,3059,1,3,26.27,130.12
7684,3158,1,28,5.43,145.12
7685,2949,5,12,13.96,160.81
7686,1176,2,11,29.89,50.81
7687,2136,3,8,33.95,87.59
7688,2946,5,3,28.31,147.4
7689,1627,1,25,7.12,57.22
7690,605,1,4,30.46,11.72
7691,3072,5,11,8.31,160.51
7692,517,1,9,5.35,26.72
7693,821,5,4,24.79,55.73
7694,2074,5,4,28.46,99.83
7695,727,3,16,30.73,21.73
7696,1472,1,29,33.67,26.91
7697,1717,5,9,25.1,93.27
7698,2316,4,19,16.2,121.14
7699,1337,5,25,18.86,71.69
7700,3435,3,20,24.12,144.36
7701,1469,5,26,4.57,97.34
7702,2490,2,27,24.07,89.0
7703,2610,2,13,32.68,102.39
7704,903,5,10,7.28,69.93
7705,1984,3,20,16.88,86.02
7706,2654,1,10,31.78,98.87
7707,2923,1,7,2.82,136.72
7708,3481,5,10,29.73,164.91
7709,1572,5,14,14.18,92.77
7710,3402,3,16,19.85,150.31
7711,2896,1,28,25.24,102.03
7712,2843,2,20,9.68,131.91
7713,2167,3,1,9.07,118.25
7714,2191,5,29,13.28,118.68
7715,1943,5,22,28.2,94.59
7716,1862,5,16,3.65,116.77
7717,753,5,24,25.2,36.01
7718,1850,3,14,27.1,72.82
7719,2351,4,29,17.77,101.45
7720,2015,3,28,25.07,85.47
7721,1016,2,16,16.21,48.54
7722,1517,4,19,16.98,71.83
7723,657,1,15,3.11,34.76
7724,1991,5,9,19.61,115.07
7725,1771,5,22,26.07,81.1
7726,3447,1,13,15.5,149.27
7727,1308,5,10,27.8,66.76
7728,1130,3,11,20.93,49.26
7729,1907,1,29,6.74,73.54
7730,3056,1,12,11.24,137.96
7731,1134,2,15,6.02,56.66
7732,757,3,26,13.51,36.64
7733,963,2,8,4.51,65.87
7734,702,1,10,10.62,28.43
7735,1993,3,17,9.18,101.42
7736,1877,3,29,15.79,86.5
7737,1267,1,13,34.73,35.23
7738,1333,3,25,33.98,37.16
7739,3195,4,22,34.0,132.84
7740,721,5,26,27.6,28.15
7741,1958,1,9,34.61,61.87
7742,2559,4,24,25.4,110.15
7743,1703,2,2,17.1,79.6
7744,2431,5,10,27.04,124.55
7745,882,5,14,20.82,57.22
7746,689,5,21,33.83,34.23
7747,780,4,1,18.8,64.8
7748,2573,5,11,22.97,128.87
7749,600,1,1,13.53,31.87
7750,2946,1,2,4.67,139.26
7751,1338,2,1,6.5,78.8
7752,3400,2,21,24.05,139.96
7753,1472,2,30,20.4,50.57
7754,1257,1,21,23.75,41.75
7755,1467,5,17,22.63,66.53
7756,757,5,17,21.91,45.91
7757,2663,3,9,33.39,107.91
7758,2188,4,13,14.74,115.77
7759,1618,2,23,1.27,84.05
7760,879,2,9,7.34,58.22
7761,2157,4,9,17.34,118.73
7762,1757,3,27,2.02,101.1
7763,2396,5,6,27.06,123.1
7764,2954,4,13,9.15,147.53
7765,2932,3,16,4.16,149.27
7766,1738,3,19,20.26,71.75
7767,1774,4,16,16.16,102.71
7768,1553,4,26,21.74,76.1
7769,2830,5,22,12.39,152.03
7770,2290,4,9,23.22,114.93
7771,1302,5,8,1.35,104.14
7772,2889,1,27,19.89,113.08
7773,2815,4,8,27.03,128.18
7774,3234,5,2,33.6,152.45
7775,998,5,5,29.55,49.34
7776,1495,2,8,14.05,68.83
7777,2509,2,5,31.71,100.69
7778,2490,5,24,10.17,137.63
7779,2084,1,6,18.5,83.88
7780,2633,3,15,18.05,122.69
7781,710,3,25,12.21,29.58
7782,1833,4,21,14.58,90.23
7783,3228,3,26,28.24,123.96
7784,508,1,28,12.99,9.12
7785,774,2,29,14.45,26.3
7786,1569,3,30,21.46,53.66
7787,1379,4,29,8.62,70.61
7788,939,3,30,15.77,40.11
7789,1290,3,25,9.61,69.26
7790,859,5,13,16.06,62.33
7791,2367,1,27,13.53,97.12
7792,3086,5,2,20.44,164.95
7793,2661,3,21,33.1,107.05
7794,2032,1,7,8.61,97.11
7795,2741,3,1,19.48,124.25
7796,1260,2,22,20.13,35.58
7797,2448,4,13,25.15,117.54
7798,3250,5,22,25.37,161.69
7799,1643,2,6,7.95,92.07
7800,2570,5,2,26.05,136.76
7801,2511,1,1,13.36,117.92
7802,1594,3,14,31.61,62.25
7803,3180,3,18,29.28,126.46
7804,585,3,27,5.51,40.79
7805,577,2,11,21.96,9.22
7806,1687,2,10,31.72,65.34
7807,2563,2,1,11.61,133.06
7808,2462,3,3,8.51,128.35
7809,2253,1,0,21.24,102.46
7810,1073,1,12,19.69,45.95
7811,2366,3,10,28.32,103.58
7812,1657,4,7,33.86,78.37
7813,1134,1,9,9.36,49.74
7814,1519,1,5,15.07,63.83
7815,2184,3,12,30.1,91.88
7816,854,4,30,13.1,48.86
7817,2589,1,13,26.94,96.56
7818,1885,2,13,16.53,88.81
7819,1068,1,21,9.23,39.4
7820,735,2,14,25.62,17.41
7821,961,1,0,31.23,21.69
7822,3306,4,17,17.57,166.04
7823,2245,5,0,11.85,145.19
7824,1228,1,22,18.77,36.57
7825,2069,4,27,24.4,90.42
7826,1486,3,25,28.06,55.86
7827,2852,2,24,24.67,112.19
7828,2017,3,16,10.58,109.7
7829,2886,3,30,3.78,143.6
7830,729,4,18,11.09,47.1
7831,1095,1,22,18.95,36.58
7832,2121,3,13,26.5,91.82
7833,1869,3,23,4.75,106.08
7834,1747,1,27,27.34,50.35
7835,765,3,22,11.36,32.88
7836,903,1,19,8.53,37.73
7837,1665,4,24,13.41,86.1
7838,1331,2,0,11.73,87.44
7839,3402,3,22,11.29,150.43
7840,511,5,26,19.37,35.5
7841,1654,1,12,27.22,54.36
7842,2338,1,20,22.99,90.73
7843,892,4,0,29.17,48.48
7844,955,2,10,24.93,29.42
7845,3049,2,17,31.55,118.68
7846,1369,5,23,17.0,73.54
7847,2339,5,11,13.94,135.36
7848,2320,3,1,13.06,126.3
7849,886,4,30,26.14,40.76
7850,1478,1,24,24.85,40.1
7851,734,3,23,13.34,38.19
7852,2050,5,24,19.64,101.7
7853,1513,1,15,21.02,58.51
7854,3136,4,0,18.65,161.52
7855,3422,3,23,11.2,154.78
7856,3078,3,29,34.75,119.33
7857,1953,2,23,12.36,88.53
7858,2413,1,21,17.91,103.0
7859,2065,3,0,20.6,95.88
7860,2420,5,28,23.03,120.05
7861,2242,2,20,33.02,77.92
7862,3210,2,13,1.89,163.03
7863,1027,4,25,26.15,44.35
7864,2286,5,27,30.41,99.21
7865,981,1,19,31.13,16.76
7866,513,5,20,3.31,50.58
7867,1640,5,0,28.7,95.41
7868,700,2,4,17.99,37.51
7869,2163,2,16,1.82,119.96
7870,3231,5,14,16.81,162.58
7871,2510,4,25,2.69,134.46
7872,1049,4,16,5.4,79.16
7873,911,1,18,12.42,29.34
7874,2957,4,9,15.76,144.21
7875,2510,4,6,22.62,129.64
7876,3348,5,21,4.81,179.85
7877,2928,2,4,2.26,160.7
7878,992,2,11,14.64,39.59
7879,3487,5,29,26.11,153.6
7880,2673,5,5,12.96,152.65
7881,699,4,11,4.6,57.17
7882,3459,5,13,22.72,171.39
7883,1274,3,17,5.1,76.58
7884,3477,4,8,18.33,173.98
7885,1655,4,14,21.65,72.32
7886,3051,3,20,19.7,146.45
7887,1385,5,7,13.68,86.25
7888,1008,2,11,5.92,54.33
7889,647,1,19,7.8,23.85
7890,2244,5,3,6.06,131.59
7891,2510,1,18,4.03,110.3
7892,1274,2,11,9.13,69.87
7893,653,2,20,3.59,39.78
7894,1387,1,10,22.81,43.5
7895,2672,2,16,28.13,103.55
7896,1450,2,10,29.67,46.01
7897,1228,4,22,6.84,80.03
7898,2748,4,8,17.32,146.19
7899,1007,1,5,19.99,30.52
7900,2913,2,9,26.36,127.53
7901,1000,4,7,20.4,60.32
7902,2871,2,2,15.98,138.77
7903,2384,5,13,12.41,142.15
7904,2825,3,21,25.52,114.98
7905,2299,3,26,26.77,87.67
7906,2475,4,23,17.41,114.9
7907,2804,1,14,11.22,125.99
7908,1733,2,9,22.79,74.09
7909,1345,3,7,18.1,69.03
7910,1853,4,11,2.08,114.07
7911,2906,2,28,33.94,104.34
7912,2611,1,23,27.77,95.92
7913,2058,5,22,30.06,88.8
7914,2210,2,28,21.8,84.6
7915,1307,2,18,4.41,58.81
7916,2386,1,25,18.71,86.76
7917,1791,3,0,14.59,98.52
7918,2872,3,8,28.26,122.45
7919,747,1,0,11.19,45.71
7920,2928,4,8,22.16,136.31
7921,1928,3,26,20.87,89.81
7922,937,5,25,3.41,79.79
7923,2735,5,13,21.78,145.7
7924,1377,2,24,29.82,36.35
7925,3070,5,7,13.57,171.82
7926,2665,3,25,18.1,116.57
7927,3097,1,3,4.03,151.99
7928,1272,3,14,13.56,65.69
7929,717,1,27,34.24,8
7930,3314,2,12,7.37,164.89
7931,1869,3,9,15.15,101.08
7932,1005,2,10,25.11,46.25
7933,2094,5,22,24.66,103.41
7934,1665,1,15,29.44,53.8
7935,841,4,7,23.66,48.73
7936,754,5,29,12.58,55.0
7937,1561,4,21,2.69,92.77
7938,1523,5,16,30.01,68.7
7939,815,1,14,20.66,23.67
7940,1277,3,4,3.53,82.94
7941,3090,1,23,7.03,138.08
7942,3093,1,15,12.49,133.0
7943,775,4,16,2.41,59.52
7944,3221,1,16,25.89,120.93
7945,1875,3,3,7.52,105.83
7946,1973,1,4,18.61,79.54
7947,2946,1,10,31.76,105.66
7948,2760,1,14,22.99,98.45
7949,905,3,23,17.1,41.45
7950,1848,2,23,28.3,64.2
7951,2927,2,5,3.91,148.83
7952,3308,1,20,10.63,141.87
7953,2836,5,29,21.66,129.22
7954,1664,1,24,3.86,74.24
7955,2602,3,22,24.91,114.01
7956,2877,1,9,30.06,104.71
7957,2188,3,4,1.19,131.15
7958,3410,1,3,16.31,154.29
7959,675,2,1,22.06,27.11
7960,1758,4,19,34.31,69.14
7961,2603,5,12,14.71,137.47
7962,3330,5,4,16.75,173.08
7963,2957,1,7,23.51,113.82
7964,2984,1,29,15.16,119.48
7965,1618,5,3,34.87,83.45
7966,1112,1,17,23.26,31.06
7967,889,1,6,3.1,50.97
7968,919,3,12,29.18,37.0
7969,2685,2,28,33.8,89.21
7970,3429,1,23,5.26,158.87
7971,3475,3,12,6.92,167.71
7972,3079,2,24,6.38,148.51
7973,1071,3,7,32.87,50.45
7974,1150,2,17,15.41,47.89
7975,661,4,15,14.09,44.79
7976,3497,2,20,34.76,133.89
7977,3207,5,24,19.2,149.13
7978,2247,4,29,16.97,96.31
7979,712,5,22,30.8,35.64
7980,1049,1,1,16.26,43.03
7981,1884,2,25,10.93,82.58
7982,1395,1,28,27.91,31.04
7983,799,1,22,23.89,15.93
7984,2519,2,9,28.14,95.77
7985,1063,3,8,7.22,62.91
7986,2289,5,18,23.81,121.98
7987,2931,2,15,34.94,101.61
7988,3406,2,18,19.73,149.09
7989,3364,2,7,19.89,156.0
7990,2594,5,6,31.87,129.51
7991,3154,2,21,22.3,130.57
7992,3166,4,16,1.73,166.61
7993,662,3,5,23.12,35.66
7994,2370,2,2,18.72,121.57
7995,2966,3,18,9.0,149.37
7996,3292,5,18,7.36,170.21
7997,831,2,10,9.48,44.87
7998,1917,1,26,16.96,61.67
7999,3184,1,15,17.3,139.52
8000,1718,5,9,23.39,94.31
8001,2996,5,25,32.04,132.71
8002,2047,5,13,24.95,108.84
8003,2198,2,24,3.4,105.67
8004,1832,5,11,3.48,120.57
8005,1553,5,8,26.15,83.58
8006,2018,5,10,12.45,122.51
8007,1303,2,22,2.18,67.96
8008,1704,1,18,15.06,68.81
8009,3201,3,3,32.3,136.27
8010,606,5,13,17.93,37.01
8011,1903,1,21,8.83,88.75
8012,1439,4,24,13.09,67.2
8013,2979,1,30,30.02,99.15
8014,2512,2,15,31.02,90.83
8015,1083,2,7,9.87,53.02
8016,2557,4,27,33.66,104.56
8017,661,2,28,33.5,8
8018,2732,1,4,18.54,115.37
8019,2307,1,28,27.94,66.1
8020,3471,5,24,8.82,178.8
8021,1758,4,23,24.19,78.29
8022,991,1,28,6.48,28.2
8023,1799,5,13,9.3,117.85
8024,1390,1,2,11.4,59.39
8025,1343,2,3,31.52,55.16
8026,1163,2,1,28.76,45.47
8027,3498,3,25,34.02,142.26
8028,607,1,7,28.68,8
8029,2681,1,16,28.24,97.48
8030,2741,3,22,4.15,143.97
8031,653,1,4,3.3,43.63
8032,1535,1,17,3.97,74.59
8033,686,2,16,9.9,31.44
8034,2753,4,17,16.15,138.72
8035,3090,2,5,26.82,130.61
8036,2458,1,6,23.6,105.77
8037,584,3,6,22.9,28.57
8038,3466,2,9,11.38,160.73
8039,927,1,13,13.28,43.71
8040,1705,4,0,3.23,108.45
8041,3076,3,3,7.78,162.49
8042,2364,5,9,5.53,148.42
8043,3452,4,24,34.18,147.0
8044,3281,2,19,33.64,129.63
8045,2233,4,4,23.34,104.16
8046,814,5,25,26.99,39.45
8047,2790,5,17,17.89,134.25
8048,2359,4,13,17.19,116.72
8049,2293,3,27,3.16,110.91
8050,813,2,25,8.24,37.86
8051,2699,1,17,34.01,91.72
8052,3104,2,1,10.44,159.47
8053,2451,2,1,10.35,127.58
8054,1899,5,13,32.6,91.57
8055,846,4,26,25.62,32.52
8056,3308,1,15,33.7,125.96
8057,2870,4,24,11.6,140.55
8058,3095,1,11,30.8,112.82
8059,1806,5,10,22.07,100.87
8060,2709,3,7,23.5,123.53
8061,3450,2,1,13.3,165.53
8062,1283,2,18,7.21,68.94
8063,832,5,10,9.56,72.82
8064,1786,4,28,16.51,83.93
8065,1074,1,23,16.92,27.77
8066,1307,4,17,23.33,56.53
8067,1261,1,21,31.44,21.86
8068,3444,3,24,8.45,169.76
8069,1809,3,9,32.86,75.46
8070,2614,5,21,15.05,131.74
8071,2416,5,27,18.87,125.52
8072,1174,2,25,4.6,57.13
8073,628,1,14,27.51,8
8074,1635,1,24,26.71,46.15
8075,1771,4,24,33.98,75.72
8076,1708,4,3,24.39,88.16
8077,2003,4,17,24.56,96.0
8078,594,3,17,15.54,29.78
8079,2480,1,16,15.23,105.89
8080,2275,2,24,10.94,100.33
8081,2538,1,22,9.8,102.77
8082,970,1,3,18.07,38.73
8083,2409,1,7,9.23,108.75
8084,3338,3,21,10.99,166.1
8085,619,4,7,5.58,62.82
8086,2671,5,19,30.75,115.79
8087,3192,3,19,28.58,129.32
8088,3117,1,8,28.14,114.63
8089,1432,5,3,28.3,73.16
8090,2548,5,18,5.85,148.12
8091,2154,5,5,10.64,140.67
8092,996,1,29,32.79,9.14
8093,1284,1,2,18.4,55.28
8094,1056,2,2,28.68,36.14
8095,1963,4,26,13.63,95.19
8096,2399,3,19,3.74,125.64
8097,2444,1,0,9.35,119.15
8098,1609,2,23,29.66,58.77
8099,1950,4,25,24.21,81.84
8100,3321,3,6,13.92,176.89
8101,1791,1,28,23.08,56.8
8102,1878,3,3,22.66,93.12
8103,965,5,26,32.29,41.57
8104,2053,1,15,4.48,97.44
8105,2146,5,6,2.79,148.87
8106,1223,1,21,11.52,49.72
8107,1171,4,25,32.53,34.18
8108,1997,2,17,10.03,84.33
8109,1057,3,24,15.43,52.38
8110,3307,3,21,26.99,142.22
8111,2838,5,9,10.18,165.23
8112,849,5,8,29.93,54.97
8113,1849,3,6,15.91,97.05
8114,2692,2,12,19.02,108.33
8115,3448,5,11,3.04,201.67
8116,2877,3,30,2.07,148.14
8117,1284,2,6,12.81,63.67
8118,1924,5,1,24.58,109.79
8119,3242,3,28,22.92,134.59
8120,614,4,10,2.55,60.14
8121,2536,5,2,20.92,143.48
8122,2347,2,11,9.81,109.44
8123,1707,2,11,7.15,86.82
8124,2501,4,8,10.7,131.62
8125,1620,5,12,9.99,101.99
8126,2249,3,25,2.8,115.55
8127,2280,1,12,20.32,98.9
8128,2098,3,17,15.77,91.64
8129,3250,4,11,28.41,150.32
8130,2931,2,25,31.12,101.31
8131,2803,3,28,23.15,113.55
8132,584,5,3,5.75,75.96
8133,590,3,0,16.9,44.05
8134,1950,2,19,15.79,81.29
8135,879,4,1,20.5,67.13
8136,1411,2,26,22.5,47.2
8137,1535,4,0,15.97,100.37
8138,1976,1,22,17.22,83.98
8139,1324,1,21,14.4,51.36
8140,740,2,23,24.13,18.53
8141,3336,5,9,9.38,179.03
8142,2675,3,30,10.09,119.31
8143,1133,4,17,20.49,64.75
8144,2250,1,25,29.94,79.48
8145,2922,3,18,15.08,136.05
8146,1754,5,22,26.45,95.1
8147,1951,5,11,29.65,94.96
8148,1209,4,23,7.56,62.61
8149,947,4,22,30.72,30.8
8150,1088,4,23,4.62,61.65
8151,1436,2,27,5.93,62.83
8152,1161,2,19,33.81,18.18
8153,2114,2,15,14.17,85.22
8154,1608,1,24,23.65,51.73
8155,665,3,23,32.38,9.77
8156,830,2,17,13.84,41.48
8157,2567,1,30,5.17,110.14
8158,1056,2,17,25.43,34.28
8159,1163,1,15,27.35,28.78
8160,2907,3,5,27.97,136.77
8161,2654,2,14,27.51,110.39
8162,1617,2,6,22.25,66.86
8163,1803,3,6,31.96,75.91
8164,2371,2,23,27.78,93.87
8165,3430,4,16,33.76,140.45
8166,2869,2,2,29.05,116.02
8167,1911,1,1,1.41,99.01
8168,1176,1,8,7.59,62.48
8169,3072,3,30,34.89,100.72
8170,2831,4,25,32.5,114.05
8171,1906,2,27,17.89,71.63
8172,1518,1,0,13.11,76.33
8173,517,5,18,20.02,43.08
8174,624,5,11,2.76,69.45
8175,3050,2,26,8.92,128.16
8176,1432,1,4,21.82,59.19
8177,1289,3,30,3.91,66.8
8178,1154,4,21,32.02,47.68
8179,2028,5,20,29.2,92.17
8180,2187,5,22,1.63,125.97
8181,2988,1,15,6.13,144.35
8182,2456,1,27,6.33,106.45
8183,996,5,18,29.74,52.98
8184,1504,5,20,24.79,74.96
8185,2835,4,24,2.29,151.53
8186,1842,5,29,27.51,83.87
8187,3055,5,23,16.79,149.43
8188,2324,5,0,7.72,149.68
8189,1305,1,26,32.82,21.9
8190,2277,1,28,21.57,78.68
8191,774,4,10,1.4,76.53
8192,998,2,29,1.82,48.68
8193,2317,5,20,19.57,113.63
8194,3369,4,10,12.58,172.82
8195,2716,3,30,34.69,91.75
8196,897,3,10,2.47,62.1
8197,3033,4,5,31.64,133.45
8198,3273,4,4,16.14,172.54
8199,2554,4,30,12.53,120.52
8200,3325,2,1,11.49,162.12
8201,1425,5,8,27.02,76.66
8202,3321,3,29,14.65,149.62
8203,934,4,28,14.13,43.56
8204,2977,2,27,20.52,110.01
8205,1673,1,13,27.66,61.5
8206,2046,4,8,33.93,86.1
8207,2308,5,28,24.08,103.84
8208,2808,5,23,29.35,120.36
8209,3352,3,17,11.7,160.58
8210,852,1,12,22.95,25.61
8211,2288,4,20,6.14,113.88
8212,2564,4,19,9.03,139.93
8213,2871,4,17,21.78,132.85
8214,714,1,30,6.44,29.75
8215,2855,2,28,29.68,99.57
8216,3268,5,16,34.94,147.63
8217,1559,2,29,15.91,65.37
8218,1699,1,15,22.36,60.98
8219,1322,4,11,3.32,85.09
8220,2113,5,5,34.52,101.33
8221,3355,5,4,26.73,171.46
8222,1403,2,15,33.4,34.52
8223,1902,4,3,5.79,114.57
8224,1256,1,4,29.99,42.61
8225,519,1,17,27.53,8
8226,2859,3,25,20.96,124.36
8227,2004,2,4,24.99,89.44
8228,2059,1,0,20.73,96.17
8229,3465,1,28,30.66,129.88
8230,1371,4,20,21.6,61.3
8231,3358,2,0,7.87,170.71
8232,1507,4,10,23.24,75.54
8233,1012,5,16,11.99,70.16
8234,3025,5,27,16.09,143.41
8235,3449,4,26,33.82,140.64
8236,2245,1,0,17.96,90.92
8237,2045,1,26,10.45,83.27
8238,628,1,25,10.44,29.62
8239,2921,1,23,30.5,96.63
8240,1662,2,12,20.03,71.27
8241,837,4,7,18.13,52.69
8242,824,3,28,17.25,28.42
8243,2506,3,26,1.21,122.9
8244,2554,4,13,5.15,154.48
8245,1111,3,24,19.33,44.8
8246,1197,4,16,13.29,70.19
8247,1457,1,8,4.7,73.87
8248,2425,2,13,8.05,112.53
8249,1557,5,5,3.79,113.75
8250,1396,5,27,20.9,73.61
8251,2646,2,3,11.68,130.88
8252,3361,1,6,30.28,131.2
8253,1067,1,9,25.42,36.1
8254,1938,4,14,32.4,81.61
8255,2478,1,11,29.22,89.05
8256,2403,4,12,1.24,138.81
8257,1792,4,17,21.03,87.66
8258,904,4,21,28.84,37.95
8259,1770,3,14,23.2,69.59
8260,3233,4,24,28.7,139.35
8261,2025,4,23,15.72,97.0
8262,2114,1,17,12.99,90.86
8263,534,5,21,26.07,25.99
8264,2900,4,9,12.2,158.61
8265,1813,2,2,17.69,92.98
8266,2700,5,15,18.99,141.89
8267,2930,5,16,17.58,153.66
8268,1629,2,5,1.17,99.42
8269,815,5,11,24.54,44.94
8270,2936,5,14,27.64,144.25
8271,1450,5,13,27.69,74.17
8272,2461,2,9,15.11,116.28
8273,2268,2,18,2.27,120.01
8274,1552,2,1,7.6,96.0
8275,2728,2,18,28.91,105.45
8276,823,1,29,4.81,41.4
8277,2582,3,21,1.73,131.47
8278,1824,3,16,17.94,90.24
8279,2021,2,22,10.84,94.03
8280,1907,1,8,7.56,95.52
8281,2992,4,29,9.6,134.85
8282,1364,3,2,32.87,60.25
8283,2842,5,6,23.11,135.95
8284,3189,2,10,12.87,152.3
8285,2127,4,29,22.0,97.28
8286,1332,5,22,28.39,61.86
8287,1955,5,13,23.59,108.51
8288,1076,3,30,24.21,38.61
8289,688,1,19,21.9,10.82
8290,2270,2,8,30.26,87.94
8291,2968,3,20,17.0,134.64
8292,1302,4,25,31.1,45.67
8293,2698,3,4,15.67,141.36
8294,2487,5,14,7.5,136.36
8295,2471,5,23,29.51,113.0
8296,516,2,20,34.59,8
8297,2525,1,19,26.81,82.69
8298,1781,2,26,1.31,73.42
8299,2711,4,5,4.43,161.62
8300,1996,1,18,2.41,101.1
8301,1622,3,23,28.08,62.27
8302,3461,3,13,24.41,157.48
8303,1116,1,3,14.28,48.23
8304,1465,5,6,34.5,73.44
8305,1945,1,16,6.29,90.39
8306,1025,3,7,23.9,51.05
8307,874,3,0,8.99,60.79
8308,2938,5,26,10.65,149.16
8309,3254,3,28,6.43,157.91
8310,1718,2,24,33.23,53.66
8311,701,4,8,13.55,53.28
8312,1369,2,30,7.26,52.5
8313,721,5,20,32.97,22.91
8314,600,2,8,10.17,33.59
8315,1738,2,2,1.82,97.72
8316,894,5,5,9.01,72.28
8317,1845,2,30,32.57,53.31
8318,3078,2,15,15.83,131.77
8319,1905,3,14,14.53,89.41
8320,2448,2,10,11.9,119.05
8321,2783,1,9,16.92,128.39
8322,2164,4,3,12.55,129.28
8323,3298,2,18,8.38,155.21
8324,1022,5,8,7.09,73.95
8325,3399,1,26,5.72,150.56
8326,3128,1,6,31.08,121.35
8327,1411,2,18,2.72,79.48
8328,2710,5,20,31.1,128.49
8329,2565,2,28,10.79,108.76
8330,3387,5,2,29.27,168.02
8331,2969,5,27,2.48,160.39
8332,2959,1,4,34.54,111.09
8333,1919,5,7,20.29,108.99
8334,3235,1,30,10.79,128.94
8335,1240,1,25,26.14,22.4
8336,1226,1,26,32.49,23.95
8337,2103,3,19,4.02,116.18
8338,1529,2,12,9.54,77.13
8339,1383,4,8,10.86,87.28
8340,2807,4,18,4.16,154.7
8341,1103,2,22,26.85,32.0
8342,730,4,20,6.11,54.54
8343,2308,4,22,18.01,108.51
8344,692,5,28,31.01,31.83
8345,2326,5,10,23.73,125.7
8346,1394,2,17,26.52,52.39
8347,1393,1,0,2.48,81.03
8348,2232,2,20,34.17,75.62
8349,1901,5,23,30.26,81.82
8350,2326,3,9,14.68,111.94
8351,2759,4,3,17.3,140.24
8352,2394,1,7,10.84,108.82
8353,2225,2,7,7.25,113.11
8354,3156,4,27,30.37,136.29
8355,1667,1,10,11.09,72.43
8356,995,4,10,17.83,61.55
8357,1784,1,26,34.64,37.16
8358,2546,4,18,23.94,123.89
8359,1970,5,11,32.05,86.74
8360,551,1,25,32.57,8
8361,1436,2,14,26.29,55.99
8362,2118,3,16,9.71,113.58
8363,1072,1,0,20.17,48.75
8364,1835,1,23,10.03,85.15
8365,1946,4,29,20.99,81.18
8366,2356,2,7,17.48,114.25
8367,2192,1,8,3.38,112.33
8368,1376,1,5,22.04,56.99
8369,2432,1,17,3.63,114.44
8370,2918,5,4,5.14,169.49
8371,3039,2,11,22.7,136.78
8372,3249,2,19,6.2,162.21
8373,2987,3,1,3.96,171.11
8374,1751,5,12,31.52,83.75
8375,2781,3,0,16.67,133.9
8376,2923,3,6,21.52,140.35
8377,2735,4,17,32.75,112.42
8378,2543,4,14,24.36,113.17
8379,598,1,30,34.22,8
8380,2135,4,12,13.83,114.21
8381,1764,5,7,15.67,106.11
8382,2814,3,6,18.61,135.38
8383,2570,2,28,24.2,91.63
8384,2668,3,10,20.7,130.61
8385,1868,4,5,20.41,100.63
8386,2816,2,6,28.44,112.42
8387,1084,3,14,25.97,46.35
8388,1745,4,29,19.37,82.55
8389,3439,5,22,6.63,190.15
8390,1607,4,5,7.54,100.43
8391,3252,2,8,22.69,151.84
8392,2204,4,3,2.56,126.52
8393,910,3,19,25.78,28.7
8394,2050,5,12,6.74,130.32
8395,2748,4,24,26.12,114.0
8396,2428,5,30,6.76,130.73
8397,1526,5,28,34.49,66.74
8398,3286,5,11,3.84,180.45
8399,2249,5,22,12.02,123.7
8400,1727,3,1,29.9,73.75
8401,2712,2,22,23.3,112.2
8402,2730,1,3,14.43,119.2
8403,1280,3,15,15.31,67.2
8404,1333,4,30,17.79,63.15
8405,1514,5,17,28.44,80.16
8406,1146,2,29,28.19,31.35
8407,814,4,6,4.26,70.12
8408,524,2,7,20.72,19.06
8409,1990,2,6,3.49,111.75
8410,2117,2,21,3.26,113.49
8411,519,5,17,7.03,54.47
8412,1501,1,17,21.22,52.92
8413,2246,4,5,2.19,142.61
8414,2975,1,28,29.84,105.39
8415,1503,1,21,27.29,37.73
8416,2856,1,0,24.77,119.92
8417,3327,1,20,20.78,140.63
8418,2396,4,27,12.65,117.6
8419,1370,2,30,11.0,55.16
8420,1395,5,29,27.46,65.29
8421,965,3,29,3.47,53.83
8422,2283,5,3,4.86,150.38
8423,3065,1,28,25.33,109.4
8424,2476,2,17,33.89,88.16
8425,635,3,1,2.58,60.67
8426,3444,5,0,30.28,185.01
8427,2733,2,9,22.32,116.23
8428,1339,2,3,13.93,68.27
8429,3290,1,0,13.74,145.39
8430,1228,3,22,3.59,66.69
8431,1456,2,21,26.02,44.3
8432,2074,2,11,6.02,112.63
8433,675,2,2,8.49,50.88
8434,1918,3,5,18.99,98.98
8435,1381,2,28,14.13,53.71
8436,841,4,14,18.19,47.74
8437,962,4,29,16.92,49.95
8438,1055,5,0,7.1,83.36
8439,892,3,6,18.24,55.67
8440,2270,4,7,27.51,102.03
8441,1198,2,1,21.9,53.34
8442,1884,2,20,30.14,69.6
8443,1658,1,11,27.93,60.21
8444,804,1,21,12.65,30.33
8445,2332,3,25,11.87,103.73
8446,1170,5,9,15.04,77.98
8447,2504,4,1,8.91,139.99
8448,2351,5,15,2.68,142.54
8449,528,5,20,25.69,37.96
8450,2108,3,21,11.0,102.89
8451,665,3,29,18.34,21.01
8452,531,1,15,31.69,8
8453,2309,2,14,22.8,99.29
8454,3469,2,17,7.37,163.16
8455,605,1,27,24.45,8
8456,1978,1,2,26.55,75.23
8457,758,2,8,1.94,61.39
8458,2687,1,2,31.12,97.38
8459,2943,1,11,2.0,140.83
8460,763,1,21,16.95,25.48
8461,3421,3,27,33.33,135.12
8462,2387,1,21,14.36,89.21
8463,2714,3,30,28.61,99.26
8464,2589,5,12,33.37,121.8
8465,3083,1,5,31.4,119.72
8466,729,4,23,23.45,29.15
8467,603,3,20,11.12,31.12
8468,2721,5,3,20.64,135.38
8469,1009,1,24,33.26,9.39
8470,3361,4,15,28.05,162.05
8471,2147,4,14,15.15,121.04
8472,1029,3,18,14.57,56.64
8473,618,1,15,2.33,36.15
8474,2229,3,10,3.55,126.05
8475,2479,4,24,28.15,107.57
8476,1342,5,0,9.55,100.99
8477,1933,2,9,16.37,93.09
8478,3191,2,10,30.31,125.4
8479,3484,2,1,21.99,153.82
8480,3325,2,17,10.1,159.26
8481,2810,5,15,27.65,130.62
8482,1215,4,30,6.83,73.85
8483,2989,2,6,22.37,128.87
8484,3303,1,5,24.8,141.15
8485,1544,1,28,28.73,38.01
8486,3227,4,6,25.27,160.16
8487,2664,3,24,14.06,118.76
8488,3274,4,7,20.91,159.91
8489,1452,3,23,26.8,55.39
8490,3408,2,19,3.63,159.41
8491,2764,4,21,16.44,140.53
8492,2438,2,10,34.09,102.51
8493,1424,2,27,11.6,65.16
8494,1147,1,27,4.55,48.43
8495,2237,2,7,10.19,115.03
8496,1045,1,11,14.54,44.07
8497,1303,3,28,24.43,39.43
8498,2202,2,12,6.83,121.59
8499,2663,5,13,7.19,153.59
8500,631,3,8,10.06,50.79
8501,1987,1,23,31.86,54.86
8502,1609,3,29,6.01,77.65
8503,817,1,14,12.54,35.76
8504,2825,3,15,22.81,123.13
8505,1182,1,20,19.84,36.26
8506,3061,3,12,9.08,150.92
8507,949,3,2,6.49,79.06
8508,2170,3,24,17.7,105.12
8509,3000,2,28,9.56,130.43
8510,2942,5,14,6.9,166.89
8511,2306,2,10,8.29,120.53
8512,2530,3,24,22.94,102.56
8513,984,3,7,30.04,43.72
8514,988,3,11,34.37,33.92
8515,3166,1,25,18.99,127.43
8516,2829,2,29,24.37,102.95
8517,1460,1,10,33.57,42.55
8518,1565,3,23,7.68,75.25
8519,812,1,23,18.11,23.5
8520,1728,2,23,17.27,73.88
8521,3121,4,30,6.71,155.66
8522,3103,1,29,10.13,130.13
8523,2202,1,13,15.3,92.34
8524,3471,1,12,28.51,130.15
8525,2936,4,7,26.5,144.94
8526,1102,1,16,32.04,18.3
8527,2948,1,12,12.5,121.32
8528,1590,4,2,12.9,101.85
8529,536,1,3,31.61,8
8530,1282,1,13,2.5,68.35
8531,1541,1,5,31.95,42.51
8532,3043,5,13,27.83,146.76
8533,2594,2,20,5.54,125.93
8534,2101,1,8,26.42,77.67
8535,3027,5,9,5.79,178.63
8536,2118,4,19,21.55,101.45
8537,3107,4,16,30.75,142.01
8538,3151,1,9,3.88,160.91
8539,1604,2,8,14.34,75.25
8540,2500,2,7,24.99,103.45
8541,2684,4,2,25.43,129.32
8542,2625,3,23,21.37,116.9
8543,2956,3,14,34.16,114.98
8544,1373,4,22,27.01,51.9
8545,2563,2,18,8.81,117.35
8546,2854,4,21,28.91,128.5
8547,3126,5,27,29.28,134.84
8548,2421,3,23,22.27,106.29
8549,665,3,18,8.43,41.97
8550,923,3,0,27.24,52.11
8551,1441,5,1,34.16,69.49
8552,604,2,16,13.09,36.37
8553,2759,4,19,22.51,122.03
8554,3028,4,6,13.15,164.56
8555,3270,4,29,32.19,139.02
8556,835,2,2,2.94,60.51
8557,2549,3,4,14.24,127.7
8558,3184,3,29,4.53,149.54
8559,595,2,27,10.43,22.69
8560,1929,5,20,8.96,112.12
8561,2160,3,7,12.44,115.1
8562,2427,4,24,25.82,99.13
8563,2919,3,1,28.98,130.99
8564,3292,3,24,27.32,130.5
8565,2379,2,15,30.77,88.8
8566,3476,3,23,32.3,147.97
8567,1133,3,2,6.8,87.42
8568,2756,3,13,16.57,126.89
8569,2927,1,2,23.43,125.91
8570,1146,4,18,26.55,43.25
8571,1217,5,8,20.13,76.97
8572,1842,2,6,27.74,58.57
8573,2127,4,8,24.07,94.75
8574,3025,1,4,3.05,143.57
8575,1417,5,10,10.15,93.48
8576,1574,1,10,20.39,61.05
8577,836,2,9,5.88,47.97
8578,1811,2,26,24.62,61.56
8579,1895,1,22,34.77,47.41
8580,2474,4,22,9.42,122.08
8581,1159,5,9,15.19,75.28
8582,1186,1,8,3.02,71.6
8583,1950,2,0,14.53,98.14
8584,2169,1,2,18.93,97.94
8585,2540,5,15,7.42,147.46
8586,2066,3,19,31.37,81.52
8587,1272,2,22,18.26,47.13
8588,3010,1,15,3.89,148.4
8589,2075,1,7,7.88,103.52
8590,1447,1,16,28.72,33.24
8591,1695,3,2,18.99,85.98
8592,2260,1,21,7.14,104.29
8593,565,5,29,7.77,49.03
8594,2713,1,23,6.38,130.12
8595,773,1,18,9.17,25.11
8596,3462,4,15,32.94,154.23
8597,2399,4,7,30.01,104.11
8598,2046,3,11,12.85,115.04
8599,1855,5,28,2.98,111.33
8600,953,5,10,28.4,66.05
8601,3350,3,6,13.18,166.03
8602,706,2,12,22.22,23.0
8603,2851,3,11,7.98,149.2
8604,3496,2,6,24.5,146.67
8605,1272,1,6,13.42,57.35
8606,3182,5,10,12.44,169.98
8607,616,4,0,5.87,62.96
8608,2230,1,12,15.96,99.02
8609,3438,1,10,22.5,148.51
8610,1752,5,15,15.86,106.88
8611,939,4,30,10.71,60.54
8612,1544,2,14,24.71,58.15
8613,2871,4,7,2.85,161.93
8614,2821,3,26,17.25,123.88
8615,1191,3,5,23.67,62.13
8616,1979,5,19,8.01,123.86
8617,2392,1,5,13.72,109.76
8618,2791,5,28,3.88,155.99
8619,3243,5,30,33.67,139.49
8620,838,4,21,25.66,32.43
8621,3059,5,2,26.47,154.18
8622,2112,3,9,15.71,101.8
8623,1816,2,7,29.04,74.63
8624,2017,2,9,30.68,76.78
8625,2655,4,15,19.3,126.71
8626,538,1,16,20.99,14.28
8627,2499,5,21,12.79,143.75
8628,1733,4,14,32.92,75.98
8629,3023,2,13,17.66,134.96
8630,682,2,29,18.12,8
8631,614,1,25,24.5,8
8632,3412,1,26,22.6,125.34
8633,1488,3,22,29.92,56.39
8634,2194,1,7,23.56,87.59
8635,551,4,18,22.01,32.43
8636,2078,3,11,17.37,93.05
8637,1226,4,11,10.81,80.13
8638,3230,2,27,5.27,154.08
8639,2800,4,15,24.37,118.98
8640,1954,1,13,31.85,62.2
8641,2102,5,29,18.28,99.48
8642,949,3,11,29.42,42.96
8643,3274,4,2,30.23,140.73
8644,1735,1,18,9.14,82.82
8645,1478,4,8,14.85,92.69
8646,2017,3,3,24.65,95.54
8647,977,1,7,8.04,42.4
8648,1267,2,8,31.81,54.66
8649,805,5,4,13.69,65.92
8650,1026,1,30,5.94,38.18
8651,3404,4,28,20.3,159.6
8652,2785,4,18,17.53,126.77
8653,1745,5,15,20.42,98.07
8654,2172,2,2,20.44,93.72
8655,1419,1,11,6.51,66.01
8656,1339,4,18,30.75,52.42
8657,1250,2,24,12.82,51.04
8658,1525,2,7,1.15,88.97
8659,993,2,15,10.57,42.96
8660,540,1,15,14.28,13.51
8661,942,5,2,20.4,61.87
8662,2411,1,26,18.82,89.37
8663,3233,3,7,28.62,151.33
8664,1211,2,0,15.05,64.43
8665,1926,4,15,8.01,109.23
8666,2030,4,19,25.87,85.46
8667,1180,5,16,11.52,87.18
8668,534,1,6,30.07,8.6
8669,1152,4,6,1.63,88.13
8670,2645,2,22,16.11,108.9
8671,3345,4,6,26.44,154.78
8672,1439,3,26,15.05,71.81
8673,974,5,16,24.48,62.32
8674,2712,1,21,29.66,104.33
8675,3254,5,10,18.19,181.49
8676,3208,1,17,12.38,137.34
8677,3160,1,22,4.5,140.56
8678,821,4,15,28.04,34.47
8679,622,2,20,14.3,22.84
8680,3166,5,9,17.33,168.57
8681,2577,1,20,9.37,103.35
8682,2881,5,8,12.43,164.64
8683,1288,2,21,17.71,53.88
8684,3219,5,8,34.59,150.32
8685,626,2,15,13.28,25.85
8686,3229,1,21,7.83,148.47
8687,3410,3,23,12.66,161.52
8688,3320,3,13,16.36,152.13
8689,901,5,20,12.64,66.14
8690,3496,2,1,13.55,159.43
8691,2553,4,17,3.09,142.92
8692,2130,3,4,10.66,112.98
8693,3050,3,25,19.42,137.38
8694,3462,5,30,18.18,166.94
8695,2579,5,28,6.75,147.49
8696,1843,1,8,20.96,73.33
8697,2309,4,13,10.12,130.1
8698,847,4,27,12.97,50.34
8699,2195,3,4,18.28,122.28
8700,3380,4,3,29.55,157.78
8701,3184,3,21,10.14,159.15
8702,597,2,18,11.37,25.89
8703,1579,5,24,11.08,88.27
8704,1548,3,14,17.33,67.87
8705,2176,4,2,25.54,109.73
8706,2289,3,20,12.56,116.29
8707,639,5,27,4.07,52.92
8708,2139,4,16,7.38,122.78
8709,1353,5,22,23.14,69.01
8710,2921,2,12,28.44,109.45
8711,979,5,24,10.68,68.81
8712,2200,4,3,20.11,120.5
8713,1840,2,13,2.17,92.79
8714,2295,2,0,23.74,101.77
8715,619,2,29,22.55,12.68
8716,910,1,5,1.39,67.16
8717,2866,5,13,14.46,139.68
8718,2314,2,30,1.59,111.82
8719,3149,4,7,11.04,166.45
8720,2037,3,13,17.42,101.24
8721,2384,1,18,22.38,94.44
8722,1835,4,25,10.76,96.03
8723,1293,5,13,17.63,82.76
8724,2345,2,19,9.3,110.3
8725,2107,3,23,21.3,82.92
8726,1899,3,13,31.41,70.95
8727,3177,5,15,26.37,152.8
8728,1949,5,30,18.09,104.25
8729,2686,1,1,29.89,98.52
8730,1059,5,25,6.99,85.18
8731,2218,2,10,10.25,102.57
8732,699,1,18,12.14,25.47
8733,711,3,0,29.88,33.05
8734,1792,5,25,16.87,89.64
8735,553,1,0,3.39,39.0
8736,643,4,6,18.65,44.77
8737,1811,3,12,15.99,90.0
8738,1765,4,9,9.3,101.25
8739,2146,5,7,28.89,107.45
8740,2975,3,3,8.16,156.07
8741,2852,5,10,33.17,131.85
8742,1397,2,3,7.84,80.2
8743,554,3,9,5.28,43.7
8744,3181,2,11,22.43,131.18
8745,924,1,30,31.7,8
8746,1947,5,9,30.23,93.75
8747,558,5,9,6.65,59.52
8748,1243,3,18,16.25,59.2
8749,3059,5,1,25.78,158.03
8750,1511,5,17,25.13,86.06
8751,3282,4,14,14.23,149.8
8752,2086,2,26,25.75,81.12
8753,2864,3,28,34.84,108.14
8754,1768,1,20,8.22,78.06
8755,3006,4,17,8.41,152.53
8756,3366,2,0,18.95,157.68
8757,2591,2,13,9.12,122.29
8758,1337,5,27,24.26,58.18
8759,2333,1,5,14.08,100.64
8760,518,4,3,12.84,52.63
8761,1765,5,2,19.73,107.57
8762,931,1,26,16.98,27.36
8763,2199,1,10,15.88,84.57
8764,2520,1,18,5.64,117.74
8765,3384,5,17,21.63,166.7
8766,741,2,16,33.98,8
8767,2318,3,25,15.89,110.07
8768,1260,2,21,29.42,37.45
8769,1356,4,0,13.85,81.37
8770,2935,2,8,26.83,123.42
8771,2433,2,12,12.0,114.91
8772,1275,4,9,20.59,64.25
8773,2196,4,30,9.8,105.01
8774,1766,3,7,16.39,96.39
8775,1227,3,14,25.45,55.48
8776,2622,5,4,34.43,124.58
8777,1823,2,23,15.25,80.32
8778,698,1,26,18.7,8
8779,926,1,26,4.82,38.22
8780,1522,2,17,30.4,43.82
8781,805,3,14,15.55,43.23
8782,651,3,1,23.47,30.34
8783,2679,1,19,19.52,101.83
8784,777,5,7,9.81,68.55
8785,1825,1,5,26.82,62.26
8786,711,2,29,22.27,25.72
8787,1909,4,6,24.4,101.22
8788,2867,2,7,11.22,131.68
8789,1972,2,8,27.16,74.96
8790,1797,3,23,17.0,82.21
8791,2672,2,12,7.54,121.8
8792,1329,2,30,10.16,53.08
8793,3273,2,14,4.01,165.27
8794,3251,4,24,6.46,169.16
8795,3318,5,29,22.49,149.21
8796,1527,4,13,25.59,70.15
8797,1236,2,20,16.96,51.74
8798,3168,3,15,20.05,150.42
8799,2318,2,13,18.9,92.05
8800,1003,5,4,7.08,79.56
8801,2842,3,2,27.24,129.04
8802,3374,2,4,18.35,152.1
8803,3355,1,27,32.93,120.04
8804,1927,2,21,20.71,76.21
8805,3499,1,29,18.06,136.6
8806,763,5,19,6.58,68.65
8807,2706,5,28,32.36,116.12
8808,514,1,28,8.9,18.08
8809,2147,2,0,7.9,119.63
8810,2265,4,6,12.1,123.09
8811,1740,5,0,11.48,105.94
8812,2739,4,11,16.06,142.64
8813,2247,5,18,25.27,108.61
8814,1105,3,1,18.83,60.11
8815,1207,5,13,31.85,57.12
8816,3060,2,9,15.9,144.39
8817,707,5,26,30.69,25.78
8818,2861,2,27,13.29,122.09
8819,2299,2,16,21.33,93.12
8820,2412,2,12,8.12,115.04
8821,2124,2,7,1.56,111.57
8822,922,4,5,26.3,48.34
8823,1123,5,24,1.49,90.03
8824,2159,3,19,2.67,113.59
8825,1663,4,9,20.41,83.91
8826,1481,3,27,23.17,53.03
8827,1411,1,7,33.05,51.82
8828,901,4,13,8.99,68.35
8829,2037,4,5,34.48,96.76
8830,1986,3,9,3.46,112.94
8831,510,5,20,12.26,36.8
8832,2049,2,5,31.43,72.24
8833,1941,1,24,29.48,53.35
8834,2658,4,2,2.24,153.27
8835,3494,4,23,2.49,180.47
8836,2095,1,9,15.24,88.91
8837,572,1,14,9.9,22.97
8838,3097,5,3,31.91,147.4
8839,3445,4,28,28.9,148.87
8840,597,4,12,22.3,33.08
8841,2735,5,9,11.86,141.75
8842,1104,1,13,12.87,48.04
8843,1227,3,4,31.49,51.89
8844,1919,3,23,9.64,88.38
8845,557,4,2,28.21,32.77
8846,2400,2,19,18.54,100.64
8847,598,2,7,23.48,26.91
8848,624,4,13,16.11,43.84
8849,1534,5,10,8.96,102.3
8850,999,4,24,3.74,70.34
8851,2364,5,24,11.77,126.43
8852,1199,5,29,28.19,61.3
8853,2762,2,9,26.63,112.25
8854,1236,5,30,23.83,56.83
8855,2748,1,11,27.73,106.63
8856,3285,3,4,4.76,179.66
8857,2304,4,17,1.12,136.23
8858,2987,4,5,12.36,158.44
8859,686,3,24,2.94,45.16
8860,1056,3,23,32.21,15.36
8861,759,2,28,21.43,18.58
8862,3318,2,11,2.56,169.97
8863,1189,4,8,21.41,69.14
8864,1481,5,7,18.2,82.56
8865,1653,3,1,26.8,89.63
8866,3281,2,15,22.84,133.03
8867,1953,3,6,21.27,91.6
8868,3495,5,24,13.12,174.51
8869,2648,1,6,8.64,129.9
8870,1543,1,9,19.93,61.01
8871,3184,2,26,5.35,143.66
8872,583,3,1,26.63,24.62
8873,1615,5,27,17.85,89.31
8874,1790,1,17,5.26,87.04
8875,1365,4,15,6.79,87.39
8876,1536,3,8,17.0,79.47
8877,3329,2,18,4.65,162.08
8878,1529,1,0,7.81,80.45
8879,1549,3,12,18.95,80.48
8880,2670,4,10,23.92,123.27
8881,2493,2,15,10.99,115.94
8882,2044,1,14,5.59,100.75
8883,2112,4,23,2.97,115.97
8884,2424,3,3,6.03,144.66
8885,2786,1,17,1.05,126.43
8886,2552,2,11,29.57,103.3
8887,1043,5,21,33.1,44.38
8888,1384,5,7,27.31,75.48
8889,979,4,0,5.65,73.44
8890,2478,4,11,5.5,135.12
8891,2263,4,17,10.85,118.79
8892,3229,1,13,7.67,146.95
8893,2424,5,2,16.64,143.74
8894,2767,1,7,12.5,132.74
8895,2496,4,28,10.1,116.58
8896,2610,2,24,21.85,97.18
8897,546,2,30,22.22,10.19
8898,2001,2,23,24.74,73.13
8899,2126,1,16,23.22,81.27
8900,2957,5,26,16.91,145.85
8901,1469,3,22,30.41,54.53
8902,2967,4,26,25.47,131.44
8903,2364,3,8,25.74,109.09
8904,2341,4,1,10.37,144.4
8905,2910,5,1,20.58,150.78
8906,2970,3,11,28.98,130.75
8907,2094,3,18,17.3,90.6
8908,885,1,21,7.82,38.77
8909,3314,3,0,12.67,172.0
8910,2717,5,3,32.37,142.84
8911,2625,1,9,28.55,97.33
8912,1785,4,19,22.73,78.2
8913,1378,1,15,30.09,44.85
8914,3304,5,21,27.96,147.62
8915,2369,4,25,3.32,126.14
8916,2860,5,3,14.16,147.84
8917,2573,4,5,8.87,144.48
8918,986,1,8,19.29,44.97
8919,1859,4,17,32.18,67.42
8920,952,2,12,12.14,53.71
8921,2454,2,17,29.29,90.07
8922,2903,1,5,29.88,111.61
8923,2802,5,20,29.83,117.28
8924,1174,3,18,33.48,36.51
8925,2885,1,19,30.89,107.51
8926,909,3,21,34.98,22.52
8927,1871,3,6,16.82,96.58
8928,1639,2,14,31.57,63.09
8929,1332,1,16,11.91,43.15
8930,589,4,26,5.19,40.32
8931,3048,3,8,19.61,145.88
8932,1751,1,0,3.01,93.78
8933,1613,1,25,16.12,54.9
8934,1003,1,23,15.38,33.52
8935,665,4,24,34.72,9.8
8936,2646,2,5,25.92,113.58
8937,2561,3,23,27.93,109.12
8938,1595,3,18,25.18,74.96
8939,2858,5,4,31.47,133.01
8940,3129,5,15,24.45,158.76
8941,2183,4,20,29.02,92.11
8942,2000,5,28,29.42,91.08
8943,2794,2,30,23.67,115.27
8944,3370,3,6,34.11,137.13
8945,3350,2,11,23.02,136.6
8946,3339,4,14,5.09,172.52
8947,1826,2,22,14.64,78.3
8948,1685,2,22,1.68,84.23
8949,750,2,11,13.82,38.12
8950,995,2,28,4.39,47.04
8951,3293,4,27,17.8,148.74
8952,502,4,3,34.68,27.34
8953,2334,5,22,25.99,105.07
8954,1372,3,0,14.95,80.1
8955,1710,2,22,16.59,64.37
8956,596,3,6,18.4,33.37
8957,3076,1,15,31.89,107.29
8958,1187,4,1,5.89,90.76
8959,1924,3,7,33.33,66.77
8960,1450,5,2,11.83,108.57
8961,1765,4,8,31.12,84.09
8962,1658,4,25,16.89,84.64
8963,2598,2,20,2.52,129.99
8964,2100,1,10,25.14,85.26
8965,3379,3,1,23.55,163.2
8966,1473,3,0,24.85,82.28
8967,2430,2,2,30.41,104.91
8968,727,4,12,15.93,55.69
8969,2162,3,9,23.3,95.47
8970,1232,3,5,22.33,68.3
8971,3170,1,22,30.32,116.97
8972,1871,2,22,6.67,88.66
8973,2550,4,29,3.49,133.15
8974,2769,1,7,34.18,100.01
8975,2627,1,30,12.32,104.44
8976,2048,4,27,19.97,96.09
8977,3176,5,12,11.08,169.49
8978,2174,1,10,5.05,109.22
8979,2304,1,23,12.82,89.6
8980,1991,2,19,33.17,70.49
8981,647,5,12,19.07,51.91
8982,879,2,24,7.49,39.82
8983,3259,5,18,29.47,156.72
8984,2277,2,29,32.74,71.68
8985,2799,4,19,6.12,145.07
8986,602,1,12,23.04,14.86
8987,1871,3,2,13.45,93.51
8988,2905,4,22,33.37,120.97
8989,809,5,6,17.14,55.69
8990,1392,1,26,34.29,24.93
8991,2360,2,8,27.02,96.85
8992,2670,1,21,3.25,132.33
8993,2517,4,22,6.42,134.87
8994,865,4,8,24.23,51.6
8995,815,3,4,32.91,32.51
8996,1873,2,4,28.62,70.77
8997,1022,3,28,30.88,18.96
8998,2589,1,0,4.65,133.22
8999,2662,1,5,20.82,105.63
9000,2692,3,1,27.33,125.99
9001,2775,5,28,33.89,117.16
9002,1737,5,21,26.99,88.42
9003,3153,1,25,5.62,136.7
9004,2963,2,0,25.75,132.12
9005,2634,1,10,18.51,112.62
9006,548,3,27,23.25,8.46
9007,2580,1,17,5.11,122.15
9008,3417,1,10,34.79,127.11
9009,2764,1,22,25.54,104.85
9010,3408,2,10,33.54,136.74
9011,2622,4,25,28.27,105.24
9012,932,2,2,4.31,58.87
9013,3373,4,18,11.32,171.76
9014,3106,1,5,32.03,119.56
9015,1690,4,30,16.23,76.48
9016,2571,1,4,24.99,105.68
9017,3465,3,18,18.81,160.28
9018,711,4,26,28.5,32.38
9019,3047,5,26,20.04,150.19
9020,3327,3,19,3.54,162.18
9021,1205,4,0,30.31,63.6
9022,823,3,23,15.71,41.53
9023,2209,3,15,25.32,100.88
9024,2100,3,15,29.92,78.76
9025,2598,1,6,1.77,137.41
9026,734,3,7,32.52,24.7
9027,2833,4,9,23.07,133.37
9028,2664,4,4,30.77,126.68
9029,3393,5,28,11.98,170.93
9030,1020,2,0,17.04,50.76
9031,1105,3,28,25.73,47.53
9032,2079,3,3,32.17,87.85
9033,2192,1,28,8.4,93.46
9034,1987,4,8,11.9,108.99
9035,2125,1,16,26.36,70.67
9036,1319,5,7,11.62,81.85
9037,648,5,7,13.55,50.91
9038,1076,4,16,19.03,49.66
9039,2812,5,29,18.34,135.36
9040,3006,4,11,13.95,153.61
9041,1303,2,11,23.59,43.91
9042,2377,4,22,6.55,121.87
9043,1483,4,17,9.02,89.26
9044,1444,3,3,19.1,70.28
9045,3010,5,22,26.59,137.53
9046,2426,5,26,26.45,115.13
9047,634,2,28,33.7,8
9048,1049,5,0,3.99,87.87
9049,2361,4,2,24.05,121.89
9050,1713,3,27,32.08,57.58
9051,1046,4,21,26.79,43.37
9052,1994,2,8,4.25,112.01
9053,3131,3,22,9.39,157.68
9054,1262,2,23,24.81,43.97
9055,2665,4,26,23.54,112.91
9056,2847,1,28,15.43,114.16
9057,3120,4,30,26.32,125.55
9058,1056,1,22,32.51,16.65
9059,825,1,9,1.05,50.03
9060,2418,5,5,14.41,142.26
9061,847,5,14,16.94,52.15
9062,1916,2,6,30.46,75.35
9063,1657,2,4,12.03,75.14
9064,1031,2,8,5.36,55.56
9065,2517,4,14,27.18,111.24
9066,2326,3,1,6.61,131.96
9067,936,5,16,30.83,46.65
9068,1654,5,9,15.69,102.15
9069,642,2,22,13.87,19.16
9070,2122,5,15,19.43,111.61
9071,2570,3,5,28.59,122.28
9072,3232,3,14,12.26,157.56
9073,3318,5,24,20.06,156.13
9074,2933,3,14,26.6,131.14
9075,729,4,18,24.85,33.88
9076,2915,2,16,12.57,129.63
9077,1035,1,4,34.69,27.52
9078,832,4,22,23.62,36.23
9079,3143,4,18,33.31,120.89
9080,3141,4,16,23.59,153.6
9081,779,5,24,20.36,46.35
9082,2196,1,27,8.64,87.45
9083,2851,3,19,25.43,122.04
9084,2899,2,22,34.06,99.61
9085,970,5,10,26.44,62.0
9086,1860,1,2,22.04,87.49
9087,2386,2,15,17.57,99.94
9088,1305,5,29,27.59,60.01
9089,2052,3,9,27.04,83.45
9090,2521,4,18,3.92,136.56
9091,2460,5,20,22.48,124.63
9092,583,1,17,25.42,8
9093,1005,1,25,2.03,45.99
9094,2170,4,19,2.96,120.77
9095,1246,3,2,11.94,73.51
9096,1537,5,24,26.66,76.49
9097,675,5,22,14.52,55.18
9098,3247,1,21,18.38,135.3
9099,506,3,20,32.96,8
9100,1251,3,5,23.4,60.1
9101,2481,3,28,34.18,84.16
9102,2234,3,22,23.41,82.01
9103,3036,3,26,18.55,140.29
9104,1914,1,14,5.23,80.78
9105,2403,2,23,12.28,107.55
9106,1548,2,24,33.06,46.21
9107,1841,2,30,15.69,68.5
9108,2482,4,14,8.23,139.02
9109,3458,2,12,28.17,143.15
9110,2474,3,1,8.03,129.83
9111,785,1,9,25.1,14.41
9112,1551,1,15,32.02,39.09
9113,807,2,27,18.34,29.63
9114,3204,5,19,2.2,177.38
9115,1582,4,12,31.17,76.3
9116,2537,3,15,6.15,130.96
9117,869,4,3,26.52,52.76
9118,2008,4,13,18.02,110.68
9119,1503,1,6,6.22,76.3
9120,2846,3,22,5.91,136.53
9121,1984,3,17,16.15,93.73
9122,1347,3,23,1.36,73.73
9123,2794,1,23,2.88,120.89
9124,1417,5,9,28.6,74.55
9125,2081,3,30,25.68,79.04
9126,794,2,21,13.88,20.16
9127,1566,5,22,22.73,73.83
9128,3245,2,3,27.21,135.22
9129,2117,2,27,33.71,61.28
9130,1721,3,7,20.72,85.37
9131,656,5,10,3.16,65.31
9132,2142,2,0,3.1,117.04
9133,2113,2,12,5.93,115.38
9134,720,3,21,3.63,45.08
9135,1560,1,14,18.35,68.37
9136,3417,1,27,11.22,133.38
9137,2553,1,2,7.95,119.12
9138,1300,4,23,22.48,52.69
9139,3247,2,19,15.13,148.58
9140,3074,2,24,28.26,114.82
9141,1798,5,23,19.5,87.8
9142,750,3,11,11.14,50.34
9143,2927,5,22,27.19,121.27
9144,3340,5,29,21.58,158.48
9145,2994,5,29,4.27,158.81
9146,2458,1,1,23.33,108.72
9147,2850,2,6,27.38,121.44
9148,1027,4,16,20.45,51.22
9149,2429,3,13,1.67,138.34
9150,2732,5,9,3.58,164.57
9151,2546,4,2,24.57,126.23
9152,2655,3,5,24.81,106.9
9153,3146,3,2,25.56,142.26
9154,848,4,13,23.66,48.62
9155,1993,3,17,21.4,92.84
9156,1980,2,22,19.59,85.63
9157,2778,4,21,1.88,156.54
9158,523,2,24,6.03,27.61
9159,3422,2,19,32.57,132.56
9160,1088,5,27,15.92,58.11
9161,3008,4,3,13.74,163.26
9162,2951,4,9,17.47,145.98
9163,1141,4,16,23.58,59.3
9164,2189,3,21,13.24,99.38
9165,638,4,21,6.13,47.7
9166,540,1,17,33.27,8
9167,3473,1,16,19.58,148.11
9168,2151,3,26,32.81,74.38
9169,1936,1,23,24.04,57.04
9170,1810,5,0,4.7,123.61
9171,2802,5,28,24.13,123.74
9172,1564,3,15,15.8,80.18
9173,2909,2,14,19.07,127.74
9174,2248,4,6,29.22,99.42
9175,3096,3,12,26.93,135.22
9176,1730,4,14,10.4,102.3
9177,2851,4,7,7.75,146.32
9178,1105,2,25,30.42,26.85
9179,3336,4,29,31.35,130.3
9180,804,3,0,7.16,62.36
9181,2486,3,6,19.68,117.43
9182,1782,1,10,33.76,51.5
9183,972,5,9,1.29,86.28
9184,2438,2,24,15.17,103.42
9185,3057,4,27,31.91,122.56
9186,811,3,11,33.28,24.41
9187,2493,4,7,34.2,109.55
9188,2681,3,18,4.9,138.29
9189,2780,1,14,26.55,97.02
9190,2092,4,11,7.97,120.59
9191,2307,5,16,12.9,124.06
9192,2939,3,28,23.26,123.1
9193,1983,4,3,9.32,120.68
9194,1536,3,8,33.58,53.26
9195,3460,5,29,14.27,173.2
9196,2812,3,5,12.52,141.57
9197,1527,4,15,17.43,81.5
9198,825,2,7,18.26,45.7
9199,2610,4,14,13.55,136.36
9200,3042,1,29,19.64,113.84
9201,2805,5,15,12.29,141.74
9202,2703,2,4,25.84,116.78
9203,2935,1,20,27.49,110.81
9204,550,3,9,12.92,36.37
9205,964,4,7,13.91,60.95
9206,1821,5,2,20.44,105.36
9207,1635,3,29,7.29,72.52
9208,2422,1,4,7.41,122.74
9209,1459,2,30,31.03,50.54
9210,2164,3,7,7.87,123.01
9211,1297,3,19,33.13,38.17
9212,2897,5,0,20.39,166.45
9213,1140,5,5,25.83,71.55
9214,500,5,15,20.04,42.68
9215,3077,3,20,17.0,136.74
9216,3373,4,6,16.81,165.39
9217,2240,2,1,20.99,99.56
9218,3126,5,23,9.41,165.08
9219,2291,4,13,1.93,127.94
9220,2542,5,25,12.08,133.77
9221,1872,1,25,30.9,58.7
9222,1636,3,21,2.58,93.94
9223,3384,2,19,14.59,160.14
9224,3487,1,21,3.78,154.83
9225,2308,5,7,25.16,118.83
9226,1956,2,14,18.57,81.94
9227,1915,3,12,9.08,100.32
9228,821,3,13,18.0,45.99
9229,777,4,14,11.86,45.96
9230,3469,4,5,10.45,178.01
9231,3111,3,17,4.08,165.13
9232,2765,4,21,2.17,144.24
9233,2572,5,9,1.24,155.88
9234,1321,5,25,1.08,95.28
9235,1301,4,10,22.03,63.4
9236,1388,5,30,13.61,77.57
9237,2357,1,11,3.79,114.62
9238,2982,4,14,7.18,160.25
9239,1026,5,3,11.8,74.09
9240,615,2,15,30.41,8.09
9241,2632,3,7,16.29,134.23
9242,1137,1,9,34.27,20.96
9243,3469,5,5,11.55,189.47
9244,1488,1,27,31.14,35.4
9245,3320,2,18,2.2,166.82
9246,1383,1,13,20.02,48.99
9247,3299,5,6,34.24,144.31
9248,2613,1,13,16.06,115.45
9249,1314,5,12,15.47,82.27
9250,2134,4,15,13.63,111.28
9251,1933,5,11,16.26,111.09
9252,1839,3,3,28.57,93.52
9253,1804,4,15,31.61,86.44
9254,1702,1,5,12.16,88.93
9255,2683,5,23,18.07,140.96
9256,1811,3,16,16.22,89.72
9257,1365,3,15,18.13,65.66
9258,3077,2,1,18.9,134.33
9259,1126,3,30,4.88,60.62
9260,742,4,23,33.3,20.11
9261,1740,5,7,4.98,113.12
9262,986,4,24,24.14,47.2
9263,969,1,10,22.6,21.57
9264,865,2,20,10.67,31.06
9265,3386,3,14,23.56,149.77
9266,1777,3,17,11.23,91.65
9267,3124,5,18,5.68,171.09
9268,2837,5,21,2.26,160.15
9269,3165,4,9,21.64,152.37
9270,2290,3,23,24.66,97.72
9271,3160,5,30,2.38,165.6
9272,2112,2,17,8.4,93.41
9273,1699,4,4,30.61,79.17
9274,2588,1,15,2.3,127.74
9275,3488,2,7,12.88,166.34
9276,3133,2,8,10.25,142.57
9277,3105,5,20,29.21,136.14
9278,3249,5,1,27.19,168.08
9279,3488,1,8,13.14,145.95
9280,2747,1,8,24.85,102.71
9281,3466,5,27,26.86,158.61
9282,3088,2,26,11.75,130.6
9283,1735,1,21,20.56,64.42
9284,2812,5,16,33.14,130.93
9285,1363,1,15,29.04,43.32
9286,973,4,13,33.61,36.95
9287,2797,1,7,31.37,105.63
9288,1704,4,19,4.69,107.9
9289,1239,5,3,13.4,90.96
9290,1569,4,12,34.84,67.0
9291,2014,4,7,4.8,124.9
9292,942,2,14,14.68,40.79
9293,2550,4,12,6.86,146.95
9294,2892,3,29,17.94,118.64
9295,3116,5,30,11.51,156.72
9296,745,5,20,18.19,50.46
9297,2348,1,14,31.73,78.32
9298,1879,4,3,32.72,85.21
9299,650,3,5,14.01,46.33
9300,1534,4,2,31.49,72.8
9301,1863,1,27,10.01,74.76
9302,2261,3,9,33.93,86.59
9303,3294,5,23,22.52,149.71
9304,2941,3,23,34.52,107.01
9305,1552,1,21,23.89,38.93
9306,1397,4,17,2.51,86.32
9307,2936,5,15,29.17,142.82
9308,2742,2,14,9.38,135.6
9309,2106,3,23,6.6,114.15
9310,3244,4,0,24.97,153.8
9311,2490,3,21,23.98,103.87
9312,1606,1,25,6.79,71.32
9313,3341,1,6,12.98,150.12
9314,1898,4,2,19.94,107.52
9315,1087,4,23,6.18,74.11
9316,1003,3,11,3.46,71.76
9317,536,5,21,12.95,54.22
9318,3074,3,24,5.81,146.23
9319,2471,3,0,13.5,135.01
9320,752,5,28,10.31,49.89
9321,2652,2,22,1.45,131.44
9322,2102,2,6,11.43,106.15
9323,3335,2,21,22.02,126.4
9324,1516,2,13,16.98,68.07
9325,2348,2,7,6.26,116.31
9326,3453,4,14,10.91,178.68
9327,3016,3,29,18.22,127.85
9328,3099,3,24,14.08,142.02
9329,2328,4,24,11.0,113.18
9330,1685,3,19,21.76,60.41
9331,798,2,13,17.63,30.38
9332,3480,4,13,18.16,164.83
9333,3405,5,30,30.81,151.57
9334,2156,4,28,15.93,100.1
9335,2553,2,24,7.35,119.64
9336,3421,2,27,4.65,162.74
9337,2343,5,0,12.61,136.84
9338,2771,5,7,7.44,171.6
9339,917,3,25,34.08,27.85
9340,2597,1,3,14.53,114.8
9341,1645,5,26,1.39,105.03
9342,738,1,27,21.3,13.36
9343,2551,5,26,24.57,125.32
9344,1996,2,2,4.75,106.38
9345,1630,2,18,17.46,72.54
9346,1507,3,25,3.94,78.98
9347,1800,5,25,3.87,105.82
9348,550,5,13,29.77,23.9
9349,1465,4,11,3.03,87.5
9350,2180,2,25,5.88,109.47
9351,2525,5,20,21.57,132.29
9352,1879,1,20,27.58,68.28
9353,3352,2,27,33.58,115.27
9354,1502,3,1,33.49,66.13
9355,1013,1,1,19.0,46.91
9356,2466,5,28,20.79,119.28
9357,3168,1,12,5.62,143.23
9358,652,5,19,17.24,42.63
9359,1949,2,27,33.5,53.52
9360,2032,1,17,8.29,89.35
9361,2762,1,24,14.31,118.5
9362,1171,1,9,2.43,60.36
9363,1425,4,6,2.83,96.82
9364,1649,2,18,1.61,82.6
9365,3035,1,19,31.38,113.85
9366,1897,4,5,14.53,116.56
9367,662,4,0,22.5,57.58
9368,2517,3,16,29.06,102.84
9369,3175,4,19,18.8,144.91
9370,1203,1,7,6.72,60.05
9371,1435,5,3,31.25,78.86
9372,1348,2,4,20.55,60.36
9373,3246,2,30,27.21,122.19
9374,2927,2,17,24.25,122.21
9375,1711,4,24,31.03,65.86
9376,2572,5,12,27.77,132.42
9377,1978,5,8,16.45,119.77
9378,3077,5,5,26.04,156.6
9379,1604,4,6,14.59,102.97
9380,1491,4,26,12.91,76.57
9381,3115,3,20,1.58,162.08
9382,1499,5,15,13.27,88.0
9383,555,4,23,16.8,39.17
9384,3497,2,3,16.09,165.2
9385,1093,1,20,30.88,22.48
9386,2906,5,0,10.61,159.87
9387,1358,2,3,28.41,49.8
9388,2222,3,0,4.93,132.52
9389,841,3,12,2.05,67.88
9390,1355,3,5,1.24,85.89
9391,2280,2,5,28.52,87.9
9392,1348,1,12,26.27,47.25
9393,1034,4,12,29.49,47.18
9394,887,3,1,31.74,39.73
9395,1139,2,3,1.27,67.27
9396,995,5,25,20.79,55.3
9397,1796,4,29,26.11,82.07
9398,2972,5,11,1.98,176.24
9399,801,5,28,25.13,47.85
9400,1862,4,24,15.99,92.14
9401,1453,3,5,28.29,68.86
9402,2011,1,15,28.19,67.76
9403,1477,3,5,9.97,87.02
9404,1114,2,25,32.57,35.45
9405,2659,4,15,34.8,116.76
9406,2234,1,5,11.02,105.84
9407,1186,2,11,31.04,33.69
9408,3220,3,18,2.49,166.34
9409,2428,1,15,12.46,109.28
9410,3294,5,29,22.02,159.99
9411,2520,3,5,14.39,132.51
9412,2640,5,22,31.94,121.51
9413,2646,5,25,25.28,116.68
9414,1521,1,15,34.01,43.79
9415,1799,1,2,3.27,97.44
9416,1143,3,22,28.4,42.31
9417,1776,3,28,11.38,80.11
9418,3255,2,14,3.53,162.07
9419,2424,3,2,20.49,125.4
9420,2147,5,10,11.55,122.77
9421,1800,1,17,12.96,74.52
9422,1541,1,28,5.16,64.22
9423,871,4,12,31.02,38.75
9424,927,2,20,30.81,20.93
9425,964,1,21,5.27,43.98
9426,870,5,20,29.16,45.56
9427,859,4,5,2.01,75.25
9428,2904,4,11,33.47,131.41
9429,2228,3,0,2.04,125.71
9430,3162,3,9,30.1,133.18
9431,2133,1,22,31.41,56.51
9432,1108,3,2,5.18,80.64
9433,1647,2,8,26.92,70.9
9434,3397,1,26,5.15,160.77
9435,2437,3,28,10.92,109.16
9436,1625,5,4,5.32,117.17
9437,755,4,28,34.75,15.57
9438,824,4,29,18.38,47.02
9439,2139,1,7,18.63,96.19
9440,1924,1,20,24.86,62.38
9441,3012,2,7,10.49,144.08
9442,1101,1,27,26.62,16.26
9443,1674,4,8,12.04,98.54
9444,2274,3,18,27.95,89.35
9445,539,4,1,27.49,31.48
9446,893,2,15,34.33,14.69
9447,3175,1,29,8.61,130.35
9448,1491,1,24,24.24,36.76
9449,2533,5,19,29.83,122.34
9450,2254,5,26,24.27,107.74
9451,1815,4,23,13.78,99.74
9452,2658,2,0,10.33,140.52
9453,3348,3,20,30.19,136.72
9454,1755,4,7,9.1,109.98
9455,3375,2,11,34.51,136.77
9456,2420,2,13,26.81,87.98
9457,2457,1,3,23.61,96.24
9458,1986,2,2,23.64,87.83
9459,3376,4,25,30.33,156.45
9460,2808,2,15,1.63,146.06
9461,973,5,10,22.13,54.1
9462,1600,1,23,22.09,48.44
9463,1192,5,0,12.14,91.96
9464,633,5,11,17.43,39.33
9465,2836,2,16,3.29,139.58
9466,2099,4,16,2.69,131.01
9467,1341,5,19,22.59,72.46
9468,3102,1,2,21.29,135.07
9469,1603,1,25,24.46,45.49
9470,2061,2,23,17.59,74.01
9471,3146,5,0,18.36,161.97
9472,3187,1,12,18.08,132.66
9473,1324,1,24,5.17,66.53
9474,2385,5,10,21.49,123.3
9475,2770,2,24,29.08,104.6
9476,833,2,10,14.27,44.72
9477,2541,2,11,1.08,129.48
9478,2626,3,30,26.73,93.63
9479,2256,1,13,6.95,102.17
9480,1569,1,6,10.5,74.74
9481,1214,4,20,25.09,56.04
9482,3164,4,7,24.78,154.44
9483,1541,2,29,27.67,43.75
9484,1118,1,19,9.59,42.58
9485,642,4,19,9.11,45.64
9486,3160,5,14,3.23,179.17
9487,3403,5,9,5.88,199.43
9488,1848,5,4,23.55,106.06
9489,1851,2,30,30.58,48.73
9490,2853,3,11,24.43,119.2
9491,3301,5,15,17.81,170.27
9492,1416,4,9,23.83,65.03
9493,1246,4,6,16.65,73.38
9494,2632,1,13,33.67,93.09
9495,792,2,18,6.05,44.14
9496,3202,1,7,23.29,134.59
9497,707,1,0,17.16,36.18
9498,3270,1,5,30.53,139.44
9499,2158,5,8,33.46,107.45
9500,3414,1,5,8.18,152.52
9501,3487,2,5,8.76,171.22
9502,2482,2,16,26.59,98.85
9503,3383,4,1,33.0,155.98
9504,1746,2,18,29.25,52.27
9505,929,2,15,1.41,52.83
9506,2300,5,6,17.31,128.41
9507,1194,1,7,33.3,37.41
9508,2768,2,4,13.78,139.05
9509,721,5,0,21.99,57.91
9510,776,3,3,22.24,38.71
9511,805,4,26,19.48,38.08
9512,2790,2,17,1.11,146.93
9513,2319,3,20,15.88,107.38
9514,1005,1,7,27.96,24.4
9515,2324,1,21,9.51,99.18
9516,2000,3,9,2.06,119.31
9517,2499,1,0,11.91,118.77
9518,3162,5,16,5.43,179.81
9519,1337,3,17,25.6,49.85
9520,612,5,25,7.09,45.1
9521,3170,2,16,34.74,130.09
9522,3486,5,8,17.73,184.89
9523,2923,5,24,6.64,154.69
9524,1950,2,14,3.39,106.61
9525,2020,4,24,11.02,100.42
9526,1461,2,23,2.13,84.13
9527,566,4,13,15.15,42.97
9528,3213,4,6,27.03,150.49
9529,1454,1,3,20.48,67.36
9530,3354,1,3,34.63,128.0
9531,2917,3,10,26.28,132.74
9532,1341,1,26,7.47,54.95
9533,3306,1,7,17.58,133.89
9534,534,2,15,20.46,8.41
9535,3171,2,0,15.08,154.81
9536,708,1,9,34.49,8
9537,2019,5,4,2.53,136.24
9538,1247,3,14,34.11,44.06
9539,1722,2,9,15.67,79.9
9540,1103,3,28,27.84,39.58
9541,1815,1,24,15.44,66.55
9542,3205,5,0,12.4,181.83
9543,1396,4,25,32.12,45.01
9544,1029,1,26,16.31,32.72
9545,1150,1,19,12.75,37.22
9546,2979,1,27,8.96,123.48
9547,3348,3,0,32.29,141.72
9548,2197,5,27,28.22,96.86
9549,1577,3,10,15.8,85.98
9550,3355,5,24,3.7,178.99
9551,3486,4,8,11.01,186.23
9552,1566,1,29,33.56,44.68
9553,1980,1,28,32.32,59.79
9554,2219,4,25,34.56,82.43
9555,539,5,25,6.93,53.24
9556,2541,3,19,26.03,109.92
9557,3283,2,1,32.44,140.3
9558,1554,1,9,30.69,48.82
9559,1929,5,1,14.18,112.9
9560,1543,3,30,15.74,67.2
9561,1767,5,8,1.19,123.81
9562,1703,1,0,10.96,83.97
9563,2188,3,27,13.2,96.71
9564,1364,3,23,33.9,38.5
9565,2305,3,5,13.28,135.46
9566,2759,5,19,5.83,156.48
9567,1655,4,13,5.57,99.96
9568,1288,5,1,24.69,79.03
9569,2967,3,23,3.69,151.25
9570,3234,1,25,28.69,115.6
9571,1945,2,21,23.37,80.97
9572,2007,5,10,21.46,111.39
9573,1762,2,3,12.5,99.94
9574,789,4,8,3.42,69.73
9575,2272,3,15,33.28,80.24
9576,3456,4,28,7.42,171.63
9577,915,1,22,33.72,8.84
9578,3369,2,3,20.85,161.9
9579,2146,4,1,6.51,128.72
9580,2192,5,8,32.3,110.34
9581,1638,4,18,15.26,78.38
9582,2568,5,28,26.81,125.14
9583,1529,3,2,33.01,60.96
9584,775,1,27,28.17,8
9585,1491,4,20,5.32,97.05
9586,1642,4,29,25.22,65.32
9587,3409,2,24,20.66,140.99
9588,2853,1,22,30.21,94.41
9589,1726,5,29,32.31,72.17
9590,520,5,21,11.52,45.95
9591,1891,5,8,31.5,94.45
9592,2875,2,20,26.46,126.16
9593,2795,5,15,20.05,138.95
9594,1499,4,12,23.65,69.98
9595,3258,4,13,28.3,151.03
9596,1342,4,16,2.54,84.59
9597,1516,3,27,6.03,79.99
9598,2703,4,3,15.4,145.45
9599,2704,5,14,11.42,143.87
9600,2241,4,24,2.95,126.04
9601,3001,1,18,5.1,138.74
9602,2058,3,4,12.65,114.39
9603,3194,5,6,4.85,177.71
9604,563,5,25,13.07,46.16
9605,2332,3,18,4.97,115.33
9606,2286,2,25,31.3,70.65
9607,2921,4,15,2.58,159.41
9608,2324,4,30,17.36,110.93
9609,954,3,1,13.08,52.51
9610,726,2,11,34.86,15.41
9611,574,1,11,13.53,21.23
9612,646,5,22,22.18,45.56
9613,2704,3,14,28.62,117.52
9614,3080,2,15,9.78,148.27
9615,1594,5,8,13.14,100.06
9616,3180,4,12,33.04,131.49
9617,3257,4,6,9.23,171.95
9618,1252,1,22,31.76,28.4
9619,1867,1,18,31.55,63.85
9620,3309,4,5,16.99,165.53
9621,2425,2,16,22.25,99.21
9622,2093,5,10,23.86,107.13
9623,2778,4,1,33.19,113.77
9624,1145,4,26,14.7,54.49
9625,1461,4,29,15.4,70.22
9626,3105,2,24,16.8,131.0
9627,3290,3,8,19.39,149.64
9628,1669,2,22,13.25,65.91
9629,731,4,19,29.26,30.6
9630,1417,4,15,30.6,55.79
9631,2412,5,8,5.75,141.02
9632,1679,5,2,20.94,99.97
9633,2095,2,30,24.13,73.11
9634,3312,4,25,6.9,166.34
9635,2987,2,11,2.23,150.2
9636,2249,5,15,19.03,120.34
9637,2467,5,16,5.83,150.44
9638,586,5,2,7.69,68.18
9639,1761,5,0,5.81,127.47
9640,1449,2,26,34.57,33.68
9641,2851,2,24,27.52,106.43
9642,515,1,22,13.9,10.8
9643,2864,3,29,21.77,124.81
9644,1214,5,27,11.22,78.53
9645,1576,1,7,3.32,84.33
9646,2392,5,28,4.21,135.91
9647,2280,3,18,12.86,117.82
9648,612,2,26,8.84,26.44
9649,743,3,19,33.37,24.72
9650,3147,5,8,6.24,177.98
9651,2850,3,26,7.42,133.72
9652,1963,3,28,6.41,90.13
9653,2551,3,12,9.24,130.16
9654,3071,5,20,27.45,139.48
9655,719,2,0,28.75,25.08
9656,2445,2,21,27.96,81.11
9657,2359,5,6,28.68,114.95
9658,1851,3,6,6.37,109.31
9659,2316,5,19,5.95,139.24
9660,1750,5,7,24.49,89.98
9661,1088,4,30,19.98,40.87
9662,2913,2,23,18.35,123.92
9663,3227,5,18,29.29,150.63
9664,1202,5,30,15.83,64.32
9665,1178,5,15,17.32,66.63
9666,3025,1,1,11.02,142.39
9667,2314,4,22,30.65,98.02
9668,3041,4,10,7.21,157.47
9669,1653,1,23,11.77,66.77
9670,705,2,0,10.71,53.68
9671,1580,1,22,31.46,37.87
9672,782,2,19,27.37,18.94
9673,1646,2,25,24.41,42.38
9674,1237,4,11,15.89,76.28
9675,908,3,19,14.45,47.75
9676,823,5,6,13.58,62.86
9677,758,1,0,31.0,16.81
9678,2012,4,14,29.67,83.45
9679,875,2,15,2.96,60.63
9680,768,4,8,20.29,50.24
9681,877,4,11,15.1,62.74
9682,1455,1,5,33.09,44.69
9683,3390,4,6,16.41,172.37
9684,3095,1,2,29.61,130.13
9685,523,1,21,30.96,8
9686,1140,1,26,28.16,24.49
9687,2759,5,27,6.37,156.86
9688,3274,3,0,34.42,133.09
9689,2203,1,6,18.82,88.18
9690,2931,4,29,14.7,146.48
9691,1200,3,27,3.89,70.08
9692,2722,1,26,10.41,111.95
9693,2429,1,2,29.22,93.6
9694,633,3,10,2.79,52.06
9695,1793,2,29,3.38,94.07
9696,3003,4,1,29.24,150.65
9697,1118,4,12,21.41,63.71
9698,1622,4,15,21.64,90.11
9699,2208,1,27,12.13,95.57
9700,1861,4,4,11.77,104.6
9701,1933,1,26,10.29,79.92
9702,1568,1,12,21.08,62.59
9703,1579,5,13,26.73,82.97
9704,1882,3,28,4.6,87.41
9705,2622,2,15,27.42,105.62
9706,2800,5,26,27.82,128.18
9707,2067,1,11,33.79,68.47
9708,2544,3,11,31.96,105.34
9709,672,5,5,14.65,59.27
9710,1835,1,8,10.21,80.25
9711,1686,1,28,11.17,72.57
9712,3056,3,24,5.93,148.75
9713,2156,4,25,22.39,95.29
9714,1919,1,2,12.17,90.23
9715,1007,2,14,23.75,28.28
9716,1224,4,16,9.57,64.01
9717,3028,4,1,10.97,164.84
9718,2807,5,3,11.02,166.33
9719,522,4,12,23.42,37.17
9720,680,4,17,3.65,60.8
9721,1584,2,13,13.24,67.25
9722,1424,5,23,23.12,73.33
9723,2414,4,13,26.06,110.45
9724,997,4,25,3.84,62.24
9725,654,1,25,17.81,19.8
9726,2372,3,24,33.69,87.56
9727,3409,5,28,1.2,192.22
9728,2767,3,5,18.23,128.26
9729,2006,3,14,15.85,92.25
9730,2479,4,25,2.56,133.39
9731,2252,4,4,24.39,110.35
9732,1224,5,24,8.91,76.94
9733,2901,1,8,7.98,142.04
9734,1118,1,11,6.39,53.27
9735,1223,3,19,17.5,57.98
9736,2399,3,25,24.4,103.31
9737,2645,5,3,6.8,159.34
9738,2892,3,25,10.74,131.47
9739,2405,4,18,25.97,98.95
9740,619,1,5,23.82,14.64
9741,1176,3,24,14.77,59.08
9742,2199,1,23,1.49,106.26
9743,2791,5,1,6.06,160.16
9744,786,4,27,23.06,33.72
9745,3439,1,23,23.23,131.5
9746,1427,3,29,12.46,60.11
9747,1940,5,3,11.81,112.96
9748,814,4,22,15.05,53.77
9749,2845,4,28,28.38,113.5
9750,1289,4,27,34.55,50.84
9751,1043,3,7,34.35,33.27
9752,1091,1,19,6.04,53.37
9753,1836,3,11,2.56,95.55
9754,580,4,19,10.12,40.42
9755,3008,4,17,28.23,130.56
9756,3160,5,15,31.99,145.94
9757,2694,2,20,31.22,105.85
9758,708,1,13,14.24,21.27
9759,2711,3,16,10.76,146.12
9760,3414,5,7,33.46,156.93
9761,523,3,13,3.11,44.71
9762,3162,4,0,25.1,151.29
9763,2995,4,28,2.3,154.32
9764,3298,2,15,13.68,159.75
9765,521,3,9,16.89,31.43
9766,1789,5,26,9.25,101.43
9767,1576,4,0,5.3,103.13
9768,1154,4,13,9.94,68.63
9769,965,2,0,24.31,42.96
9770,3082,1,28,30.04,101.08
9771,3052,5,29,33.33,133.51
9772,2475,2,28,19.43,95.57
9773,500,5,9,7.12,56.23
9774,2591,2,16,12.07,123.91
9775,510,4,5,12.71,47.22
9776,3340,2,30,19.23,136.49
9777,798,3,26,13.57,40.94
9778,1143,3,14,3.74,73.65
9779,2292,5,16,17.12,123.14
9780,555,3,3,8.08,39.62
9781,3049,1,28,19.04,115.96
9782,1969,1,26,10.84,84.7
9783,1020,1,30,25.25,19.5
9784,3088,1,8,25.99,118.18
9785,2030,1,10,15.55,78.88
9786,1385,2,15,14.84,56.72
9787,3059,2,25,27.33,107.18
9788,2891,3,14,8.69,141.5
9789,2406,5,6,2.43,157.96
9790,1229,2,19,2.65,63.96
9791,709,3,13,7.76,51.05
9792,1109,3,26,28.64,29.59
9793,1004,2,15,7.98,57.15
9794,1060,3,17,34.61,25.64
9795,784,5,7,31.38,40.98
9796,1276,4,9,8.06,86.94
9797,2251,3,21,24.57,97.58
9798,1790,5,25,10.52,103.86
9799,2223,5,24,4.99,134.33
9800,1809,1,29,10.98,70.67
9801,3372,2,25,23.2,141.94
9802,3028,5,18,17.28,153.37
9803,2182,2,7,34.17,81.5
9804,532,3,4,28.56,20.38
9805,1360,2,26,8.55,54.45
9806,1480,1,21,20.38,48.21
9807,516,2,10,1.92,40.42
9808,2530,1,8,1.2,119.52
9809,1771,2,24,29.39,67.26
9810,2256,5,9,16.89,120.01
9811,2546,2,12,2.46,133.26
9812,2573,5,13,33.38,122.12
9813,1329,4,16,1.98,93.7
9814,1292,5,1,29.67,88.68
9815,2653,2,6,7.46,137.84
9816,621,1,19,28.1,8
9817,2878,5,5,11.02,156.03
9818,2411,3,3,18.8,119.43
9819,2122,2,3,1.11,112.26
9820,3187,4,26,7.4,159.7
9821,2385,5,29,34.5,101.63
9822,778,4,17,33.21,34.19
9823,2086,1,0,13.87,101.19
9824,2565,5,2,30.76,124.9
9825,1153,4,18,2.6,78.76
9826,1203,5,21,10.05,75.47
9827,1821,5,29,1.79,108.64
9828,2341,5,4,6.33,144.4
9829,1669,1,21,21.78,59.48
9830,2313,1,6,5.19,98.28
9831,2783,1,16,8.21,124.46
9832,2736,3,28,25.66,109.74
9833,1554,5,14,19.73,96.54
9834,1612,5,7,7.54,111.38
9835,2205,3,17,13.82,102.82
9836,3098,2,12,3.04,144.72
9837,909,2,2,23.78,38.03
9838,3380,4,23,25.72,149.54
9839,1719,1,10,32.34,48.0
9840,3102,3,7,22.77,139.3
9841,2675,4,23,19.9,126.42
9842,2646,2,29,34.17,85.03
9843,1869,2,14,4.64,87.76
9844,2654,5,15,1.79,162.15
9845,828,3,25,33.46,8
9846,903,2,20,25.96,25.81
9847,1320,1,9,28.83,42.38
9848,2457,3,12,34.39,97.29
9849,1606,4,19,21.48,80.94
9850,1304,1,15,34.19,28.29
9851,1151,4,7,25.56,66.87
9852,3025,4,13,15.78,153.28
9853,631,5,9,29.05,43.39
9854,1623,4,8,31.49,71.07
9855,970,3,14,16.27,46.23
9856,978,5,19,24.73,55.46
9857,2593,3,26,15.53,113.46
9858,1907,3,4,9.94,103.09
9859,2802,4,12,16.45,136.35
9860,724,4,5,5.6,60.73
9861,3443,4,15,21.94,169.08
9862,905,3,24,9.83,50.33
9863,1432,5,5,15.9,95.64
9864,2167,5,16,8.43,125.25
9865,1469,5,4,28.32,84.18
9866,2981,5,12,5.69,162.91
9867,1966,3,13,23.07,87.78
9868,2188,4,2,3.05,132.44
9869,1976,4,11,17.91,102.15
9870,1778,2,15,23.16,69.36
9871,824,3,26,27.25,24.83
9872,1449,3,0,23.02,75.61
9873,628,1,23,3.62,30.9
9874,1668,4,20,29.15,65.9
9875,2898,4,2,10.68,160.17
9876,842,1,1,21.31,25.91
9877,2260,4,11,29.37,99.09
9878,1891,3,29,25.49,69.0
9879,658,1,3,17.14,23.52
9880,2138,2,20,26.0,79.84
9881,2510,3,27,26.82,95.78
9882,517,3,5,28.93,12.83
9883,1034,3,21,23.94,29.32
9884,2374,2,1,17.97,107.51
9885,1312,2,3,15.0,59.45
9886,2137,5,28,4.6,127.77
9887,2332,1,20,19.1,85.36
9888,769,1,26,17.82,9.46
9889,1374,3,0,22.74,62.51
9890,2167,3,5,6.02,131.4
9891,2377,4,29,27.83,98.4
9892,3147,3,24,23.83,142.55
9893,1886,2,29,15.66,73.17
9894,1810,2,9,17.97,77.62
9895,2508,3,2,3.78,139.23
9896,2031,5,28,12.98,109.31
9897,3437,5,17,25.52,160.02
9898,2797,4,29,11.76,141.12
9899,1267,1,8,25.6,37.08
9900,1170,5,23,27.67,46.23
9901,1174,2,1,28.4,55.74
9902,1621,2,0,31.95,69.81
9903,1508,2,19,33.62,39.94
9904,3135,3,7,8.75,162.02
9905,3439,2,18,24.88,138.34
9906,2255,4,22,22.88,107.43
9907,1656,1,9,34.9,57.63
9908,1030,3,20,22.64,34.66
9909,2111,3,29,22.09,91.14
9910,2588,2,21,27.3,106.57
9911,920,5,25,1.35,62.93
9912,3199,1,0,2.09,164.31
9913,2844,4,17,10.91,153.25
9914,1176,5,18,9.42,79.21
9915,2053,3,4,5.12,113.15
9916,2572,3,30,21.55,105.87
9917,706,2,9,18.53,35.73
9918,1989,4,18,20.48,98.24
9919,862,3,24,29.85,19.54
9920,1583,3,28,13.88,70.87
9921,979,2,24,8.58,46.69
9922,728,4,22,1.91,62.03
9923,582,4,27,23.18,31.32
9924,2920,3,19,23.05,130.56
9925,1477,3,29,16.29,63.36
9926,1603,3,19,1.7,85.03
9927,2435,2,22,25.76,96.99
9928,800,1,25,3.43,39.57
9929,2111,3,20,6.17,115.29
9930,1808,3,8,27.12,78.43
9931,2767,5,18,8.39,139.66
9932,712,4,1,13.58,60.73
9933,615,4,0,22.14,51.77
9934,3115,4,29,5.42,154.48
9935,3239,2,5,16.09,152.65
9936,3190,2,4,15.53,153.56
9937,2355,2,0,33.56,88.28
9938,1545,4,1,17.36,91.06
9939,3045,2,14,21.55,124.33
9940,1846,2,22,34.0,56.04
9941,1281,5,18,22.14,71.68
9942,2817,1,25,18.65,105.74
9943,1982,3,8,4.66,110.26
9944,3259,2,16,32.09,120.36
9945,2352,5,4,18.93,128.69
9946,2976,1,3,15.26,135.58
9947,1941,1,10,21.51,72.94
9948,1663,4,27,28.23,65.41
9949,2523,1,11,22.85,99.29
9950,1338,1,20,16.16,44.87
9951,1432,1,25,23.61,34.71
9952,1849,4,28,3.16,96.23
9953,2232,1,27,16.8,82.04
9954,961,1,25,1.69,45.79
9955,677,2,15,18.96,23.48
9956,2806,3,28,28.76,115.92
9957,2637,4,1,27.13,124.6
9958,1833,2,16,31.51,68.58
9959,718,4,6,4.25,64.14
9960,1383,4,26,31.51,46.83
9961,2949,2,5,25.83,120.34
9962,3300,2,22,30.61,127.32
9963,2539,3,21,29.65,98.59
9964,2118,5,21,21.77,108.26
9965,1799,2,2,3.61,104.7
9966,1565,2,17,17.73,63.96
9967,3188,1,14,12.06,133.5
9968,1771,3,8,23.24,77.39
9969,1596,1,18,25.02,48.03
9970,3279,5,24,26.94,153.27
9971,2074,2,20,9.93,97.1
9972,2853,2,24,17.77,123.21
9973,3223,1,27,13.06,134.15
9974,3105,4,16,12.27,154.35
9975,3150,4,1,11.9,174.23
9976,1931,1,20,31.87,60.72
9977,625,2,2,23.2,24.72
9978,577,4,11,20.69,38.08
9979,1621,3,26,26.22,49.84
9980,816,5,13,28.4,51.42
9981,3482,4,21,13.8,171.37
9982,1863,1,22,10.19,77.45
9983,1614,1,24,3.76,77.18
9984,2023,3,14,13.87,100.08
9985,1745,4,11,15.25,90.48
9986,2117,3,23,16.57,89.08
9987,1288,2,18,22.86,42.78
9988,740,3,0,15.73,50.25
9989,1828,5,0,27.94,100.55
9990,1498,1,19,27.64,40.05
9991,2245,2,3,11.56,111.7
9992,2212,1,26,13.76,86.42
9993,1869,2,27,29.47,50.41
9994,551,3,6,27.38,26.11
9995,1713,2,17,21.28,76.05
9996,787,4,4,20.68,48.65
9997,755,5,25,23.08,48.37
9998,2461,1,27,29.64,85.09
9999,2268,4,3,14.51,130.44
10000,2382,1,10,20.59,98.3
