customer_id,age,annual_income,spending_score,monthly_visits,monthly_purchases,synthetic_anomaly
100001,43.0,114331.17,46.8,11.1,5.6,0
100002,35.0,64699.7,46.5,8.2,2.1,0
100003,34.0,136927.41,69.9,18.5,6.1,0
100004,61.0,97746.35,37.3,12.4,7.0,0
100005,27.0,34546.02,85.4,0.0,4.6,0
100006,43.0,135018.62,77.8,18.0,9.7,0
100007,46.0,94816.27,21.6,12.8,0.0,0
100008,54.0,69880.11,31.2,13.8,4.7,0
100009,18.0,28127.01,63.0,0.0,10.4,0
100010,39.0,66917.16,64.0,7.0,6.2,0
100011,31.0,57088.71,44.8,5.3,7.3,0
100012,42.0,217231.15,58.5,17.7,3.7,0
100013,50.0,89064.71,43.4,11.1,3.4,0
100014,41.0,104693.5,65.5,17.2,8.2,0
100015,39.0,59381.9,55.5,3.6,8.6,0
100016,21.0,36303.43,91.2,2.6,6.9,0
100017,52.0,100962.8,31.8,10.9,5.7,0
100018,26.0,30005.37,61.5,3.9,7.7,0
100019,44.0,143809.16,53.1,18.2,9.5,0
100020,55.0,97006.95,15.2,14.6,5.2,0
100021,46.0,81529.25,37.3,13.4,2.5,0
100022,40.0,41992.72,47.6,2.9,4.3,0
100023,51.0,191856.62,74.3,16.7,7.3,0
100024,45.0,100612.88,66.3,20.9,4.9,0
100025,48.0,95225.61,37.8,10.7,4.2,0
100026,27.0,43297.96,76.7,2.9,14.6,0
100027,33.0,47220.22,60.5,9.2,8.1,0
100028,24.0,23657.25,77.4,5.5,6.3,0
100029,23.0,29768.09,71.0,3.5,11.3,0
100030,54.0,78296.55,18.5,12.5,2.5,0
100031,61.0,127225.12,54.9,10.1,5.7,0
100032,47.0,159110.53,68.5,20.6,8.0,0
100033,37.0,44837.78,64.4,6.5,8.4,0
100034,37.0,64019.25,57.5,8.6,6.4,0
100035,29.0,68349.54,49.9,4.4,3.9,0
100036,25.0,31444.05,56.7,2.2,13.5,0
100037,22.0,31046.86,88.4,4.6,13.1,0
100038,22.0,81346.12,64.4,11.9,4.7,0
100039,18.0,32041.58,75.2,4.3,13.2,0
100040,52.0,90883.89,40.2,11.5,3.0,0
100041,41.0,76059.12,68.8,6.7,0.6,0
100042,42.0,120898.9,70.7,16.7,7.9,0
100043,47.0,73099.73,47.2,10.1,4.0,0
100044,41.0,72203.63,65.9,7.6,9.2,0
100045,50.0,150710.57,53.6,16.9,10.1,0
100046,40.0,180826.67,71.4,18.2,11.4,0
100047,35.0,63967.25,67.0,4.1,6.1,0
100048,40.0,62732.1,72.7,3.8,1.9,0
100049,56.0,109805.3,33.1,12.8,6.2,0
100050,20.0,27928.55,79.9,4.8,6.5,0
100051,23.0,30593.2,82.2,3.0,8.4,0
100052,30.0,28893.88,75.1,0.0,7.9,0
100053,55.0,100482.29,41.0,13.1,10.3,0
100054,48.0,67307.85,24.5,10.6,1.1,0
100055,52.0,116420.4,50.4,13.0,10.4,0
100056,50.0,67083.92,45.5,8.3,1.7,0
100057,39.0,60857.42,56.1,4.6,7.0,0
100058,57.0,95341.45,26.7,9.5,1.6,0
100059,26.0,33979.15,70.0,0.0,11.3,0
100060,20.0,35969.0,70.4,1.0,10.5,0
100061,64.0,107808.41,36.4,12.7,0.0,0
100062,30.0,33978.03,75.3,10.1,8.2,0
100063,53.0,68467.81,32.8,15.6,4.4,0
100064,49.0,64936.99,48.8,11.9,0.0,0
100065,47.0,73154.1,33.7,12.4,2.5,0
100066,56.0,96347.52,45.6,11.3,13.1,0
100067,49.0,79553.06,24.7,11.6,0.0,0
100068,37.0,40736.81,59.6,4.3,5.9,0
100069,27.0,45271.26,67.2,2.7,7.8,0
100070,32.0,54020.9,66.2,6.0,13.7,0
100071,26.0,26182.34,74.3,1.4,12.4,0
100072,28.0,47034.98,52.1,8.4,10.7,0
100073,50.0,153351.0,71.2,19.6,4.6,0
100074,18.0,34515.03,67.9,2.9,10.4,0
100075,25.0,37401.68,86.3,3.4,8.7,0
100076,37.0,55346.29,56.0,12.2,7.5,0
100077,38.0,54126.84,68.2,8.5,9.3,0
100078,53.0,112684.65,47.7,12.6,3.7,0
100079,56.0,79539.46,27.8,11.9,0.0,0
100080,56.0,78534.17,30.3,11.6,4.1,0
100081,50.0,93847.96,34.4,11.1,1.7,0
100082,41.0,38514.83,55.9,6.1,8.3,0
100083,36.0,127405.41,71.0,20.1,9.0,0
100084,18.0,29192.13,86.9,0.6,9.8,0
100085,24.0,29777.89,100.0,2.2,11.3,0
100086,20.0,35039.83,86.7,1.8,9.8,0
100087,48.0,75430.69,45.4,10.9,0.0,0
100088,45.0,53048.62,55.5,10.3,6.6,0
100089,23.0,24925.72,61.7,2.7,11.1,0
100090,38.0,56629.13,58.2,3.3,8.4,0
100091,25.0,43368.29,78.1,1.1,9.8,0
100092,50.0,102433.5,35.3,9.5,0.0,0
100093,37.0,77435.56,58.8,8.6,10.0,0
100094,37.0,52910.27,60.0,9.4,8.6,0
100095,40.0,56837.98,56.0,6.8,6.8,0
100096,58.0,54863.33,35.3,11.8,0.0,0
100097,39.0,53914.58,54.4,10.7,10.0,0
100098,27.0,34193.28,76.4,7.0,12.4,0
100099,20.0,23935.41,83.7,2.9,5.7,0
100100,45.0,133220.52,77.3,18.9,6.2,0
100101,46.0,127452.79,67.7,16.9,11.4,0
100102,51.0,118468.78,100.0,49.5,0.0,1
100103,29.0,30030.24,69.3,1.8,8.8,0
100104,49.0,144029.76,84.8,19.0,7.1,0
100105,50.0,104603.51,43.2,14.0,3.2,0
100106,53.0,104987.09,31.2,9.7,1.6,0
100107,35.0,69390.23,70.6,4.3,5.2,0
100108,22.0,36577.57,72.7,2.1,5.8,0
100109,26.0,31070.34,71.5,2.5,13.4,0
100110,38.0,118790.18,84.5,18.2,10.0,0
100111,38.0,61605.67,54.5,8.7,10.5,0
100112,29.0,25171.68,91.0,2.3,7.7,0
100113,35.0,71275.39,63.4,6.5,9.5,0
100114,53.0,85202.19,27.9,12.8,3.8,0
100115,18.0,36879.65,73.2,6.2,5.8,0
100116,42.0,122360.56,62.2,17.0,13.3,0
100117,53.0,81461.79,16.7,8.6,2.4,0
100118,49.0,91168.73,12.3,11.8,7.1,0
100119,44.0,40857.98,50.0,5.3,7.4,0
100120,46.0,123766.7,35.4,11.8,8.8,0
100121,52.0,101845.19,27.5,9.3,2.2,0
100122,63.0,105824.66,37.7,10.0,6.7,0
100123,18.0,22973.75,72.4,6.9,15.7,0
100124,34.0,54475.94,41.6,7.2,7.5,0
100125,28.0,37245.68,76.0,4.1,7.9,0
100126,39.0,56339.29,62.6,7.8,7.2,0
100127,40.0,44474.35,47.4,6.5,2.7,0
100128,22.0,29842.13,91.1,3.3,13.1,0
100129,26.0,28914.56,79.3,4.5,13.6,0
100130,51.0,66827.57,17.8,11.3,0.0,0
100131,33.0,35438.34,71.6,0.8,13.1,0
100132,37.0,114340.69,64.3,18.2,9.9,0
100133,58.0,112869.01,35.0,14.0,2.0,0
100134,27.0,54510.18,49.9,5.7,4.1,0
100135,50.0,105602.29,52.2,8.5,0.1,0
100136,20.0,36410.67,76.0,1.6,12.2,0
100137,48.0,139527.25,63.8,18.5,7.3,0
100138,35.0,56281.61,67.2,7.5,10.1,0
100139,59.0,102848.57,29.9,14.1,5.4,0
100140,37.0,33786.19,85.0,3.6,9.7,0
100141,35.0,65283.76,63.2,9.3,7.9,0
100142,34.0,58352.31,44.8,10.3,5.4,0
100143,48.0,146969.08,75.0,17.8,5.6,0
100144,47.0,124556.76,36.1,14.3,8.2,0
100145,34.0,66726.32,58.5,4.7,6.4,0
100146,27.0,29125.59,74.8,2.7,16.3,0
100147,27.0,67598.34,55.5,5.7,6.2,0
100148,39.0,70085.68,59.9,9.2,10.8,0
100149,40.0,55904.49,62.9,8.0,4.6,0
100150,18.0,20348.81,78.7,3.6,6.5,0
100151,48.0,143835.9,85.5,18.7,4.8,0
100152,45.0,156886.79,66.5,15.1,8.3,0
100153,19.0,38456.31,73.9,6.4,3.6,0
100154,53.0,119442.61,26.1,11.7,2.8,0
100155,21.0,33409.03,65.0,2.8,11.5,0
100156,51.0,77896.51,45.3,13.5,0.9,0
100157,30.0,51376.52,63.5,7.6,9.4,0
100158,50.0,79187.04,44.2,10.9,4.6,0
100159,44.0,85256.24,45.1,10.6,6.4,0
100160,40.0,85434.4,33.3,15.5,0.5,0
100161,27.0,38087.93,70.8,2.3,10.4,0
100162,36.0,128531.4,84.8,19.0,7.5,0
100163,25.0,35346.01,85.7,1.9,14.6,0
100164,31.0,35901.0,69.6,1.0,9.0,0
100165,52.0,64758.79,39.9,14.6,5.7,0
100166,33.0,53134.46,61.0,6.7,8.3,0
100167,46.0,167515.64,60.7,18.4,6.9,0
100168,43.0,161783.1,81.7,20.8,9.3,0
100169,35.0,59177.88,40.7,9.7,6.0,0
100170,46.0,157110.71,59.5,16.2,12.6,0
100171,37.0,55520.66,56.7,9.2,9.8,0
100172,29.0,80238.61,67.7,6.7,3.4,0
100173,29.0,34744.22,63.4,2.5,19.4,0
100174,43.0,121302.34,61.9,21.5,10.5,0
100175,31.0,33429.55,90.5,1.3,10.5,0
100176,25.0,39962.89,81.2,1.7,10.2,0
100177,28.0,36097.99,66.3,6.3,6.2,0
100178,47.0,175204.66,77.3,21.9,9.5,0
100179,45.0,146057.8,59.1,19.9,0.7,0
100180,49.0,95392.11,27.1,11.1,9.5,0
100181,49.0,122717.14,67.3,15.4,10.1,0
100182,42.0,90445.04,73.0,18.9,10.9,0
100183,36.0,57840.99,77.9,7.0,9.2,0
100184,33.0,69699.39,43.4,6.1,3.4,0
100185,49.0,116383.04,28.9,13.4,8.6,0
100186,52.0,111993.42,40.3,12.2,6.3,0
100187,45.0,54888.08,48.4,5.0,10.0,0
100188,30.0,28906.67,56.6,1.7,11.6,0
100189,52.0,98083.95,29.8,14.0,5.0,0
100190,27.0,32916.22,83.2,3.9,7.2,0
100191,45.0,159946.01,83.6,18.8,5.1,0
100192,20.0,29493.55,79.9,2.8,6.6,0
100193,18.0,19912.51,46.8,2.7,17.0,0
100194,52.0,115348.57,73.5,15.1,4.1,0
100195,18.0,30701.13,76.2,3.5,12.0,0
100196,22.0,32208.52,67.1,0.3,5.5,0
100197,55.0,89221.78,16.3,11.9,0.3,0
100198,51.0,125413.69,78.8,20.2,5.1,0
100199,24.0,35187.98,79.2,3.7,6.0,0
100200,39.0,56574.41,61.5,8.8,9.0,0
100201,54.0,105980.39,41.9,15.0,3.9,0
100202,44.0,163488.08,67.1,15.3,9.5,0
100203,35.0,48523.99,63.0,9.9,2.1,0
100204,29.0,17386.49,74.0,6.7,9.0,0
100205,24.0,36394.11,60.8,3.1,10.2,0
100206,33.0,24882.13,74.2,1.1,6.9,0
100207,30.0,32153.51,72.4,2.0,8.3,0
100208,50.0,73377.98,32.4,11.3,1.7,0
100209,25.0,33381.76,72.4,2.7,16.5,0
100210,47.0,50236.35,48.9,4.9,10.2,0
100211,50.0,99098.43,55.0,12.0,6.1,0
100212,55.0,84941.48,45.6,10.3,8.0,0
100213,21.0,29246.91,67.1,1.2,8.7,0
100214,31.0,134120.03,66.9,19.6,9.3,0
100215,48.0,87158.78,32.7,15.0,1.5,0
100216,48.0,75701.21,20.2,12.6,4.6,0
100217,30.0,37998.52,100.0,2.9,9.2,0
100218,18.0,36012.29,79.2,4.3,6.6,0
100219,45.0,145171.03,73.4,16.6,11.6,0
100220,46.0,49608.56,65.2,1.2,9.0,0
100221,27.0,56141.36,44.9,6.6,9.5,0
100222,27.0,57988.21,52.9,10.2,8.3,0
100223,46.0,86940.87,50.6,13.4,1.2,0
100224,42.0,134075.25,66.6,14.6,6.0,0
100225,43.0,57746.43,57.0,7.3,13.7,0
100226,43.0,167567.42,66.0,17.5,8.0,0
100227,20.0,30826.59,86.9,1.4,10.0,0
100228,56.0,80901.63,46.0,12.1,3.5,0
100229,42.0,88611.23,38.7,15.5,5.7,0
100230,30.0,25035.56,76.7,5.4,7.3,0
100231,29.0,36223.91,80.7,2.3,7.0,0
100232,45.0,69051.59,61.4,6.2,7.1,0
100233,44.0,150076.87,79.3,16.4,3.6,0
100234,52.0,65122.58,31.8,11.0,5.5,0
100235,53.0,90996.32,94.7,17.5,9.0,0
100236,36.0,165121.16,72.4,17.9,2.2,0
100237,36.0,71439.44,55.6,9.3,10.4,0
100238,49.0,122276.45,35.5,12.1,4.3,0
100239,24.0,16850.43,76.1,0.3,14.9,0
100240,32.0,36907.16,75.6,1.0,8.0,0
100241,53.0,122556.63,48.4,20.1,12.5,0
100242,60.0,112755.75,47.0,12.1,0.0,0
100243,24.0,35580.26,76.6,2.6,7.1,0
100244,31.0,82513.74,76.7,7.0,7.8,0
100245,47.0,105988.03,52.6,8.9,5.4,0
100246,46.0,153295.68,88.4,22.1,7.3,0
100247,55.0,96440.4,28.7,12.5,6.0,0
100248,37.0,52166.02,53.4,6.1,4.5,0
100249,38.0,66666.13,67.8,5.3,5.3,0
100250,44.0,60164.23,58.3,6.6,10.4,0
100251,58.0,114035.86,35.3,10.3,9.8,0
100252,47.0,128492.19,86.2,16.9,12.2,0
100253,43.0,51716.25,63.8,8.6,14.8,0
100254,20.0,40251.45,78.2,0.5,9.6,0
100255,24.0,25900.79,81.1,4.9,10.7,0
100256,49.0,92461.13,35.0,12.4,7.3,0
100257,44.0,104652.04,66.4,18.3,11.4,0
100258,30.0,42222.19,79.3,4.5,5.6,0
100259,26.0,25806.48,77.4,9.1,10.9,0
100260,48.0,101973.19,29.8,10.1,10.3,0
100261,29.0,33990.29,74.1,2.4,14.6,0
100262,45.0,62313.31,96.2,18.4,9.0,0
100263,41.0,67193.9,65.5,6.2,3.3,0
100264,25.0,40246.1,71.5,1.5,13.7,0
100265,41.0,129653.89,68.3,17.9,3.3,0
100266,21.0,33326.92,80.2,5.3,15.5,0
100267,44.0,72207.52,56.5,5.8,7.1,0
100268,27.0,36734.36,84.2,2.8,12.4,0
100269,30.0,37069.72,77.7,1.3,7.4,0
100270,21.0,33480.75,83.2,0.2,8.5,0
100271,25.0,26817.84,82.3,2.4,7.8,0
100272,24.0,34259.53,69.5,2.5,11.4,0
100273,20.0,22451.32,62.6,2.2,6.0,0
100274,50.0,123470.52,21.2,11.4,10.4,0
100275,54.0,88711.93,33.4,12.9,9.1,0
100276,33.0,53545.07,44.2,7.2,2.8,0
100277,34.0,51859.09,68.7,6.0,8.2,0
100278,28.0,63467.62,46.0,6.1,13.6,0
100279,48.0,136764.0,100.0,16.2,11.5,0
100280,35.0,133853.15,58.5,18.5,8.2,0
100281,22.0,38290.25,72.3,3.7,12.5,0
100282,18.0,27689.13,78.5,4.3,14.3,0
100283,23.0,30177.13,69.3,3.7,9.1,0
100284,23.0,31459.2,83.5,1.9,7.7,0
100285,54.0,43260.1,29.0,9.7,7.6,0
100286,34.0,55742.41,57.5,5.8,5.8,0
100287,24.0,29569.05,73.7,1.0,6.5,0
100288,36.0,65421.66,43.7,8.5,9.3,0
100289,41.0,65346.76,64.4,11.4,6.1,0
100290,19.0,23163.82,95.6,6.5,7.2,0
100291,39.0,131835.43,84.2,15.4,2.1,0
100292,35.0,33799.27,82.5,2.6,11.4,0
100293,35.0,118808.8,73.1,13.5,7.1,0
100294,22.0,30256.5,72.5,1.0,4.5,0
100295,44.0,132436.88,58.2,18.1,7.1,0
100296,41.0,85646.25,78.8,15.5,8.2,0
100297,39.0,130204.09,83.5,19.1,11.4,0
100298,45.0,149982.82,54.2,17.4,7.3,0
100299,58.0,86343.48,37.6,12.5,7.5,0
100300,51.0,109155.16,18.0,8.8,0.0,0
100301,56.0,106519.7,44.0,10.6,2.3,0
100302,23.0,40315.71,94.9,4.6,11.0,0
100303,43.0,59144.8,54.1,6.7,4.1,0
100304,35.0,49529.73,68.3,8.1,11.3,0
100305,35.0,187922.76,56.3,15.6,6.1,0
100306,43.0,64517.4,55.6,5.4,2.9,0
100307,42.0,70912.81,71.5,7.8,0.0,0
100308,46.0,102949.3,31.3,10.9,0.7,0
100309,29.0,34627.67,83.0,1.7,10.5,0
100310,18.0,31252.19,52.7,0.0,9.0,0
100311,48.0,41903.71,45.6,7.4,12.3,0
100312,37.0,69835.9,54.6,6.0,7.2,0
100313,21.0,36171.79,61.9,4.8,10.1,0
100314,35.0,43664.29,48.2,9.4,6.4,0
100315,37.0,52184.42,57.7,4.3,7.3,0
100316,38.0,65578.06,49.0,6.3,8.6,0
100317,35.0,58793.67,77.0,5.1,10.2,0
100318,46.0,106196.76,42.1,11.0,0.3,0
100319,26.0,55135.33,63.3,4.8,7.3,0
100320,36.0,134106.02,60.5,17.8,6.5,0
100321,37.0,123396.39,62.7,15.4,11.2,0
100322,34.0,37423.16,51.8,8.8,4.7,0
100323,43.0,52439.65,63.0,9.1,8.4,0
100324,29.0,51482.05,69.7,5.4,9.9,0
100325,41.0,143564.22,58.1,16.8,5.4,0
100326,53.0,96593.68,39.6,11.0,1.2,0
100327,44.0,114054.36,82.8,17.8,7.0,0
100328,38.0,61147.77,41.4,4.9,10.2,0
100329,52.0,66245.19,38.5,10.9,1.4,0
100330,30.0,73159.21,38.3,5.3,7.4,0
100331,60.0,104470.98,26.5,15.1,0.0,0
100332,25.0,34809.64,69.2,4.4,8.5,0
100333,55.0,63542.92,38.3,11.2,7.4,0
100334,43.0,171480.58,77.1,17.7,10.4,0
100335,28.0,34718.2,55.1,1.0,14.2,0
100336,46.0,110090.09,42.1,10.5,0.0,0
100337,21.0,43969.37,69.4,1.4,7.0,0
100338,58.0,90846.14,28.7,14.8,5.7,0
100339,19.0,24952.16,89.6,3.0,5.4,0
100340,34.0,111875.82,59.6,13.9,4.7,0
100341,19.0,29334.96,94.9,2.5,9.5,0
100342,46.0,134019.58,76.0,18.6,8.4,0
100343,57.0,162960.37,61.2,18.7,5.6,0
100344,54.0,71484.3,23.9,12.7,7.0,0
100345,55.0,109605.41,38.7,12.3,2.5,0
100346,56.0,112525.43,34.4,11.8,8.8,0
100347,43.0,141907.28,76.8,17.8,5.5,0
100348,26.0,31776.77,96.4,4.6,8.2,0
100349,56.0,100264.51,48.1,11.0,4.6,0
100350,24.0,32336.84,69.1,4.2,11.3,0
100351,58.0,94828.56,30.9,13.6,1.6,0
100352,29.0,38237.17,90.6,3.8,8.5,0
100353,53.0,101499.18,29.4,14.7,5.7,0
100354,48.0,127197.14,36.0,9.8,1.5,0
100355,43.0,82366.83,68.1,9.6,10.6,0
100356,39.0,65672.11,63.4,8.5,4.8,0
100357,56.0,119942.35,32.9,11.4,5.4,0
100358,49.0,72482.4,46.5,11.1,4.1,0
100359,33.0,76248.58,66.5,6.5,3.5,0
100360,50.0,104749.61,36.9,12.2,4.6,0
100361,47.0,138945.15,76.5,16.0,15.7,0
100362,23.0,33172.7,83.7,2.2,10.0,0
100363,24.0,26735.14,82.4,0.0,15.3,0
100364,28.0,35681.34,60.6,1.4,14.2,0
100365,73.0,115429.24,45.4,13.0,1.5,0
100366,41.0,49710.53,45.9,4.5,9.9,0
100367,52.0,96724.67,34.8,9.7,2.0,0
100368,49.0,70969.86,30.0,9.8,5.7,0
100369,39.0,47562.99,55.0,10.7,4.1,0
100370,45.0,142659.15,82.9,18.6,6.7,0
100371,52.0,96391.43,34.1,9.4,7.7,0
100372,29.0,25985.47,75.0,2.5,6.5,0
100373,27.0,54516.19,54.4,4.1,7.5,0
100374,42.0,71398.02,56.7,3.3,9.1,0
100375,25.0,34444.26,97.4,1.4,1.4,0
100376,19.0,34799.62,78.3,0.6,5.7,0
100377,41.0,108598.41,77.2,17.2,6.1,0
100378,32.0,64936.45,58.4,7.4,7.5,0
100379,36.0,50470.26,50.7,6.2,13.2,0
100380,45.0,87835.5,36.0,11.4,7.2,0
100381,50.0,90989.34,43.1,15.6,8.2,0
100382,42.0,138752.24,72.5,18.3,5.5,0
100383,57.0,98533.02,34.6,9.5,4.2,0
100384,27.0,55508.79,52.4,7.6,12.6,0
100385,39.0,78164.17,64.5,9.3,12.6,0
100386,39.0,119912.97,78.7,18.0,8.7,0
100387,51.0,84803.98,51.2,9.8,6.1,0
100388,46.0,100208.86,63.7,16.7,9.7,0
100389,22.0,31507.0,100.0,42.8,10.2,1
100390,45.0,126376.24,65.5,21.8,2.2,0
100391,53.0,74283.28,30.9,10.7,1.0,0
100392,24.0,17208.15,74.8,2.8,5.9,0
100393,60.0,84834.76,32.6,10.8,3.8,0
100394,59.0,137288.57,42.5,14.2,9.1,0
100395,25.0,41044.65,85.9,3.3,11.1,0
100396,27.0,65260.05,42.6,3.7,7.6,0
100397,37.0,139820.73,73.4,18.4,5.3,0
100398,40.0,61004.13,62.4,4.6,6.5,0
100399,41.0,72827.18,50.0,5.9,4.0,0
100400,33.0,46386.41,56.6,8.3,4.6,0
100401,36.0,59539.24,68.6,5.8,5.3,0
100402,39.0,111334.76,77.3,17.7,8.2,0
100403,58.0,117778.58,18.5,13.3,4.7,0
100404,22.0,33887.46,60.7,5.9,11.5,0
100405,39.0,125247.66,55.0,17.4,6.6,0
100406,36.0,159572.9,84.8,17.9,7.1,0
100407,38.0,61780.83,47.2,5.7,6.1,0
100408,44.0,140235.29,74.1,15.0,10.0,0
100409,24.0,46703.6,74.1,3.6,18.5,0
100410,44.0,138295.71,62.1,21.1,4.5,0
100411,54.0,86902.2,33.1,9.2,8.0,0
100412,51.0,74221.97,47.5,11.0,5.0,0
100413,28.0,34730.44,56.0,4.4,9.7,0
100414,41.0,137251.31,55.9,18.4,3.9,0
100415,23.0,32900.08,88.7,1.4,14.4,0
100416,29.0,29526.6,66.9,0.1,10.8,0
100417,20.0,38908.3,71.2,1.2,10.7,0
100418,49.0,95146.2,44.9,12.2,4.4,0
100419,25.0,22247.75,81.9,3.3,12.7,0
100420,46.0,134910.89,82.3,17.4,8.7,0
100421,50.0,102896.06,31.2,15.3,10.1,0
100422,28.0,40877.87,62.6,0.2,9.0,0
100423,24.0,30858.33,61.6,5.3,16.5,0
100424,30.0,38252.61,80.3,1.3,10.2,0
100425,63.0,88981.0,30.5,14.2,7.5,0
100426,39.0,133410.59,67.0,18.1,11.3,0
100427,20.0,38276.47,79.0,7.7,11.0,0
100428,43.0,154482.81,68.6,14.4,7.3,0
100429,23.0,22828.25,77.3,0.0,9.0,0
100430,44.0,142444.3,67.9,17.8,5.6,0
100431,43.0,141463.78,63.0,18.5,8.8,0
100432,51.0,136399.9,33.6,11.4,2.7,0
100433,47.0,106728.84,28.1,10.9,2.4,0
100434,38.0,95872.7,67.4,19.7,8.6,0
100435,32.0,36325.51,83.2,6.8,9.7,0
100436,24.0,31933.96,93.4,3.0,8.1,0
100437,27.0,27298.34,83.3,3.8,9.4,0
100438,39.0,45396.26,59.6,6.1,15.6,0
100439,53.0,84801.7,21.2,14.6,2.9,0
100440,48.0,100750.72,41.5,13.3,4.1,0
100441,44.0,145847.33,75.4,18.8,11.3,0
100442,24.0,27295.21,76.6,4.5,4.6,0
100443,43.0,110702.52,50.2,9.5,4.3,0
100444,22.0,30497.62,81.1,0.4,6.7,0
100445,22.0,31162.64,66.7,4.6,8.7,0
100446,50.0,99833.47,33.7,13.7,1.2,0
100447,36.0,132193.35,72.6,15.5,3.8,0
100448,53.0,82041.95,20.5,13.9,2.1,0
100449,30.0,32163.99,80.9,2.6,2.0,0
100450,46.0,92850.37,38.6,8.4,3.8,0
100451,18.0,33351.41,100.0,44.9,13.2,1
100452,45.0,161681.92,68.5,23.6,4.3,0
100453,49.0,110413.23,42.5,13.0,6.0,0
100454,18.0,41154.36,76.0,5.5,3.9,0
100455,25.0,28754.23,83.7,3.6,11.1,0
100456,19.0,31671.86,76.2,4.0,13.0,0
100457,44.0,107840.46,73.1,23.2,12.9,0
100458,21.0,62706.91,67.3,6.6,5.6,0
100459,51.0,104442.44,23.5,14.4,3.8,0
100460,47.0,114226.39,19.5,10.9,2.3,0
100461,63.0,83286.14,13.5,10.8,5.4,0
100462,28.0,45112.87,92.1,3.4,7.3,0
100463,51.0,130712.2,65.4,17.2,4.2,0
100464,34.0,59398.51,65.3,6.2,3.2,0
100465,44.0,98583.64,35.7,10.9,2.6,0
100466,54.0,118778.34,27.2,12.2,6.9,0
100467,48.0,94732.69,34.6,9.4,4.5,0
100468,43.0,153988.12,60.1,18.0,12.1,0
100469,34.0,39373.54,66.2,3.9,8.6,0
100470,37.0,53382.06,40.9,6.3,9.2,0
100471,37.0,66496.9,60.2,7.8,8.6,0
100472,35.0,62925.06,75.4,7.3,7.1,0
100473,25.0,30744.85,73.6,3.4,8.5,0
100474,23.0,27446.64,79.1,4.2,9.4,0
100475,18.0,35400.54,79.2,1.0,12.3,0
100476,29.0,73666.75,57.4,2.5,7.5,0
100477,34.0,55785.56,50.6,6.7,5.5,0
100478,43.0,116752.36,32.6,10.5,0.6,0
100479,56.0,72796.81,36.3,10.8,2.4,0
100480,30.0,55077.24,58.1,7.5,4.6,0
100481,36.0,71915.15,41.4,7.0,4.1,0
100482,19.0,33503.43,72.5,0.6,14.0,0
100483,57.0,61957.57,20.3,13.2,3.1,0
100484,44.0,68878.31,61.0,5.0,8.5,0
100485,18.0,39518.21,82.2,1.4,12.4,0
100486,47.0,59571.39,63.5,6.1,7.3,0
100487,28.0,61994.09,58.4,10.6,1.6,0
100488,23.0,39419.56,75.6,2.7,7.5,0
100489,47.0,63777.9,28.7,10.0,4.4,0
100490,48.0,86798.99,30.5,11.9,2.4,0
100491,47.0,96466.61,45.7,12.3,2.2,0
100492,51.0,59934.18,33.6,11.2,1.2,0
100493,48.0,87984.99,44.9,14.2,1.2,0
100494,33.0,56502.7,66.1,7.3,7.3,0
100495,55.0,84801.33,48.6,12.0,1.4,0
100496,35.0,75748.32,53.7,8.9,5.1,0
100497,32.0,69361.11,49.3,8.6,8.1,0
100498,48.0,93778.33,29.5,12.7,9.7,0
100499,34.0,67956.94,58.2,7.0,6.5,0
100500,32.0,65740.16,55.1,5.2,10.0,0
100501,52.0,91099.51,48.4,8.3,7.8,0
100502,39.0,145330.62,66.1,16.2,11.9,0
100503,52.0,134425.11,75.4,18.1,13.2,0
100504,25.0,66208.7,50.7,2.3,5.9,0
100505,45.0,54678.49,65.9,9.4,7.0,0
100506,53.0,65651.31,27.8,13.8,4.2,0
100507,38.0,63486.04,79.9,6.1,11.8,0
100508,44.0,182693.81,59.8,18.4,6.8,0
100509,37.0,75641.72,61.8,9.4,5.0,0
100510,20.0,32092.77,77.6,2.6,7.1,0
100511,30.0,29910.06,92.3,3.0,11.9,0
100512,46.0,119228.28,75.7,21.9,8.8,0
100513,29.0,35993.25,81.1,3.4,11.6,0
100514,40.0,46909.85,60.5,6.6,5.8,0
100515,42.0,53818.09,44.1,8.6,2.7,0
100516,18.0,37231.62,79.6,3.9,8.7,0
100517,29.0,48766.61,55.3,4.5,7.9,0
100518,50.0,98164.12,36.6,12.8,5.5,0
100519,22.0,33059.66,80.4,0.0,11.9,0
100520,44.0,154214.03,59.1,17.4,4.7,0
100521,47.0,104591.06,62.7,19.1,6.1,0
100522,31.0,72118.99,67.5,8.4,9.5,0
100523,23.0,30821.54,71.5,3.3,8.4,0
100524,50.0,105258.3,46.8,12.8,9.4,0
100525,20.0,21413.27,85.1,1.5,9.2,0
100526,27.0,51964.81,43.0,6.1,5.8,0
100527,43.0,171241.02,78.8,14.8,9.8,0
100528,44.0,137534.77,71.8,18.4,5.9,0
100529,51.0,115245.36,28.0,9.9,3.8,0
100530,30.0,42773.74,54.6,9.9,6.9,0
100531,53.0,58574.46,39.4,12.2,2.0,0
100532,53.0,97909.08,24.4,12.7,7.6,0
100533,35.0,52317.65,56.2,8.7,3.3,0
100534,55.0,83405.95,37.4,10.9,2.3,0
100535,32.0,23883.66,82.9,6.5,12.1,0
100536,18.0,24618.1,70.5,3.3,10.7,0
100537,30.0,52260.03,49.9,6.6,13.0,0
100538,19.0,26372.72,66.7,4.3,9.9,0
100539,20.0,29910.3,70.1,3.6,18.1,0
100540,46.0,137656.69,65.4,15.3,10.2,0
100541,46.0,128254.25,84.1,18.0,10.3,0
100542,53.0,91970.98,25.5,11.7,6.5,0
100543,40.0,151081.48,61.2,19.6,8.9,0
100544,37.0,134354.83,81.3,15.5,4.8,0
100545,24.0,44287.99,71.3,4.0,10.8,0
100546,33.0,63798.25,53.5,6.3,2.0,0
100547,36.0,72033.88,58.6,9.2,8.7,0
100548,24.0,28383.15,73.1,0.1,9.2,0
100549,53.0,124333.7,40.3,10.3,0.0,0
100550,35.0,71059.29,55.8,8.1,6.5,0
100551,40.0,44174.6,74.0,4.8,9.4,0
100552,23.0,31332.83,75.6,3.5,11.4,0
100553,29.0,40109.79,81.3,6.4,10.3,0
100554,48.0,150803.74,66.5,18.4,9.5,0
100555,24.0,34378.05,86.7,3.0,1.2,0
100556,32.0,30285.87,69.8,0.8,9.0,0
100557,33.0,53774.97,51.2,8.1,13.1,0
100558,40.0,74528.2,54.2,7.2,8.3,0
100559,49.0,87720.02,43.5,14.2,4.2,0
100560,30.0,58701.19,43.6,7.2,7.8,0
100561,23.0,33392.26,82.2,3.5,6.4,0
100562,23.0,34360.7,93.8,2.5,11.7,0
100563,47.0,135044.98,83.5,20.4,12.1,0
100564,54.0,135358.35,28.8,16.2,6.3,0
100565,59.0,89527.35,43.4,14.9,0.7,0
100566,51.0,58384.58,33.2,10.4,3.3,0
100567,67.0,124374.44,20.6,13.1,6.4,0
100568,22.0,33027.05,80.8,0.3,6.9,0
100569,37.0,63109.33,1.0,25.2,6.7,1
100570,40.0,61146.42,74.2,5.6,7.6,0
100571,34.0,68561.64,50.2,10.9,1.9,0
100572,52.0,142267.71,77.5,20.7,10.6,0
100573,32.0,68697.0,76.7,5.2,13.4,0
100574,54.0,87591.81,26.1,11.6,0.0,0
100575,41.0,133374.23,61.3,19.5,7.3,0
100576,33.0,58369.27,61.6,7.1,4.9,0
100577,44.0,138722.97,60.6,17.4,9.7,0
100578,55.0,91067.61,41.8,10.0,1.2,0
100579,42.0,177738.67,73.6,17.4,12.6,0
100580,35.0,86939.62,52.9,5.0,6.5,0
100581,35.0,52985.85,84.0,7.6,8.4,0
100582,34.0,55553.21,68.3,3.6,3.6,0
100583,23.0,39782.03,74.3,3.8,10.1,0
100584,42.0,44314.49,65.4,6.6,9.8,0
100585,39.0,140614.71,71.0,16.0,4.2,0
100586,49.0,97221.82,27.4,11.3,0.0,0
100587,22.0,37895.86,85.1,2.8,10.7,0
100588,32.0,80128.74,78.7,7.3,14.8,0
100589,21.0,24793.78,70.9,2.6,16.9,0
100590,23.0,27048.38,69.0,5.3,13.0,0
100591,41.0,92730.24,60.7,21.4,10.1,0
100592,36.0,82856.18,77.6,6.9,6.9,0
100593,33.0,58823.83,43.1,4.0,1.8,0
100594,57.0,68300.02,54.5,10.5,9.2,0
100595,22.0,22978.76,90.8,5.8,7.3,0
100596,22.0,26782.62,76.8,3.2,8.9,0
100597,43.0,85066.96,42.0,11.6,3.0,0
100598,47.0,84568.12,49.1,9.7,6.2,0
100599,43.0,146169.23,64.7,17.3,8.0,0
100600,49.0,100667.49,39.6,16.3,4.8,0
100601,26.0,74979.29,56.0,11.0,11.4,0
100602,49.0,107344.54,29.1,12.0,6.0,0
100603,49.0,162559.19,72.7,23.0,6.9,0
100604,44.0,70808.64,49.7,11.8,4.5,0
100605,40.0,128591.9,64.1,18.9,7.7,0
100606,54.0,100804.4,30.7,9.1,0.0,0
100607,58.0,177249.97,85.4,16.7,8.0,0
100608,20.0,24442.41,72.1,5.7,12.5,0
100609,47.0,89616.65,42.5,10.9,4.2,0
100610,38.0,66362.78,60.5,5.7,5.3,0
100611,46.0,68301.14,33.9,13.6,0.0,0
100612,53.0,108417.19,16.6,11.5,8.9,0
100613,46.0,92864.48,78.6,16.5,10.1,0
100614,40.0,138663.58,66.6,18.0,6.3,0
100615,35.0,48880.25,62.9,7.4,2.2,0
100616,57.0,91985.48,36.6,13.5,5.0,0
100617,58.0,89984.65,45.3,12.2,5.5,0
100618,38.0,75846.55,65.2,6.1,5.1,0
100619,24.0,27621.82,67.5,0.0,5.4,0
100620,34.0,28218.56,97.0,3.8,9.9,0
100621,44.0,95079.84,53.9,15.1,4.8,0
100622,30.0,51318.03,49.5,9.6,11.9,0
100623,44.0,132362.37,87.5,16.0,8.2,0
100624,38.0,52371.15,51.6,5.6,11.3,0
100625,53.0,142892.77,69.3,16.8,8.0,0
100626,33.0,60917.14,62.1,6.2,6.4,0
100627,51.0,89569.67,30.6,13.5,0.0,0
100628,32.0,32780.65,84.1,4.5,7.9,0
100629,47.0,77348.2,32.5,13.4,2.2,0
100630,46.0,80328.39,68.1,20.3,7.5,0
100631,39.0,123447.55,41.7,16.0,11.2,0
100632,40.0,128293.48,48.7,14.7,11.6,0
100633,27.0,24526.75,71.7,2.9,6.4,0
100634,26.0,60223.21,63.7,8.2,9.6,0
100635,18.0,32333.52,75.3,2.8,9.4,0
100636,21.0,14617.53,89.6,3.7,5.5,0
100637,54.0,87351.09,30.8,10.5,5.6,0
100638,48.0,76244.13,46.3,11.6,3.6,0
100639,55.0,83584.27,30.3,12.6,0.0,0
100640,44.0,120956.07,80.6,19.1,9.2,0
100641,44.0,93231.94,23.2,11.9,0.0,0
100642,35.0,169963.65,75.7,17.3,5.3,0
100643,19.0,33152.9,74.6,6.1,9.4,0
100644,24.0,24002.22,74.4,3.4,8.9,0
100645,50.0,100590.15,50.1,12.3,7.4,0
100646,46.0,167325.71,65.9,17.6,7.4,0
100647,27.0,36564.3,79.3,4.8,8.3,0
100648,40.0,73336.43,64.8,7.3,9.1,0
100649,48.0,98391.99,38.0,9.3,5.4,0
100650,18.0,29535.19,78.4,1.5,10.2,0
100651,36.0,52846.77,63.7,5.5,13.9,0
100652,42.0,110483.39,62.2,20.3,6.8,0
100653,45.0,109598.49,30.8,13.3,6.8,0
100654,25.0,45800.43,60.8,1.4,9.2,0
100655,54.0,185309.66,84.9,16.4,6.0,0
100656,32.0,53256.96,72.9,6.5,6.7,0
100657,47.0,98079.1,72.5,15.8,7.1,0
100658,33.0,54880.13,60.3,7.4,6.3,0
100659,54.0,80146.69,41.8,11.6,2.5,0
100660,32.0,59306.0,76.7,6.9,3.6,0
100661,29.0,29281.69,80.8,1.8,13.8,0
100662,40.0,175226.02,61.5,17.4,12.2,0
100663,25.0,45083.64,75.3,3.5,15.7,0
100664,18.0,22566.56,70.0,4.6,5.2,0
100665,39.0,67878.05,78.1,9.1,8.1,0
100666,59.0,104215.26,30.4,9.7,2.3,0
100667,43.0,144410.46,50.6,17.6,8.1,0
100668,46.0,180995.38,73.9,16.2,2.5,0
100669,39.0,52300.99,66.7,9.8,2.4,0
100670,39.0,76425.67,68.2,2.8,4.4,0
100671,18.0,35015.2,82.1,0.0,9.1,0
100672,56.0,97530.39,36.5,11.3,0.8,0
100673,43.0,141312.75,78.2,19.4,8.3,0
100674,57.0,88588.79,20.6,13.0,4.4,0
100675,54.0,73377.88,52.9,13.4,3.1,0
100676,31.0,74021.03,47.0,11.5,5.2,0
100677,52.0,135351.26,87.8,16.5,8.1,0
100678,40.0,69388.78,69.0,6.0,7.3,0
100679,30.0,27937.73,83.7,2.6,10.6,0
100680,36.0,53202.76,55.4,7.3,6.7,0
100681,32.0,37817.34,80.9,1.5,7.5,0
100682,34.0,26183.06,79.1,3.7,9.1,0
100683,19.0,27479.0,72.5,1.6,14.0,0
100684,36.0,56154.38,1.0,49.4,6.0,1
100685,57.0,73263.39,46.7,12.0,3.9,0
100686,33.0,48297.19,41.3,5.5,8.8,0
100687,31.0,44719.32,48.9,6.2,6.0,0
100688,42.0,166021.68,84.5,22.0,3.1,0
100689,48.0,106944.1,30.5,13.7,4.6,0
100690,44.0,73636.71,1.0,27.3,6.7,1
100691,34.0,45194.24,72.7,8.5,6.0,0
100692,50.0,124114.74,53.6,20.0,4.2,0
100693,23.0,33187.27,81.9,4.7,11.7,0
100694,39.0,53175.21,60.9,4.0,11.7,0
100695,36.0,131269.72,58.8,16.5,8.0,0
100696,33.0,74769.79,60.3,6.1,6.6,0
100697,58.0,110541.69,23.6,10.6,5.4,0
100698,54.0,77038.48,42.5,10.2,7.9,0
100699,55.0,75644.09,29.7,10.9,4.5,0
100700,35.0,49216.34,44.1,8.1,7.9,0
100701,25.0,33559.42,71.8,3.4,17.6,0
100702,42.0,58781.36,52.8,1.3,10.2,0
100703,28.0,28867.55,63.7,0.7,11.3,0
100704,43.0,157428.12,72.9,19.9,9.1,0
100705,40.0,38679.13,45.7,6.3,10.2,0
100706,61.0,92191.57,28.9,8.1,6.6,0
100707,49.0,145587.52,27.6,16.2,6.2,0
100708,47.0,98969.66,42.7,11.5,6.5,0
100709,40.0,68655.14,57.8,4.7,6.8,0
100710,37.0,41063.27,59.7,6.8,3.1,0
100711,41.0,132141.47,91.3,18.4,11.1,0
100712,51.0,62956.03,41.7,10.7,3.0,0
100713,38.0,141833.75,82.7,19.9,12.8,0
100714,52.0,88443.97,60.1,14.4,9.9,0
100715,49.0,86635.02,32.8,12.8,0.0,0
100716,18.0,32007.47,90.0,2.9,7.6,0
100717,41.0,111290.75,27.6,9.7,0.0,0
100718,18.0,26463.41,75.6,0.6,10.6,0
100719,51.0,132996.07,18.0,12.3,4.5,0
100720,38.0,142400.36,79.7,18.2,12.2,0
100721,25.0,52600.68,72.8,8.8,8.6,0
100722,42.0,40611.21,66.0,9.1,5.0,0
100723,37.0,33130.97,56.1,3.8,7.8,0
100724,49.0,153808.19,66.0,21.0,10.8,0
100725,20.0,31124.22,83.2,2.3,9.0,0
100726,24.0,25861.0,55.7,3.5,4.0,0
100727,19.0,21795.69,61.5,3.9,9.3,0
100728,23.0,24420.41,71.4,3.8,9.8,0
100729,40.0,72770.43,55.5,3.3,4.7,0
100730,36.0,53334.4,47.5,7.1,14.3,0
100731,34.0,61968.69,44.9,9.5,9.6,0
100732,28.0,39832.42,73.7,2.4,15.1,0
100733,27.0,19217.28,82.5,1.8,12.7,0
100734,38.0,42575.54,60.7,7.4,8.1,0
100735,27.0,40616.76,82.1,3.0,13.4,0
100736,63.0,110647.71,37.1,12.9,4.8,0
100737,24.0,44471.38,70.5,5.3,9.6,0
100738,29.0,59898.37,52.5,8.2,7.3,0
100739,31.0,78416.45,68.9,10.2,7.7,0
100740,36.0,69851.73,52.2,7.3,6.5,0
100741,18.0,32734.14,73.6,2.5,11.1,0
100742,30.0,27111.08,74.6,1.5,7.5,0
100743,40.0,135049.45,77.9,18.6,4.8,0
100744,30.0,37439.81,69.0,5.4,11.0,0
100745,35.0,65996.17,57.7,8.1,7.6,0
100746,34.0,39391.77,63.3,6.3,9.3,0
100747,38.0,58120.07,68.2,7.4,7.5,0
100748,35.0,80788.48,50.9,6.4,3.3,0
100749,56.0,85045.25,30.3,11.0,4.2,0
100750,37.0,83470.22,76.6,13.8,10.6,0
100751,32.0,31054.07,91.0,3.0,14.8,0
100752,34.0,35607.92,57.2,10.4,8.6,0
100753,21.0,33894.47,87.7,2.8,17.9,0
100754,33.0,73188.02,65.6,5.6,5.7,0
100755,57.0,97475.87,38.4,8.7,6.0,0
100756,25.0,31631.88,81.6,2.2,8.2,0
100757,35.0,56819.49,79.8,8.8,4.1,0
100758,53.0,129092.01,72.3,19.8,2.1,0
100759,23.0,28697.6,1.0,45.4,9.8,1
100760,35.0,73886.87,61.0,7.1,7.4,0
100761,61.0,97952.73,29.9,8.2,0.0,0
100762,22.0,31375.75,72.4,3.7,8.3,0
100763,19.0,35528.83,91.7,0.8,10.7,0
100764,18.0,23506.66,72.1,5.3,7.7,0
100765,39.0,140909.4,72.4,16.4,14.0,0
100766,23.0,32654.25,74.0,3.9,13.7,0
100767,32.0,27609.35,89.0,4.1,12.9,0
100768,24.0,30922.65,87.4,4.9,14.7,0
100769,25.0,31384.17,53.4,0.0,8.8,0
100770,46.0,108921.63,21.9,11.0,2.6,0
100771,30.0,28496.54,82.5,3.4,12.7,0
100772,56.0,94428.17,18.0,11.5,3.9,0
100773,53.0,82387.81,46.4,12.0,1.2,0
100774,41.0,188599.27,78.6,20.1,4.9,0
100775,21.0,28075.01,79.8,2.7,8.5,0
100776,41.0,119990.31,70.2,20.2,3.5,0
100777,54.0,118599.59,33.2,10.9,6.8,0
100778,19.0,31869.3,67.6,0.0,9.5,0
100779,46.0,94800.43,46.2,15.7,4.3,0
100780,48.0,150053.86,68.2,14.2,12.9,0
100781,19.0,39964.76,83.4,1.0,10.9,0
100782,54.0,178698.45,66.9,16.6,8.3,0
100783,35.0,75389.07,65.4,3.6,8.4,0
100784,51.0,95634.55,37.5,14.4,6.9,0
100785,39.0,138522.98,67.5,14.6,7.7,0
100786,45.0,42893.6,57.8,6.9,7.9,0
100787,38.0,104087.21,58.2,20.7,5.1,0
100788,34.0,85487.7,50.7,7.7,10.2,0
100789,57.0,72230.04,27.9,12.6,9.8,0
100790,48.0,86559.22,39.2,13.2,6.0,0
100791,20.0,28935.4,80.2,5.5,9.3,0
100792,36.0,50550.64,76.6,7.3,10.2,0
100793,36.0,62951.58,43.0,2.7,10.8,0
100794,24.0,33189.03,65.5,1.2,13.2,0
100795,33.0,28421.46,84.7,3.4,9.6,0
100796,45.0,56942.27,70.4,7.8,6.9,0
100797,31.0,33671.17,77.0,5.8,13.7,0
100798,30.0,12000.0,82.4,3.4,9.9,0
100799,55.0,99455.52,41.8,11.5,8.5,0
100800,56.0,104277.2,39.9,14.3,7.1,0
100801,51.0,111934.31,36.7,15.8,7.3,0
100802,33.0,88010.73,37.0,8.3,4.9,0
100803,52.0,146370.71,64.1,17.5,5.9,0
100804,50.0,89380.13,27.5,12.5,5.2,0
100805,19.0,22448.37,81.1,4.1,12.2,0
100806,27.0,41058.85,88.0,8.4,19.3,0
100807,43.0,57428.93,34.9,13.0,3.8,0
100808,28.0,30443.41,71.1,1.9,9.4,0
100809,40.0,56567.97,55.1,8.1,6.4,0
100810,49.0,116828.44,60.6,18.6,9.2,0
100811,20.0,39739.11,97.2,1.7,14.5,0
100812,18.0,38198.41,69.4,5.0,7.1,0
100813,43.0,119585.09,69.9,21.7,7.7,0
100814,63.0,88402.61,49.9,8.7,3.1,0
100815,21.0,40857.18,79.9,0.0,6.1,0
100816,38.0,163538.07,80.1,17.4,6.4,0
100817,47.0,111536.02,76.6,18.7,7.2,0
100818,38.0,63139.37,63.0,4.3,8.8,0
100819,57.0,100488.27,41.0,11.8,6.7,0
100820,24.0,25387.86,86.2,0.0,10.8,0
100821,22.0,29418.8,79.7,1.6,11.5,0
100822,52.0,84444.27,48.4,12.4,5.9,0
100823,43.0,77625.99,63.8,6.4,2.7,0
100824,53.0,113717.39,38.5,5.1,6.6,0
100825,48.0,132409.2,81.9,19.3,5.9,0
100826,30.0,24699.33,77.4,2.7,7.5,0
100827,54.0,117407.31,47.5,13.4,0.0,0
100828,18.0,32957.13,77.7,2.0,15.7,0
100829,44.0,153668.8,81.9,18.1,15.8,0
100830,19.0,28509.03,68.6,6.1,12.4,0
100831,49.0,80227.71,48.8,12.7,8.2,0
100832,52.0,103747.25,38.0,10.8,3.6,0
100833,30.0,67514.23,65.6,9.0,9.0,0
100834,51.0,121538.7,43.9,14.8,8.4,0
100835,51.0,101632.74,42.7,9.7,0.6,0
100836,46.0,93151.49,31.7,9.1,4.4,0
100837,52.0,115216.31,55.1,12.9,1.9,0
100838,46.0,140234.43,69.6,16.3,6.6,0
100839,35.0,70973.72,63.1,10.7,9.0,0
100840,38.0,58582.47,47.6,5.9,4.9,0
100841,18.0,26190.28,94.0,3.7,8.9,0
100842,54.0,61596.78,37.8,14.6,3.6,0
100843,27.0,57380.42,70.8,7.5,2.7,0
100844,48.0,48007.5,55.6,4.9,3.9,0
100845,22.0,35664.22,90.9,2.2,7.0,0
100846,45.0,152800.68,74.4,18.6,7.7,0
100847,36.0,59972.77,68.7,11.5,7.5,0
100848,52.0,99375.23,28.4,13.5,5.3,0
100849,22.0,37195.9,78.2,1.1,11.1,0
100850,44.0,164202.54,80.3,17.8,6.6,0
100851,24.0,34092.66,82.8,3.6,9.7,0
100852,29.0,28116.02,100.0,4.5,6.6,0
100853,44.0,159471.62,68.5,15.0,4.9,0
100854,46.0,95783.66,57.5,19.1,7.3,0
100855,21.0,29150.34,63.3,4.0,7.6,0
100856,33.0,65870.12,55.4,5.6,1.0,0
100857,54.0,96350.78,29.8,9.9,4.0,0
100858,45.0,142463.52,88.4,19.4,7.7,0
100859,40.0,62543.07,58.5,9.6,4.3,0
100860,36.0,75277.16,61.1,6.3,1.9,0
100861,41.0,130502.7,38.1,10.8,5.0,0
100862,47.0,89336.46,25.6,9.2,0.0,0
100863,44.0,112464.02,25.1,13.1,6.9,0
100864,52.0,89894.5,36.3,11.2,7.6,0
100865,33.0,40350.92,56.5,2.1,10.0,0
100866,45.0,96471.67,54.6,20.6,6.3,0
100867,36.0,112188.25,75.9,16.4,8.7,0
100868,47.0,65174.18,49.2,12.8,3.0,0
100869,21.0,40437.83,83.9,5.3,8.2,0
100870,24.0,34316.67,72.5,2.8,8.2,0
100871,54.0,72404.16,40.7,12.6,3.4,0
100872,26.0,29897.94,71.3,4.1,11.8,0
100873,40.0,125055.08,70.2,16.9,12.6,0
100874,38.0,62162.94,48.7,8.5,5.2,0
100875,49.0,108211.71,38.9,7.0,3.5,0
100876,44.0,131442.18,73.6,14.4,0.0,0
100877,31.0,65149.88,25.8,5.3,1.2,0
100878,35.0,83850.16,55.8,6.8,9.5,0
100879,52.0,91323.64,44.3,12.9,4.9,0
100880,51.0,89082.29,44.2,11.3,7.7,0
100881,31.0,78001.03,62.7,5.1,8.5,0
100882,49.0,95571.62,30.1,11.7,6.8,0
100883,46.0,111640.79,61.3,18.5,9.0,0
100884,33.0,79759.08,66.1,5.7,4.8,0
100885,23.0,30088.52,90.6,5.0,10.1,0
100886,39.0,71184.4,58.6,7.8,8.8,0
100887,38.0,53308.55,51.2,6.4,4.9,0
100888,18.0,35893.48,81.5,0.3,9.3,0
100889,23.0,33048.0,67.2,0.3,11.6,0
100890,44.0,91021.45,31.7,11.8,4.8,0
100891,44.0,44149.67,66.8,2.0,11.2,0
100892,33.0,201397.14,68.1,20.6,11.3,0
100893,22.0,29927.84,69.6,4.6,8.7,0
100894,20.0,35094.71,69.0,2.3,10.3,0
100895,49.0,86594.52,50.3,11.6,2.9,0
100896,42.0,151452.27,61.7,18.9,8.8,0
100897,18.0,42334.91,92.6,1.4,6.6,0
100898,25.0,23787.03,91.6,2.1,14.9,0
100899,20.0,31353.72,90.7,2.4,10.8,0
100900,41.0,55794.51,45.4,4.1,8.8,0
100901,38.0,73848.16,55.3,4.1,0.0,0
100902,38.0,35035.08,79.4,3.6,5.7,0
100903,20.0,42041.58,84.6,1.5,6.3,0
100904,33.0,58479.79,78.5,6.6,3.4,0
100905,43.0,146661.33,59.2,18.8,11.6,0
100906,53.0,81370.19,29.7,8.7,3.6,0
100907,38.0,51993.58,77.4,8.6,1.6,0
100908,18.0,26332.02,93.7,4.8,14.9,0
100909,24.0,30793.34,65.5,3.7,9.4,0
100910,35.0,80057.45,56.7,9.7,2.2,0
100911,65.0,88617.08,42.1,13.7,2.5,0
100912,47.0,161949.28,64.9,16.6,8.1,0
100913,42.0,175106.88,79.0,17.9,9.8,0
100914,33.0,124494.16,74.9,20.2,8.6,0
100915,50.0,161872.08,67.1,17.7,9.2,0
100916,41.0,178588.51,60.9,18.6,10.2,0
100917,22.0,28896.52,77.2,4.6,8.5,0
100918,19.0,38627.37,82.0,5.0,12.3,0
100919,47.0,74443.09,50.8,7.9,5.3,0
100920,50.0,70846.24,32.1,13.1,3.8,0
100921,19.0,23227.41,99.1,3.7,7.5,0
100922,45.0,195167.49,78.2,12.4,16.0,0
100923,43.0,91477.2,23.7,10.5,4.9,0
100924,26.0,60992.86,69.5,5.3,2.8,0
100925,23.0,30051.15,72.0,0.6,11.6,0
100926,27.0,25861.87,68.7,3.3,7.1,0
100927,25.0,40455.95,77.4,0.6,11.2,0
100928,42.0,136216.04,1.0,35.8,8.1,1
100929,52.0,130286.56,47.0,13.7,4.4,0
100930,47.0,114278.31,36.4,10.8,3.3,0
100931,31.0,73799.79,64.8,7.4,6.9,0
100932,33.0,38228.39,43.9,5.5,4.3,0
100933,37.0,71056.27,56.7,9.8,4.7,0
100934,51.0,94128.12,45.9,12.2,4.4,0
100935,44.0,79611.6,46.0,7.8,8.0,0
100936,26.0,27694.28,69.7,6.8,14.2,0
100937,42.0,143391.71,65.5,18.3,6.0,0
100938,24.0,42427.5,77.0,0.9,5.9,0
100939,44.0,120825.44,74.5,14.8,10.1,0
100940,19.0,32266.67,100.0,30.7,10.5,1
100941,34.0,35229.88,92.3,2.6,11.0,0
100942,49.0,162804.99,77.3,17.3,7.5,0
100943,30.0,39752.45,72.1,1.5,7.3,0
100944,40.0,51627.06,66.2,8.1,5.4,0
100945,44.0,45681.19,74.6,7.6,0.8,0
100946,32.0,37599.94,73.7,1.1,5.3,0
100947,64.0,79210.17,22.4,12.5,0.0,0
100948,38.0,165073.22,76.6,17.2,8.1,0
100949,41.0,138437.66,64.4,16.8,6.2,0
100950,32.0,73650.05,65.7,5.1,3.4,0
100951,35.0,86053.01,47.7,6.7,7.3,0
100952,23.0,29360.71,89.6,3.9,12.5,0
100953,27.0,37149.14,93.8,5.7,17.0,0
100954,30.0,28143.99,86.5,4.4,15.8,0
100955,38.0,154060.37,65.2,19.0,7.4,0
100956,45.0,104459.48,79.9,18.4,8.5,0
100957,62.0,88459.53,38.4,12.2,4.6,0
100958,47.0,62712.09,52.3,10.7,6.1,0
100959,28.0,53732.18,45.5,3.4,5.9,0
100960,36.0,75174.69,64.3,8.2,4.3,0
100961,40.0,77526.16,61.9,7.8,3.2,0
100962,41.0,81874.07,61.2,5.8,6.5,0
100963,22.0,29923.81,84.5,3.6,13.0,0
100964,26.0,27022.85,73.0,1.9,9.4,0
100965,52.0,189263.47,80.4,18.2,3.9,0
100966,37.0,53183.52,74.3,3.8,8.2,0
100967,39.0,139760.22,78.7,20.0,7.8,0
100968,28.0,28184.17,80.5,5.0,11.0,0
100969,49.0,90228.38,45.2,9.8,1.2,0
100970,27.0,29470.53,63.5,5.7,6.7,0
100971,23.0,28431.56,75.0,1.2,12.1,0
100972,25.0,37665.84,71.9,7.3,4.3,0
100973,18.0,42097.77,82.7,3.7,11.3,0
100974,46.0,147554.15,62.3,19.6,10.0,0
100975,43.0,81688.93,61.3,4.5,12.3,0
100976,47.0,100779.19,32.4,11.1,6.3,0
100977,37.0,67727.78,49.8,6.7,4.7,0
100978,35.0,60674.61,76.4,6.5,0.6,0
100979,43.0,67013.73,56.7,6.1,4.2,0
100980,34.0,32298.63,60.6,3.7,13.6,0
100981,44.0,117279.84,62.1,16.2,12.6,0
100982,43.0,97696.14,75.8,18.3,6.7,0
100983,47.0,76807.4,45.9,12.5,5.4,0
100984,37.0,65657.01,53.3,6.6,10.5,0
100985,31.0,24960.75,75.9,4.7,15.6,0
100986,52.0,119946.9,84.8,18.1,11.1,0
100987,40.0,47894.16,63.5,9.0,6.9,0
100988,23.0,22947.22,84.8,3.4,7.2,0
100989,34.0,63724.26,52.4,7.0,1.8,0
100990,59.0,95272.05,24.0,7.1,7.1,0
100991,55.0,98602.73,43.6,13.7,4.6,0
100992,51.0,87866.88,39.2,14.8,3.7,0
100993,59.0,101380.91,38.8,16.8,9.0,0
100994,32.0,27405.75,99.9,2.8,9.3,0
100995,32.0,148222.53,61.2,18.8,4.5,0
100996,45.0,68155.57,80.8,5.0,11.6,0
100997,43.0,98558.09,28.7,11.1,2.5,0
100998,19.0,24744.2,73.6,3.2,13.5,0
100999,44.0,169396.81,57.2,17.1,10.1,0
101000,38.0,52389.29,67.3,5.9,4.7,0
101001,26.0,32035.54,72.8,1.9,6.8,0
101002,34.0,74276.11,60.4,8.9,8.5,0
101003,21.0,22500.95,68.7,1.7,7.8,0
101004,29.0,37590.59,100.0,1.5,14.8,0
101005,60.0,91028.29,39.7,14.5,3.8,0
101006,35.0,54998.91,34.4,7.1,4.9,0
101007,38.0,150639.23,57.5,19.6,9.5,0
101008,34.0,61293.46,46.1,8.5,7.6,0
101009,53.0,103582.33,28.6,9.0,6.9,0
101010,39.0,56025.4,62.1,9.5,10.4,0
101011,49.0,69542.19,21.8,11.4,8.4,0
101012,48.0,84802.79,28.8,10.9,4.0,0
101013,30.0,74101.46,56.6,12.0,3.5,0
101014,51.0,175061.9,67.9,17.2,5.2,0
101015,31.0,61993.24,58.2,3.8,13.9,0
101016,23.0,32377.93,71.7,2.5,8.9,0
101017,52.0,94750.51,43.0,12.5,6.1,0
101018,43.0,145827.56,69.6,20.0,9.0,0
101019,23.0,30917.64,76.9,3.1,9.8,0
101020,33.0,70536.29,66.3,10.6,5.2,0
101021,46.0,91889.74,80.3,15.1,5.0,0
101022,54.0,84372.37,27.4,11.0,6.2,0
101023,38.0,138635.3,68.2,19.6,10.5,0
101024,27.0,73663.42,51.9,7.5,4.2,0
101025,54.0,138628.07,36.3,11.1,3.3,0
101026,29.0,78170.43,61.1,4.9,4.0,0
101027,43.0,163486.28,60.5,20.2,7.7,0
101028,31.0,56780.57,75.5,4.2,4.8,0
101029,57.0,98701.42,27.1,13.9,7.0,0
101030,38.0,55165.65,53.4,7.6,3.1,0
101031,59.0,124073.58,32.6,12.7,7.6,0
101032,62.0,121624.38,17.6,11.4,5.5,0
101033,34.0,81895.68,74.3,5.4,6.5,0
101034,39.0,135082.76,1.0,42.8,5.3,1
101035,23.0,44093.3,47.7,5.7,7.6,0
101036,47.0,74290.18,25.7,9.8,2.3,0
101037,33.0,69689.87,48.1,6.3,5.4,0
101038,40.0,60278.24,68.5,4.7,6.9,0
101039,33.0,48317.33,57.3,10.5,4.4,0
101040,23.0,24441.55,63.4,1.4,8.7,0
101041,22.0,30698.1,61.5,1.7,11.5,0
101042,45.0,88927.01,37.9,10.4,5.0,0
101043,44.0,110192.49,38.7,12.1,7.4,0
101044,50.0,84434.66,48.7,15.7,1.9,0
101045,23.0,38019.45,77.2,4.2,12.3,0
101046,33.0,66679.11,57.9,4.6,4.0,0
101047,21.0,37348.27,87.6,4.5,11.3,0
101048,54.0,99746.28,39.1,13.0,0.0,0
101049,39.0,114071.18,83.1,21.3,1.5,0
101050,32.0,32499.52,88.1,4.0,14.3,0
101051,53.0,71684.93,33.9,13.0,3.4,0
101052,27.0,31621.58,72.0,0.8,8.8,0
101053,25.0,20713.9,70.2,0.0,8.1,0
101054,30.0,25167.97,85.0,8.7,14.4,0
101055,37.0,71580.13,44.3,3.9,7.1,0
101056,54.0,113714.31,29.3,12.4,4.5,0
101057,42.0,138173.63,63.5,18.6,8.6,0
101058,22.0,35834.86,88.3,4.4,6.9,0
101059,36.0,51828.42,59.0,5.2,10.8,0
101060,56.0,114716.12,45.5,11.5,2.7,0
101061,52.0,135838.98,58.5,20.0,8.4,0
101062,60.0,99154.78,34.8,15.1,0.0,0
101063,21.0,26888.79,56.0,4.7,8.3,0
101064,57.0,101653.38,41.1,11.1,1.7,0
101065,36.0,72257.92,57.5,5.6,3.4,0
101066,44.0,126037.5,71.3,17.5,6.7,0
101067,37.0,68188.27,1.0,25.6,11.8,1
101068,48.0,67623.84,34.9,13.7,6.1,0
101069,30.0,17389.5,90.5,3.7,5.4,0
101070,40.0,63891.43,61.8,9.0,8.3,0
101071,36.0,136395.74,55.8,19.3,12.2,0
101072,46.0,83517.97,26.2,11.1,5.2,0
101073,34.0,69282.24,68.7,9.2,3.6,0
101074,50.0,176945.02,87.5,17.7,5.7,0
101075,38.0,112235.15,72.1,19.7,11.9,0
101076,34.0,61568.24,57.0,5.7,9.2,0
101077,38.0,63582.75,61.6,8.2,8.8,0
101078,32.0,72003.03,60.6,6.1,7.7,0
101079,54.0,113498.5,24.5,14.6,4.1,0
101080,33.0,56009.78,48.0,3.5,9.0,0
101081,34.0,22682.54,68.5,4.5,9.9,0
101082,47.0,137436.64,66.2,17.5,0.9,0
101083,37.0,163896.64,83.9,20.8,9.3,0
101084,32.0,123997.84,85.2,21.2,12.1,0
101085,42.0,107074.29,71.6,18.0,12.7,0
101086,53.0,95285.25,35.7,12.8,5.9,0
101087,48.0,76914.69,48.7,8.7,8.9,0
101088,42.0,85004.35,44.7,12.0,0.1,0
101089,38.0,62747.77,55.8,5.8,6.9,0
101090,33.0,89169.38,55.6,6.3,5.4,0
101091,33.0,22558.97,81.6,2.5,5.7,0
101092,48.0,100419.91,26.4,12.5,9.2,0
101093,37.0,45778.8,49.5,6.4,5.9,0
101094,25.0,33799.67,95.3,3.0,6.5,0
101095,58.0,116597.72,37.3,11.5,5.9,0
101096,35.0,39058.29,63.6,8.8,11.3,0
101097,20.0,33302.71,80.5,3.2,10.3,0
101098,43.0,145336.08,79.4,20.4,5.7,0
101099,42.0,129350.28,66.3,14.8,8.1,0
101100,26.0,31106.63,77.9,3.8,14.2,0
101101,22.0,25251.51,77.1,6.8,6.5,0
101102,39.0,74922.31,34.3,7.8,8.8,0
101103,51.0,83945.9,29.1,11.3,3.1,0
101104,41.0,131319.22,83.9,15.6,2.8,0
101105,30.0,30893.98,74.1,2.8,10.6,0
101106,49.0,103651.42,25.4,11.4,0.0,0
101107,30.0,30985.73,84.7,4.0,11.6,0
101108,36.0,66332.62,48.4,4.7,6.7,0
101109,40.0,175921.7,75.8,16.6,7.2,0
101110,25.0,31608.3,80.7,3.1,5.8,0
101111,18.0,29848.01,83.6,2.3,13.7,0
101112,36.0,77146.31,69.5,9.1,3.4,0
101113,52.0,115909.43,37.7,13.1,0.0,0
101114,53.0,120057.37,52.1,17.3,0.7,0
101115,38.0,204474.5,68.2,15.1,8.1,0
101116,20.0,36979.63,69.1,3.5,6.6,0
101117,37.0,34900.87,76.5,2.4,8.3,0
101118,48.0,81518.42,51.8,10.9,0.0,0
101119,18.0,37343.69,75.5,2.7,13.5,0
101120,39.0,155936.93,65.3,19.2,6.8,0
101121,51.0,109024.29,42.5,11.7,2.6,0
101122,32.0,35394.55,74.1,1.7,13.1,0
101123,44.0,135878.46,73.1,18.7,7.8,0
101124,30.0,39253.79,83.3,5.7,10.0,0
101125,39.0,73209.73,68.2,8.8,8.9,0
101126,62.0,85771.2,33.4,11.6,2.9,0
101127,26.0,77343.49,47.7,7.3,2.7,0
101128,55.0,81569.73,23.6,12.4,1.9,0
101129,49.0,97937.6,43.0,10.4,1.0,0
101130,43.0,153589.17,86.6,15.9,7.0,0
101131,49.0,189721.98,62.1,16.5,9.1,0
101132,33.0,53526.97,60.4,10.1,3.1,0
101133,31.0,28689.33,81.5,6.2,11.0,0
101134,51.0,107280.8,33.3,13.0,3.4,0
101135,47.0,104865.36,61.9,15.2,7.8,0
101136,28.0,54279.16,46.9,10.0,4.0,0
101137,30.0,64771.46,74.9,6.8,6.9,0
101138,42.0,71801.04,62.3,5.8,8.4,0
101139,18.0,28407.63,92.3,5.6,11.3,0
101140,42.0,74339.41,28.2,11.7,0.2,0
101141,35.0,81723.01,62.0,7.4,3.9,0
101142,44.0,73997.84,18.2,12.2,5.2,0
101143,38.0,143727.57,86.7,21.9,10.3,0
101144,42.0,158600.23,85.5,14.0,12.4,0
101145,33.0,56029.81,54.5,7.6,3.7,0
101146,35.0,67862.09,60.2,7.8,6.0,0
101147,55.0,113064.72,45.0,12.9,6.8,0
101148,47.0,207448.0,84.2,17.8,5.3,0
101149,35.0,58297.28,63.1,5.6,10.6,0
101150,36.0,98860.37,70.6,16.3,4.2,0
101151,21.0,27613.84,78.1,1.8,8.4,0
101152,43.0,165558.89,86.7,18.3,8.7,0
101153,23.0,34771.99,81.9,5.7,4.3,0
101154,23.0,33953.73,77.7,1.1,6.1,0
101155,40.0,53552.71,40.5,8.7,8.4,0
101156,23.0,26732.18,76.9,5.4,5.2,0
101157,18.0,28384.07,77.7,2.0,11.9,0
101158,29.0,33605.71,83.6,3.5,10.0,0
101159,30.0,50527.61,44.5,6.7,7.7,0
101160,45.0,96241.38,26.2,9.9,2.1,0
101161,18.0,35494.36,76.3,4.6,8.7,0
101162,50.0,127034.84,18.8,14.6,9.0,0
101163,47.0,131672.14,86.3,17.4,5.9,0
101164,22.0,28715.68,68.5,5.2,7.7,0
101165,24.0,23683.87,78.3,0.7,6.5,0
101166,42.0,166635.7,76.4,19.0,7.6,0
101167,41.0,159936.74,66.4,19.7,11.7,0
101168,32.0,54249.99,52.5,4.1,5.6,0
101169,50.0,113651.5,85.3,17.1,14.3,0
101170,21.0,31170.66,68.9,1.6,14.0,0
101171,38.0,73481.61,44.8,8.3,4.1,0
101172,45.0,99082.9,37.3,12.1,6.2,0
101173,28.0,40465.64,66.1,6.0,15.6,0
101174,50.0,66468.79,21.2,11.1,10.0,0
101175,36.0,55112.23,51.1,4.4,9.6,0
101176,52.0,130907.08,41.3,13.7,3.3,0
101177,31.0,52250.84,44.3,8.8,5.8,0
101178,41.0,63516.8,55.1,4.7,7.9,0
101179,23.0,37196.58,70.8,4.2,14.9,0
101180,25.0,36523.28,83.7,6.8,11.1,0
101181,55.0,94379.68,27.3,9.6,7.8,0
101182,19.0,36296.18,82.2,4.8,8.5,0
101183,20.0,34179.42,75.1,0.5,15.8,0
101184,20.0,26276.68,75.6,5.5,3.5,0
101185,30.0,26749.91,80.6,1.6,16.0,0
101186,44.0,122156.09,69.0,18.2,8.5,0
101187,38.0,61984.32,44.2,6.3,8.8,0
101188,40.0,156954.09,72.3,17.6,11.6,0
101189,18.0,28110.15,90.3,6.7,16.9,0
101190,52.0,102830.05,43.2,14.6,4.9,0
101191,41.0,67131.08,63.2,5.2,6.0,0
101192,33.0,48731.93,41.5,6.2,6.2,0
101193,44.0,154004.59,73.9,17.5,5.3,0
101194,47.0,137434.08,67.7,17.6,5.8,0
101195,40.0,125826.05,69.1,19.3,9.2,0
101196,32.0,38979.56,97.6,4.1,11.6,0
101197,22.0,36757.85,1.0,35.0,14.6,1
101198,46.0,102504.37,26.2,14.3,7.8,0
101199,39.0,75909.43,58.1,11.5,9.2,0
101200,47.0,96190.27,33.5,11.5,0.0,0
101201,54.0,71303.62,9.7,11.3,1.7,0
101202,48.0,41937.06,26.5,11.7,2.1,0
101203,45.0,175095.05,77.2,20.1,11.3,0
101204,47.0,102508.86,45.0,11.1,1.6,0
101205,27.0,23465.82,67.1,1.7,11.4,0
101206,25.0,37946.46,68.8,1.0,11.6,0
101207,48.0,84680.08,16.4,12.6,8.6,0
101208,31.0,73402.21,57.4,3.5,4.3,0
101209,19.0,30176.8,82.2,6.7,5.7,0
101210,34.0,52000.85,45.3,7.2,7.0,0
101211,43.0,95310.37,22.9,12.0,7.8,0
101212,45.0,144473.43,66.7,18.1,9.7,0
101213,54.0,93303.36,37.2,9.4,1.8,0
101214,40.0,71397.09,58.9,10.0,8.5,0
101215,23.0,24974.22,92.4,4.5,15.4,0
101216,47.0,47637.75,45.2,1.3,9.8,0
101217,39.0,63091.21,45.7,6.8,7.6,0
101218,56.0,99668.08,41.6,11.8,7.5,0
101219,55.0,74703.44,48.9,14.5,5.4,0
101220,25.0,41553.6,61.7,5.5,8.6,0
101221,29.0,32693.36,65.6,2.0,13.1,0
101222,23.0,28420.24,71.7,4.3,15.3,0
101223,32.0,210577.25,74.0,19.2,6.7,0
101224,52.0,98291.97,24.5,10.4,7.6,0
101225,18.0,34540.39,74.3,1.1,15.9,0
101226,38.0,111521.43,70.1,16.5,8.0,0
101227,37.0,64618.78,56.8,5.6,8.9,0
101228,35.0,56468.91,72.8,6.8,10.3,0
101229,49.0,172449.36,78.9,18.0,7.8,0
101230,23.0,19518.68,85.2,3.5,12.5,0
101231,23.0,35829.39,64.2,0.7,2.6,0
101232,51.0,81789.81,26.0,12.7,2.7,0
101233,18.0,46657.86,77.6,0.8,8.0,0
101234,51.0,92003.29,48.0,11.8,9.6,0
101235,22.0,34456.27,88.2,5.4,13.9,0
101236,23.0,31968.38,53.2,2.6,13.3,0
101237,28.0,31501.83,95.0,2.2,7.9,0
101238,34.0,49473.29,64.2,7.6,8.8,0
101239,22.0,31665.5,56.2,3.8,10.3,0
101240,18.0,31397.17,75.4,6.5,6.8,0
101241,45.0,112512.64,66.4,18.6,7.4,0
101242,36.0,65713.18,53.1,8.8,6.1,0
101243,36.0,66032.23,60.3,8.3,8.0,0
101244,26.0,30125.85,67.3,0.1,5.0,0
101245,45.0,37305.45,69.9,5.4,10.6,0
101246,18.0,30645.86,92.5,4.4,9.0,0
101247,42.0,72385.45,48.9,11.3,3.8,0
101248,25.0,24495.65,82.1,2.2,10.9,0
101249,40.0,100357.48,67.7,19.3,9.2,0
101250,43.0,162632.92,70.0,18.1,6.6,0
101251,29.0,33679.2,72.4,0.0,13.3,0
101252,20.0,32415.09,100.0,4.6,14.8,0
101253,21.0,38168.82,78.3,3.7,16.1,0
101254,51.0,95329.25,26.0,13.8,2.3,0
101255,29.0,22496.5,83.5,1.7,12.2,0
101256,43.0,126509.46,68.1,16.3,10.5,0
101257,47.0,90432.96,38.5,15.2,4.0,0
101258,42.0,146895.6,51.3,15.6,6.9,0
101259,32.0,44134.7,66.6,7.5,7.4,0
101260,40.0,142000.7,77.1,17.5,9.3,0
101261,20.0,32561.52,89.4,5.5,14.0,0
101262,37.0,62352.81,53.5,3.4,3.0,0
101263,35.0,60791.5,72.1,9.6,4.9,0
101264,47.0,127977.86,78.8,19.6,11.7,0
101265,50.0,112344.59,16.3,14.6,3.9,0
101266,43.0,88656.6,68.1,20.7,6.7,0
101267,28.0,32199.04,88.6,3.4,7.2,0
101268,43.0,180350.67,77.0,17.8,14.8,0
101269,42.0,71114.75,61.2,8.5,9.3,0
101270,25.0,66407.49,56.4,6.0,6.4,0
101271,35.0,94523.83,84.5,18.9,0.8,0
101272,33.0,71826.96,55.2,9.5,10.1,0
101273,29.0,60400.5,53.5,4.2,2.6,0
101274,48.0,84040.18,37.8,14.1,5.5,0
101275,28.0,30464.28,84.0,2.7,8.7,0
101276,45.0,35991.89,39.3,7.8,6.2,0
101277,18.0,25925.44,68.8,4.8,13.6,0
101278,32.0,22847.3,64.3,0.1,13.9,0
101279,45.0,142021.02,74.3,17.9,4.6,0
101280,55.0,91817.03,23.0,13.1,2.7,0
101281,37.0,60605.23,66.9,7.4,4.3,0
101282,38.0,65958.33,63.1,9.1,5.2,0
101283,39.0,42751.04,56.8,6.5,11.3,0
101284,51.0,105396.61,17.4,11.3,1.5,0
101285,55.0,123196.72,72.7,18.3,3.2,0
101286,40.0,150200.12,72.9,13.4,6.3,0
101287,41.0,68564.57,70.2,5.0,10.8,0
101288,36.0,79769.2,58.0,2.9,9.5,0
101289,34.0,57801.28,43.5,10.2,5.4,0
101290,60.0,87625.74,25.7,14.6,3.8,0
101291,36.0,47697.05,53.4,7.9,3.1,0
101292,49.0,87810.37,35.7,15.0,3.1,0
101293,49.0,141962.94,30.7,11.6,2.9,0
101294,35.0,62867.74,67.2,7.8,10.2,0
101295,41.0,64327.44,61.8,9.2,3.7,0
101296,48.0,56279.55,54.5,4.6,3.5,0
101297,29.0,45076.31,72.3,3.7,10.7,0
101298,29.0,44779.8,93.2,2.5,11.6,0
101299,55.0,94656.45,24.0,10.4,7.4,0
101300,42.0,59683.55,60.6,9.4,1.9,0
101301,22.0,43622.94,81.0,0.7,10.4,0
101302,57.0,51454.29,36.8,11.3,0.0,0
101303,52.0,92666.19,34.8,11.3,0.9,0
101304,18.0,28021.63,86.6,3.5,9.8,0
101305,38.0,130577.34,79.4,19.0,6.6,0
101306,30.0,122993.84,67.2,16.2,6.8,0
101307,56.0,94362.23,44.9,9.0,3.1,0
101308,42.0,87705.52,24.5,14.6,5.2,0
101309,29.0,29526.96,67.8,0.9,10.8,0
101310,52.0,150392.03,68.3,17.6,7.9,0
101311,46.0,75767.07,60.6,7.2,7.9,0
101312,45.0,129587.41,63.6,20.1,8.1,0
101313,57.0,123149.31,40.2,12.7,13.6,0
101314,25.0,25718.45,75.2,6.1,6.1,0
101315,20.0,38373.02,75.3,2.8,13.2,0
101316,48.0,69886.9,21.1,13.2,4.8,0
101317,49.0,75184.66,32.3,14.2,1.5,0
101318,21.0,25142.6,74.3,3.7,16.3,0
101319,53.0,94082.1,43.6,13.4,2.3,0
101320,55.0,139385.54,74.4,19.1,9.0,0
101321,44.0,55416.62,100.0,41.6,9.9,1
101322,35.0,58089.36,65.3,7.7,4.5,0
101323,31.0,36219.25,77.3,2.1,11.1,0
101324,55.0,67741.32,38.8,13.3,0.0,0
101325,37.0,69751.84,63.8,8.6,6.0,0
101326,38.0,94646.44,82.9,19.4,11.5,0
101327,32.0,70970.81,43.0,5.3,7.4,0
101328,55.0,123711.11,32.6,10.3,1.2,0
101329,21.0,44793.11,85.6,5.2,9.3,0
101330,24.0,36027.76,72.9,2.4,8.0,0
101331,50.0,95837.53,26.8,12.6,4.9,0
101332,35.0,52765.55,59.0,6.0,7.1,0
101333,41.0,48017.19,79.7,6.9,8.2,0
101334,39.0,168783.73,70.7,17.2,6.3,0
101335,42.0,150542.35,73.7,17.9,5.9,0
101336,39.0,128385.97,76.6,19.3,10.4,0
101337,24.0,34209.32,76.3,0.0,9.4,0
101338,50.0,77232.33,29.3,12.3,0.6,0
101339,39.0,179007.13,56.0,17.6,4.5,0
101340,32.0,59793.25,48.1,8.1,11.1,0
101341,28.0,37901.77,64.2,2.5,11.4,0
101342,47.0,184184.5,82.7,19.8,15.9,0
101343,36.0,58774.11,59.8,5.2,7.2,0
101344,43.0,85945.22,33.8,13.9,7.3,0
101345,38.0,192316.04,73.5,18.5,3.1,0
101346,49.0,112951.99,36.7,12.2,4.7,0
101347,29.0,60921.85,72.1,9.2,6.6,0
101348,44.0,47948.46,48.3,10.7,8.7,0
101349,35.0,61382.64,49.9,7.6,7.6,0
101350,24.0,25319.8,80.6,1.9,7.0,0
101351,58.0,132102.24,54.4,13.3,3.2,0
101352,43.0,150221.18,67.8,20.6,1.9,0
101353,35.0,70939.96,49.5,6.5,8.8,0
101354,44.0,47559.65,44.3,5.1,2.4,0
101355,36.0,115488.94,84.3,17.4,8.1,0
101356,19.0,35649.17,96.8,1.2,15.2,0
101357,38.0,62188.2,62.0,7.8,12.6,0
101358,39.0,68038.76,53.8,8.7,4.1,0
101359,53.0,144304.15,10.0,12.5,4.8,0
101360,23.0,30821.97,78.9,2.5,10.7,0
101361,50.0,129582.92,32.5,13.1,2.0,0
101362,41.0,70185.5,62.2,4.9,4.7,0
101363,60.0,81944.6,41.4,10.1,7.0,0
101364,21.0,26452.04,70.9,1.9,11.2,0
101365,36.0,49778.06,57.7,4.7,8.9,0
101366,40.0,61732.75,60.7,10.5,6.5,0
101367,19.0,35336.16,1.0,38.6,8.2,1
101368,20.0,30559.5,87.0,5.2,12.8,0
101369,26.0,30515.55,54.4,3.7,3.2,0
101370,26.0,60195.79,60.6,6.1,11.6,0
101371,26.0,30563.41,91.9,6.1,11.5,0
101372,39.0,126133.19,57.5,17.9,4.8,0
101373,34.0,64908.3,38.2,4.5,5.5,0
101374,43.0,127553.95,69.3,16.6,3.7,0
101375,40.0,134628.15,68.9,18.2,9.3,0
101376,27.0,28350.75,62.2,5.5,11.2,0
101377,47.0,99748.76,45.7,15.5,4.8,0
101378,48.0,109518.03,71.6,17.3,9.0,0
101379,60.0,99273.11,25.6,9.5,8.9,0
101380,39.0,67000.59,54.6,7.5,4.0,0
101381,38.0,48888.45,54.4,5.7,0.0,0
101382,22.0,26822.53,75.9,3.0,15.3,0
101383,38.0,65728.7,63.0,8.7,8.4,0
101384,44.0,157923.42,47.7,22.2,12.8,0
101385,44.0,104392.24,84.1,16.6,9.6,0
101386,18.0,44824.1,63.6,3.1,3.6,0
101387,52.0,87727.62,46.4,11.1,7.4,0
101388,31.0,58853.31,55.4,8.0,8.1,0
101389,47.0,146724.13,78.6,16.2,9.2,0
101390,32.0,22323.24,82.9,4.4,14.4,0
101391,47.0,142527.96,76.3,16.5,6.8,0
101392,36.0,177473.14,76.5,16.2,8.8,0
101393,30.0,37718.48,68.7,0.0,11.2,0
101394,20.0,35584.61,87.5,5.2,15.2,0
101395,49.0,184088.63,85.8,20.9,7.9,0
101396,18.0,46297.88,78.6,5.5,8.3,0
101397,41.0,34714.21,53.9,6.8,8.4,0
101398,48.0,112427.6,78.6,20.5,15.0,0
101399,56.0,87142.45,22.3,15.7,6.2,0
101400,36.0,43922.83,48.7,8.3,8.1,0
101401,26.0,69059.96,42.3,9.7,7.6,0
101402,22.0,37703.29,81.5,5.6,10.2,0
101403,44.0,132811.69,74.6,21.4,6.5,0
101404,39.0,52174.25,37.3,7.4,8.1,0
101405,23.0,23383.13,81.0,3.5,7.3,0
101406,29.0,59183.35,64.5,7.8,4.4,0
101407,44.0,162355.59,60.3,18.1,12.0,0
101408,18.0,38655.83,94.2,2.6,9.0,0
101409,48.0,135309.51,48.5,17.8,9.4,0
101410,56.0,79941.24,32.3,14.0,3.8,0
101411,35.0,171188.48,69.9,20.2,3.8,0
101412,42.0,152845.35,71.1,15.6,0.8,0
101413,51.0,146250.56,83.7,19.9,9.8,0
101414,41.0,152342.13,86.3,18.2,13.7,0
101415,18.0,22744.21,87.9,1.4,16.1,0
101416,59.0,122147.47,43.8,10.2,0.0,0
101417,43.0,45264.82,73.8,8.3,6.8,0
101418,38.0,67192.65,56.0,9.9,11.2,0
101419,44.0,124880.14,85.1,14.0,9.3,0
101420,47.0,119125.53,81.7,17.9,6.4,0
101421,57.0,76434.8,43.7,8.0,4.9,0
101422,36.0,55977.0,61.9,6.8,10.2,0
101423,39.0,67052.07,60.9,6.1,6.1,0
101424,37.0,60065.31,69.1,7.2,8.1,0
101425,29.0,72526.45,52.2,4.9,11.9,0
101426,39.0,72904.39,62.5,6.8,6.2,0
101427,28.0,38523.31,77.3,7.1,9.4,0
101428,18.0,22084.03,61.1,2.2,9.3,0
101429,55.0,94510.8,100.0,29.8,4.0,1
101430,33.0,77876.09,42.7,7.6,6.5,0
101431,47.0,139475.1,72.1,17.5,12.2,0
101432,52.0,128681.04,37.7,12.0,3.6,0
101433,27.0,28610.85,79.5,3.0,11.0,0
101434,26.0,34315.49,78.9,6.1,11.3,0
101435,37.0,32287.14,1.0,39.7,14.2,1
101436,39.0,151488.13,69.4,18.9,7.3,0
101437,20.0,30435.63,93.4,3.9,6.1,0
101438,41.0,52050.7,65.4,8.1,8.8,0
101439,52.0,119118.25,78.1,20.5,6.1,0
101440,39.0,132762.87,75.2,15.2,9.7,0
101441,18.0,39449.59,83.1,6.8,12.0,0
101442,22.0,27399.62,80.4,2.9,13.6,0
101443,19.0,43640.4,90.7,2.6,15.4,0
101444,20.0,33184.2,65.2,6.7,5.1,0
101445,18.0,28344.05,91.2,4.9,10.4,0
101446,57.0,93026.43,39.2,15.3,3.3,0
101447,39.0,151853.37,79.4,18.2,11.0,0
101448,35.0,63423.41,61.7,7.6,11.8,0
101449,54.0,89803.27,40.3,14.0,6.3,0
101450,28.0,23371.23,53.1,5.6,11.3,0
101451,43.0,157496.69,91.3,20.8,10.9,0
101452,48.0,82058.88,11.1,13.3,7.3,0
101453,49.0,157020.85,70.5,16.9,5.5,0
101454,42.0,115358.78,89.6,15.4,7.4,0
101455,26.0,65309.55,58.0,6.3,4.2,0
101456,24.0,28863.91,76.6,6.9,10.5,0
101457,27.0,29324.68,70.2,3.0,17.5,0
101458,35.0,66033.65,49.7,1.5,4.6,0
101459,55.0,155003.84,88.4,17.3,0.9,0
101460,30.0,66430.8,60.4,7.0,5.4,0
101461,57.0,86426.97,38.1,12.4,2.9,0
101462,32.0,57231.0,76.7,9.2,10.1,0
101463,20.0,23718.91,89.0,4.8,10.4,0
101464,34.0,45662.38,66.7,9.4,5.0,0
101465,48.0,116222.16,28.6,15.6,3.7,0
101466,50.0,95771.35,31.1,14.3,6.7,0
101467,41.0,64059.24,53.4,7.0,5.7,0
101468,31.0,37773.1,77.1,1.1,14.6,0
101469,53.0,92774.14,50.5,11.0,3.0,0
101470,23.0,24416.56,81.2,1.5,8.3,0
101471,39.0,125205.83,63.6,18.5,7.5,0
101472,24.0,45557.82,76.4,4.2,12.2,0
101473,24.0,33577.08,78.2,3.4,8.2,0
101474,34.0,62188.85,38.3,10.0,13.5,0
101475,37.0,69426.64,68.8,4.4,9.8,0
101476,34.0,87564.48,56.1,8.8,6.5,0
101477,47.0,56282.17,69.7,8.3,8.2,0
101478,44.0,123191.28,46.1,20.1,6.5,0
101479,42.0,65924.95,70.0,8.6,0.0,0
101480,39.0,58164.58,69.7,8.2,8.8,0
101481,35.0,51815.31,53.7,3.4,5.2,0
101482,18.0,23718.61,79.2,4.1,9.9,0
101483,50.0,78799.32,31.8,10.4,3.8,0
101484,18.0,36039.59,72.3,3.8,12.7,0
101485,54.0,108665.07,14.3,11.0,7.3,0
101486,27.0,42647.15,95.0,3.6,9.2,0
101487,38.0,128009.62,67.9,16.8,5.2,0
101488,38.0,80934.5,67.3,6.4,10.0,0
101489,45.0,138974.25,71.0,17.6,10.0,0
101490,37.0,53870.8,50.2,7.6,8.3,0
101491,22.0,25479.65,90.5,5.1,4.0,0
101492,50.0,134733.81,73.9,20.3,13.0,0
101493,57.0,99121.62,21.2,7.9,6.6,0
101494,59.0,81069.57,32.3,10.9,2.2,0
101495,41.0,64437.04,55.7,12.3,2.7,0
101496,55.0,77062.47,33.4,12.3,6.5,0
101497,42.0,130752.91,69.2,15.8,9.9,0
101498,53.0,102441.38,34.3,11.6,7.5,0
101499,41.0,77789.17,61.7,9.7,5.8,0
101500,51.0,115436.22,43.4,11.4,0.9,0
101501,51.0,83288.75,52.2,13.5,1.7,0
101502,38.0,120386.51,100.0,45.8,11.3,1
101503,31.0,87551.24,48.6,4.2,12.1,0
101504,43.0,59964.99,61.8,7.8,7.4,0
101505,37.0,77454.43,63.6,21.6,13.6,0
101506,35.0,51309.12,60.8,7.9,8.8,0
101507,39.0,148997.63,46.3,11.6,1.8,0
101508,41.0,67528.6,58.9,7.9,6.7,0
101509,26.0,36183.85,81.4,3.6,14.2,0
101510,44.0,81356.21,35.3,10.5,2.8,0
101511,30.0,31141.93,59.7,2.2,10.2,0
101512,24.0,35202.78,82.7,2.7,6.4,0
101513,50.0,84350.52,32.1,13.4,5.2,0
101514,56.0,88432.18,1.0,47.0,4.3,1
101515,46.0,122970.84,50.9,16.8,10.2,0
101516,24.0,31211.83,69.5,0.0,14.3,0
101517,23.0,29525.86,71.3,5.5,12.6,0
101518,38.0,169346.48,70.5,16.8,7.1,0
101519,20.0,24391.75,85.8,2.6,11.9,0
101520,25.0,35159.6,57.5,1.3,11.7,0
101521,30.0,66163.41,44.1,7.0,11.8,0
101522,40.0,41345.73,66.5,10.6,15.4,0
101523,45.0,105616.62,76.3,21.2,7.4,0
101524,57.0,80642.79,38.7,7.0,1.1,0
101525,52.0,88786.6,22.0,11.0,5.0,0
101526,24.0,32351.0,85.3,2.3,14.1,0
101527,31.0,83516.51,69.1,6.3,6.1,0
101528,37.0,68681.17,68.9,4.3,8.3,0
101529,18.0,30978.75,92.5,0.2,5.2,0
101530,25.0,39991.59,81.3,0.0,5.0,0
101531,36.0,48839.65,59.4,7.4,5.5,0
101532,33.0,35401.09,90.1,4.8,9.5,0
101533,51.0,89910.7,41.8,10.7,9.2,0
101534,48.0,98667.52,32.7,11.1,10.5,0
101535,22.0,30244.81,71.4,3.1,9.7,0
101536,30.0,57264.03,64.1,9.1,7.1,0
101537,52.0,88826.98,30.0,10.2,0.0,0
101538,48.0,110459.3,30.8,11.3,2.9,0
101539,49.0,116604.76,74.8,17.9,8.2,0
101540,37.0,62637.96,65.9,6.9,12.2,0
101541,43.0,97072.63,78.4,18.8,8.1,0
101542,23.0,19819.79,58.5,6.3,8.2,0
101543,41.0,44110.15,47.5,8.4,6.7,0
101544,27.0,31921.48,75.9,1.6,6.4,0
101545,43.0,79491.17,47.6,4.8,6.0,0
101546,38.0,59970.91,63.0,6.9,6.7,0
101547,36.0,28974.83,94.4,5.9,11.5,0
101548,42.0,95531.08,29.9,12.0,0.8,0
101549,40.0,72992.43,69.7,6.2,3.8,0
101550,26.0,42114.99,78.7,3.9,9.3,0
101551,21.0,35791.67,76.9,3.8,11.5,0
101552,38.0,68225.67,49.5,5.2,6.9,0
101553,36.0,56170.88,60.4,8.8,10.6,0
101554,43.0,47326.81,46.4,6.4,7.2,0
101555,23.0,28816.8,75.0,4.0,6.0,0
101556,64.0,95358.99,45.5,10.8,5.7,0
101557,44.0,161591.57,70.0,21.1,3.5,0
101558,41.0,63324.91,47.8,10.9,12.5,0
101559,42.0,98023.01,42.1,12.9,8.5,0
101560,50.0,146682.72,94.8,19.9,6.9,0
101561,40.0,171332.21,64.1,17.2,7.3,0
101562,54.0,91691.86,21.8,14.3,2.8,0
101563,53.0,147660.55,84.7,19.3,11.9,0
101564,46.0,145926.25,82.9,23.0,7.2,0
101565,56.0,94910.31,40.1,12.1,0.0,0
101566,35.0,73155.03,50.3,8.8,7.6,0
101567,23.0,37217.5,84.8,3.8,13.0,0
101568,25.0,22526.72,74.2,0.0,12.0,0
101569,40.0,72509.4,62.9,8.9,2.3,0
101570,35.0,46209.54,54.4,10.2,10.3,0
101571,39.0,59973.12,48.1,7.4,10.3,0
101572,54.0,67884.69,36.0,8.2,6.4,0
101573,49.0,74084.62,43.2,13.1,4.7,0
101574,54.0,156002.0,65.6,19.0,7.1,0
101575,30.0,33618.43,81.8,0.1,10.2,0
101576,24.0,26100.53,75.8,3.9,10.0,0
101577,45.0,90327.99,30.3,12.4,4.3,0
101578,41.0,128643.28,72.7,19.9,8.8,0
101579,50.0,168556.41,87.0,20.7,12.7,0
101580,37.0,156315.14,84.2,20.8,5.7,0
101581,46.0,141895.12,90.5,15.2,5.7,0
101582,27.0,63613.92,80.6,6.9,7.3,0
101583,39.0,60702.2,61.7,7.8,4.5,0
101584,24.0,36273.53,87.3,5.6,11.0,0
101585,54.0,107828.16,29.1,10.7,3.6,0
101586,37.0,150253.9,82.5,16.6,9.3,0
101587,33.0,50655.02,78.6,5.0,3.2,0
101588,53.0,99591.72,41.7,16.0,1.7,0
101589,33.0,79954.27,67.4,8.6,5.2,0
101590,30.0,36626.33,79.9,1.8,10.3,0
101591,32.0,25698.75,70.0,1.7,8.8,0
101592,24.0,37521.37,82.6,3.1,10.8,0
101593,46.0,97621.01,82.7,16.3,6.7,0
101594,38.0,61158.47,62.9,7.3,6.1,0
101595,51.0,157843.25,75.0,19.4,5.9,0
101596,63.0,76401.4,36.1,11.4,3.0,0
101597,22.0,27554.95,89.9,0.6,13.0,0
101598,27.0,29806.07,83.3,2.7,6.7,0
101599,38.0,156517.13,1.0,37.2,6.8,1
101600,23.0,30124.81,60.5,3.1,11.6,0
101601,43.0,184582.56,62.0,16.7,8.4,0
101602,25.0,21049.04,84.0,3.5,3.6,0
101603,51.0,81173.94,30.5,9.3,5.2,0
101604,52.0,146678.59,50.4,18.6,7.4,0
101605,18.0,34036.87,86.8,1.7,5.1,0
101606,18.0,28165.65,76.4,2.0,8.0,0
101607,46.0,151663.22,74.0,19.6,6.0,0
101608,19.0,28991.36,72.1,0.0,8.4,0
101609,42.0,70937.52,63.3,7.3,11.3,0
101610,31.0,51232.53,69.2,7.1,5.0,0
101611,27.0,29474.43,69.6,1.3,11.0,0
101612,53.0,120936.37,32.1,11.4,8.3,0
101613,57.0,97477.76,19.4,10.4,0.8,0
101614,36.0,56326.91,74.0,3.9,3.5,0
101615,44.0,153140.19,46.1,14.5,7.2,0
101616,31.0,42873.5,73.9,2.7,7.5,0
101617,27.0,40804.33,90.6,2.9,7.5,0
101618,52.0,118611.45,31.0,8.4,2.9,0
101619,42.0,94103.29,74.3,19.0,13.6,0
101620,18.0,36207.8,87.7,4.0,7.0,0
101621,19.0,32559.85,78.9,1.9,13.9,0
101622,34.0,40866.3,55.8,8.0,8.0,0
101623,45.0,177648.52,60.9,17.2,12.6,0
101624,18.0,31690.72,90.3,5.4,12.0,0
101625,39.0,50382.18,71.7,4.6,3.6,0
101626,54.0,86569.45,37.1,12.9,9.3,0
101627,38.0,55097.16,64.8,5.3,9.7,0
101628,24.0,34307.13,60.2,0.0,5.5,0
101629,33.0,25386.63,85.3,1.7,9.3,0
101630,36.0,80344.57,63.8,7.8,10.9,0
101631,33.0,73922.71,67.0,8.8,6.5,0
101632,41.0,118080.44,63.9,16.2,9.1,0
101633,51.0,102376.94,39.9,9.9,0.7,0
101634,51.0,81745.44,26.2,15.4,0.0,0
101635,53.0,147279.68,81.9,19.7,9.9,0
101636,44.0,49920.23,56.4,5.3,1.9,0
101637,33.0,82897.63,56.3,11.0,13.3,0
101638,58.0,188018.42,95.6,18.7,8.7,0
101639,25.0,32000.36,79.5,4.5,8.6,0
101640,45.0,101217.88,28.1,10.8,3.6,0
101641,50.0,113981.73,33.3,14.3,4.6,0
101642,24.0,32911.35,65.1,3.7,12.5,0
101643,41.0,46909.74,42.8,5.9,11.2,0
101644,25.0,27537.76,63.5,1.6,7.7,0
101645,29.0,37832.25,67.5,4.5,12.0,0
101646,30.0,61064.58,61.4,7.3,1.9,0
101647,37.0,69100.72,73.8,5.7,5.4,0
101648,51.0,99979.79,36.0,13.2,0.6,0
101649,45.0,121296.17,70.6,21.4,3.8,0
101650,42.0,107878.93,1.0,26.0,8.5,1
101651,23.0,39651.6,81.3,4.6,12.1,0
101652,18.0,31558.39,67.2,1.3,14.4,0
101653,22.0,42901.19,63.9,0.8,12.3,0
101654,22.0,33770.21,76.9,2.7,9.1,0
101655,44.0,156169.28,88.1,17.6,6.8,0
101656,33.0,78402.79,64.9,3.2,1.2,0
101657,20.0,33325.64,77.7,4.0,9.5,0
101658,50.0,159457.21,72.8,20.3,3.1,0
101659,36.0,63534.64,64.0,3.6,6.2,0
101660,26.0,34748.45,89.9,4.5,9.8,0
101661,27.0,30840.15,79.5,4.6,9.9,0
101662,54.0,111438.38,42.1,14.5,11.0,0
101663,56.0,87111.9,40.1,12.9,5.8,0
101664,31.0,22299.52,93.1,6.7,11.7,0
101665,46.0,133910.55,72.1,19.4,9.9,0
101666,47.0,155792.05,81.0,19.6,4.9,0
101667,47.0,186836.38,71.7,21.0,5.2,0
101668,24.0,28306.93,91.8,6.3,9.7,0
101669,30.0,41507.61,77.7,3.3,12.2,0
101670,39.0,142774.46,93.4,17.0,10.6,0
101671,39.0,60172.37,60.2,10.5,8.7,0
101672,56.0,122374.75,32.1,9.9,9.3,0
101673,53.0,110280.57,27.4,12.8,0.7,0
101674,24.0,28267.96,69.2,2.4,3.1,0
101675,46.0,108379.28,38.5,9.9,5.6,0
101676,39.0,158193.49,70.8,17.3,7.7,0
101677,65.0,82024.49,37.3,13.6,1.1,0
101678,28.0,55291.74,65.6,6.3,6.3,0
101679,48.0,119680.15,71.1,15.0,9.0,0
101680,37.0,70878.19,46.5,6.6,3.2,0
101681,51.0,120338.58,31.8,9.3,2.0,0
101682,35.0,107346.52,78.7,15.1,8.9,0
101683,52.0,85910.87,37.3,10.1,6.5,0
101684,33.0,57688.15,52.9,8.4,8.6,0
101685,18.0,33464.44,60.6,2.3,9.7,0
101686,22.0,34884.72,85.2,1.5,7.6,0
101687,36.0,44771.95,53.2,9.7,2.5,0
101688,34.0,55389.92,78.1,5.9,5.6,0
101689,47.0,95159.4,37.7,10.2,7.0,0
101690,37.0,71507.2,54.7,7.5,6.4,0
101691,59.0,96988.12,35.1,11.1,2.5,0
101692,44.0,160653.6,65.2,18.3,8.6,0
101693,26.0,22164.82,68.8,0.3,10.1,0
101694,47.0,86514.28,23.1,11.2,0.6,0
101695,56.0,103194.8,36.5,11.4,0.0,0
101696,34.0,53502.14,60.5,8.2,8.0,0
101697,30.0,28726.51,71.9,5.1,10.5,0
101698,51.0,126575.51,40.8,11.6,1.9,0
101699,50.0,145216.32,72.2,19.4,10.6,0
101700,55.0,110115.98,39.5,13.1,1.8,0
101701,52.0,108911.35,75.1,15.3,7.7,0
101702,40.0,143421.05,75.4,16.1,7.9,0
101703,43.0,47355.12,49.5,8.7,7.2,0
101704,53.0,112481.37,27.1,11.0,2.1,0
101705,34.0,76949.07,41.0,4.6,2.9,0
101706,50.0,124517.12,68.7,14.8,7.2,0
101707,28.0,33457.03,76.9,0.0,9.0,0
101708,37.0,50931.23,64.5,8.8,5.4,0
101709,47.0,137234.56,83.5,22.1,4.7,0
101710,40.0,76563.4,48.3,5.8,5.2,0
101711,51.0,88906.15,33.0,13.7,0.0,0
101712,31.0,69476.4,63.5,4.9,8.7,0
101713,50.0,138764.53,61.9,19.7,13.2,0
101714,39.0,140989.15,82.9,18.2,2.8,0
101715,38.0,51076.5,45.3,3.5,10.6,0
101716,48.0,100700.05,40.8,12.3,4.9,0
101717,38.0,63541.17,50.4,5.3,6.7,0
101718,51.0,102341.37,46.0,12.7,1.6,0
101719,41.0,81851.17,21.6,10.5,4.7,0
101720,43.0,186826.08,76.8,21.8,10.1,0
101721,29.0,29932.72,67.3,2.1,10.0,0
101722,21.0,26233.42,82.2,1.0,5.4,0
101723,46.0,90992.52,25.1,11.5,5.8,0
101724,55.0,83699.88,22.0,10.8,6.0,0
101725,40.0,65938.25,70.0,10.5,5.6,0
101726,31.0,30499.23,88.2,4.4,4.1,0
101727,31.0,48370.43,40.2,8.8,13.2,0
101728,42.0,161524.75,86.8,18.4,7.9,0
101729,23.0,35096.34,86.7,3.9,11.3,0
101730,36.0,44222.63,67.0,4.4,8.9,0
101731,47.0,111261.11,65.9,22.2,7.8,0
101732,18.0,36613.06,70.3,0.0,11.6,0
101733,47.0,100492.32,26.9,13.4,4.6,0
101734,18.0,34200.39,75.1,5.8,11.2,0
101735,47.0,122094.37,64.1,17.9,6.9,0
101736,59.0,92378.24,22.8,10.3,6.9,0
101737,42.0,134438.06,82.6,16.2,1.3,0
101738,20.0,33394.43,75.5,0.0,13.0,0
101739,37.0,66341.4,62.2,4.4,7.9,0
101740,57.0,114499.3,42.2,13.0,0.0,0
101741,24.0,26490.13,90.8,5.3,7.1,0
101742,24.0,33431.41,87.0,0.0,3.4,0
101743,24.0,17419.04,79.6,4.2,13.7,0
101744,40.0,144061.78,78.5,15.6,10.7,0
101745,53.0,84646.87,36.4,11.7,6.3,0
101746,50.0,98883.25,28.8,10.1,4.5,0
101747,48.0,108689.92,40.9,10.5,4.6,0
101748,32.0,44095.87,52.0,6.9,8.6,0
101749,37.0,72129.65,48.2,6.2,11.9,0
101750,26.0,56956.19,47.3,6.6,5.7,0
101751,55.0,99369.4,21.9,10.8,4.0,0
101752,28.0,46013.83,85.0,1.0,9.7,0
101753,44.0,126911.35,76.7,13.5,9.7,0
101754,41.0,137235.43,86.7,15.5,8.8,0
101755,40.0,63900.95,41.9,9.7,6.4,0
101756,49.0,89690.74,31.2,9.6,4.5,0
101757,21.0,35864.32,83.2,6.3,9.4,0
101758,39.0,102962.49,93.9,19.3,5.9,0
101759,51.0,174175.29,58.5,16.5,7.6,0
101760,38.0,137566.2,79.1,15.3,8.9,0
101761,42.0,66466.46,57.2,5.7,9.5,0
101762,18.0,33398.48,78.3,5.3,8.3,0
101763,22.0,24846.86,1.0,44.0,7.4,1
101764,20.0,35093.73,67.0,1.0,12.7,0
101765,23.0,37503.36,74.4,3.0,10.5,0
101766,31.0,39521.83,89.5,1.7,7.0,0
101767,47.0,174694.34,83.6,18.0,10.2,0
101768,28.0,32857.91,79.9,3.2,7.6,0
101769,21.0,27959.42,62.0,3.3,9.9,0
101770,47.0,171770.08,85.2,20.8,5.7,0
101771,45.0,110915.72,1.0,40.8,5.5,1
101772,42.0,101251.92,40.6,14.5,8.3,0
101773,57.0,84957.53,24.7,13.1,1.6,0
101774,50.0,97045.11,77.7,18.6,7.4,0
101775,47.0,59743.63,29.7,11.0,7.3,0
101776,32.0,67052.92,45.1,8.0,0.3,0
101777,62.0,92587.75,7.1,10.6,1.4,0
101778,33.0,57930.6,51.4,5.4,3.5,0
101779,40.0,75404.67,55.5,7.0,3.6,0
101780,36.0,64566.4,55.8,7.8,7.9,0
101781,19.0,38871.95,75.9,6.4,11.3,0
101782,62.0,115097.1,37.3,10.6,1.9,0
101783,27.0,32824.41,72.1,4.7,10.1,0
101784,28.0,26381.29,88.0,4.0,13.6,0
101785,29.0,31510.67,76.3,6.6,9.1,0
101786,47.0,130389.05,53.4,15.5,9.2,0
101787,40.0,66566.82,69.5,7.8,4.7,0
101788,55.0,97900.3,29.2,12.9,4.2,0
101789,40.0,135517.78,86.1,20.8,8.6,0
101790,24.0,23745.66,95.2,5.1,12.3,0
101791,41.0,95699.78,33.7,13.4,2.6,0
101792,35.0,68912.65,50.3,5.9,7.6,0
101793,31.0,36656.79,88.8,3.1,14.5,0
101794,43.0,129580.29,56.5,12.9,6.5,0
101795,43.0,134718.88,65.9,17.9,9.7,0
101796,38.0,84170.49,59.0,4.0,11.9,0
101797,46.0,85434.42,37.7,12.8,0.0,0
101798,32.0,45474.47,64.2,9.4,3.3,0
101799,57.0,110916.32,28.4,8.0,0.8,0
101800,49.0,121362.57,33.8,10.0,4.4,0
101801,46.0,103795.21,25.2,10.3,5.1,0
101802,61.0,132582.17,24.6,10.8,5.5,0
101803,30.0,19534.88,78.9,2.0,4.2,0
101804,45.0,85291.06,35.6,14.0,5.1,0
101805,57.0,95456.99,28.0,11.6,6.1,0
101806,57.0,92471.34,25.7,12.7,5.4,0
101807,30.0,28090.33,71.3,4.5,8.8,0
101808,34.0,75996.2,44.3,11.1,5.2,0
101809,40.0,60785.8,60.7,6.5,9.6,0
101810,22.0,28699.83,96.1,3.1,8.0,0
101811,18.0,42745.73,72.5,7.1,11.2,0
101812,37.0,63895.46,80.2,2.6,7.6,0
101813,51.0,91356.1,36.5,11.5,4.6,0
101814,24.0,24433.9,81.8,4.4,8.4,0
101815,52.0,173656.41,80.4,19.7,8.1,0
101816,42.0,79529.62,66.1,5.9,6.9,0
101817,55.0,109325.44,34.2,10.9,8.8,0
101818,31.0,51494.74,44.7,5.1,10.7,0
101819,42.0,61173.65,63.0,7.0,3.4,0
101820,63.0,118508.05,38.5,10.3,3.3,0
101821,40.0,142459.07,75.1,17.3,3.6,0
101822,47.0,64650.8,62.6,6.2,2.3,0
101823,36.0,58392.84,65.1,8.8,9.3,0
101824,57.0,125842.69,38.9,14.2,5.5,0
101825,42.0,92357.7,26.3,12.5,1.6,0
101826,27.0,37650.72,90.0,6.2,5.0,0
101827,30.0,94674.42,68.1,7.4,7.1,0
101828,36.0,40419.39,50.3,6.8,4.9,0
101829,40.0,204480.03,69.5,18.6,8.7,0
101830,39.0,56673.52,70.5,7.9,3.1,0
101831,35.0,60078.82,55.8,8.0,8.9,0
101832,46.0,148540.67,72.9,13.7,10.3,0
101833,38.0,51010.06,60.8,8.3,10.5,0
101834,27.0,33852.43,87.5,2.4,11.2,0
101835,21.0,38395.31,61.9,4.6,10.1,0
101836,29.0,27504.06,78.9,3.1,11.3,0
101837,19.0,35664.6,59.5,1.7,5.3,0
101838,40.0,66465.46,62.6,9.9,6.1,0
101839,55.0,96128.98,34.1,14.6,10.2,0
101840,50.0,109256.61,38.2,12.7,4.7,0
101841,22.0,12000.0,93.3,1.6,9.3,0
101842,51.0,81596.96,37.4,11.9,1.9,0
101843,25.0,31809.65,87.3,0.3,7.6,0
101844,47.0,123878.48,63.0,16.8,7.7,0
101845,24.0,30790.64,67.7,4.5,14.0,0
101846,42.0,68434.46,45.0,15.1,0.0,0
101847,40.0,80278.74,49.4,10.2,6.5,0
101848,54.0,82701.11,45.0,13.7,9.2,0
101849,43.0,61897.89,89.1,9.7,8.6,0
101850,47.0,68836.44,20.5,10.1,8.1,0
101851,26.0,28466.97,76.6,2.5,12.4,0
101852,39.0,148812.1,75.0,16.3,12.8,0
101853,35.0,50920.91,66.5,7.1,8.2,0
101854,46.0,108892.32,56.7,9.5,5.1,0
101855,39.0,207778.07,84.4,18.6,4.3,0
101856,38.0,158806.12,58.4,15.3,8.0,0
101857,25.0,34188.98,73.6,4.8,7.4,0
101858,39.0,64389.59,64.0,9.4,5.6,0
101859,21.0,22274.85,57.8,2.6,9.7,0
101860,19.0,26982.47,93.2,4.8,6.2,0
101861,50.0,101942.65,28.7,10.4,3.0,0
101862,48.0,169771.31,64.6,18.9,8.0,0
101863,38.0,132513.72,59.4,20.3,12.7,0
101864,34.0,54756.27,68.5,9.4,3.7,0
101865,51.0,93992.15,27.3,12.8,1.9,0
101866,40.0,137446.16,57.1,13.9,10.8,0
101867,39.0,193798.57,91.7,17.0,15.0,0
101868,29.0,28282.99,52.2,4.4,10.1,0
101869,38.0,59446.19,46.6,6.1,9.1,0
101870,41.0,130917.47,56.8,18.2,4.7,0
101871,41.0,53807.43,55.0,11.3,6.1,0
101872,34.0,68535.54,40.1,9.5,10.0,0
101873,46.0,54897.14,69.4,15.5,11.4,0
101874,48.0,149777.85,60.0,21.0,7.2,0
101875,52.0,146687.75,77.1,17.1,12.2,0
101876,55.0,119673.45,36.8,11.9,5.8,0
101877,31.0,37856.39,79.4,0.0,12.4,0
101878,29.0,62390.66,56.8,4.2,8.1,0
101879,47.0,58511.32,65.7,11.7,9.6,0
101880,49.0,99052.95,39.8,14.9,7.6,0
101881,22.0,52444.76,57.3,5.0,0.0,0
101882,48.0,94938.26,29.7,10.0,4.1,0
101883,38.0,56770.46,71.7,7.1,4.4,0
101884,46.0,91358.22,46.1,10.4,5.8,0
101885,36.0,84244.48,61.9,5.6,9.2,0
101886,40.0,57569.36,46.4,8.1,7.2,0
101887,18.0,33466.04,71.6,0.0,8.9,0
101888,30.0,38958.43,87.5,3.5,11.8,0
101889,43.0,112152.72,62.9,16.8,12.2,0
101890,41.0,49948.57,58.5,6.2,6.5,0
101891,21.0,40096.78,77.8,3.4,10.7,0
101892,47.0,96856.27,45.6,14.9,0.6,0
101893,44.0,96062.5,46.1,12.7,6.0,0
101894,18.0,28705.35,56.0,2.7,3.5,0
101895,43.0,79351.81,59.4,4.0,8.1,0
101896,33.0,34740.24,89.8,2.0,7.4,0
101897,52.0,62053.34,57.6,12.3,6.6,0
101898,22.0,23111.82,92.3,0.8,11.0,0
101899,26.0,32425.96,70.2,2.7,7.1,0
101900,28.0,35292.11,77.8,1.9,16.3,0
101901,45.0,68587.12,34.2,11.5,7.3,0
101902,27.0,32170.07,83.0,4.0,16.3,0
101903,44.0,122836.86,74.0,12.8,7.9,0
101904,29.0,35468.58,81.0,4.3,13.3,0
101905,59.0,102651.5,31.8,7.4,6.9,0
101906,39.0,63703.68,51.1,8.9,6.2,0
101907,36.0,61375.17,62.5,4.7,8.7,0
101908,20.0,28049.77,86.9,1.0,12.7,0
101909,44.0,98463.43,85.6,18.6,9.2,0
101910,48.0,177780.36,74.0,19.2,9.1,0
101911,22.0,22879.41,80.1,5.8,11.7,0
101912,19.0,38321.72,74.9,0.0,13.1,0
101913,38.0,184874.36,83.5,17.5,9.4,0
101914,48.0,73160.08,60.4,12.8,7.4,0
101915,27.0,26607.41,61.3,2.4,10.1,0
101916,26.0,23822.12,84.6,1.3,11.8,0
101917,57.0,88236.79,25.4,15.1,6.6,0
101918,53.0,120110.11,35.8,10.8,1.0,0
101919,51.0,108196.42,48.9,12.0,7.6,0
101920,42.0,120303.73,58.9,17.0,4.2,0
101921,46.0,66902.55,57.0,10.4,3.1,0
101922,35.0,84316.36,56.6,11.9,9.4,0
101923,43.0,76897.43,58.0,6.0,6.7,0
101924,31.0,61263.85,58.0,10.4,8.8,0
101925,36.0,19561.03,65.8,2.3,14.5,0
101926,23.0,23545.32,75.5,0.6,5.8,0
101927,46.0,58076.05,59.7,6.8,6.2,0
101928,48.0,89688.15,38.4,14.8,6.8,0
101929,18.0,37693.95,82.8,1.8,10.5,0
101930,39.0,62525.11,62.8,5.3,13.0,0
101931,42.0,104881.26,38.7,13.3,1.9,0
101932,58.0,93153.53,23.1,9.8,4.4,0
101933,44.0,125788.65,45.5,15.7,9.2,0
101934,41.0,118092.9,45.2,17.2,13.3,0
101935,48.0,91410.35,29.5,12.7,7.9,0
101936,18.0,24236.81,92.9,4.5,9.2,0
101937,45.0,46766.28,67.3,6.9,8.8,0
101938,40.0,90541.97,42.4,11.9,7.8,0
101939,30.0,26478.67,86.2,1.0,10.2,0
101940,27.0,27188.77,85.9,2.0,8.3,0
101941,28.0,27184.8,69.1,5.1,10.3,0
101942,29.0,71548.96,53.9,4.2,0.0,0
101943,41.0,52403.31,45.6,8.3,9.4,0
101944,20.0,37256.81,98.5,5.7,13.6,0
101945,45.0,128818.3,71.4,18.9,4.2,0
101946,39.0,104020.7,74.4,18.2,6.0,0
101947,28.0,25983.1,71.1,4.6,12.8,0
101948,39.0,145847.47,64.2,17.6,8.4,0
101949,27.0,33829.14,80.7,0.8,11.2,0
101950,46.0,157361.15,64.8,19.8,4.0,0
101951,41.0,133056.92,59.4,17.4,8.7,0
101952,18.0,29726.59,60.5,7.1,10.6,0
101953,53.0,98968.46,41.0,14.0,0.0,0
101954,50.0,171394.8,71.3,17.8,0.0,0
101955,37.0,153075.0,84.0,19.5,7.8,0
101956,53.0,165330.42,68.1,22.4,4.7,0
101957,45.0,87799.1,27.4,11.3,6.4,0
101958,24.0,31952.21,78.6,0.0,5.5,0
101959,41.0,118758.19,69.7,20.8,7.8,0
101960,45.0,81437.99,52.1,15.1,5.8,0
101961,44.0,100246.36,38.8,12.1,2.3,0
101962,34.0,54860.78,46.5,9.7,9.6,0
101963,51.0,101022.25,38.9,16.7,6.6,0
101964,28.0,32218.77,73.7,5.8,12.0,0
101965,48.0,102761.12,43.4,7.8,1.2,0
101966,26.0,20915.1,60.3,2.5,11.5,0
101967,55.0,122059.03,35.8,11.3,0.1,0
101968,41.0,157829.74,79.5,18.5,9.6,0
101969,42.0,62840.03,71.7,5.5,6.8,0
101970,34.0,70846.59,47.9,6.4,1.4,0
101971,39.0,75914.18,67.1,8.6,9.5,0
101972,46.0,155482.77,78.8,16.7,7.4,0
101973,52.0,89259.44,19.3,9.5,4.7,0
101974,41.0,62104.26,85.6,5.2,8.3,0
101975,30.0,38138.3,84.6,5.1,10.2,0
101976,32.0,39391.0,69.5,3.6,5.4,0
101977,44.0,64502.42,71.5,6.8,1.4,0
101978,56.0,143303.43,62.0,20.3,14.1,0
101979,51.0,93302.95,37.4,9.8,1.9,0
101980,33.0,31238.49,69.6,2.1,13.2,0
101981,33.0,146417.18,96.6,22.1,9.7,0
101982,43.0,76584.18,56.7,8.8,12.4,0
101983,37.0,154531.6,75.6,18.2,8.0,0
101984,25.0,33817.7,89.2,4.0,9.5,0
101985,48.0,86921.23,37.6,10.6,6.8,0
101986,45.0,168816.89,65.6,16.3,11.4,0
101987,25.0,30833.5,85.0,4.3,6.2,0
101988,59.0,87982.04,52.0,9.3,5.0,0
101989,42.0,90224.09,78.6,14.2,7.1,0
101990,30.0,28946.99,69.0,4.6,9.3,0
101991,22.0,39343.96,66.3,2.1,12.6,0
101992,46.0,125358.44,32.8,13.7,6.6,0
101993,35.0,56654.22,57.6,8.4,4.0,0
101994,18.0,40549.01,70.7,3.7,9.4,0
101995,35.0,77963.15,57.1,6.3,6.2,0
101996,49.0,83541.45,30.0,15.3,6.1,0
101997,34.0,72955.28,42.1,9.8,10.9,0
101998,47.0,73288.91,62.4,9.6,5.1,0
101999,41.0,138381.03,85.7,16.3,5.1,0
102000,37.0,70007.64,51.0,8.3,11.1,0
102001,49.0,148902.98,71.1,21.5,8.0,0
102002,41.0,83854.42,66.4,5.0,3.3,0
102003,42.0,157879.38,76.4,22.4,9.3,0
102004,50.0,75619.85,46.8,12.0,0.0,0
102005,24.0,26264.55,73.7,3.0,7.3,0
102006,41.0,121248.18,64.8,16.0,6.6,0
102007,32.0,68546.28,60.0,9.4,12.7,0
102008,27.0,34589.62,85.4,3.9,10.2,0
102009,24.0,26115.18,86.4,2.9,14.3,0
102010,57.0,84296.23,47.5,6.9,9.8,0
102011,18.0,34851.85,82.3,5.2,9.0,0
102012,25.0,58347.47,55.8,2.9,7.1,0
102013,19.0,35738.73,75.5,6.9,9.2,0
102014,38.0,59622.12,41.8,6.6,9.3,0
102015,39.0,58727.13,43.4,8.3,8.3,0
102016,40.0,58940.91,41.2,8.1,7.0,0
102017,31.0,32165.5,77.5,3.8,8.2,0
102018,21.0,31436.12,68.8,2.5,15.8,0
102019,57.0,100267.45,50.5,10.4,11.5,0
102020,34.0,84362.47,78.0,3.5,11.4,0
102021,51.0,85287.74,40.2,10.0,5.5,0
102022,19.0,33019.98,91.4,3.8,8.9,0
102023,27.0,23898.67,69.6,2.1,12.4,0
102024,26.0,35082.56,77.7,1.4,14.5,0
102025,33.0,66676.47,56.9,8.1,5.2,0
102026,41.0,77381.58,67.9,7.3,5.7,0
102027,57.0,115011.06,80.8,18.7,7.8,0
102028,37.0,56306.0,62.3,7.6,15.0,0
102029,41.0,67757.25,63.8,10.7,4.1,0
102030,51.0,62387.93,40.6,13.7,1.0,0
102031,31.0,27859.25,74.6,3.2,14.8,0
102032,32.0,65250.32,65.7,8.1,8.8,0
102033,40.0,55809.29,74.9,6.8,6.3,0
102034,43.0,54962.87,61.2,5.6,14.6,0
102035,36.0,31365.01,83.2,3.0,9.0,0
102036,53.0,94305.72,19.8,12.5,3.9,0
102037,45.0,138046.55,68.4,19.7,9.6,0
102038,31.0,34849.64,76.0,4.2,4.1,0
102039,63.0,99691.9,56.8,10.3,0.6,0
102040,54.0,101199.34,38.4,12.4,2.1,0
102041,29.0,65159.96,45.2,4.2,5.9,0
102042,54.0,128990.68,44.8,14.9,6.0,0
102043,54.0,137849.01,21.8,11.2,3.0,0
102044,47.0,115334.83,79.6,19.2,10.4,0
102045,47.0,178765.65,71.5,19.1,5.8,0
102046,19.0,42165.41,69.9,4.3,11.6,0
102047,42.0,43494.48,66.9,6.9,5.2,0
102048,35.0,73570.36,65.3,6.7,3.6,0
102049,19.0,36337.45,65.2,2.8,18.0,0
102050,38.0,70283.5,47.4,4.5,9.4,0
102051,42.0,169575.26,73.4,25.1,6.6,0
102052,26.0,27425.72,89.3,4.1,7.4,0
102053,35.0,78425.68,71.5,4.4,5.9,0
102054,53.0,138307.12,74.8,20.3,4.3,0
102055,32.0,59503.52,71.0,9.2,9.5,0
102056,36.0,75722.0,57.5,8.4,10.0,0
102057,52.0,141100.62,69.4,20.8,12.4,0
102058,34.0,50783.82,71.2,3.9,2.2,0
102059,23.0,32590.05,67.4,3.4,10.8,0
102060,22.0,43712.75,82.3,5.3,5.6,0
102061,36.0,151593.58,90.5,16.0,8.4,0
102062,18.0,27860.73,79.9,2.0,6.1,0
102063,29.0,40952.15,62.8,8.2,8.8,0
102064,19.0,37794.28,85.1,3.0,9.5,0
102065,33.0,64144.53,74.2,9.3,6.2,0
102066,46.0,112243.96,79.3,16.3,10.1,0
102067,51.0,55638.66,87.2,8.0,4.8,0
102068,39.0,199596.88,76.9,16.9,7.4,0
102069,26.0,31949.77,81.5,6.5,6.6,0
102070,39.0,61186.46,53.0,9.1,2.6,0
102071,31.0,145658.23,70.6,15.3,2.9,0
102072,46.0,67167.25,58.2,11.4,10.1,0
102073,33.0,25203.47,65.8,4.2,11.2,0
102074,49.0,98904.12,79.0,20.0,10.8,0
102075,34.0,67787.75,50.2,6.4,3.9,0
102076,32.0,59310.86,53.1,5.5,3.1,0
102077,53.0,127385.81,75.3,14.5,12.1,0
102078,25.0,29443.28,73.6,4.7,1.1,0
102079,32.0,60671.02,56.7,12.0,6.0,0
102080,29.0,42435.15,84.7,1.7,6.1,0
102081,40.0,80358.48,63.5,9.5,14.8,0
102082,28.0,25660.35,78.5,5.7,9.3,0
102083,60.0,93855.38,1.0,41.4,4.5,1
102084,25.0,22734.8,73.6,0.5,8.8,0
102085,48.0,112302.14,45.2,13.1,0.2,0
102086,24.0,24240.17,76.5,4.3,13.0,0
102087,38.0,76044.54,60.6,6.5,9.6,0
102088,41.0,56150.24,61.8,6.4,1.0,0
102089,54.0,72863.67,38.3,8.9,1.8,0
102090,34.0,75411.25,52.7,4.9,8.1,0
102091,35.0,70822.66,47.9,7.4,14.4,0
102092,42.0,144705.61,55.4,16.3,9.4,0
102093,50.0,105506.8,39.2,9.4,7.0,0
102094,18.0,27594.05,80.3,6.1,7.0,0
102095,44.0,143931.72,78.6,20.4,6.8,0
102096,41.0,76846.39,75.8,8.0,7.5,0
102097,22.0,23596.24,75.2,3.2,9.7,0
102098,39.0,45771.43,56.2,11.0,10.0,0
102099,27.0,34250.33,74.3,0.0,11.4,0
102100,18.0,30124.8,78.0,2.1,16.5,0
102101,61.0,112661.08,1.0,46.6,5.9,1
102102,19.0,32188.45,87.6,1.8,10.4,0
102103,45.0,112258.47,69.3,15.9,10.6,0
102104,38.0,147353.45,58.1,15.7,4.5,0
102105,51.0,98084.53,38.6,8.5,3.5,0
102106,48.0,104134.45,32.3,11.8,1.8,0
102107,61.0,73050.79,31.0,12.2,3.2,0
102108,39.0,94345.57,65.1,16.1,13.0,0
102109,47.0,61433.16,44.0,8.5,4.1,0
102110,21.0,28377.83,73.0,2.3,6.1,0
102111,32.0,73382.58,57.7,7.3,0.3,0
102112,41.0,54349.6,69.2,7.3,5.3,0
102113,18.0,44527.11,86.0,4.7,15.5,0
102114,53.0,118126.04,30.2,13.5,2.1,0
102115,21.0,32558.72,65.3,3.7,9.1,0
102116,33.0,128466.92,68.5,19.7,8.9,0
102117,31.0,34995.83,72.5,2.9,9.0,0
102118,26.0,32344.58,71.7,3.0,11.4,0
102119,19.0,33825.97,62.2,5.2,11.6,0
102120,32.0,25568.4,89.3,4.9,9.5,0
102121,22.0,25749.56,64.5,1.5,6.2,0
102122,32.0,23348.18,79.5,3.9,11.1,0
102123,26.0,37451.27,73.5,3.2,9.1,0
102124,31.0,44095.23,66.1,0.0,11.7,0
102125,41.0,83839.87,65.4,9.8,12.0,0
102126,43.0,71833.75,45.2,7.0,7.9,0
102127,36.0,61574.74,73.7,5.5,9.4,0
102128,38.0,52429.94,47.2,3.6,8.5,0
102129,24.0,27243.52,59.2,3.9,9.5,0
102130,20.0,26447.13,75.6,3.9,9.0,0
102131,18.0,31665.2,88.5,3.1,10.2,0
102132,50.0,79786.75,25.8,8.7,7.5,0
102133,45.0,142078.67,75.0,18.7,5.8,0
102134,41.0,128049.94,97.1,20.0,8.5,0
102135,43.0,75834.92,44.2,6.6,7.0,0
102136,39.0,59500.24,57.0,6.1,10.1,0
102137,29.0,57230.72,39.6,4.9,8.0,0
102138,54.0,89644.42,46.2,14.7,3.8,0
102139,53.0,87261.49,41.3,9.6,9.4,0
102140,49.0,109787.06,64.1,18.8,7.0,0
102141,46.0,130943.21,87.2,18.0,15.3,0
102142,39.0,46940.65,78.9,9.2,8.1,0
102143,55.0,74667.3,17.0,11.9,8.1,0
102144,45.0,183071.12,85.2,18.0,11.6,0
102145,44.0,61105.17,55.9,7.3,0.0,0
102146,44.0,158155.04,73.4,18.7,7.9,0
102147,18.0,41576.55,74.3,1.8,14.1,0
102148,48.0,146881.26,79.7,15.7,7.8,0
102149,58.0,83420.87,25.0,12.2,4.3,0
102150,27.0,24061.84,52.5,4.8,6.8,0
102151,49.0,57666.67,45.2,12.7,4.9,0
102152,26.0,20133.47,68.1,2.1,7.8,0
102153,51.0,99210.01,45.1,9.0,4.0,0
102154,56.0,79198.18,33.1,12.9,4.0,0
102155,55.0,96619.34,31.9,9.7,4.7,0
102156,43.0,114980.63,77.8,20.5,6.0,0
102157,20.0,27598.5,61.2,7.0,8.7,0
102158,20.0,25509.78,74.1,1.6,14.3,0
102159,30.0,44829.96,63.5,6.8,6.3,0
102160,27.0,32787.46,77.5,0.2,5.0,0
102161,32.0,49898.49,60.7,3.4,5.7,0
102162,23.0,31771.59,82.0,2.3,8.0,0
102163,42.0,58428.44,72.2,6.3,7.0,0
102164,35.0,64580.4,53.8,7.2,11.6,0
102165,48.0,166604.61,58.6,15.6,8.7,0
102166,28.0,29009.78,71.0,5.8,12.1,0
102167,48.0,128875.46,66.8,19.9,7.2,0
102168,33.0,51808.73,52.9,8.8,2.5,0
102169,39.0,54096.28,55.9,6.7,6.3,0
102170,35.0,57040.99,52.3,9.6,7.1,0
102171,35.0,54805.68,53.9,5.7,9.3,0
102172,20.0,19061.62,78.6,2.4,8.2,0
102173,41.0,31493.92,73.8,9.1,5.1,0
102174,22.0,34905.27,83.3,1.7,5.1,0
102175,47.0,72670.34,59.6,7.4,8.9,0
102176,56.0,59323.13,31.5,11.1,3.5,0
102177,40.0,42022.7,44.5,5.6,7.5,0
102178,47.0,181109.35,69.1,19.7,10.1,0
102179,27.0,31860.14,74.0,0.9,6.6,0
102180,45.0,138628.55,67.8,19.3,7.4,0
102181,47.0,90442.88,43.2,10.0,4.6,0
102182,43.0,120827.59,69.1,14.9,8.3,0
102183,36.0,167025.42,71.1,16.9,11.5,0
102184,19.0,27693.35,59.7,5.6,15.6,0
102185,28.0,52895.98,58.7,6.0,6.9,0
102186,23.0,34347.5,68.4,3.4,6.7,0
102187,41.0,96233.87,68.0,16.9,10.8,0
102188,52.0,97094.81,34.8,7.7,0.0,0
102189,22.0,33604.51,75.7,1.3,9.3,0
102190,41.0,159630.88,79.2,16.9,7.9,0
102191,25.0,34445.95,94.5,2.9,13.5,0
102192,46.0,84095.78,13.6,12.3,5.9,0
102193,39.0,98219.7,41.0,13.1,0.4,0
102194,28.0,32053.59,83.9,2.7,11.1,0
102195,58.0,91511.22,37.8,14.5,3.6,0
102196,37.0,157036.29,86.3,20.6,10.1,0
102197,18.0,28337.6,72.2,3.1,15.1,0
102198,31.0,87022.98,54.2,5.5,9.5,0
102199,29.0,35743.69,70.3,4.0,6.9,0
102200,48.0,93377.72,26.8,14.1,2.3,0
102201,23.0,26930.06,88.4,1.7,13.4,0
102202,48.0,128762.29,72.3,17.1,9.6,0
102203,42.0,129479.49,72.5,14.8,7.8,0
102204,27.0,32795.19,87.5,2.2,8.6,0
102205,30.0,57471.89,77.7,7.6,5.2,0
102206,47.0,67665.12,26.7,13.5,2.7,0
102207,47.0,80496.06,41.5,11.8,2.1,0
102208,34.0,86617.66,70.2,9.9,1.7,0
102209,23.0,28286.01,83.4,5.1,11.0,0
102210,20.0,28192.56,84.2,4.4,10.4,0
102211,44.0,141263.09,74.7,19.4,9.9,0
102212,36.0,61452.61,57.1,5.4,4.6,0
102213,46.0,122035.7,80.1,17.9,10.5,0
102214,39.0,71407.1,53.2,7.8,9.2,0
102215,35.0,182882.67,94.7,19.9,10.4,0
102216,27.0,30137.02,76.9,4.9,7.1,0
102217,19.0,29711.38,84.6,1.3,9.3,0
102218,42.0,114500.9,47.6,15.9,8.8,0
102219,45.0,152457.95,78.1,16.7,5.5,0
102220,38.0,59636.87,67.1,7.8,10.9,0
102221,34.0,73913.68,78.3,7.1,8.5,0
102222,31.0,71977.67,69.3,6.0,8.8,0
102223,37.0,66361.16,66.1,8.0,6.6,0
102224,28.0,38404.29,72.5,3.0,4.7,0
102225,46.0,170822.56,69.4,18.3,7.3,0
102226,22.0,33337.31,70.2,2.5,7.3,0
102227,55.0,99090.97,30.7,12.1,3.3,0
102228,30.0,29459.77,1.0,40.9,12.4,1
102229,29.0,38246.76,92.7,3.6,13.7,0
102230,60.0,75812.9,29.0,9.0,7.2,0
102231,28.0,42136.96,47.0,3.5,7.8,0
102232,47.0,66096.16,34.6,12.0,0.0,0
102233,20.0,31570.08,74.4,2.3,13.5,0
102234,54.0,132104.88,58.8,17.5,8.6,0
102235,52.0,105442.82,57.1,8.6,2.5,0
102236,51.0,126844.45,79.9,19.3,11.7,0
102237,34.0,33918.5,60.5,1.6,16.6,0
102238,29.0,67544.36,32.9,4.3,9.7,0
102239,36.0,57798.91,49.9,3.0,9.1,0
102240,35.0,45015.98,58.3,8.2,6.4,0
102241,37.0,62425.5,50.9,7.1,9.2,0
102242,29.0,36554.6,100.0,30.8,11.4,1
102243,32.0,56818.27,64.8,9.8,1.6,0
102244,32.0,38705.56,80.0,2.5,11.2,0
102245,33.0,60016.92,43.2,3.5,14.0,0
102246,24.0,33173.25,77.7,1.3,9.1,0
102247,24.0,30867.36,70.5,4.0,10.6,0
102248,54.0,107056.27,33.3,11.7,8.4,0
102249,31.0,41090.27,63.6,5.7,3.8,0
102250,40.0,60384.38,45.4,10.9,2.2,0
102251,36.0,40915.67,60.7,5.7,9.5,0
102252,52.0,118095.39,30.7,8.8,4.7,0
102253,35.0,41697.06,47.4,5.5,11.7,0
102254,56.0,89053.73,39.7,7.9,2.3,0
102255,45.0,144167.48,66.6,17.9,9.0,0
102256,36.0,71608.8,61.2,8.0,12.1,0
102257,47.0,183872.15,65.3,14.8,7.6,0
102258,51.0,119955.98,23.7,11.8,5.2,0
102259,25.0,31011.99,81.6,5.2,14.6,0
102260,36.0,52895.16,73.3,4.8,12.4,0
102261,59.0,120468.72,41.9,7.8,0.9,0
102262,45.0,122973.7,68.8,19.2,7.5,0
102263,30.0,71883.95,63.1,6.5,9.1,0
102264,24.0,39668.64,79.5,5.6,4.4,0
102265,54.0,88196.56,26.4,14.3,6.7,0
102266,18.0,36121.25,83.9,1.6,7.5,0
102267,44.0,89228.2,33.2,13.6,4.8,0
102268,31.0,64665.84,55.5,5.1,2.2,0
102269,55.0,102633.39,40.6,10.5,4.5,0
102270,36.0,115138.11,72.3,18.5,3.1,0
102271,47.0,88751.78,44.6,10.4,4.4,0
102272,53.0,90730.27,37.7,9.3,2.0,0
102273,59.0,120731.48,43.4,14.2,0.0,0
102274,38.0,132160.24,96.2,17.4,10.2,0
102275,45.0,148974.31,71.8,15.6,0.0,0
102276,30.0,28448.97,59.3,3.9,11.3,0
102277,56.0,114078.74,25.8,10.3,3.0,0
102278,28.0,19888.8,79.3,4.9,12.7,0
102279,47.0,166787.61,44.5,21.2,9.0,0
102280,59.0,74913.75,17.5,15.6,1.2,0
102281,34.0,67886.39,65.7,9.2,7.7,0
102282,19.0,36070.2,85.2,0.0,14.3,0
102283,24.0,73544.08,51.7,8.4,8.5,0
102284,52.0,102713.58,34.1,13.4,10.6,0
102285,18.0,13636.28,73.8,2.0,8.9,0
102286,19.0,37025.22,64.2,3.9,11.9,0
102287,45.0,152276.01,81.5,18.1,7.0,0
102288,54.0,105266.26,43.9,8.6,3.4,0
102289,19.0,35231.16,85.3,2.5,7.8,0
102290,39.0,60513.02,72.3,10.5,10.0,0
102291,44.0,186004.49,74.4,17.0,6.0,0
102292,48.0,94891.08,39.6,9.2,2.7,0
102293,53.0,106006.01,34.7,12.5,0.3,0
102294,31.0,61320.78,63.1,7.5,4.5,0
102295,35.0,78872.12,63.4,6.7,3.9,0
102296,20.0,32037.96,80.8,4.1,11.2,0
102297,50.0,86260.11,55.5,10.9,0.1,0
102298,18.0,29965.63,87.4,1.8,14.4,0
102299,24.0,38391.05,70.4,1.5,10.3,0
102300,54.0,91939.83,37.9,13.2,0.0,0
102301,41.0,126929.2,67.3,18.8,6.5,0
102302,42.0,90955.53,24.4,13.0,6.4,0
102303,25.0,53359.57,61.5,4.2,9.3,0
102304,41.0,60191.91,50.3,2.4,9.4,0
102305,46.0,82039.47,56.1,4.8,9.5,0
102306,35.0,67335.95,61.0,7.2,10.1,0
102307,41.0,56166.81,48.8,2.0,6.0,0
102308,31.0,66678.24,54.6,6.5,9.4,0
102309,54.0,93004.6,51.9,13.5,2.8,0
102310,41.0,159867.17,74.0,15.8,10.7,0
102311,49.0,169771.0,87.4,22.1,13.2,0
102312,26.0,30799.46,59.7,3.0,11.6,0
102313,36.0,40927.45,55.1,8.3,3.9,0
102314,25.0,34486.17,89.2,6.4,8.9,0
102315,37.0,64400.17,64.5,8.1,11.3,0
102316,24.0,66665.12,62.9,6.5,0.2,0
102317,24.0,27907.17,94.8,3.8,7.6,0
102318,42.0,105099.56,42.0,11.6,5.8,0
102319,34.0,73910.12,67.9,3.7,2.8,0
102320,53.0,163491.35,59.4,14.9,8.6,0
102321,18.0,30175.77,77.5,2.8,13.4,0
102322,33.0,29241.43,66.7,3.8,14.9,0
102323,34.0,71490.01,49.6,7.0,3.5,0
102324,24.0,31329.22,84.1,6.6,8.8,0
102325,18.0,30835.88,81.0,3.4,9.5,0
102326,50.0,143432.61,100.0,29.0,2.8,1
102327,26.0,33413.61,67.4,2.9,9.6,0
102328,21.0,27430.53,82.1,2.5,8.2,0
102329,48.0,92777.26,44.2,12.4,3.3,0
102330,38.0,77226.54,62.9,7.5,8.9,0
102331,51.0,98147.56,30.1,8.9,5.0,0
102332,38.0,58789.12,68.4,5.6,1.7,0
102333,40.0,101168.33,75.4,16.5,11.0,0
102334,29.0,26672.15,69.9,4.1,12.9,0
102335,26.0,65143.45,36.0,5.9,10.3,0
102336,67.0,90916.11,22.5,11.0,4.2,0
102337,40.0,116694.44,67.7,18.8,7.5,0
102338,32.0,54522.1,53.9,5.0,4.9,0
102339,55.0,91061.51,17.5,14.0,5.3,0
102340,18.0,29895.42,70.1,4.4,8.9,0
102341,24.0,30910.24,63.2,5.8,12.0,0
102342,20.0,33105.12,87.7,3.1,14.7,0
102343,67.0,92843.32,29.2,10.0,0.0,0
102344,42.0,58055.01,66.8,9.2,3.8,0
102345,47.0,124834.15,34.3,10.7,0.9,0
102346,23.0,40685.47,84.9,3.4,14.8,0
102347,50.0,148419.88,99.8,17.5,11.3,0
102348,41.0,162751.78,69.5,18.9,15.2,0
102349,29.0,34746.6,70.3,3.4,7.0,0
102350,28.0,36964.42,76.2,6.3,14.6,0
102351,25.0,35257.34,72.1,2.5,6.8,0
102352,41.0,137369.4,55.4,19.2,11.1,0
102353,24.0,16463.89,75.5,0.2,8.2,0
102354,43.0,34831.28,49.8,8.7,4.9,0
102355,32.0,84681.65,61.8,8.9,8.5,0
102356,53.0,116614.83,54.1,8.6,3.9,0
102357,36.0,57209.27,67.8,7.5,12.8,0
102358,42.0,77230.08,46.0,5.4,4.8,0
102359,50.0,115627.16,62.6,15.8,16.3,0
102360,23.0,35052.15,66.6,4.9,4.7,0
102361,38.0,121569.38,74.2,16.4,12.6,0
102362,27.0,28027.88,88.0,2.2,8.2,0
102363,40.0,34626.48,65.3,5.6,4.9,0
102364,53.0,126613.44,81.6,18.6,9.1,0
102365,51.0,89823.56,50.3,13.9,2.5,0
102366,47.0,85005.5,44.8,14.4,5.7,0
102367,18.0,36341.77,91.0,3.3,15.9,0
102368,29.0,69642.45,47.8,9.1,8.8,0
102369,45.0,67576.75,54.0,6.0,6.2,0
102370,33.0,77033.74,70.8,4.0,7.1,0
102371,36.0,53280.74,62.4,9.9,9.7,0
102372,43.0,53981.9,58.4,5.5,7.7,0
102373,38.0,72711.79,71.1,8.4,4.4,0
102374,18.0,34995.32,93.0,3.0,5.4,0
102375,46.0,67461.75,59.7,4.7,7.0,0
102376,27.0,34897.4,71.2,2.9,8.2,0
102377,51.0,162550.82,66.8,15.7,8.8,0
102378,50.0,87846.96,23.6,10.0,4.5,0
102379,23.0,46379.92,83.9,0.7,5.4,0
102380,54.0,88213.57,48.3,12.6,0.0,0
102381,38.0,122982.89,76.4,15.9,8.5,0
102382,18.0,32035.63,81.7,5.9,10.7,0
102383,20.0,40599.71,76.2,4.5,8.2,0
102384,24.0,27384.7,1.0,42.7,8.5,1
102385,21.0,34055.27,69.7,0.0,11.1,0
102386,51.0,92796.5,40.2,13.3,3.5,0
102387,37.0,123907.61,77.8,18.3,6.4,0
102388,20.0,35558.66,75.8,4.5,12.6,0
102389,50.0,111238.97,36.4,12.5,0.0,0
102390,19.0,26719.84,74.8,3.2,10.5,0
102391,53.0,83287.45,41.9,15.6,2.9,0
102392,49.0,83280.83,35.9,10.9,0.0,0
102393,29.0,73385.32,70.8,10.2,7.7,0
102394,19.0,29477.03,100.0,36.6,10.8,1
102395,55.0,128488.19,34.2,9.3,3.6,0
102396,42.0,127620.96,75.4,15.6,8.4,0
102397,27.0,40177.69,81.1,5.1,8.7,0
102398,22.0,39763.6,64.3,2.2,13.4,0
102399,23.0,30354.93,75.3,3.2,13.3,0
102400,57.0,95195.92,45.9,12.7,6.6,0
102401,47.0,124729.25,37.2,6.5,9.0,0
102402,52.0,88237.05,28.9,12.9,1.3,0
102403,49.0,85545.78,32.1,11.0,6.6,0
102404,44.0,149904.53,78.1,17.8,4.9,0
102405,52.0,163373.87,88.1,20.1,6.6,0
102406,18.0,24920.4,84.4,2.8,8.7,0
102407,40.0,94775.52,24.2,10.6,6.6,0
102408,31.0,51580.03,59.9,8.7,5.8,0
102409,43.0,47730.05,43.5,3.9,2.0,0
102410,45.0,115359.71,57.9,18.8,10.5,0
102411,57.0,109967.36,25.8,12.6,5.5,0
102412,41.0,144151.75,59.5,16.7,9.1,0
102413,44.0,74850.07,64.6,7.2,6.8,0
102414,29.0,52675.75,50.0,8.1,9.8,0
102415,40.0,75198.56,58.7,5.0,6.9,0
102416,20.0,35789.27,74.4,2.8,12.1,0
102417,20.0,37552.51,64.5,3.6,9.7,0
102418,40.0,46661.99,42.7,8.5,5.8,0
102419,24.0,28199.84,87.1,3.6,10.7,0
102420,37.0,152637.94,62.1,16.7,3.9,0
102421,23.0,38131.37,80.3,2.1,10.3,0
102422,25.0,32380.56,79.8,0.9,10.3,0
102423,43.0,104843.16,24.0,14.4,0.0,0
102424,32.0,22558.09,66.0,3.6,11.9,0
102425,42.0,162493.67,64.0,17.2,7.1,0
102426,49.0,61925.55,34.8,11.8,7.2,0
102427,18.0,28317.01,90.0,3.6,11.6,0
102428,54.0,102829.61,53.2,12.2,1.0,0
102429,55.0,85311.97,33.9,12.7,1.5,0
102430,49.0,103137.01,29.5,13.9,1.0,0
102431,38.0,188032.61,56.7,17.9,13.6,0
102432,52.0,118029.78,41.5,12.0,3.6,0
102433,41.0,89543.19,37.3,12.5,11.4,0
102434,37.0,69032.42,69.6,8.1,6.7,0
102435,52.0,89003.81,39.4,11.7,5.9,0
102436,38.0,143700.58,87.5,17.6,13.5,0
102437,53.0,94033.71,36.2,11.4,0.0,0
102438,56.0,132495.4,39.8,13.1,3.5,0
102439,42.0,61561.73,60.7,3.9,5.4,0
102440,54.0,110513.32,44.3,8.8,0.0,0
102441,46.0,121180.43,80.9,14.7,7.7,0
102442,24.0,34767.49,67.7,0.0,10.5,0
102443,27.0,37802.94,74.4,4.6,11.5,0
102444,43.0,61381.87,40.7,6.9,7.3,0
102445,39.0,44895.26,54.9,8.7,6.7,0
102446,50.0,127598.18,24.3,14.5,7.1,0
102447,23.0,31810.55,77.6,3.4,8.2,0
102448,34.0,58035.69,54.8,6.4,0.3,0
102449,52.0,85980.3,16.3,11.3,2.9,0
102450,58.0,85779.17,41.7,14.8,2.1,0
102451,52.0,124560.63,37.3,12.7,2.8,0
102452,55.0,94322.11,16.7,11.3,0.5,0
102453,53.0,79322.05,39.8,12.1,0.3,0
102454,50.0,105611.62,46.5,10.2,0.7,0
102455,62.0,94832.97,35.9,10.5,4.6,0
102456,45.0,64838.72,68.6,7.1,3.9,0
102457,49.0,75885.58,37.2,14.4,4.5,0
102458,22.0,27451.68,81.6,0.5,6.6,0
102459,29.0,30400.25,75.0,2.7,12.2,0
102460,37.0,53707.21,50.9,6.6,7.9,0
102461,43.0,136862.85,72.5,17.9,5.7,0
102462,58.0,86752.47,36.3,7.9,3.4,0
102463,19.0,26360.83,100.0,3.5,13.7,0
102464,56.0,111813.45,33.0,15.2,6.5,0
102465,24.0,33516.55,76.6,3.1,9.9,0
102466,54.0,124753.55,22.9,14.3,2.9,0
102467,49.0,131597.18,76.1,17.7,2.8,0
102468,61.0,78878.91,35.8,9.9,0.0,0
102469,51.0,84850.96,23.3,11.9,0.0,0
102470,37.0,60579.03,33.2,6.0,8.4,0
102471,31.0,67711.6,62.3,5.0,7.0,0
102472,47.0,117914.16,69.9,20.3,5.4,0
102473,54.0,76545.83,33.4,12.9,0.0,0
102474,33.0,66791.34,60.3,6.0,3.7,0
102475,39.0,58401.94,63.5,7.8,5.7,0
102476,29.0,28576.96,89.9,5.6,13.2,0
102477,23.0,46671.18,79.5,3.5,9.9,0
102478,18.0,39459.62,72.3,4.8,13.5,0
102479,39.0,54277.62,54.6,1.6,6.7,0
102480,47.0,134014.87,66.1,17.4,11.6,0
102481,36.0,82734.34,52.3,7.4,5.7,0
102482,34.0,33035.1,1.0,43.0,14.6,1
102483,25.0,36819.14,65.8,3.7,6.8,0
102484,37.0,45054.77,57.1,9.2,8.6,0
102485,37.0,92160.66,77.0,21.2,5.1,0
102486,46.0,61927.53,38.4,3.9,9.3,0
102487,53.0,120345.98,23.0,12.2,4.0,0
102488,42.0,130358.3,68.4,18.3,8.9,0
102489,25.0,38946.49,66.0,0.0,13.1,0
102490,47.0,88510.96,28.9,10.7,0.0,0
102491,40.0,156363.14,72.0,19.0,6.5,0
102492,41.0,56326.68,36.9,7.6,9.3,0
102493,21.0,38907.43,69.5,4.3,15.2,0
102494,43.0,134292.63,70.9,21.3,9.2,0
102495,54.0,147037.13,65.5,16.8,8.2,0
102496,26.0,56699.11,53.5,7.5,12.8,0
102497,52.0,62122.53,25.9,12.5,4.3,0
102498,32.0,37530.05,87.3,2.6,13.3,0
102499,39.0,164401.02,69.2,15.1,9.8,0
102500,43.0,57462.32,73.6,3.7,3.4,0
102501,23.0,29864.4,71.3,3.3,8.4,0
102502,50.0,99761.07,28.3,11.8,2.1,0
102503,37.0,159245.29,89.1,20.1,9.0,0
102504,40.0,132769.65,82.6,13.4,6.9,0
102505,28.0,25443.5,82.2,3.8,5.6,0
102506,24.0,28443.52,82.2,4.3,11.2,0
102507,43.0,147279.56,60.2,17.9,5.6,0
102508,48.0,157217.6,78.8,21.4,7.0,0
102509,33.0,58053.79,42.0,4.0,8.9,0
102510,45.0,76619.0,34.0,11.2,6.7,0
102511,36.0,53089.09,67.7,8.5,2.8,0
102512,37.0,54019.74,50.6,10.7,7.4,0
102513,23.0,32489.32,86.7,1.6,8.4,0
102514,27.0,23265.6,87.9,0.0,9.3,0
102515,18.0,25915.99,91.0,5.1,13.5,0
102516,36.0,113513.38,75.4,19.4,5.6,0
102517,21.0,25483.44,94.6,2.1,10.1,0
102518,24.0,38368.37,68.5,5.3,6.2,0
102519,42.0,42857.26,57.0,10.3,9.1,0
102520,26.0,25961.13,70.7,5.7,11.4,0
102521,28.0,32425.05,75.2,4.5,10.8,0
102522,51.0,70820.48,44.5,12.9,2.2,0
102523,42.0,64720.95,60.6,8.8,9.0,0
102524,53.0,91775.2,54.8,10.5,6.2,0
102525,43.0,151458.78,84.3,17.4,9.8,0
102526,25.0,28306.1,90.6,4.4,8.7,0
102527,49.0,119048.22,71.7,17.1,10.3,0
102528,41.0,159113.77,77.9,17.2,13.5,0
102529,39.0,104492.85,80.6,13.7,12.5,0
102530,53.0,70598.56,25.5,8.7,5.1,0
102531,45.0,103585.72,32.0,11.0,5.5,0
102532,55.0,114593.23,28.7,11.9,2.1,0
102533,53.0,81691.25,30.8,11.2,4.9,0
102534,24.0,34916.3,76.9,1.8,10.6,0
102535,38.0,154342.78,69.1,18.4,8.7,0
102536,60.0,101525.08,35.7,10.6,6.4,0
102537,51.0,68914.29,33.0,12.4,1.5,0
102538,35.0,61202.25,57.4,9.5,3.1,0
102539,34.0,31810.87,83.8,3.3,4.8,0
102540,31.0,56149.08,67.9,4.2,4.4,0
102541,37.0,67277.08,62.4,5.0,2.2,0
102542,39.0,77993.66,54.5,4.7,5.7,0
102543,38.0,59398.12,72.1,8.8,7.6,0
102544,18.0,28012.56,72.5,1.5,10.6,0
102545,37.0,43317.32,66.0,7.0,8.1,0
102546,40.0,53440.62,70.6,6.7,11.5,0
102547,39.0,176243.81,63.0,23.1,5.1,0
102548,29.0,29912.61,85.2,2.9,6.7,0
102549,22.0,89984.63,58.7,1.1,7.9,0
102550,39.0,54019.7,50.9,7.0,10.6,0
102551,36.0,78329.59,69.3,6.5,2.3,0
102552,35.0,67875.54,58.6,8.3,9.6,0
102553,55.0,90291.88,40.2,16.5,0.0,0
102554,45.0,186166.48,60.3,20.0,11.4,0
102555,29.0,69949.96,55.3,6.9,6.0,0
102556,59.0,93082.73,30.4,11.1,3.0,0
102557,19.0,29280.51,79.2,3.8,13.6,0
102558,25.0,29267.05,67.9,3.6,9.6,0
102559,36.0,64929.83,63.2,7.5,6.5,0
102560,20.0,28470.36,86.5,2.2,6.0,0
102561,58.0,78885.33,35.4,13.0,4.0,0
102562,40.0,101677.34,48.3,13.6,0.0,0
102563,63.0,72327.94,24.2,13.6,5.4,0
102564,36.0,55645.43,71.3,6.9,2.3,0
102565,58.0,98749.77,46.2,13.1,11.2,0
102566,34.0,62179.6,65.2,6.4,9.4,0
102567,18.0,31580.77,77.0,2.7,7.4,0
102568,29.0,29094.4,80.0,2.9,11.5,0
102569,59.0,98336.28,43.4,12.3,2.5,0
102570,42.0,132854.73,77.7,18.2,5.6,0
102571,23.0,23210.72,76.2,3.0,15.4,0
102572,59.0,77317.32,37.0,12.4,3.3,0
102573,51.0,88947.46,53.7,11.2,5.0,0
102574,30.0,160753.92,83.8,15.9,6.5,0
102575,38.0,62217.18,62.7,6.4,12.6,0
102576,49.0,141025.93,47.4,13.7,0.9,0
102577,57.0,105327.35,13.8,9.2,5.1,0
102578,42.0,126984.75,82.8,16.2,6.6,0
102579,21.0,34938.57,60.8,2.0,4.8,0
102580,41.0,158220.84,79.4,16.5,9.6,0
102581,23.0,39839.85,76.7,0.0,12.7,0
102582,41.0,133090.16,75.4,15.2,8.2,0
102583,27.0,34097.01,72.0,5.0,7.0,0
102584,21.0,31216.63,81.0,2.4,13.7,0
102585,25.0,32435.79,80.6,4.5,10.7,0
102586,27.0,74158.92,59.2,8.4,5.8,0
102587,27.0,36567.37,48.6,8.0,10.9,0
102588,26.0,25939.17,70.2,5.7,6.1,0
102589,47.0,82936.58,79.3,7.8,6.0,0
102590,38.0,72139.81,51.5,4.8,6.1,0
102591,48.0,116219.16,28.8,12.2,6.9,0
102592,49.0,145255.69,75.8,16.0,11.1,0
102593,58.0,63016.96,52.6,10.6,5.8,0
102594,24.0,31652.24,75.9,1.0,11.6,0
102595,35.0,47386.85,47.6,4.4,5.4,0
102596,45.0,122079.83,81.8,17.8,7.1,0
102597,24.0,40036.09,64.3,6.3,12.9,0
102598,36.0,75202.57,54.8,7.6,5.4,0
102599,48.0,122177.16,71.5,19.4,11.1,0
102600,39.0,158979.08,62.2,13.7,5.8,0
102601,40.0,61863.66,52.7,7.1,7.1,0
102602,55.0,67439.76,34.0,12.2,0.0,0
102603,29.0,57929.85,58.1,7.0,5.3,0
102604,49.0,88242.48,38.0,14.5,0.0,0
102605,27.0,31359.77,83.3,5.4,7.7,0
102606,29.0,24776.71,79.3,2.5,10.1,0
102607,47.0,102470.71,50.9,10.1,4.6,0
102608,28.0,30290.77,91.6,2.1,9.7,0
102609,47.0,97164.7,35.0,13.3,2.1,0
102610,33.0,67161.41,72.0,8.3,12.5,0
102611,46.0,153086.18,78.8,21.0,11.7,0
102612,38.0,160174.66,74.7,17.6,2.7,0
102613,28.0,57932.55,43.4,6.3,9.1,0
102614,49.0,96427.21,24.3,12.6,5.5,0
102615,18.0,27669.13,65.3,4.0,10.5,0
102616,36.0,60568.38,61.2,7.7,5.5,0
102617,21.0,31660.19,76.1,7.1,8.8,0
102618,44.0,151741.35,86.0,16.4,12.0,0
102619,42.0,203033.9,75.6,15.5,7.4,0
102620,50.0,142054.84,71.4,19.4,7.0,0
102621,42.0,116194.2,89.3,15.6,8.5,0
102622,45.0,139655.99,59.5,16.0,9.6,0
102623,20.0,20065.18,81.9,1.3,11.9,0
102624,42.0,133704.73,72.5,15.7,5.5,0
102625,51.0,75431.74,42.1,11.4,0.0,0
102626,33.0,63129.42,53.5,7.8,8.7,0
102627,64.0,114676.02,18.6,11.3,3.2,0
102628,39.0,51581.18,52.7,4.5,5.2,0
102629,33.0,58506.86,46.1,9.0,8.4,0
102630,18.0,32149.6,62.3,5.7,14.8,0
102631,24.0,27088.76,71.4,2.1,9.7,0
102632,43.0,72664.52,67.7,7.3,3.5,0
102633,39.0,141530.18,60.0,18.6,10.4,0
102634,55.0,103638.74,16.3,14.7,0.0,0
102635,35.0,68902.95,61.6,4.4,3.7,0
102636,37.0,67701.03,46.9,7.8,2.5,0
102637,39.0,52136.33,58.8,6.8,10.5,0
102638,25.0,28549.17,81.6,7.3,12.2,0
102639,43.0,118992.95,65.8,19.4,5.3,0
102640,24.0,40280.68,79.5,0.8,16.5,0
102641,61.0,103570.12,47.8,11.5,6.2,0
102642,50.0,71822.4,60.9,9.2,4.9,0
102643,53.0,103823.7,34.1,11.8,4.4,0
102644,45.0,139954.23,71.3,15.4,14.0,0
102645,39.0,64331.4,51.8,5.0,9.6,0
102646,42.0,155650.83,58.5,21.1,10.7,0
102647,52.0,102996.39,42.4,9.3,9.0,0
102648,54.0,82959.85,24.0,14.0,4.6,0
102649,54.0,95455.96,25.0,13.0,3.4,0
102650,43.0,199900.47,80.7,19.9,16.2,0
102651,45.0,143016.63,100.0,39.0,1.9,1
102652,40.0,47861.16,67.0,6.9,7.4,0
102653,43.0,174929.08,84.1,17.9,5.3,0
102654,57.0,78334.77,19.5,13.0,7.7,0
102655,34.0,66514.42,53.8,8.4,10.3,0
102656,42.0,114104.4,57.4,19.9,4.6,0
102657,38.0,70675.86,53.0,6.7,10.0,0
102658,48.0,79443.93,32.7,14.6,8.8,0
102659,24.0,27898.18,88.6,0.0,10.7,0
102660,24.0,39452.45,92.0,1.1,10.5,0
102661,40.0,132608.15,78.2,17.3,8.6,0
102662,41.0,78909.2,60.9,7.2,3.7,0
102663,44.0,67532.02,59.4,7.2,8.1,0
102664,28.0,37158.37,94.1,3.5,15.3,0
102665,41.0,61328.93,41.3,7.2,11.7,0
102666,39.0,142078.06,73.7,19.9,6.8,0
102667,39.0,154364.05,64.6,14.3,13.5,0
102668,29.0,42848.31,86.7,4.4,11.1,0
102669,51.0,103757.02,29.5,9.9,3.0,0
102670,42.0,48246.34,45.8,8.2,5.8,0
102671,54.0,111926.56,39.6,10.7,7.8,0
102672,40.0,62299.4,57.8,7.7,6.1,0
102673,28.0,70371.76,64.9,2.4,8.5,0
102674,45.0,49415.56,1.0,39.5,12.0,1
102675,58.0,79979.08,38.4,16.6,2.1,0
102676,36.0,67730.74,51.9,10.5,5.6,0
102677,29.0,56141.2,64.5,5.4,7.9,0
102678,46.0,109534.86,66.4,18.7,10.1,0
102679,49.0,97595.31,32.2,13.5,5.6,0
102680,34.0,67339.43,53.9,7.9,8.4,0
102681,55.0,131526.19,70.6,16.7,4.9,0
102682,41.0,156760.54,79.4,18.6,7.1,0
102683,22.0,26719.06,72.4,0.4,14.1,0
102684,61.0,61896.75,37.9,12.5,4.6,0
102685,33.0,73411.26,62.1,9.1,4.8,0
102686,45.0,102436.88,25.4,14.1,0.0,0
102687,22.0,28452.29,74.7,3.5,11.2,0
102688,55.0,107910.27,33.3,16.2,8.2,0
102689,22.0,31211.61,74.7,3.7,7.1,0
102690,32.0,37812.19,54.0,9.1,6.5,0
102691,43.0,147009.61,62.0,18.1,10.7,0
102692,38.0,72916.32,70.6,8.3,4.9,0
102693,41.0,188673.52,75.1,18.4,5.4,0
102694,43.0,158052.61,1.0,39.4,7.1,1
102695,49.0,156828.08,77.3,18.9,4.5,0
102696,25.0,38151.72,75.4,5.0,11.6,0
102697,47.0,141283.6,80.9,15.1,8.1,0
102698,28.0,33706.69,89.0,2.7,8.4,0
102699,28.0,58953.69,100.0,46.8,2.8,1
102700,49.0,115444.6,70.8,16.9,9.3,0
102701,52.0,106593.26,53.4,12.8,2.3,0
102702,38.0,83707.75,64.6,8.9,2.2,0
102703,38.0,59008.92,51.2,7.0,7.3,0
102704,40.0,144749.29,70.3,19.4,8.7,0
102705,54.0,111747.53,40.5,12.0,0.0,0
102706,39.0,51822.94,57.1,7.7,11.0,0
102707,52.0,116785.3,58.8,18.7,8.7,0
102708,18.0,31904.37,84.0,0.5,7.0,0
102709,21.0,30777.38,84.9,2.3,10.2,0
102710,63.0,78647.09,28.5,13.4,7.0,0
102711,45.0,185585.98,75.2,14.0,8.3,0
102712,21.0,39970.76,87.6,0.0,14.1,0
102713,29.0,30131.1,77.2,5.8,4.1,0
102714,26.0,38298.04,77.1,4.3,10.3,0
102715,39.0,119612.44,79.1,16.7,3.4,0
102716,25.0,29044.65,66.0,3.1,12.3,0
102717,36.0,50100.75,62.8,9.1,13.6,0
102718,50.0,114664.97,80.6,18.5,4.5,0
102719,25.0,43051.58,90.0,1.0,10.0,0
102720,54.0,65418.65,18.0,12.3,4.5,0
102721,27.0,66329.78,68.9,6.6,7.2,0
102722,46.0,151063.54,55.3,16.2,6.8,0
102723,32.0,78371.37,64.3,4.8,6.4,0
102724,42.0,54787.97,66.5,9.8,10.6,0
102725,25.0,39205.9,72.8,8.0,10.7,0
102726,58.0,88809.65,40.0,13.1,1.2,0
102727,47.0,91503.01,46.1,8.3,2.9,0
102728,31.0,24902.93,90.5,0.7,7.3,0
102729,35.0,82907.8,51.6,3.5,2.8,0
102730,48.0,105860.54,83.9,18.1,7.9,0
102731,25.0,27386.7,79.4,0.6,14.0,0
102732,31.0,66897.91,47.7,5.9,5.9,0
102733,67.0,94752.97,26.8,11.1,0.0,0
102734,35.0,82658.13,61.4,8.8,4.3,0
102735,23.0,33174.48,70.7,3.8,11.8,0
102736,39.0,60313.91,68.9,6.5,6.0,0
102737,31.0,25623.87,61.0,1.3,11.2,0
102738,42.0,54628.61,76.1,7.1,6.7,0
102739,48.0,128368.17,33.5,9.3,11.4,0
102740,54.0,108660.0,51.8,13.2,6.9,0
102741,24.0,36226.3,77.7,3.0,10.4,0
102742,41.0,152710.32,77.0,19.6,9.9,0
102743,34.0,38063.15,75.9,3.9,14.2,0
102744,47.0,129443.53,27.3,13.8,4.0,0
102745,36.0,47459.49,67.1,4.4,2.7,0
102746,58.0,125602.26,28.3,14.0,6.4,0
102747,24.0,39694.31,76.4,4.0,6.2,0
102748,18.0,38733.7,83.5,2.7,15.7,0
102749,45.0,66901.11,43.4,6.8,4.5,0
102750,24.0,26606.93,66.0,0.0,10.5,0
102751,18.0,30155.41,84.9,1.6,6.7,0
102752,52.0,80830.85,36.9,9.9,3.7,0
102753,41.0,139709.66,88.4,18.4,9.5,0
102754,21.0,33285.96,75.3,3.1,11.9,0
102755,40.0,129969.26,67.1,17.0,8.5,0
102756,50.0,120615.05,61.8,10.9,4.9,0
102757,48.0,133303.12,62.1,21.5,10.1,0
102758,54.0,119803.93,42.7,11.9,1.1,0
102759,50.0,115602.48,41.8,11.6,9.3,0
102760,35.0,73020.7,100.0,37.5,9.3,1
102761,52.0,91942.49,34.8,10.5,0.0,0
102762,45.0,126555.33,66.6,17.8,8.2,0
102763,24.0,42012.58,84.6,7.2,8.7,0
102764,40.0,57721.12,52.4,11.3,4.7,0
102765,18.0,27922.21,57.9,1.1,7.4,0
102766,43.0,88350.16,84.0,14.2,7.6,0
102767,34.0,71210.91,61.5,9.4,5.9,0
102768,50.0,102058.73,45.3,13.7,5.0,0
102769,44.0,139085.51,76.1,22.1,7.3,0
102770,41.0,128885.39,75.9,13.8,7.6,0
102771,28.0,28968.91,79.9,7.2,11.0,0
102772,41.0,70890.98,32.5,10.4,4.3,0
102773,42.0,169385.0,61.1,17.6,8.7,0
102774,26.0,32845.6,53.9,3.2,9.5,0
102775,56.0,107362.79,37.4,12.6,8.1,0
102776,42.0,65072.71,79.5,5.7,3.4,0
102777,52.0,88607.85,10.3,10.7,5.0,0
102778,36.0,53334.69,58.4,7.2,9.1,0
102779,21.0,37033.42,67.1,2.0,15.1,0
102780,19.0,28205.5,65.5,1.3,10.4,0
102781,28.0,31892.64,74.8,0.5,7.8,0
102782,18.0,36242.58,86.1,2.9,11.3,0
102783,56.0,96730.67,48.9,10.0,3.0,0
102784,34.0,69223.18,43.7,9.9,8.7,0
102785,33.0,31766.31,72.5,4.3,13.1,0
102786,48.0,60841.1,16.7,12.5,8.6,0
102787,45.0,90342.54,31.5,15.8,10.8,0
102788,38.0,72021.68,66.7,4.4,9.1,0
102789,38.0,135677.3,83.4,18.2,11.3,0
102790,42.0,42392.62,36.2,9.3,10.6,0
102791,44.0,149883.84,80.9,19.7,7.1,0
102792,29.0,30004.31,80.4,3.4,7.4,0
102793,48.0,133203.26,26.1,12.7,5.7,0
102794,43.0,156921.55,75.3,16.3,9.6,0
102795,40.0,183864.86,76.3,16.6,9.0,0
102796,47.0,99408.02,32.7,10.3,1.5,0
102797,64.0,96562.81,30.7,10.8,5.4,0
102798,33.0,49784.06,57.7,6.9,5.7,0
102799,48.0,88314.39,30.3,10.8,4.8,0
102800,63.0,117773.18,54.4,10.9,9.0,0
102801,44.0,164856.36,76.6,17.3,10.2,0
102802,38.0,42267.04,56.8,8.7,7.8,0
102803,26.0,27671.8,80.6,2.8,9.4,0
102804,49.0,110644.15,38.5,12.5,10.2,0
102805,26.0,38914.86,80.7,2.3,6.8,0
102806,25.0,16658.3,80.7,3.6,9.3,0
102807,36.0,48036.95,71.9,6.3,4.1,0
102808,55.0,96893.93,31.4,11.1,4.0,0
102809,31.0,34704.59,77.7,4.7,10.1,0
102810,26.0,32870.5,83.9,2.1,6.6,0
102811,29.0,40668.39,67.1,3.4,8.7,0
102812,47.0,146215.47,100.0,17.4,12.6,0
102813,60.0,104124.52,35.4,12.2,4.0,0
102814,30.0,26973.61,76.4,2.4,4.8,0
102815,28.0,38122.42,71.7,5.1,5.2,0
102816,52.0,92840.98,35.9,12.2,3.8,0
102817,34.0,60786.84,71.6,5.8,13.8,0
102818,49.0,99105.01,40.7,11.4,8.1,0
102819,39.0,59713.29,71.7,5.0,5.3,0
102820,46.0,160196.95,75.2,17.7,7.2,0
102821,42.0,64682.8,49.3,5.1,11.5,0
102822,48.0,99663.7,48.5,13.1,1.7,0
102823,19.0,42770.56,67.6,1.9,11.1,0
102824,42.0,154459.89,57.3,17.6,10.0,0
102825,46.0,125574.18,61.8,18.4,4.1,0
102826,58.0,97691.69,28.0,9.9,2.1,0
102827,28.0,67521.73,50.0,7.8,8.6,0
102828,29.0,33450.64,89.3,5.8,10.8,0
102829,45.0,125951.66,62.1,20.6,9.8,0
102830,55.0,84898.87,51.2,11.5,1.6,0
102831,21.0,41050.06,66.9,1.5,18.7,0
102832,41.0,53819.1,47.2,3.7,7.3,0
102833,40.0,78949.79,39.1,4.3,6.6,0
102834,57.0,162324.74,75.7,15.6,1.6,0
102835,52.0,93300.78,32.3,11.2,1.8,0
102836,47.0,118760.58,26.1,11.4,3.9,0
102837,56.0,80433.7,44.8,10.8,3.5,0
102838,32.0,26417.25,85.2,5.0,10.9,0
102839,35.0,85722.86,57.9,7.4,6.0,0
102840,25.0,37553.32,75.2,0.0,11.5,0
102841,47.0,107686.09,35.0,13.9,1.2,0
102842,33.0,58205.2,43.2,9.2,2.1,0
102843,41.0,66736.29,56.0,7.7,8.0,0
102844,22.0,33717.34,85.3,1.1,11.0,0
102845,18.0,20885.5,83.6,2.2,7.4,0
102846,52.0,88229.23,25.1,8.7,0.0,0
102847,28.0,29566.4,87.7,2.1,11.1,0
102848,23.0,32256.01,78.9,2.1,6.3,0
102849,56.0,122249.65,51.6,10.9,1.8,0
102850,33.0,60037.65,57.5,5.0,2.6,0
102851,36.0,22600.63,57.0,5.1,9.3,0
102852,41.0,73955.1,54.5,4.7,4.6,0
102853,44.0,98524.22,85.9,17.3,9.5,0
102854,27.0,51666.04,38.9,9.0,6.5,0
102855,55.0,96084.37,39.7,11.3,3.4,0
102856,43.0,150221.92,76.3,23.6,13.0,0
102857,43.0,92552.9,30.9,14.6,3.1,0
102858,38.0,35918.39,42.9,11.2,7.2,0
102859,47.0,99153.09,24.5,11.4,0.0,0
102860,32.0,57353.68,69.2,7.9,8.9,0
102861,36.0,71183.0,49.3,5.5,8.2,0
102862,35.0,61845.48,56.4,9.5,10.9,0
102863,33.0,42359.86,50.9,5.2,9.5,0
102864,29.0,26061.01,70.5,0.0,10.4,0
102865,36.0,70806.6,63.0,8.2,2.4,0
102866,21.0,37465.65,72.6,0.0,12.4,0
102867,33.0,73859.03,57.8,6.4,11.1,0
102868,45.0,119525.18,28.6,12.3,4.5,0
102869,41.0,120794.76,68.3,16.0,13.9,0
102870,22.0,38675.54,88.3,3.7,9.6,0
102871,53.0,104784.1,36.0,8.9,0.0,0
102872,44.0,32596.59,60.0,6.5,7.5,0
102873,18.0,34019.9,80.1,8.5,10.4,0
102874,31.0,23367.57,88.2,3.5,10.8,0
102875,25.0,41828.51,80.6,1.4,8.2,0
102876,28.0,34577.34,62.7,4.0,6.8,0
102877,26.0,27360.01,75.2,1.9,14.6,0
102878,38.0,76074.02,87.0,7.1,11.5,0
102879,33.0,76004.44,49.9,7.0,8.6,0
102880,27.0,24670.1,69.3,4.2,8.9,0
102881,18.0,31591.17,76.8,3.4,11.6,0
102882,26.0,27575.32,73.9,4.9,8.4,0
102883,34.0,45212.36,57.7,7.7,1.1,0
102884,31.0,46133.52,65.9,3.2,6.8,0
102885,40.0,64096.09,53.6,7.7,10.1,0
102886,23.0,19103.72,1.0,31.0,9.9,1
102887,18.0,30281.74,69.2,0.6,9.6,0
102888,40.0,128153.51,79.4,18.5,6.5,0
102889,21.0,29380.01,75.5,4.2,6.9,0
102890,31.0,35368.29,50.6,3.2,13.1,0
102891,26.0,29624.92,77.4,3.4,12.3,0
102892,36.0,124753.54,88.4,18.1,12.6,0
102893,67.0,86586.2,23.0,11.5,7.3,0
102894,58.0,133850.81,34.6,13.0,1.9,0
102895,30.0,139000.75,60.5,19.3,2.4,0
102896,20.0,33541.83,81.7,2.9,15.6,0
102897,51.0,122754.95,88.1,21.5,7.6,0
102898,24.0,31707.84,71.6,1.9,14.0,0
102899,54.0,85523.36,25.7,10.5,3.5,0
102900,41.0,52401.49,67.0,7.4,7.4,0
102901,41.0,71411.88,44.0,4.8,6.3,0
102902,45.0,174387.31,72.7,21.4,5.9,0
102903,21.0,30239.27,69.8,5.3,1.7,0
102904,40.0,168934.82,68.9,20.1,14.6,0
102905,36.0,75045.31,82.2,7.8,6.9,0
102906,57.0,115250.11,34.6,11.0,9.2,0
102907,42.0,170081.97,74.6,21.7,5.5,0
102908,20.0,36921.84,66.7,3.2,14.6,0
102909,34.0,150133.91,84.1,17.9,5.2,0
102910,51.0,80661.31,35.7,11.4,2.5,0
102911,54.0,122002.88,38.3,14.7,8.7,0
102912,21.0,33583.18,73.8,0.0,11.1,0
102913,31.0,67404.82,42.4,7.3,2.3,0
102914,55.0,88273.2,30.1,14.3,3.0,0
102915,37.0,59783.44,63.1,9.1,9.5,0
102916,22.0,38964.11,68.8,1.5,9.6,0
102917,29.0,25259.93,86.9,2.9,8.7,0
102918,48.0,119772.7,94.9,17.6,8.4,0
102919,32.0,33013.35,89.9,0.0,8.7,0
102920,54.0,113492.27,42.7,13.4,7.2,0
102921,45.0,85991.76,86.4,16.3,8.9,0
102922,25.0,32272.61,66.9,0.0,7.0,0
102923,28.0,23667.46,69.2,3.8,6.9,0
102924,49.0,96399.15,37.8,9.9,4.4,0
102925,26.0,24666.36,80.1,1.6,10.4,0
102926,56.0,91985.97,44.1,13.6,6.7,0
102927,54.0,113823.11,38.9,8.7,1.6,0
102928,51.0,93508.49,38.6,10.4,10.0,0
102929,35.0,61914.2,51.3,5.0,6.6,0
102930,52.0,93513.94,51.6,11.7,3.7,0
102931,56.0,92074.77,40.4,9.4,0.2,0
102932,25.0,30665.88,69.9,3.2,10.6,0
102933,48.0,86128.59,37.2,10.0,2.2,0
102934,46.0,139399.33,67.2,16.2,5.0,0
102935,51.0,129641.39,40.7,9.3,6.1,0
102936,32.0,61945.79,52.1,11.0,3.6,0
102937,38.0,54351.79,65.4,7.6,10.8,0
102938,28.0,28005.24,100.0,4.1,8.3,0
102939,25.0,35633.6,83.9,4.0,12.9,0
102940,28.0,27118.02,99.1,6.9,12.4,0
102941,43.0,141408.32,68.8,17.6,1.4,0
102942,32.0,38782.13,61.2,4.8,10.0,0
102943,42.0,152419.61,54.6,18.0,8.2,0
102944,24.0,24123.26,82.5,5.1,11.2,0
102945,35.0,92009.69,48.8,8.5,7.7,0
102946,46.0,66316.13,64.0,8.0,3.8,0
102947,32.0,58923.55,67.6,7.5,6.4,0
102948,59.0,61100.45,22.0,7.0,7.6,0
102949,43.0,164350.55,70.9,20.0,7.6,0
102950,45.0,146640.54,75.4,21.4,3.1,0
102951,24.0,33140.41,78.5,2.2,8.4,0
102952,60.0,93790.67,59.4,13.1,3.1,0
102953,27.0,32627.45,91.4,0.7,4.6,0
102954,45.0,161059.54,74.9,19.3,9.6,0
102955,29.0,65138.64,71.2,7.3,3.1,0
102956,34.0,68213.41,76.0,3.1,8.1,0
102957,19.0,34924.51,83.9,2.5,11.9,0
102958,30.0,31052.07,64.6,5.9,12.5,0
102959,27.0,28020.03,87.9,7.1,9.6,0
102960,43.0,113157.2,64.8,15.9,8.4,0
102961,50.0,101374.88,26.1,11.7,1.1,0
102962,44.0,98865.43,73.5,17.4,8.5,0
102963,18.0,35771.16,75.0,3.4,4.4,0
102964,46.0,88328.36,48.8,13.1,4.4,0
102965,19.0,25627.91,80.8,4.4,10.6,0
102966,45.0,54383.73,59.8,3.6,7.6,0
102967,43.0,50376.76,66.4,9.9,4.9,0
102968,38.0,79628.69,60.3,8.6,1.7,0
102969,55.0,103844.77,21.7,10.1,5.8,0
102970,22.0,38404.77,81.1,3.1,9.5,0
102971,37.0,70960.73,63.3,6.2,10.7,0
102972,55.0,101587.5,35.9,13.0,0.0,0
102973,25.0,41447.45,80.2,3.2,8.2,0
102974,45.0,135084.12,100.0,32.6,6.6,1
102975,33.0,82473.9,56.1,5.9,0.7,0
102976,38.0,153302.7,77.2,16.7,6.2,0
102977,61.0,141108.09,46.5,15.1,9.3,0
102978,63.0,89837.03,26.2,15.7,1.1,0
102979,47.0,77803.65,33.7,8.0,0.0,0
102980,40.0,109862.68,82.6,18.0,9.7,0
102981,54.0,91464.18,44.9,12.9,3.0,0
102982,18.0,34998.99,65.4,3.8,10.2,0
102983,18.0,33488.37,79.9,3.4,10.4,0
102984,49.0,105116.52,28.1,9.9,6.0,0
102985,29.0,35491.7,75.9,0.0,14.4,0
102986,18.0,35375.71,99.1,3.3,10.9,0
102987,26.0,33141.44,100.0,1.3,7.1,0
102988,34.0,81427.68,52.2,7.9,10.2,0
102989,28.0,37864.11,92.2,3.6,8.6,0
102990,53.0,89202.19,60.2,10.9,5.4,0
102991,44.0,97271.19,32.1,13.4,6.1,0
102992,50.0,173706.75,71.3,16.1,5.5,0
102993,38.0,63760.89,60.6,5.9,11.3,0
102994,29.0,55410.41,47.2,6.6,10.7,0
102995,51.0,96735.26,41.6,11.3,5.1,0
102996,37.0,49380.17,53.4,7.7,10.8,0
102997,58.0,130832.83,39.9,11.2,3.8,0
102998,23.0,29650.61,81.8,3.9,6.5,0
102999,48.0,93712.55,69.8,20.3,9.8,0
103000,22.0,43340.42,73.6,0.0,11.4,0
103001,34.0,119047.5,78.2,17.1,9.7,0
103002,46.0,109680.01,18.1,14.6,2.6,0
103003,32.0,27158.65,97.2,1.1,4.6,0
103004,52.0,116101.21,42.9,14.3,6.4,0
103005,20.0,36414.56,78.9,1.6,10.5,0
103006,52.0,119213.47,29.9,10.9,1.9,0
103007,61.0,84010.06,48.0,9.9,5.5,0
103008,25.0,39104.2,88.9,3.2,8.4,0
103009,32.0,28331.18,55.3,0.0,5.2,0
103010,55.0,132867.4,14.6,10.4,4.3,0
103011,44.0,53206.62,63.9,6.5,14.8,0
103012,44.0,148963.36,72.8,17.2,10.8,0
103013,46.0,60766.44,33.5,13.6,2.3,0
103014,53.0,74126.09,45.6,13.3,4.1,0
103015,25.0,23973.01,64.5,2.8,11.5,0
103016,55.0,88793.85,42.5,14.8,3.7,0
103017,45.0,134762.08,70.7,18.3,13.1,0
103018,29.0,36753.06,73.5,1.2,11.2,0
103019,42.0,81233.19,33.5,11.9,8.3,0
103020,29.0,21977.92,75.6,4.6,6.5,0
103021,22.0,65744.24,57.5,9.9,6.5,0
103022,52.0,106930.29,45.3,10.6,6.8,0
103023,33.0,62184.38,64.7,8.7,8.0,0
103024,47.0,63018.64,33.1,13.9,5.3,0
103025,37.0,61921.58,61.1,5.0,9.3,0
103026,28.0,29953.67,82.4,0.0,10.5,0
103027,23.0,39253.18,76.0,4.7,8.8,0
103028,32.0,134316.48,74.0,18.3,8.5,0
103029,49.0,89464.26,23.7,8.0,3.7,0
103030,32.0,74050.97,36.2,7.6,13.4,0
103031,51.0,94953.01,39.3,13.0,2.8,0
103032,19.0,35759.67,58.9,4.7,8.8,0
103033,24.0,28972.5,92.3,3.5,9.0,0
103034,22.0,31146.61,100.0,0.4,13.2,0
103035,46.0,178803.26,78.3,18.0,11.1,0
103036,53.0,107909.75,49.3,12.2,2.7,0
103037,49.0,102704.24,26.2,11.3,1.1,0
103038,27.0,27667.58,65.1,0.8,8.3,0
103039,22.0,33448.37,76.4,3.7,11.4,0
103040,56.0,62376.2,23.7,13.1,4.6,0
103041,41.0,44768.76,53.2,6.4,7.5,0
103042,43.0,151820.76,70.9,20.7,13.1,0
103043,46.0,95771.4,43.0,13.2,2.8,0
103044,37.0,44328.61,57.8,4.1,8.5,0
103045,46.0,97787.87,38.2,12.2,2.1,0
103046,42.0,169763.01,67.8,18.0,6.3,0
103047,41.0,62868.59,50.4,7.0,6.3,0
103048,59.0,94235.84,21.2,13.0,9.4,0
103049,49.0,112206.07,69.3,17.9,7.9,0
103050,26.0,30017.98,68.8,4.9,6.6,0
103051,39.0,111529.52,78.1,18.2,10.7,0
103052,20.0,24782.64,73.6,2.6,10.6,0
103053,44.0,103186.3,26.1,10.7,7.5,0
103054,41.0,100514.78,38.2,10.4,2.7,0
103055,58.0,128565.99,45.6,15.8,1.9,0
103056,28.0,61412.74,66.0,3.3,4.2,0
103057,48.0,101097.24,37.3,10.4,4.5,0
103058,18.0,29543.79,65.4,2.7,7.6,0
103059,27.0,31849.16,75.7,6.5,11.1,0
103060,22.0,28637.68,66.2,2.9,10.9,0
103061,42.0,71675.88,29.8,9.8,4.1,0
103062,37.0,60635.05,63.5,5.8,6.9,0
103063,19.0,33639.41,78.8,0.6,9.5,0
103064,43.0,147081.5,75.2,16.6,10.3,0
103065,39.0,53913.69,46.6,5.7,2.6,0
103066,37.0,75208.53,72.2,4.8,9.4,0
103067,36.0,35261.31,54.7,6.1,10.6,0
103068,20.0,35243.25,76.9,0.1,8.3,0
103069,60.0,92035.36,44.1,13.7,2.7,0
103070,30.0,49145.71,72.5,7.3,1.8,0
103071,28.0,21707.74,69.7,3.2,17.6,0
103072,47.0,127843.78,72.3,19.8,12.3,0
103073,42.0,134490.85,63.7,19.3,11.1,0
103074,42.0,88214.62,22.9,12.3,0.3,0
103075,36.0,168312.69,70.3,17.9,9.3,0
103076,48.0,129451.46,68.0,17.2,11.2,0
103077,36.0,58751.34,61.9,10.7,7.2,0
103078,51.0,128225.27,48.3,14.4,2.5,0
103079,49.0,63635.96,44.6,12.2,0.0,0
103080,30.0,30056.86,75.9,0.0,11.5,0
103081,27.0,31723.59,73.8,8.3,6.4,0
103082,20.0,36079.56,67.9,0.8,13.4,0
103083,55.0,103278.76,1.0,35.4,3.2,1
103084,52.0,109470.3,39.3,10.1,6.4,0
103085,44.0,89520.79,23.6,10.3,9.8,0
103086,29.0,52857.79,63.1,6.1,7.5,0
103087,31.0,35770.66,73.3,2.7,11.6,0
103088,39.0,62231.6,61.6,7.7,6.7,0
103089,33.0,70287.37,60.9,2.8,4.5,0
103090,41.0,134931.49,84.0,24.4,0.6,0
103091,45.0,141753.57,70.2,19.1,8.4,0
103092,41.0,140736.92,77.6,18.9,8.6,0
103093,40.0,211042.4,75.6,19.5,6.5,0
103094,44.0,144576.52,52.9,16.6,5.8,0
103095,33.0,50060.6,58.4,9.8,7.4,0
103096,18.0,26061.99,74.2,0.2,10.9,0
103097,31.0,28682.79,78.8,2.1,8.1,0
103098,37.0,54597.51,49.9,3.8,7.2,0
103099,29.0,36074.1,92.9,1.7,12.6,0
103100,18.0,36085.33,94.4,4.0,15.0,0
103101,40.0,136617.38,62.8,18.1,8.8,0
103102,24.0,29268.96,73.1,3.7,9.5,0
103103,37.0,92188.39,66.0,15.2,5.5,0
103104,50.0,92501.7,28.3,16.4,0.2,0
103105,58.0,92220.09,28.4,13.2,2.6,0
103106,48.0,125605.75,13.1,11.5,4.6,0
103107,43.0,57553.51,84.6,8.5,0.0,0
103108,45.0,99051.57,23.6,13.1,2.6,0
103109,18.0,26443.97,86.5,0.0,13.1,0
103110,48.0,131648.55,100.0,48.4,6.5,1
103111,28.0,83306.0,49.2,4.1,7.9,0
103112,24.0,40560.45,74.2,2.3,11.0,0
103113,53.0,98933.64,37.7,12.3,2.8,0
103114,56.0,88845.75,43.0,14.8,2.0,0
103115,48.0,54047.24,50.9,8.1,8.3,0
103116,52.0,108992.09,37.5,16.1,3.8,0
103117,20.0,28822.15,82.7,4.0,10.6,0
103118,48.0,113957.88,54.4,12.1,9.4,0
103119,28.0,44779.64,82.7,3.3,12.5,0
103120,22.0,34345.0,91.3,4.6,9.9,0
103121,25.0,36364.22,85.2,4.5,11.0,0
103122,32.0,54576.89,62.6,8.7,9.1,0
103123,33.0,60312.97,46.3,4.2,7.2,0
103124,43.0,63113.81,77.1,6.7,7.1,0
103125,19.0,29999.87,66.1,0.0,6.5,0
103126,24.0,27756.57,73.0,3.8,5.4,0
103127,36.0,71464.52,67.3,8.0,6.8,0
103128,21.0,31525.61,94.5,3.5,9.7,0
103129,55.0,95850.28,37.3,11.5,2.8,0
103130,48.0,90851.19,76.8,17.0,2.3,0
103131,31.0,61597.73,59.0,8.5,9.4,0
103132,35.0,149513.09,79.3,18.4,9.5,0
103133,18.0,26296.36,91.7,2.4,16.7,0
103134,18.0,41007.33,71.9,4.7,9.1,0
103135,53.0,105183.79,28.9,13.6,3.2,0
103136,53.0,49767.57,31.6,14.5,6.1,0
103137,47.0,141343.61,88.8,18.6,6.0,0
103138,28.0,37314.17,84.3,2.2,10.8,0
103139,59.0,103166.1,20.2,10.7,2.0,0
103140,32.0,38438.07,76.9,5.2,4.6,0
103141,26.0,71669.35,57.1,6.3,6.1,0
103142,27.0,29235.08,58.1,0.4,6.0,0
103143,44.0,163436.48,86.7,14.7,9.9,0
103144,21.0,48839.12,91.8,6.4,12.4,0
103145,45.0,129854.91,66.0,16.4,9.9,0
103146,60.0,88898.59,27.8,9.0,4.7,0
103147,58.0,116876.5,48.8,12.8,4.3,0
103148,58.0,76017.95,30.6,15.4,0.8,0
103149,43.0,155909.53,72.8,20.3,12.6,0
103150,26.0,40006.76,68.7,2.7,17.2,0
103151,34.0,24644.83,77.9,3.3,11.2,0
103152,58.0,126449.62,35.4,14.2,5.9,0
103153,36.0,43048.55,68.2,8.2,8.2,0
103154,19.0,43284.63,79.5,0.7,6.1,0
103155,27.0,36073.76,73.4,3.9,12.0,0
103156,37.0,54173.03,67.6,8.7,8.7,0
103157,20.0,24333.25,78.8,4.9,13.1,0
103158,27.0,29405.38,70.0,3.0,10.0,0
103159,49.0,127911.2,68.0,22.1,12.7,0
103160,32.0,78391.27,46.8,6.1,6.0,0
103161,43.0,155617.86,73.1,19.2,6.8,0
103162,45.0,141989.96,58.1,19.0,8.3,0
103163,20.0,29552.91,74.0,2.5,15.3,0
103164,62.0,48384.74,39.9,13.9,3.4,0
103165,57.0,123286.27,21.3,12.3,9.9,0
103166,46.0,93029.53,30.5,14.1,7.6,0
103167,25.0,32185.53,60.8,5.8,8.9,0
103168,23.0,37596.41,80.0,5.0,11.8,0
103169,25.0,33788.15,66.8,2.7,13.3,0
103170,48.0,82768.78,26.2,12.3,8.2,0
103171,46.0,85140.54,78.5,17.1,9.5,0
103172,51.0,80286.19,34.3,11.1,4.9,0
103173,48.0,75766.44,42.3,14.2,5.7,0
103174,40.0,121350.24,65.2,19.8,5.5,0
103175,56.0,105891.04,47.4,14.1,5.6,0
103176,18.0,35514.34,79.2,2.3,14.1,0
103177,42.0,126657.89,83.2,17.2,6.3,0
103178,30.0,52846.84,50.7,8.2,3.9,0
103179,18.0,33746.6,71.7,3.0,13.8,0
103180,36.0,78847.37,57.3,9.0,5.4,0
103181,44.0,116489.21,63.9,17.6,4.0,0
103182,25.0,30256.1,80.3,0.4,12.1,0
103183,44.0,78589.71,77.0,7.1,5.9,0
103184,26.0,30627.85,60.6,4.6,9.3,0
103185,18.0,29072.29,75.9,3.0,10.1,0
103186,31.0,24578.01,76.5,1.2,13.8,0
103187,49.0,89120.51,45.5,14.6,8.4,0
103188,35.0,152169.44,74.7,17.9,8.2,0
103189,30.0,37982.27,87.0,3.4,16.8,0
103190,34.0,43965.87,55.3,7.1,10.9,0
103191,21.0,34829.49,63.2,5.2,10.2,0
103192,23.0,44278.32,88.7,0.9,9.7,0
103193,66.0,128837.77,44.2,8.3,8.0,0
103194,49.0,117632.16,27.8,13.0,2.1,0
103195,50.0,105639.56,21.8,16.7,0.9,0
103196,31.0,68976.49,70.9,6.4,3.8,0
103197,47.0,77386.67,38.1,11.9,5.3,0
103198,26.0,36748.04,73.9,1.5,10.5,0
103199,24.0,33457.0,70.9,4.3,6.5,0
103200,41.0,168451.84,60.7,20.1,3.8,0
103201,44.0,69454.96,36.2,13.5,7.9,0
103202,49.0,161740.0,63.7,16.3,10.4,0
103203,50.0,114015.25,84.9,14.2,9.2,0
103204,51.0,91508.36,35.3,10.3,5.3,0
103205,43.0,163569.85,87.9,18.3,5.5,0
103206,30.0,80952.49,73.7,8.8,7.2,0
103207,28.0,39513.72,71.8,3.1,6.7,0
103208,23.0,40895.02,88.8,3.3,1.9,0
103209,21.0,32589.86,75.8,3.1,10.7,0
103210,21.0,31956.62,76.5,1.6,15.5,0
103211,34.0,36843.03,100.0,49.5,9.7,1
103212,49.0,104734.66,34.5,14.0,3.4,0
103213,49.0,99395.04,31.2,8.1,2.2,0
103214,66.0,63854.52,37.4,11.5,9.5,0
103215,18.0,32583.51,84.9,2.6,7.7,0
103216,52.0,89707.61,31.9,13.9,5.2,0
103217,39.0,65686.11,67.6,9.6,6.1,0
103218,28.0,24533.96,55.5,6.7,9.0,0
103219,37.0,48326.59,45.3,5.6,8.9,0
103220,33.0,58252.58,100.0,49.5,9.6,1
103221,22.0,35940.51,75.5,2.3,9.9,0
103222,46.0,117516.57,77.0,23.0,8.5,0
103223,52.0,93560.73,39.8,8.8,9.1,0
103224,57.0,83978.78,35.3,10.9,4.9,0
103225,24.0,33316.93,67.7,2.0,13.4,0
103226,40.0,73383.94,70.5,22.8,10.5,0
103227,49.0,94134.71,41.8,8.5,1.4,0
103228,26.0,41184.24,73.6,6.1,7.7,0
103229,35.0,107719.17,40.4,13.5,6.1,0
103230,37.0,59111.62,55.8,6.1,5.8,0
103231,27.0,48448.32,56.4,2.5,1.0,0
103232,22.0,31260.81,74.9,0.0,14.7,0
103233,29.0,52869.32,45.4,9.6,8.3,0
103234,22.0,28868.54,79.8,0.5,11.1,0
103235,21.0,34993.12,82.9,1.8,3.8,0
103236,23.0,23651.04,78.8,2.5,8.2,0
103237,37.0,169907.09,67.5,22.7,8.1,0
103238,38.0,62437.61,61.4,9.2,10.3,0
103239,27.0,71547.35,63.0,7.1,12.1,0
103240,45.0,72095.29,52.6,4.6,9.3,0
103241,50.0,88877.82,82.9,17.5,2.6,0
103242,54.0,110550.51,31.5,9.9,9.1,0
103243,40.0,169218.7,56.9,18.8,9.2,0
103244,40.0,78661.69,49.9,8.0,2.9,0
103245,18.0,28668.79,82.1,6.4,15.6,0
103246,50.0,100224.64,44.4,13.5,3.5,0
103247,36.0,60770.38,55.9,6.3,6.6,0
103248,41.0,111387.47,80.6,19.0,13.6,0
103249,45.0,129492.6,65.7,18.1,9.7,0
103250,35.0,45591.93,50.6,7.0,9.2,0
103251,36.0,146680.1,74.2,17.1,6.2,0
103252,48.0,97407.79,46.3,14.4,0.6,0
103253,23.0,19365.38,79.1,4.2,14.7,0
103254,27.0,49857.25,59.4,3.8,7.5,0
103255,27.0,24619.78,79.3,0.6,14.1,0
103256,44.0,123870.39,59.6,18.8,12.1,0
103257,20.0,29467.65,70.5,6.1,4.3,0
103258,42.0,57790.47,57.3,6.3,7.7,0
103259,48.0,113098.35,46.0,10.0,6.0,0
103260,22.0,32297.41,93.3,1.7,12.8,0
103261,26.0,30882.4,81.7,3.5,6.5,0
103262,49.0,77126.18,32.2,14.7,5.7,0
103263,18.0,30425.4,80.3,4.5,8.0,0
103264,30.0,61371.21,63.7,7.5,4.3,0
103265,45.0,60897.22,59.9,5.7,10.3,0
103266,27.0,33812.46,66.5,5.2,12.3,0
103267,29.0,32213.29,77.3,2.6,16.8,0
103268,49.0,74715.21,31.3,10.9,7.8,0
103269,36.0,125855.47,73.9,20.5,10.1,0
103270,32.0,33991.77,76.0,4.7,5.9,0
103271,34.0,164601.84,74.1,19.9,5.4,0
103272,58.0,106463.14,34.7,12.4,5.0,0
103273,48.0,88416.25,38.3,11.1,0.0,0
103274,53.0,109296.18,45.7,13.1,6.5,0
103275,57.0,96362.11,13.8,14.3,1.3,0
103276,37.0,112194.13,96.8,18.9,4.9,0
103277,33.0,61991.91,63.4,7.6,4.2,0
103278,38.0,55179.14,68.5,7.1,4.7,0
103279,39.0,66277.01,53.3,8.5,8.9,0
103280,30.0,36090.4,75.9,0.0,10.6,0
103281,54.0,95875.47,4.9,13.4,1.3,0
103282,27.0,41795.94,75.5,3.9,10.1,0
103283,27.0,32595.84,72.8,1.2,14.8,0
103284,26.0,36783.77,82.0,5.0,7.3,0
103285,24.0,34911.6,90.9,8.3,11.2,0
103286,49.0,74554.5,26.0,10.5,0.0,0
103287,49.0,107256.27,35.8,11.5,0.0,0
103288,41.0,67711.84,57.9,2.6,5.5,0
103289,26.0,31835.45,79.9,4.4,10.5,0
103290,39.0,52585.99,45.8,8.0,9.0,0
103291,39.0,63468.5,54.8,7.4,8.1,0
103292,54.0,139582.09,25.8,18.5,0.2,0
103293,54.0,74568.19,38.1,14.0,4.1,0
103294,41.0,57271.71,37.5,8.3,7.1,0
103295,34.0,57418.13,62.1,5.4,8.1,0
103296,49.0,191913.77,86.0,18.3,8.8,0
103297,50.0,87037.5,43.7,11.4,5.1,0
103298,31.0,77292.69,54.8,9.2,4.9,0
103299,32.0,76820.83,51.7,3.9,3.9,0
103300,28.0,36381.17,70.4,1.7,12.0,0
103301,50.0,138266.25,77.5,19.7,14.5,0
103302,30.0,54537.05,52.9,8.7,6.2,0
103303,26.0,32701.82,78.0,3.2,13.1,0
103304,38.0,136258.9,59.8,18.5,7.4,0
103305,57.0,94917.52,30.6,11.5,9.2,0
103306,18.0,28385.51,78.4,1.7,11.5,0
103307,24.0,33474.47,79.2,2.8,6.1,0
103308,25.0,21842.77,71.3,4.0,13.6,0
103309,64.0,87676.86,26.3,13.0,9.6,0
103310,32.0,26037.94,76.6,4.7,12.8,0
103311,46.0,128691.54,77.8,19.9,5.2,0
103312,50.0,164997.38,64.6,19.8,10.4,0
103313,40.0,79587.86,57.9,7.7,0.0,0
103314,58.0,112434.93,48.6,10.1,6.9,0
103315,41.0,54735.77,68.6,7.9,1.9,0
103316,27.0,27580.89,61.2,3.7,9.8,0
103317,59.0,98107.4,42.8,13.0,7.1,0
103318,20.0,33143.57,76.6,4.3,10.8,0
103319,21.0,30053.5,94.5,0.0,12.1,0
103320,42.0,68459.82,77.7,8.9,8.2,0
103321,22.0,34319.36,84.8,3.0,7.8,0
103322,30.0,64069.14,43.2,6.1,0.0,0
103323,56.0,114734.2,35.8,15.7,8.0,0
103324,45.0,137147.0,68.5,19.1,7.6,0
103325,55.0,105643.96,32.7,14.2,3.3,0
103326,43.0,115366.38,69.3,22.3,5.3,0
103327,38.0,56927.88,35.9,8.1,5.3,0
103328,45.0,164940.92,74.3,18.7,5.4,0
103329,40.0,59883.13,38.0,8.7,10.4,0
103330,31.0,44503.94,85.7,4.0,13.3,0
103331,39.0,97866.37,67.2,20.6,6.0,0
103332,26.0,35302.19,80.4,0.4,11.0,0
103333,22.0,41808.48,89.4,2.2,15.3,0
103334,26.0,22371.37,77.2,6.3,7.5,0
103335,36.0,46824.12,46.0,5.3,3.3,0
103336,33.0,81399.24,57.6,8.6,10.3,0
103337,30.0,52720.32,65.7,5.7,9.1,0
103338,51.0,103324.35,68.4,17.6,6.4,0
103339,33.0,56507.93,57.8,7.3,9.9,0
103340,36.0,74478.83,52.1,4.6,6.1,0
103341,38.0,71602.81,72.6,7.6,9.3,0
103342,50.0,120362.98,69.9,23.5,10.6,0
103343,27.0,37147.66,64.6,1.7,7.0,0
103344,26.0,29874.76,79.0,2.4,5.1,0
103345,40.0,42333.89,50.7,4.4,4.4,0
103346,53.0,116118.89,19.4,10.9,0.0,0
103347,49.0,96229.35,42.7,7.8,5.7,0
103348,47.0,74203.14,35.7,13.3,3.7,0
103349,47.0,93273.22,27.7,13.2,7.2,0
103350,41.0,61779.61,69.2,5.0,12.3,0
103351,19.0,20306.51,91.7,1.6,10.4,0
103352,19.0,45614.36,96.2,6.1,10.3,0
103353,29.0,31694.42,89.2,2.2,14.8,0
103354,34.0,58124.23,53.3,7.4,5.8,0
103355,38.0,56632.19,65.9,10.0,7.2,0
103356,47.0,74583.23,79.4,6.9,2.0,0
103357,48.0,84669.26,25.5,7.6,7.1,0
103358,27.0,72366.29,79.9,5.4,8.2,0
103359,50.0,109143.0,23.1,11.7,7.4,0
103360,52.0,67150.47,47.4,9.4,4.2,0
103361,39.0,63337.53,83.4,8.5,6.4,0
103362,39.0,64342.98,58.4,7.5,5.7,0
103363,53.0,86356.1,16.0,14.3,2.3,0
103364,53.0,81996.78,27.7,9.9,6.8,0
103365,42.0,62289.43,52.6,3.6,9.4,0
103366,33.0,49531.37,58.3,6.3,2.4,0
103367,45.0,100754.89,28.4,13.0,4.4,0
103368,57.0,80770.32,37.3,13.3,2.1,0
103369,30.0,22402.24,69.7,0.0,7.8,0
103370,35.0,71279.55,56.4,5.8,2.4,0
103371,37.0,147817.19,80.8,17.2,11.6,0
103372,19.0,29750.49,74.9,6.1,10.4,0
103373,34.0,163981.69,90.5,17.5,5.3,0
103374,28.0,43314.16,86.5,0.0,12.3,0
103375,38.0,51346.33,70.9,7.9,10.9,0
103376,31.0,66450.36,49.0,7.5,11.4,0
103377,18.0,24114.55,87.6,3.0,13.5,0
103378,39.0,141290.0,78.9,18.4,2.6,0
103379,50.0,64369.54,44.6,7.6,8.3,0
103380,48.0,163364.05,69.9,14.6,9.4,0
103381,28.0,75562.13,50.7,8.3,5.0,0
103382,41.0,119815.56,79.2,16.8,10.3,0
103383,40.0,134168.26,72.4,18.3,5.2,0
103384,56.0,90360.1,40.4,12.0,5.8,0
103385,22.0,27451.92,82.3,2.0,14.4,0
103386,52.0,71510.91,29.1,10.0,7.2,0
103387,40.0,61318.76,60.9,6.8,9.6,0
103388,46.0,157639.39,70.1,16.7,10.0,0
103389,44.0,74343.08,73.8,7.3,4.1,0
103390,20.0,39946.32,59.4,6.0,7.6,0
103391,34.0,31593.33,85.2,7.8,9.0,0
103392,50.0,83118.25,25.0,11.3,2.3,0
103393,37.0,134695.88,76.5,16.2,7.5,0
103394,31.0,23823.5,97.3,1.7,10.6,0
103395,58.0,122092.22,39.7,10.6,1.7,0
103396,40.0,187609.26,68.2,18.6,4.9,0
103397,18.0,32152.02,74.8,2.5,5.6,0
103398,24.0,40923.8,69.5,4.8,0.0,0
103399,48.0,62332.32,47.4,13.8,0.9,0
103400,53.0,115549.23,48.6,11.2,0.0,0
103401,20.0,36412.99,99.0,2.9,8.2,0
103402,55.0,150224.46,59.7,17.8,11.0,0
103403,36.0,70865.06,41.9,4.1,4.8,0
103404,42.0,148415.51,78.4,22.9,5.8,0
103405,41.0,122091.49,82.8,20.3,6.7,0
103406,53.0,122135.75,82.3,20.9,3.9,0
103407,39.0,31588.49,66.2,4.8,8.7,0
103408,28.0,38452.0,86.9,3.1,8.9,0
103409,36.0,49545.42,55.9,6.4,4.6,0
103410,18.0,24644.85,46.5,2.4,11.1,0
103411,39.0,99047.82,33.8,9.6,2.7,0
103412,29.0,26388.67,78.8,3.7,7.5,0
103413,41.0,66506.86,55.5,11.7,10.0,0
103414,18.0,29758.45,100.0,1.0,10.2,0
103415,42.0,69279.91,66.0,8.5,7.1,0
103416,20.0,34504.24,74.0,2.0,14.4,0
103417,50.0,124174.83,37.6,11.7,0.0,0
103418,63.0,94897.92,12.3,14.0,3.8,0
103419,19.0,37363.62,52.5,1.6,9.1,0
103420,47.0,196454.34,69.6,18.9,16.2,0
103421,43.0,151798.62,59.6,21.9,5.9,0
103422,37.0,64681.03,58.9,6.1,7.7,0
103423,61.0,134003.97,33.2,11.1,1.6,0
103424,49.0,63437.8,69.2,8.4,13.6,0
103425,23.0,25623.29,96.6,4.8,11.4,0
103426,44.0,67728.77,73.7,7.5,9.7,0
103427,27.0,30126.37,75.9,2.2,10.8,0
103428,41.0,150984.67,76.0,18.4,8.7,0
103429,40.0,132894.2,55.3,17.8,5.0,0
103430,43.0,121994.87,51.5,22.5,7.3,0
103431,59.0,85988.48,52.0,9.7,4.5,0
103432,47.0,139472.71,32.5,13.7,5.4,0
103433,43.0,153046.54,85.6,19.3,8.5,0
103434,27.0,43030.62,73.8,0.0,6.7,0
103435,19.0,26923.83,69.5,3.0,10.7,0
103436,53.0,82512.25,44.9,13.1,8.7,0
103437,40.0,58099.23,71.1,7.5,9.4,0
103438,40.0,60612.59,59.0,6.7,4.4,0
103439,18.0,28003.68,80.0,5.2,12.4,0
103440,51.0,83368.98,33.2,10.0,0.0,0
103441,18.0,39918.51,96.6,4.5,9.8,0
103442,18.0,31071.88,84.1,4.7,12.1,0
103443,30.0,43191.41,73.9,8.6,3.9,0
103444,32.0,64232.0,63.5,6.6,5.5,0
103445,54.0,126303.23,61.8,21.4,10.5,0
103446,41.0,64185.92,44.2,7.2,2.5,0
103447,53.0,106173.19,45.8,11.8,6.2,0
103448,47.0,111529.4,41.7,10.4,5.6,0
103449,41.0,62877.69,49.8,7.4,8.7,0
103450,39.0,114607.37,77.2,19.6,14.4,0
103451,55.0,74324.7,55.4,14.1,0.0,0
103452,47.0,86594.35,43.4,7.2,3.6,0
103453,28.0,15675.51,85.5,4.7,7.5,0
103454,18.0,27033.19,51.3,2.3,10.7,0
103455,37.0,164495.65,73.0,18.5,6.8,0
103456,56.0,117068.59,30.9,13.5,6.3,0
103457,45.0,182261.77,64.7,17.2,5.7,0
103458,47.0,133133.35,65.0,21.3,13.4,0
103459,22.0,24123.73,96.6,3.9,11.3,0
103460,53.0,81314.57,30.9,13.4,2.7,0
103461,38.0,62149.16,47.4,10.2,8.8,0
103462,54.0,104490.86,17.1,11.0,0.0,0
103463,25.0,33877.25,79.4,5.4,5.5,0
103464,32.0,66624.12,60.6,4.4,10.6,0
103465,60.0,102277.54,19.9,12.3,5.0,0
103466,51.0,118037.88,33.8,16.2,6.3,0
103467,53.0,110739.31,50.3,13.8,3.8,0
103468,33.0,49477.28,33.6,7.3,5.8,0
103469,34.0,73482.05,56.9,10.8,5.3,0
103470,38.0,108307.56,79.2,20.3,6.2,0
103471,31.0,79077.88,43.5,9.0,5.3,0
103472,38.0,74018.45,62.8,6.4,11.2,0
103473,53.0,157970.91,17.9,8.6,7.0,0
103474,36.0,70845.52,47.0,7.1,8.4,0
103475,49.0,98964.29,21.4,12.8,8.3,0
103476,30.0,47514.84,69.9,4.4,9.5,0
103477,43.0,129470.89,86.7,19.9,8.8,0
103478,32.0,157948.79,61.3,17.6,8.0,0
103479,52.0,133618.3,57.8,20.9,10.2,0
103480,56.0,120451.95,52.2,10.2,0.0,0
103481,40.0,59070.86,56.3,4.8,8.8,0
103482,54.0,92340.98,21.1,14.4,4.8,0
103483,49.0,87004.08,72.6,16.6,8.1,0
103484,57.0,101326.1,35.2,12.0,0.0,0
103485,47.0,114174.02,29.9,14.3,6.5,0
103486,56.0,100692.84,30.6,11.7,5.9,0
103487,41.0,116268.58,30.0,11.8,3.8,0
103488,52.0,72536.73,36.5,13.2,0.0,0
103489,18.0,37160.18,85.1,3.6,8.0,0
103490,40.0,48575.63,56.6,4.4,6.5,0
103491,47.0,107924.37,39.3,10.9,7.3,0
103492,19.0,31796.76,71.9,4.5,11.9,0
103493,50.0,142091.21,42.4,17.1,12.7,0
103494,50.0,62210.13,39.5,13.0,1.8,0
103495,23.0,27119.58,83.2,3.1,6.5,0
103496,43.0,121527.79,86.6,19.8,7.6,0
103497,52.0,112335.57,33.3,13.5,8.4,0
103498,50.0,123149.08,48.6,12.5,2.7,0
103499,37.0,59271.37,50.1,8.1,3.9,0
103500,41.0,131799.88,58.3,19.3,7.3,0
103501,42.0,59269.67,53.9,5.2,7.1,0
103502,52.0,107684.21,35.7,16.2,5.4,0
103503,19.0,25828.3,83.3,1.0,11.8,0
103504,56.0,110727.59,26.3,13.8,5.0,0
103505,49.0,92274.24,39.7,10.7,4.9,0
103506,59.0,111485.36,35.8,12.5,2.4,0
103507,33.0,44844.89,60.5,8.4,6.8,0
103508,39.0,141666.44,85.4,19.8,7.9,0
103509,62.0,141148.06,30.2,11.5,6.1,0
103510,19.0,36891.01,79.0,3.7,8.3,0
103511,39.0,89966.27,86.8,19.9,10.0,0
103512,54.0,55597.71,27.5,11.5,0.8,0
103513,35.0,115370.46,72.5,18.1,10.7,0
103514,53.0,157281.19,70.2,21.6,3.3,0
103515,33.0,117654.57,80.1,18.3,4.6,0
103516,48.0,73770.63,22.6,15.1,3.6,0
103517,61.0,79780.75,39.9,12.5,6.6,0
103518,25.0,37674.08,83.5,0.8,12.2,0
103519,35.0,53331.81,64.9,8.8,5.5,0
103520,50.0,71280.24,17.0,11.5,6.4,0
103521,33.0,77934.18,55.9,6.6,6.1,0
103522,48.0,115835.45,70.7,16.9,6.3,0
103523,24.0,31347.26,88.5,3.0,11.7,0
103524,37.0,77665.95,55.0,6.4,9.2,0
103525,34.0,67562.05,81.4,5.0,11.6,0
103526,34.0,76928.49,64.9,8.2,6.5,0
103527,23.0,27841.24,78.1,2.6,10.6,0
103528,18.0,32130.44,90.6,4.9,10.1,0
103529,56.0,125450.7,71.1,15.1,6.8,0
103530,45.0,57921.23,42.7,8.7,8.2,0
103531,28.0,30288.99,67.9,2.6,11.7,0
103532,24.0,34234.62,72.6,3.9,10.0,0
103533,32.0,63561.84,54.1,8.2,9.6,0
103534,27.0,22582.47,68.4,1.7,7.6,0
103535,49.0,110821.75,42.0,11.2,5.8,0
103536,54.0,94438.11,46.5,10.7,4.2,0
103537,19.0,26223.13,64.4,1.0,10.2,0
103538,50.0,90385.2,32.0,15.5,0.6,0
103539,18.0,27130.37,77.3,4.0,11.9,0
103540,41.0,60792.05,54.0,10.3,0.0,0
103541,43.0,150836.18,90.7,14.7,6.7,0
103542,29.0,41931.24,56.0,8.7,10.6,0
103543,40.0,156796.46,70.0,19.1,11.5,0
103544,23.0,38203.37,65.9,4.3,13.1,0
103545,41.0,48775.16,55.9,7.6,8.3,0
103546,37.0,77949.72,45.0,6.5,1.9,0
103547,39.0,68189.55,91.5,9.1,8.0,0
103548,44.0,132021.41,73.3,18.6,2.1,0
103549,25.0,32581.82,95.5,2.7,7.7,0
103550,44.0,141873.57,70.7,15.4,7.5,0
103551,40.0,134544.67,79.3,16.7,7.3,0
103552,55.0,90393.22,61.1,12.5,0.3,0
103553,32.0,51510.33,49.7,8.1,3.7,0
103554,34.0,74753.06,52.8,8.3,2.0,0
103555,34.0,52112.85,61.0,4.9,13.2,0
103556,44.0,114421.86,43.8,12.6,4.2,0
103557,45.0,89575.96,55.9,7.3,5.3,0
103558,37.0,151670.44,74.5,14.8,9.4,0
103559,53.0,84718.72,28.3,12.8,8.8,0
103560,38.0,70710.2,49.7,6.2,8.8,0
103561,45.0,98543.15,39.9,11.9,5.0,0
103562,36.0,55056.68,46.2,6.8,10.9,0
103563,48.0,131297.63,68.3,17.1,6.7,0
103564,25.0,38091.09,100.0,1.3,12.0,0
103565,46.0,131690.39,61.7,18.6,14.4,0
103566,44.0,120161.76,70.4,15.7,8.1,0
103567,46.0,122546.48,39.4,18.6,6.5,0
103568,32.0,53526.19,62.0,6.2,9.8,0
103569,48.0,133180.07,66.8,18.3,7.6,0
103570,27.0,83361.4,65.1,6.1,1.3,0
103571,51.0,84945.6,34.4,7.7,2.6,0
103572,22.0,30892.49,75.6,3.1,14.6,0
103573,33.0,51831.48,40.7,6.0,2.8,0
103574,41.0,60927.46,67.4,9.9,4.4,0
103575,34.0,76861.62,59.9,8.0,10.1,0
103576,40.0,66579.61,72.0,6.9,8.6,0
103577,42.0,165717.9,1.0,44.3,10.0,1
103578,19.0,25553.16,90.6,4.9,9.0,0
103579,37.0,104118.41,41.6,13.0,5.4,0
103580,23.0,29635.7,66.9,1.6,11.0,0
103581,54.0,108506.0,20.9,8.7,2.9,0
103582,47.0,98180.39,21.9,14.4,1.5,0
103583,44.0,67851.21,47.4,11.2,7.8,0
103584,53.0,93884.87,39.7,13.1,1.4,0
103585,42.0,142915.66,77.8,19.2,8.5,0
103586,40.0,124839.88,60.1,19.2,6.2,0
103587,35.0,64653.22,58.0,7.0,4.3,0
103588,37.0,58508.83,57.1,9.3,8.5,0
103589,49.0,92453.57,51.0,11.4,4.1,0
103590,39.0,64401.54,54.3,5.5,7.0,0
103591,46.0,173286.69,57.3,21.5,7.1,0
103592,41.0,53769.11,41.9,4.4,6.0,0
103593,46.0,140786.05,69.5,20.2,8.0,0
103594,25.0,49919.52,77.9,1.6,11.4,0
103595,28.0,33733.66,79.6,6.0,14.1,0
103596,42.0,123783.94,76.3,16.7,10.7,0
103597,45.0,207284.78,86.7,15.8,6.4,0
103598,33.0,86128.78,73.1,15.6,12.9,0
103599,49.0,133158.34,68.7,21.0,13.1,0
103600,31.0,50157.2,55.0,7.9,5.5,0
103601,38.0,83765.33,43.9,6.1,2.8,0
103602,20.0,30302.66,70.7,4.0,10.5,0
103603,37.0,58577.25,55.9,6.3,6.3,0
103604,26.0,20920.69,80.9,1.3,9.0,0
103605,35.0,130961.47,74.8,18.9,4.4,0
103606,26.0,38565.11,73.1,3.0,3.8,0
103607,20.0,33558.2,87.6,1.8,18.0,0
103608,26.0,24665.46,90.9,0.5,11.0,0
103609,19.0,24181.18,87.6,2.5,15.2,0
103610,19.0,23016.47,73.2,8.8,12.5,0
103611,55.0,105036.66,30.2,17.5,5.4,0
103612,38.0,72991.07,45.3,5.2,6.3,0
103613,57.0,72803.29,34.3,11.6,0.0,0
103614,40.0,153664.75,57.2,20.8,9.4,0
103615,54.0,95140.02,24.1,10.7,5.1,0
103616,49.0,98227.61,26.0,12.9,5.6,0
103617,28.0,62751.16,42.8,3.3,5.2,0
103618,38.0,36466.23,91.9,4.2,10.6,0
103619,40.0,54862.38,62.7,9.4,9.1,0
103620,49.0,144601.52,88.9,17.6,14.4,0
103621,55.0,88434.52,23.2,10.4,1.1,0
103622,24.0,24662.0,90.9,3.2,10.2,0
103623,30.0,53417.54,35.8,10.2,2.7,0
103624,36.0,175611.97,75.9,18.2,9.0,0
103625,57.0,96707.87,19.6,13.5,5.3,0
103626,58.0,73640.41,27.7,12.8,1.2,0
103627,31.0,144972.73,81.0,17.7,9.6,0
103628,54.0,95179.47,36.4,14.7,1.1,0
103629,56.0,74806.99,27.1,14.4,0.4,0
103630,23.0,45601.36,88.3,1.5,8.3,0
103631,23.0,39556.8,68.0,0.9,12.1,0
103632,35.0,117040.86,71.1,17.9,3.9,0
103633,54.0,104469.38,28.4,15.3,5.0,0
103634,31.0,80087.91,52.8,7.4,5.5,0
103635,55.0,86765.87,30.8,11.7,2.5,0
103636,29.0,24755.11,77.6,3.2,9.6,0
103637,48.0,102100.51,77.7,15.5,6.5,0
103638,18.0,30087.15,72.2,6.3,10.7,0
103639,45.0,112090.91,79.4,21.3,10.6,0
103640,29.0,56820.18,59.1,5.8,14.6,0
103641,22.0,31750.3,72.0,3.5,14.1,0
103642,25.0,30738.48,67.3,5.4,9.6,0
103643,42.0,81058.78,70.7,17.2,2.5,0
103644,29.0,28917.0,97.0,5.8,7.8,0
103645,31.0,41276.72,72.4,0.9,3.5,0
103646,54.0,78356.13,39.1,10.9,1.7,0
103647,33.0,47494.04,52.4,5.5,7.0,0
103648,37.0,50045.69,69.0,6.7,11.5,0
103649,25.0,32398.04,73.1,4.2,10.1,0
103650,47.0,180437.49,64.7,19.2,9.8,0
103651,38.0,57165.5,53.9,5.8,5.2,0
103652,20.0,31398.1,70.4,3.9,10.2,0
103653,37.0,58947.86,58.7,6.5,9.3,0
103654,22.0,34163.02,64.9,4.4,8.3,0
103655,31.0,49291.0,45.8,6.0,11.5,0
103656,21.0,19275.17,81.7,0.8,12.4,0
103657,22.0,30421.71,90.0,4.2,6.3,0
103658,31.0,42095.81,84.0,5.3,10.5,0
103659,40.0,112787.64,72.2,17.3,10.4,0
103660,28.0,28600.79,63.6,0.6,3.2,0
103661,23.0,31932.03,66.6,0.5,10.0,0
103662,40.0,134634.19,68.3,18.5,6.3,0
103663,41.0,92578.67,71.5,18.2,7.5,0
103664,62.0,97783.52,33.4,13.0,10.3,0
103665,25.0,19192.74,82.3,1.2,4.2,0
103666,44.0,78532.94,48.9,5.2,7.5,0
103667,20.0,31221.98,70.9,2.2,5.8,0
103668,28.0,38933.82,77.0,2.9,11.9,0
103669,36.0,81301.93,44.8,8.7,6.7,0
103670,46.0,133425.22,58.9,11.6,5.3,0
103671,34.0,58537.11,46.7,4.4,12.5,0
103672,52.0,95865.0,26.9,12.4,0.0,0
103673,32.0,48610.51,70.9,3.7,3.5,0
103674,26.0,52067.46,53.4,9.0,6.3,0
103675,50.0,100128.43,30.6,16.8,2.2,0
103676,45.0,160826.69,65.8,18.3,6.5,0
103677,37.0,63126.31,56.6,4.7,12.6,0
103678,55.0,67834.3,30.8,8.9,6.3,0
103679,24.0,32023.49,69.6,2.4,12.4,0
103680,29.0,36875.39,62.5,2.6,10.8,0
103681,48.0,66630.83,22.1,15.0,0.4,0
103682,24.0,31099.51,76.5,2.4,12.4,0
103683,36.0,55017.69,58.5,4.4,8.4,0
103684,33.0,55043.18,63.1,6.2,5.9,0
103685,30.0,26394.44,83.0,4.9,13.5,0
103686,35.0,28301.27,69.3,4.6,12.8,0
103687,32.0,67410.42,85.2,7.2,9.8,0
103688,51.0,203094.4,74.5,20.5,5.6,0
103689,52.0,87365.66,16.1,8.8,5.3,0
103690,38.0,50375.43,73.6,4.8,7.8,0
103691,22.0,32616.02,87.0,4.5,12.1,0
103692,55.0,73236.07,46.3,9.9,3.7,0
103693,22.0,34016.71,73.2,2.7,14.9,0
103694,30.0,61972.47,46.9,8.3,4.8,0
103695,52.0,72348.23,47.9,12.1,4.4,0
103696,40.0,48034.28,51.8,7.3,1.7,0
103697,28.0,52834.71,46.6,6.3,8.6,0
103698,28.0,42422.21,77.8,3.3,9.9,0
103699,26.0,34294.6,87.2,4.8,11.6,0
103700,44.0,62298.61,51.9,6.1,6.7,0
103701,38.0,124543.14,60.6,18.7,9.1,0
103702,18.0,28232.49,96.3,4.3,11.4,0
103703,49.0,99912.53,34.9,10.4,2.5,0
103704,50.0,69543.69,21.8,11.6,1.5,0
103705,22.0,22751.44,86.0,7.2,13.1,0
103706,30.0,35606.47,80.7,3.2,7.3,0
103707,39.0,69038.71,53.4,8.1,4.9,0
103708,49.0,108254.3,39.3,11.5,3.0,0
103709,37.0,41516.93,50.4,4.5,7.0,0
103710,57.0,103159.41,29.9,10.6,1.7,0
103711,53.0,141715.17,74.0,13.8,4.5,0
103712,52.0,86481.43,36.3,12.2,5.8,0
103713,34.0,112148.24,71.0,16.7,7.1,0
103714,53.0,82261.65,36.9,13.1,4.2,0
103715,47.0,85241.88,66.1,19.8,5.4,0
103716,38.0,136818.04,71.8,16.9,13.5,0
103717,53.0,79560.7,20.6,12.8,1.2,0
103718,54.0,150784.16,77.6,18.5,11.4,0
103719,31.0,109677.6,82.3,21.0,4.3,0
103720,27.0,63869.54,62.9,7.3,6.8,0
103721,43.0,88587.33,32.7,10.9,0.0,0
103722,39.0,71661.91,50.1,6.6,5.5,0
103723,41.0,152427.78,77.2,20.1,11.2,0
103724,35.0,93717.89,73.5,5.7,7.4,0
103725,33.0,140686.89,88.7,23.6,7.6,0
103726,54.0,105350.84,54.8,10.0,12.0,0
103727,41.0,110512.12,68.8,16.4,9.3,0
103728,18.0,32815.85,84.6,6.0,12.0,0
103729,59.0,84643.08,38.9,7.5,3.7,0
103730,54.0,103160.68,19.3,11.2,3.2,0
103731,41.0,158270.15,69.8,18.2,6.5,0
103732,48.0,168708.7,68.9,23.7,5.7,0
103733,57.0,78737.89,42.7,13.4,1.0,0
103734,51.0,126938.34,26.9,12.8,5.0,0
103735,24.0,22028.69,86.3,3.0,13.3,0
103736,44.0,141624.62,75.7,16.0,12.7,0
103737,22.0,29911.65,90.9,3.5,9.3,0
103738,54.0,105704.33,33.8,13.8,0.2,0
103739,53.0,108684.61,41.2,7.5,3.6,0
103740,30.0,76349.21,54.1,9.3,3.3,0
103741,26.0,32045.74,100.0,5.4,13.3,0
103742,34.0,33634.5,77.0,2.6,11.0,0
103743,29.0,140058.62,74.3,17.7,3.4,0
103744,35.0,44883.92,75.7,6.5,0.8,0
103745,23.0,37157.49,79.8,1.2,8.0,0
103746,51.0,87481.76,22.4,11.9,0.0,0
103747,29.0,38169.57,68.0,1.6,8.7,0
103748,43.0,146472.56,76.6,18.9,12.7,0
103749,36.0,47464.31,41.9,10.3,8.5,0
103750,25.0,34586.31,79.6,3.9,8.9,0
103751,29.0,28976.78,69.0,0.0,9.3,0
103752,42.0,56895.97,44.2,7.6,5.0,0
103753,44.0,73992.51,45.3,6.7,4.7,0
103754,46.0,94043.52,43.2,11.8,2.5,0
103755,25.0,54569.5,63.5,4.3,10.8,0
103756,33.0,64161.91,54.0,4.6,8.3,0
103757,21.0,27201.74,54.2,5.6,10.0,0
103758,30.0,35572.31,89.1,1.9,5.9,0
103759,47.0,143281.01,67.3,19.5,8.9,0
103760,27.0,26111.01,87.8,3.0,13.3,0
103761,48.0,157294.71,70.9,19.4,11.3,0
103762,39.0,64260.99,65.1,5.9,11.5,0
103763,18.0,32198.16,73.9,1.7,10.9,0
103764,18.0,44395.13,64.5,1.1,6.9,0
103765,25.0,37843.77,83.3,5.9,7.5,0
103766,55.0,89809.52,37.3,14.2,0.0,0
103767,46.0,60379.08,41.9,5.6,7.3,0
103768,33.0,39145.51,59.0,5.6,9.0,0
103769,47.0,133672.16,40.1,12.4,5.9,0
103770,43.0,86502.02,52.8,11.4,3.8,0
103771,41.0,176905.6,69.6,15.5,15.7,0
103772,36.0,137546.02,63.6,16.6,4.8,0
103773,49.0,111826.97,16.0,14.5,7.3,0
103774,46.0,143179.5,74.8,20.8,2.8,0
103775,56.0,82240.46,43.3,10.8,6.1,0
103776,28.0,43110.88,56.9,9.9,8.6,0
103777,55.0,109709.31,31.0,13.2,2.3,0
103778,22.0,30906.47,72.5,2.9,9.2,0
103779,48.0,92595.71,36.6,9.8,5.3,0
103780,41.0,144994.74,65.3,20.1,10.9,0
103781,19.0,35024.0,92.5,1.1,7.4,0
103782,47.0,107059.1,64.2,16.0,10.2,0
103783,40.0,132827.99,64.5,20.3,5.4,0
103784,18.0,23666.48,84.9,4.5,13.7,0
103785,30.0,59419.67,82.3,6.4,5.3,0
103786,43.0,153354.76,77.1,16.8,6.2,0
103787,42.0,121601.82,59.7,21.6,6.8,0
103788,22.0,30162.06,77.2,3.9,8.6,0
103789,42.0,68671.63,56.1,5.7,10.3,0
103790,51.0,73748.95,45.2,10.5,6.6,0
103791,18.0,29876.5,89.6,3.0,11.8,0
103792,31.0,65880.39,58.0,7.5,13.1,0
103793,31.0,36561.88,86.0,1.2,8.6,0
103794,18.0,24687.19,69.1,2.9,6.3,0
103795,52.0,92366.1,23.7,15.1,0.0,0
103796,58.0,56451.88,33.6,9.6,2.0,0
103797,61.0,89066.85,24.0,13.0,2.9,0
103798,53.0,79362.83,26.3,10.4,6.4,0
103799,35.0,50301.42,59.6,7.2,8.7,0
103800,22.0,31553.19,82.2,1.0,12.7,0
103801,24.0,25658.17,66.9,2.8,8.3,0
103802,28.0,30348.31,81.0,1.3,9.9,0
103803,43.0,60346.89,52.5,5.3,6.9,0
103804,31.0,24145.7,77.5,0.0,8.8,0
103805,25.0,22897.04,73.6,3.6,10.4,0
103806,26.0,26386.32,80.9,1.8,12.1,0
103807,40.0,90047.68,36.0,14.7,4.3,0
103808,53.0,101420.88,47.5,11.2,0.0,0
103809,35.0,156737.72,74.2,17.5,6.2,0
103810,53.0,98586.27,39.8,9.8,0.0,0
103811,47.0,71895.7,21.0,15.1,0.0,0
103812,26.0,37224.31,87.9,3.6,14.0,0
103813,61.0,89831.85,39.5,14.6,1.4,0
103814,23.0,28395.27,82.6,0.0,14.3,0
103815,39.0,68583.74,34.4,4.9,11.5,0
103816,35.0,42759.45,60.2,8.4,8.6,0
103817,35.0,74672.89,51.0,8.1,7.4,0
103818,23.0,29816.98,74.6,3.1,9.1,0
103819,56.0,85834.65,50.7,10.8,6.8,0
103820,48.0,144179.73,72.8,16.5,6.4,0
103821,53.0,94228.18,46.8,11.1,2.8,0
103822,44.0,106004.33,40.5,14.0,7.1,0
103823,40.0,71275.25,64.1,8.5,1.5,0
103824,19.0,24724.0,90.7,1.4,8.1,0
103825,52.0,73733.08,38.8,7.7,0.5,0
103826,37.0,48143.34,71.0,7.1,10.4,0
103827,26.0,31931.28,68.0,4.9,11.3,0
103828,46.0,71244.95,54.0,7.6,8.3,0
103829,49.0,173311.12,70.4,15.6,2.4,0
103830,46.0,84880.62,50.0,15.0,6.9,0
103831,42.0,54105.5,42.8,5.0,0.9,0
103832,46.0,86348.31,36.7,12.3,1.9,0
103833,39.0,54517.89,58.1,4.8,10.3,0
103834,36.0,69575.69,45.8,7.3,8.7,0
103835,26.0,75035.96,45.5,7.4,12.4,0
103836,41.0,45372.29,56.2,9.5,4.5,0
103837,50.0,88367.21,40.7,8.9,5.9,0
103838,21.0,31934.7,75.8,4.2,9.9,0
103839,59.0,111919.24,27.0,14.7,5.0,0
103840,37.0,71466.01,47.6,4.2,7.1,0
103841,49.0,130460.59,27.4,12.1,4.6,0
103842,58.0,77993.01,18.9,14.8,4.2,0
103843,56.0,109649.52,45.3,11.2,2.1,0
103844,42.0,77987.19,35.6,10.6,0.6,0
103845,43.0,173842.14,1.0,40.0,11.8,1
103846,32.0,78509.79,55.4,7.2,11.7,0
103847,45.0,77043.2,31.7,11.7,11.9,0
103848,48.0,72697.37,25.6,12.5,5.5,0
103849,20.0,32121.17,97.5,3.1,11.0,0
103850,45.0,54210.03,50.4,6.1,5.4,0
103851,27.0,63540.01,60.2,6.6,7.7,0
103852,25.0,24418.96,80.9,4.1,5.2,0
103853,43.0,48208.51,46.6,7.4,8.6,0
103854,40.0,68260.67,52.8,7.2,6.0,0
103855,53.0,96170.61,100.0,37.8,0.0,1
103856,28.0,33713.93,1.0,50.0,9.8,1
103857,38.0,114159.29,65.1,16.1,5.6,0
103858,45.0,66141.77,78.4,7.5,8.7,0
103859,48.0,92126.71,34.2,13.2,3.9,0
103860,26.0,33817.44,75.0,2.2,8.0,0
103861,41.0,58624.86,61.3,6.7,10.2,0
103862,18.0,33745.11,65.5,3.8,9.6,0
103863,45.0,100773.64,37.2,11.5,3.7,0
103864,37.0,75148.94,54.9,9.0,6.9,0
103865,49.0,134074.43,65.3,15.8,7.9,0
103866,32.0,77674.09,49.3,5.6,8.7,0
103867,58.0,107500.88,45.6,11.8,3.8,0
103868,34.0,41735.95,85.1,5.2,12.6,0
103869,46.0,94321.95,50.0,13.4,3.8,0
103870,44.0,66121.41,65.6,7.7,8.6,0
103871,39.0,76504.36,72.3,6.1,8.1,0
103872,30.0,31242.22,64.9,1.2,7.5,0
103873,22.0,27701.72,88.3,2.4,13.8,0
103874,18.0,29964.86,79.0,4.6,13.4,0
103875,40.0,165034.15,55.2,19.7,4.0,0
103876,38.0,74601.72,66.9,3.7,5.7,0
103877,28.0,35964.58,80.8,0.0,13.6,0
103878,50.0,144126.24,74.3,19.0,12.4,0
103879,25.0,30898.83,81.8,3.0,10.0,0
103880,27.0,67834.8,69.7,9.0,9.9,0
103881,52.0,97491.06,46.9,13.7,8.5,0
103882,40.0,122890.31,68.7,16.1,4.0,0
103883,54.0,101849.41,37.5,12.7,0.0,0
103884,34.0,58724.89,58.5,4.1,4.2,0
103885,41.0,166668.79,74.6,20.0,7.6,0
103886,24.0,34874.68,76.2,1.8,5.5,0
103887,40.0,161071.92,84.6,16.5,2.8,0
103888,48.0,141746.33,58.5,11.8,5.1,0
103889,41.0,110978.4,78.9,16.4,8.0,0
103890,36.0,32676.58,76.8,2.8,12.0,0
103891,27.0,26219.53,73.9,1.7,9.2,0
103892,61.0,105558.35,34.2,14.5,4.6,0
103893,28.0,80569.85,56.4,2.5,2.2,0
103894,42.0,44329.26,71.5,7.2,9.1,0
103895,42.0,153188.79,75.2,17.9,4.8,0
103896,54.0,63928.89,44.3,12.4,5.4,0
103897,23.0,49436.81,52.9,8.3,4.2,0
103898,49.0,59061.43,47.8,6.6,4.1,0
103899,18.0,37823.24,83.1,4.0,13.8,0
103900,26.0,25851.74,85.1,0.7,8.6,0
103901,24.0,31152.24,60.1,1.1,9.9,0
103902,40.0,168381.7,85.0,15.8,8.2,0
103903,60.0,92704.87,30.9,13.7,3.2,0
103904,42.0,55362.63,53.3,8.6,7.3,0
103905,37.0,40691.86,54.5,8.7,4.6,0
103906,56.0,99582.63,33.0,14.7,3.0,0
103907,42.0,134679.36,72.8,19.5,3.6,0
103908,47.0,141716.07,77.5,22.8,6.5,0
103909,30.0,64162.8,61.5,8.7,5.4,0
103910,39.0,101369.13,58.3,17.2,7.7,0
103911,46.0,43110.77,61.4,5.5,7.7,0
103912,33.0,73554.89,68.3,6.8,11.3,0
103913,47.0,175092.49,71.6,19.9,5.7,0
103914,32.0,86326.85,47.1,6.1,1.3,0
103915,32.0,50904.33,51.3,7.6,8.6,0
103916,31.0,53187.32,68.8,10.4,10.8,0
103917,28.0,75273.78,76.5,3.6,10.2,0
103918,37.0,58349.14,59.1,7.9,10.5,0
103919,58.0,69231.54,28.5,12.2,8.7,0
103920,22.0,55183.08,42.7,4.3,10.0,0
103921,21.0,18557.9,76.4,7.1,4.6,0
103922,46.0,179506.14,71.5,21.9,6.0,0
103923,43.0,75502.9,57.7,4.0,4.0,0
103924,31.0,154972.58,76.7,18.2,7.6,0
103925,31.0,33715.32,72.5,3.3,16.1,0
103926,55.0,88332.4,34.6,12.9,2.7,0
103927,33.0,61873.65,73.2,8.6,5.8,0
103928,47.0,140216.05,75.4,18.5,1.7,0
103929,18.0,33305.34,69.5,0.0,7.5,0
103930,48.0,149017.21,79.7,18.9,5.2,0
103931,40.0,68536.85,56.8,7.1,9.4,0
103932,48.0,113602.8,40.7,12.0,8.6,0
103933,30.0,56864.34,51.2,7.7,10.5,0
103934,19.0,51039.67,71.4,3.7,10.0,0
103935,36.0,53156.69,68.7,5.3,1.7,0
103936,18.0,40325.02,90.5,0.0,12.4,0
103937,26.0,61696.14,45.9,8.8,8.7,0
103938,57.0,89951.4,33.1,9.0,0.9,0
103939,41.0,66098.68,59.0,9.5,3.1,0
103940,28.0,25208.06,92.8,4.1,12.9,0
103941,20.0,44568.89,98.0,3.9,13.5,0
103942,22.0,24693.55,86.0,1.2,13.9,0
103943,29.0,33354.88,79.8,5.0,10.8,0
103944,50.0,69101.93,44.6,12.7,12.3,0
103945,24.0,33739.73,81.3,4.3,7.1,0
103946,43.0,160857.02,68.7,19.6,8.3,0
103947,26.0,38630.55,75.7,0.1,9.2,0
103948,20.0,19755.76,76.9,3.4,13.1,0
103949,37.0,142230.86,83.3,16.9,9.6,0
103950,44.0,41215.46,60.7,9.3,5.9,0
103951,43.0,69077.92,75.7,8.2,12.6,0
103952,45.0,105531.55,65.7,20.0,11.0,0
103953,41.0,185468.38,68.5,18.9,9.3,0
103954,45.0,93110.59,58.8,10.2,5.9,0
103955,18.0,26627.71,63.9,4.9,7.4,0
103956,58.0,85914.43,36.3,12.8,0.0,0
103957,44.0,148817.42,83.4,16.1,5.5,0
103958,46.0,175592.28,66.1,15.5,7.0,0
103959,19.0,34291.22,67.2,4.9,10.6,0
103960,41.0,34955.88,40.4,9.6,4.8,0
103961,29.0,59737.89,60.4,6.7,8.4,0
103962,26.0,33613.67,91.5,3.0,9.9,0
103963,56.0,104450.48,26.0,11.8,5.3,0
103964,21.0,28894.35,64.1,0.0,8.9,0
103965,37.0,49775.18,71.8,4.9,9.7,0
103966,26.0,44535.69,83.4,0.1,13.2,0
103967,44.0,42222.11,64.4,8.7,6.4,0
103968,18.0,30295.28,72.2,6.1,9.7,0
103969,34.0,55454.52,61.3,7.1,4.6,0
103970,25.0,28790.21,52.1,4.3,11.7,0
103971,44.0,128849.81,71.3,19.6,6.1,0
103972,28.0,23504.88,79.7,3.1,13.0,0
103973,31.0,52962.52,44.1,5.9,7.8,0
103974,18.0,29448.82,84.1,2.8,10.2,0
103975,18.0,31423.74,78.3,2.7,10.5,0
103976,22.0,29373.22,67.6,4.9,6.3,0
103977,25.0,42444.02,89.0,4.0,10.7,0
103978,23.0,26808.23,75.5,4.1,11.2,0
103979,40.0,75611.54,56.4,7.4,1.3,0
103980,63.0,87923.18,41.5,11.2,2.7,0
103981,23.0,24828.12,53.2,5.3,11.6,0
103982,31.0,67043.32,66.2,5.6,8.2,0
103983,57.0,70404.18,40.3,12.7,9.6,0
103984,27.0,29633.33,75.0,7.0,8.9,0
103985,39.0,59339.67,68.8,9.3,6.9,0
103986,22.0,29519.7,60.7,3.2,10.2,0
103987,20.0,21431.49,80.1,3.7,11.2,0
103988,31.0,66427.99,56.2,8.7,4.1,0
103989,49.0,178051.66,73.2,18.8,10.4,0
103990,38.0,127746.13,73.8,22.1,4.4,0
103991,51.0,135130.7,71.7,20.4,14.1,0
103992,38.0,74998.58,48.8,5.9,2.9,0
103993,21.0,35255.75,80.1,6.5,16.2,0
103994,35.0,54414.72,69.6,9.5,8.3,0
103995,28.0,35163.12,68.1,0.6,9.8,0
103996,23.0,33595.2,76.7,0.0,3.7,0
103997,28.0,28182.33,75.7,1.9,7.3,0
103998,31.0,73381.37,55.6,8.3,9.3,0
103999,38.0,70950.81,58.1,9.7,9.5,0
104000,29.0,26594.14,80.6,0.0,14.2,0
104001,49.0,86711.6,21.3,11.9,3.2,0
104002,45.0,71589.07,52.9,3.7,0.1,0
104003,38.0,106453.34,75.5,17.7,8.1,0
104004,19.0,32875.71,63.8,2.8,12.5,0
104005,34.0,66951.07,38.2,2.9,8.0,0
104006,29.0,30627.77,99.5,0.1,8.0,0
104007,37.0,67182.42,52.2,4.9,8.9,0
104008,25.0,30014.98,83.0,2.7,9.6,0
104009,23.0,27270.71,68.8,1.9,10.1,0
104010,43.0,111155.13,35.2,9.9,8.8,0
104011,24.0,24309.54,93.7,5.7,7.3,0
104012,22.0,29364.3,59.1,3.6,12.5,0
104013,46.0,140825.4,81.4,15.7,13.5,0
104014,20.0,28192.6,72.2,1.7,9.4,0
104015,51.0,97216.84,26.8,12.3,0.7,0
104016,40.0,70035.98,57.9,5.7,7.9,0
104017,20.0,32198.95,76.5,8.3,6.3,0
104018,23.0,54884.6,40.8,5.5,3.1,0
104019,19.0,25866.12,87.6,2.9,13.2,0
104020,52.0,110878.89,32.0,15.2,5.4,0
104021,20.0,35566.3,78.3,2.6,10.3,0
104022,28.0,19803.13,74.5,4.4,10.7,0
104023,30.0,35575.77,75.0,6.6,11.5,0
104024,47.0,120000.94,47.0,17.1,7.9,0
104025,54.0,76003.98,36.8,12.4,7.0,0
104026,41.0,151157.54,74.9,19.8,5.5,0
104027,37.0,90949.64,32.7,9.7,0.0,0
104028,49.0,93035.6,36.0,7.4,0.0,0
104029,42.0,59883.97,58.0,4.3,7.0,0
104030,41.0,124412.99,57.4,16.3,13.9,0
104031,34.0,70812.15,56.0,6.4,5.1,0
104032,43.0,66163.48,50.1,6.2,10.2,0
104033,38.0,100309.59,40.4,10.5,4.5,0
104034,39.0,48260.41,66.4,7.6,6.5,0
104035,25.0,36073.43,100.0,4.2,12.4,0
104036,37.0,83222.43,43.3,3.5,7.5,0
104037,39.0,33267.29,58.0,6.6,9.2,0
104038,45.0,94432.81,61.2,16.4,10.2,0
104039,38.0,55072.71,59.4,4.9,13.1,0
104040,46.0,159811.66,85.8,20.0,8.1,0
104041,35.0,76377.25,58.3,5.5,12.9,0
104042,47.0,65336.54,44.9,10.5,5.3,0
104043,33.0,24080.88,77.6,6.0,12.0,0
104044,42.0,200212.36,71.0,18.8,12.9,0
104045,41.0,76750.39,49.0,9.5,7.5,0
104046,20.0,33278.4,79.9,6.7,11.1,0
104047,20.0,26174.18,77.5,0.3,7.9,0
104048,23.0,29569.94,85.3,1.5,2.6,0
104049,28.0,61801.15,52.1,4.5,12.9,0
104050,56.0,94000.9,37.3,11.5,0.2,0
104051,48.0,161453.52,52.2,18.5,9.0,0
104052,50.0,130863.24,54.9,11.2,3.3,0
104053,34.0,55177.53,48.8,8.0,12.9,0
104054,44.0,70807.22,33.9,3.3,10.2,0
104055,51.0,153954.11,68.9,20.7,10.3,0
104056,49.0,93214.46,75.4,21.5,9.6,0
104057,41.0,62405.92,59.1,9.8,5.0,0
104058,39.0,127949.01,72.2,14.8,10.2,0
104059,35.0,71527.17,36.8,8.7,11.0,0
104060,45.0,140756.48,80.7,20.5,9.6,0
104061,46.0,181754.94,79.6,16.4,11.8,0
104062,51.0,95569.14,36.1,13.9,9.2,0
104063,24.0,41972.07,79.6,5.8,10.6,0
104064,50.0,127867.89,29.1,10.7,0.2,0
104065,30.0,40659.86,81.7,1.0,10.0,0
104066,50.0,77378.99,30.1,13.0,2.2,0
104067,37.0,42176.24,74.8,6.2,9.6,0
104068,53.0,101882.72,23.7,10.5,1.8,0
104069,43.0,173419.12,76.3,16.2,8.3,0
104070,24.0,29979.02,77.8,4.5,7.8,0
104071,34.0,72960.47,62.7,9.6,11.3,0
104072,45.0,99929.89,29.9,9.6,1.6,0
104073,34.0,58713.15,51.9,7.0,14.3,0
104074,18.0,38550.14,77.8,2.1,3.9,0
104075,28.0,23700.03,86.3,6.5,6.2,0
104076,42.0,62283.9,37.1,4.6,7.5,0
104077,54.0,67970.18,35.3,13.6,7.0,0
104078,50.0,102497.82,45.7,13.7,6.7,0
104079,25.0,31455.58,80.7,1.5,13.3,0
104080,28.0,56371.9,57.6,7.9,9.0,0
104081,43.0,62867.71,50.8,6.7,6.0,0
104082,27.0,25854.09,76.2,6.2,10.5,0
104083,47.0,89189.68,12.7,11.9,8.9,0
104084,30.0,45750.52,51.5,8.8,12.1,0
104085,38.0,47649.25,57.8,10.6,6.1,0
104086,44.0,146062.1,56.5,20.0,10.6,0
104087,26.0,47149.93,48.3,8.5,4.7,0
104088,54.0,91891.65,35.7,13.0,4.8,0
104089,24.0,33883.98,80.2,2.6,8.7,0
104090,33.0,29450.02,91.7,1.6,12.4,0
104091,33.0,30055.96,71.3,2.1,9.9,0
104092,54.0,94316.05,30.8,15.9,3.4,0
104093,40.0,160928.88,80.5,20.8,13.8,0
104094,26.0,30339.66,59.0,1.1,10.6,0
104095,18.0,22869.7,78.7,4.6,9.3,0
104096,40.0,68881.07,69.5,11.3,14.8,0
104097,56.0,87136.56,35.6,15.1,1.3,0
104098,59.0,92094.3,37.3,10.4,0.0,0
104099,51.0,117281.5,28.0,15.2,2.3,0
104100,38.0,146391.65,78.8,18.4,8.5,0
104101,44.0,63059.25,53.3,4.7,10.8,0
104102,50.0,89389.44,45.5,16.1,4.8,0
104103,51.0,94903.34,30.4,11.3,2.9,0
104104,41.0,61016.02,71.6,6.8,5.9,0
104105,49.0,140543.06,70.7,18.1,12.4,0
104106,26.0,39197.03,75.7,5.2,10.7,0
104107,56.0,111529.65,25.6,12.1,6.9,0
104108,58.0,116433.73,36.0,15.1,2.0,0
104109,36.0,133004.21,84.0,15.8,3.6,0
104110,27.0,70213.14,43.5,8.1,6.0,0
104111,32.0,50854.26,60.1,5.5,7.0,0
104112,45.0,155439.06,81.3,18.3,4.8,0
104113,54.0,106221.08,33.2,11.4,11.4,0
104114,30.0,67509.41,68.5,6.3,6.5,0
104115,50.0,95003.8,44.0,11.6,13.3,0
104116,22.0,39934.49,83.4,3.2,14.4,0
104117,44.0,102270.55,27.8,11.1,2.6,0
104118,38.0,98354.98,75.9,17.9,7.1,0
104119,40.0,67043.59,55.3,13.1,10.1,0
104120,48.0,57369.1,60.5,4.5,6.0,0
104121,40.0,215486.73,65.1,17.5,3.6,0
104122,55.0,79606.15,44.2,8.4,3.6,0
104123,34.0,127639.07,69.1,16.8,6.5,0
104124,41.0,86266.91,61.4,5.3,7.2,0
104125,41.0,162412.7,74.9,14.8,11.3,0
104126,29.0,40611.37,72.8,3.6,6.4,0
104127,36.0,66430.36,51.6,7.7,7.5,0
104128,34.0,77595.78,55.7,7.3,2.6,0
104129,55.0,86845.12,44.6,9.4,5.3,0
104130,32.0,155519.88,70.3,18.8,6.2,0
104131,47.0,87570.0,36.9,13.2,4.9,0
104132,47.0,126424.32,38.3,10.8,5.3,0
104133,37.0,60043.28,55.1,9.0,12.2,0
104134,26.0,75732.78,58.2,7.5,11.1,0
104135,23.0,71093.05,70.8,5.6,2.8,0
104136,32.0,21883.18,82.2,5.0,11.2,0
104137,39.0,59042.38,62.6,5.6,5.3,0
104138,43.0,101195.93,77.8,13.0,9.1,0
104139,54.0,81413.7,22.7,11.2,5.9,0
104140,54.0,75992.78,36.1,12.5,4.7,0
104141,31.0,63737.64,67.2,8.1,8.2,0
104142,44.0,63872.55,49.6,5.3,7.5,0
104143,18.0,30208.74,82.6,5.3,5.4,0
104144,36.0,61238.48,58.4,7.3,6.9,0
104145,43.0,75883.0,79.4,7.0,5.8,0
104146,19.0,29008.04,85.1,4.7,12.0,0
104147,21.0,28203.73,97.6,1.3,14.2,0
104148,54.0,82472.56,23.2,10.6,5.3,0
104149,31.0,79347.22,55.9,8.4,8.9,0
104150,44.0,57112.25,59.1,4.2,7.3,0
104151,30.0,33264.16,100.0,4.0,8.4,0
104152,38.0,45668.51,50.0,4.6,7.0,0
104153,36.0,75449.02,57.0,5.0,11.7,0
104154,21.0,62429.28,60.2,7.0,8.5,0
104155,53.0,103544.19,29.0,9.1,3.9,0
104156,19.0,27803.7,89.6,6.1,13.4,0
104157,48.0,141510.77,82.2,18.7,13.8,0
104158,19.0,35874.22,65.4,4.4,4.8,0
104159,30.0,47685.92,60.5,7.7,14.4,0
104160,24.0,36449.83,79.6,4.4,10.4,0
104161,41.0,50252.16,33.5,7.8,1.6,0
104162,43.0,55882.99,47.6,12.4,6.9,0
104163,42.0,158848.98,80.2,20.3,4.0,0
104164,39.0,58728.04,48.8,7.1,1.6,0
104165,57.0,90029.44,30.2,11.7,3.5,0
104166,30.0,25688.69,74.2,2.6,6.8,0
104167,25.0,27830.49,100.0,45.8,14.6,1
104168,36.0,60847.33,56.8,6.0,10.5,0
104169,36.0,37686.37,70.0,8.9,8.8,0
104170,22.0,61967.1,66.9,7.8,7.6,0
104171,47.0,143510.57,84.0,18.3,8.2,0
104172,56.0,88184.16,24.0,12.0,5.8,0
104173,48.0,163458.67,71.3,17.7,6.2,0
104174,37.0,43685.06,58.2,12.7,2.5,0
104175,53.0,101460.99,40.1,10.1,5.5,0
104176,49.0,70588.32,44.5,13.3,1.1,0
104177,49.0,85081.79,18.6,13.5,6.4,0
104178,41.0,139291.24,73.1,18.5,4.0,0
104179,54.0,74898.83,41.8,9.9,0.1,0
104180,43.0,138727.27,73.0,16.2,8.6,0
104181,53.0,114933.7,36.9,10.8,0.0,0
104182,18.0,33860.35,85.9,1.2,10.8,0
104183,51.0,107282.37,43.7,7.5,7.1,0
104184,37.0,56070.07,53.0,7.1,5.5,0
104185,38.0,122163.5,61.6,20.7,8.2,0
104186,54.0,149351.12,77.9,15.9,7.3,0
104187,24.0,28329.45,1.0,48.0,11.3,1
104188,18.0,33634.35,83.5,1.8,7.9,0
104189,26.0,17179.02,78.0,6.3,2.2,0
104190,40.0,68075.75,43.6,8.0,10.0,0
104191,18.0,27926.39,78.3,5.0,8.4,0
104192,52.0,83630.32,35.2,14.1,4.3,0
104193,50.0,94439.86,27.0,10.0,7.6,0
104194,51.0,94853.91,77.8,19.7,4.4,0
104195,22.0,28676.21,97.0,6.3,7.2,0
104196,29.0,70626.42,63.4,9.5,3.8,0
104197,28.0,27785.07,84.2,2.9,15.7,0
104198,45.0,132087.34,73.4,17.8,4.5,0
104199,34.0,41208.63,76.2,4.4,16.2,0
104200,30.0,30229.43,77.1,0.0,12.3,0
104201,30.0,39198.31,85.0,3.7,7.0,0
104202,45.0,124082.12,77.3,16.5,9.6,0
104203,31.0,34172.39,81.3,4.8,15.3,0
104204,51.0,103909.48,50.1,13.3,0.0,0
104205,48.0,107842.82,31.0,14.9,9.6,0
104206,49.0,77344.2,31.4,11.2,8.6,0
104207,19.0,36276.4,91.9,4.6,11.3,0
104208,23.0,42650.11,75.5,4.9,9.5,0
104209,27.0,58990.79,56.4,6.7,5.0,0
104210,27.0,36245.64,74.9,2.4,6.8,0
104211,53.0,118562.42,48.8,10.8,10.0,0
104212,34.0,50662.11,44.4,4.8,8.0,0
104213,35.0,54946.79,49.5,4.8,4.3,0
104214,29.0,42387.22,96.7,4.4,8.5,0
104215,49.0,107929.99,32.5,12.8,9.8,0
104216,25.0,45120.42,66.7,3.9,10.9,0
104217,47.0,108708.31,50.3,16.4,5.2,0
104218,18.0,34747.46,85.4,2.5,10.6,0
104219,41.0,136630.87,82.2,20.8,4.2,0
104220,49.0,67837.43,53.4,13.7,0.0,0
104221,24.0,30367.28,70.4,5.1,13.0,0
104222,25.0,28304.08,71.7,3.1,8.6,0
104223,36.0,68228.19,42.7,5.5,6.9,0
104224,32.0,36869.12,78.0,3.8,9.7,0
104225,29.0,34498.42,90.8,0.3,7.6,0
104226,44.0,152436.48,96.0,14.4,7.9,0
104227,52.0,99067.04,52.3,13.8,0.0,0
104228,32.0,40673.77,80.6,0.0,9.5,0
104229,54.0,112041.02,17.3,10.5,7.3,0
104230,32.0,34479.84,89.5,3.9,12.9,0
104231,44.0,152094.7,59.8,19.4,4.2,0
104232,28.0,29471.46,81.7,1.1,8.5,0
104233,54.0,107899.07,45.9,9.7,0.0,0
104234,47.0,76778.1,50.7,14.7,1.0,0
104235,33.0,39375.67,61.7,0.9,5.0,0
104236,24.0,32100.29,78.2,0.0,5.7,0
104237,37.0,68944.0,37.8,4.4,10.1,0
104238,37.0,139629.58,58.8,19.7,1.9,0
104239,34.0,72493.82,64.1,6.1,4.9,0
104240,51.0,72952.1,34.0,11.8,2.7,0
104241,57.0,76694.73,18.0,10.9,4.4,0
104242,42.0,136190.72,60.7,16.0,6.5,0
104243,33.0,74254.63,60.6,5.9,10.3,0
104244,38.0,46849.81,25.6,4.3,8.8,0
104245,56.0,66610.06,41.6,13.2,8.2,0
104246,29.0,39786.84,82.9,3.9,9.0,0
104247,47.0,106423.35,70.6,19.1,12.2,0
104248,22.0,37567.51,76.0,5.0,7.6,0
104249,28.0,31450.85,66.1,2.7,14.0,0
104250,38.0,102595.2,76.0,14.6,12.7,0
104251,44.0,73587.21,57.9,10.3,11.0,0
104252,21.0,40287.7,68.9,2.6,4.6,0
104253,25.0,30303.63,73.5,2.7,8.3,0
104254,36.0,76324.63,47.4,8.7,7.6,0
104255,45.0,139226.14,64.8,18.9,9.6,0
104256,20.0,24290.16,78.9,4.5,13.0,0
104257,30.0,34139.21,75.4,3.0,6.3,0
104258,33.0,61405.78,55.3,7.2,2.9,0
104259,37.0,159544.96,63.7,16.6,8.3,0
104260,19.0,38372.46,65.4,3.0,7.8,0
104261,44.0,127463.9,71.8,20.4,5.9,0
104262,40.0,132039.3,86.7,17.8,11.7,0
104263,35.0,75276.35,62.1,8.1,2.7,0
104264,35.0,166969.08,82.6,22.8,3.5,0
104265,54.0,77492.66,27.6,11.0,5.1,0
104266,33.0,62375.6,66.3,9.3,9.1,0
104267,38.0,60419.37,52.3,8.1,3.8,0
104268,44.0,112892.93,71.6,15.9,6.8,0
104269,49.0,81378.86,34.1,7.2,0.0,0
104270,56.0,97521.89,27.8,13.9,2.1,0
104271,40.0,120258.69,91.1,18.5,8.6,0
104272,38.0,41323.76,52.1,7.9,7.0,0
104273,54.0,126513.17,81.4,19.6,8.4,0
104274,45.0,132686.95,52.3,18.7,9.3,0
104275,27.0,32363.43,87.7,1.3,14.4,0
104276,19.0,31378.85,84.8,2.0,12.2,0
104277,34.0,63318.36,56.2,5.8,13.8,0
104278,39.0,82389.97,64.0,18.3,6.9,0
104279,41.0,72961.17,54.8,3.6,3.2,0
104280,52.0,68246.89,31.3,14.8,5.0,0
104281,24.0,26005.15,79.8,2.5,10.7,0
104282,40.0,72023.06,59.3,8.0,5.5,0
104283,58.0,79830.18,32.9,14.5,2.6,0
104284,18.0,29634.08,91.9,0.0,10.3,0
104285,40.0,135775.62,68.5,19.9,8.2,0
104286,29.0,39396.6,78.3,2.3,11.1,0
104287,46.0,110937.07,74.4,17.5,6.7,0
104288,21.0,28395.85,90.6,2.3,13.4,0
104289,44.0,111455.59,73.9,15.6,9.8,0
104290,51.0,109623.61,49.3,8.5,2.6,0
104291,18.0,44431.58,73.6,0.4,16.7,0
104292,20.0,22658.08,66.4,3.3,10.1,0
104293,20.0,29206.12,78.5,5.6,11.0,0
104294,49.0,91093.93,42.7,15.4,0.7,0
104295,49.0,132117.99,55.8,14.4,12.0,0
104296,43.0,55649.04,55.9,3.4,9.3,0
104297,36.0,44676.59,60.0,4.2,8.7,0
104298,47.0,100763.88,28.5,7.3,7.0,0
104299,41.0,56176.9,60.7,7.9,8.4,0
104300,61.0,102127.25,31.4,12.9,2.7,0
104301,31.0,75612.3,63.3,3.3,4.9,0
104302,56.0,68258.6,27.5,17.3,3.0,0
104303,48.0,177811.77,62.9,18.5,14.2,0
104304,38.0,88399.19,51.6,10.6,7.1,0
104305,22.0,35686.63,76.9,2.8,11.5,0
104306,18.0,27399.74,85.2,5.0,11.1,0
104307,53.0,101880.05,44.6,9.1,2.5,0
104308,36.0,64185.01,36.9,4.5,7.0,0
104309,48.0,129440.19,65.3,19.1,7.0,0
104310,56.0,91215.33,23.8,14.8,7.7,0
104311,31.0,66416.05,54.7,8.2,4.4,0
104312,56.0,115433.67,25.5,12.1,7.6,0
104313,19.0,28147.56,84.6,2.7,5.3,0
104314,41.0,184010.3,92.6,16.7,5.3,0
104315,22.0,42378.95,86.4,5.9,13.0,0
104316,45.0,78774.7,28.0,11.0,2.0,0
104317,40.0,156140.36,73.4,20.4,8.8,0
104318,49.0,98222.7,19.9,7.4,5.9,0
104319,48.0,141817.66,68.1,15.3,11.5,0
104320,38.0,65249.5,58.0,6.1,3.7,0
104321,44.0,126429.17,67.8,21.4,7.9,0
104322,40.0,85843.66,100.0,26.4,0.0,1
104323,54.0,89937.26,30.2,12.3,3.8,0
104324,23.0,30708.68,77.8,3.7,10.7,0
104325,30.0,28851.07,80.4,7.9,9.9,0
104326,52.0,73396.1,27.9,11.8,5.6,0
104327,27.0,33879.34,86.0,1.0,11.5,0
104328,52.0,97135.71,31.4,10.1,0.4,0
104329,45.0,152545.86,70.7,18.0,5.8,0
104330,46.0,141527.76,68.3,19.7,9.9,0
104331,18.0,32283.11,68.4,3.3,0.5,0
104332,44.0,157941.99,70.9,15.7,13.9,0
104333,30.0,28941.09,75.4,0.0,11.4,0
104334,29.0,69436.64,68.3,6.9,3.8,0
104335,49.0,140054.67,72.9,16.1,8.6,0
104336,23.0,24347.91,91.4,6.5,13.1,0
104337,28.0,42167.0,67.5,0.9,8.8,0
104338,25.0,30314.49,67.8,3.0,9.7,0
104339,40.0,62497.07,39.0,7.8,11.7,0
104340,43.0,164871.36,66.9,19.1,5.8,0
104341,23.0,30625.5,82.8,1.4,5.6,0
104342,26.0,34491.35,79.1,4.9,9.4,0
104343,53.0,89016.39,32.4,12.7,10.8,0
104344,28.0,35159.99,85.7,0.0,11.0,0
104345,57.0,96443.7,34.6,10.1,2.7,0
104346,39.0,165187.57,87.0,21.9,5.5,0
104347,49.0,82180.21,24.8,10.0,2.5,0
104348,47.0,121910.55,82.5,20.7,8.9,0
104349,42.0,46808.34,52.4,7.4,7.7,0
104350,50.0,114829.1,66.6,17.8,6.4,0
104351,19.0,29255.07,75.5,5.9,6.9,0
104352,28.0,39327.5,72.9,3.5,11.7,0
104353,54.0,96404.65,28.2,13.3,2.9,0
104354,24.0,33012.71,86.6,6.9,7.8,0
104355,43.0,102592.69,86.8,18.1,7.1,0
104356,52.0,96757.26,27.7,14.4,5.9,0
104357,47.0,122863.76,64.7,17.8,10.4,0
104358,39.0,53321.04,64.7,5.1,5.0,0
104359,37.0,48926.36,48.4,10.1,11.1,0
104360,63.0,102704.8,41.4,11.7,2.9,0
104361,28.0,39844.99,85.9,1.3,11.2,0
104362,32.0,58378.58,74.4,4.6,13.5,0
104363,55.0,87029.47,35.7,10.6,2.4,0
104364,43.0,131711.19,62.7,17.6,4.1,0
104365,46.0,73076.88,51.7,12.8,5.8,0
104366,24.0,34916.19,89.8,3.8,14.9,0
104367,36.0,68683.86,65.0,5.1,7.1,0
104368,43.0,92779.14,32.2,11.3,2.8,0
104369,27.0,26897.61,96.6,4.1,7.6,0
104370,39.0,73102.56,61.7,5.0,13.7,0
104371,39.0,48077.01,60.1,6.6,7.0,0
104372,18.0,32312.92,69.7,2.3,11.2,0
104373,34.0,58758.89,66.2,5.2,5.1,0
104374,18.0,27260.31,79.3,4.3,7.6,0
104375,55.0,96799.18,21.2,12.3,7.6,0
104376,18.0,43549.98,71.9,0.0,10.4,0
104377,56.0,90204.59,38.1,16.2,4.6,0
104378,39.0,39284.27,78.5,3.6,9.0,0
104379,44.0,154151.26,68.0,15.2,12.0,0
104380,29.0,23837.57,79.7,5.1,12.8,0
104381,33.0,72960.42,58.2,7.8,4.2,0
104382,18.0,53325.01,63.4,6.6,9.0,0
104383,30.0,30096.2,73.7,0.0,5.4,0
104384,29.0,68212.09,54.8,5.9,5.1,0
104385,39.0,163271.22,72.9,20.0,1.4,0
104386,46.0,127808.42,69.2,20.7,6.8,0
104387,38.0,50639.73,58.4,3.8,6.8,0
104388,26.0,38372.72,69.8,1.9,8.1,0
104389,51.0,78517.2,13.4,9.9,3.9,0
104390,51.0,104441.24,43.4,11.1,0.0,0
104391,26.0,31943.5,75.4,5.4,11.4,0
104392,53.0,97802.42,43.5,10.6,1.4,0
104393,35.0,48854.24,57.5,7.2,6.8,0
104394,50.0,123266.48,44.4,11.8,4.3,0
104395,43.0,55476.37,48.3,7.5,8.2,0
104396,38.0,71238.0,50.7,4.2,5.2,0
104397,27.0,26689.88,58.7,3.3,8.3,0
104398,43.0,96273.12,31.1,15.4,4.3,0
104399,27.0,31900.76,72.0,2.0,13.2,0
104400,56.0,69544.45,22.5,9.6,7.2,0
104401,43.0,108448.94,39.0,12.3,2.6,0
104402,58.0,96940.31,20.6,9.6,0.0,0
104403,30.0,40203.71,88.9,2.7,5.7,0
104404,19.0,26304.09,77.5,5.8,14.2,0
104405,34.0,37040.01,46.3,9.4,7.7,0
104406,50.0,87726.25,27.5,9.6,10.2,0
104407,52.0,119288.97,54.5,18.3,7.6,0
104408,39.0,71537.41,46.3,9.6,5.9,0
104409,46.0,133411.07,81.2,13.3,10.2,0
104410,20.0,32423.15,90.4,1.4,7.1,0
104411,34.0,57144.61,47.5,7.2,7.5,0
104412,26.0,27279.27,68.6,2.8,9.3,0
104413,51.0,82906.37,38.3,10.1,3.6,0
104414,22.0,31807.28,89.9,0.4,2.8,0
104415,21.0,25368.48,100.0,34.0,11.7,1
104416,55.0,90118.5,39.2,11.2,6.4,0
104417,37.0,61592.38,58.4,9.9,7.5,0
104418,19.0,33936.46,82.9,2.7,9.8,0
104419,19.0,32559.16,65.9,2.5,8.0,0
104420,41.0,79297.37,46.6,7.0,6.1,0
104421,38.0,63074.06,54.1,7.2,6.4,0
104422,32.0,27428.6,80.6,4.0,11.3,0
104423,51.0,118397.48,14.1,9.8,6.0,0
104424,20.0,26594.18,73.3,1.4,11.9,0
104425,57.0,96510.19,45.5,9.2,4.2,0
104426,43.0,72901.71,72.4,5.8,9.8,0
104427,22.0,35428.08,91.1,1.4,4.4,0
104428,33.0,34811.61,76.9,2.7,3.7,0
104429,25.0,28943.94,78.5,3.1,0.0,0
104430,26.0,33088.46,81.2,2.6,10.1,0
104431,37.0,65060.78,62.8,7.6,12.5,0
104432,39.0,130551.14,88.9,17.7,10.8,0
104433,44.0,134259.14,81.9,19.0,3.4,0
104434,37.0,50895.11,70.7,10.5,12.6,0
104435,54.0,87107.19,38.2,10.1,11.0,0
104436,58.0,100207.4,45.0,11.0,0.7,0
104437,32.0,142093.03,69.9,19.0,8.0,0
104438,26.0,36671.84,63.4,4.7,8.8,0
104439,39.0,73408.05,68.3,7.3,7.5,0
104440,40.0,45246.87,48.5,6.4,3.0,0
104441,23.0,30120.23,78.9,2.9,13.2,0
104442,39.0,61207.29,54.7,6.9,6.9,0
104443,56.0,103270.31,62.7,15.9,8.8,0
104444,44.0,125558.59,81.0,18.7,10.8,0
104445,30.0,19725.18,84.9,0.4,10.7,0
104446,36.0,61662.81,46.0,9.1,3.1,0
104447,40.0,46020.1,57.8,10.6,14.1,0
104448,28.0,54137.35,52.8,11.5,6.8,0
104449,57.0,100124.99,23.0,8.3,2.2,0
104450,36.0,33483.85,88.5,0.2,9.0,0
104451,47.0,112502.59,71.4,16.2,10.5,0
104452,45.0,157221.31,80.7,17.5,11.0,0
104453,49.0,105699.81,15.3,10.5,10.9,0
104454,55.0,105454.03,26.8,9.8,3.2,0
104455,36.0,83365.45,68.2,7.2,7.2,0
104456,40.0,47282.24,38.8,8.5,7.2,0
104457,18.0,19933.49,86.9,2.0,11.2,0
104458,51.0,94414.51,29.1,11.8,5.7,0
104459,23.0,30082.94,84.1,4.3,6.6,0
104460,43.0,126801.18,72.1,20.9,9.1,0
104461,47.0,64450.67,56.3,7.0,7.4,0
104462,38.0,50929.64,55.7,5.6,10.1,0
104463,26.0,63751.04,42.8,7.9,5.8,0
104464,34.0,163744.21,46.8,17.9,10.1,0
104465,31.0,22725.5,72.8,5.2,13.5,0
104466,30.0,46754.71,72.9,3.7,9.0,0
104467,18.0,31481.58,58.1,2.0,5.6,0
104468,54.0,81687.2,17.1,13.7,2.2,0
104469,41.0,115360.52,83.5,18.5,6.2,0
104470,18.0,46461.25,97.8,5.9,7.9,0
104471,40.0,150096.77,63.1,16.0,12.4,0
104472,24.0,25549.55,87.5,1.9,4.1,0
104473,46.0,86167.96,37.2,12.3,7.7,0
104474,23.0,29317.84,90.5,5.0,9.4,0
104475,37.0,56695.4,46.4,11.4,5.4,0
104476,53.0,69087.56,42.4,9.6,9.0,0
104477,45.0,68312.53,100.0,34.1,6.9,1
104478,26.0,32516.93,87.8,1.2,14.6,0
104479,41.0,121203.85,75.6,18.9,2.8,0
104480,41.0,85264.34,65.2,16.7,8.9,0
104481,32.0,55850.31,71.0,11.1,4.2,0
104482,57.0,101631.5,17.6,10.4,0.0,0
104483,54.0,76586.87,36.3,17.1,8.8,0
104484,20.0,26189.41,90.9,1.0,13.0,0
104485,57.0,157020.54,83.8,20.1,6.3,0
104486,37.0,51326.18,70.9,4.8,9.1,0
104487,58.0,86592.92,27.8,11.7,1.3,0
104488,25.0,26718.25,69.6,4.1,11.9,0
104489,35.0,43625.91,69.7,6.1,13.2,0
104490,35.0,63515.28,53.7,7.5,17.4,0
104491,34.0,76243.83,58.9,9.3,1.2,0
104492,53.0,148593.84,69.3,19.8,8.4,0
104493,37.0,78933.35,90.3,17.6,6.2,0
104494,21.0,40435.34,73.1,4.3,9.0,0
104495,18.0,37191.4,89.0,1.6,9.9,0
104496,36.0,66967.59,77.7,6.4,6.0,0
104497,35.0,51484.88,40.8,7.3,8.6,0
104498,36.0,61300.2,49.0,7.5,7.5,0
104499,45.0,148156.64,75.9,20.6,9.7,0
104500,54.0,65203.06,45.5,11.4,4.2,0
104501,18.0,44037.67,53.3,6.0,11.3,0
104502,26.0,84726.19,63.1,2.3,5.7,0
104503,55.0,124296.37,30.9,6.7,8.4,0
104504,38.0,37084.7,61.4,7.9,6.0,0
104505,20.0,28487.95,74.7,3.7,12.4,0
104506,25.0,64856.65,62.9,7.3,5.8,0
104507,43.0,77003.53,54.3,6.8,9.3,0
104508,30.0,27302.58,67.5,3.5,6.6,0
104509,42.0,80971.57,39.2,15.1,1.9,0
104510,35.0,63735.88,51.5,5.5,8.0,0
104511,46.0,81877.23,33.0,12.6,0.0,0
104512,35.0,47594.05,51.2,8.6,6.8,0
104513,51.0,138180.62,81.7,19.6,8.0,0
104514,18.0,31394.47,72.7,1.9,10.5,0
104515,18.0,26966.66,67.9,2.5,7.7,0
104516,32.0,63511.77,53.5,7.0,3.7,0
104517,32.0,84775.65,51.0,2.8,8.0,0
104518,32.0,64721.33,57.1,8.1,6.7,0
104519,51.0,114629.44,12.8,9.3,1.5,0
104520,18.0,29238.73,72.2,4.9,9.7,0
104521,23.0,29812.13,67.5,4.8,13.6,0
104522,30.0,80079.82,51.3,5.5,8.4,0
104523,55.0,93781.38,31.5,14.3,2.1,0
104524,43.0,182683.44,58.6,17.1,11.1,0
104525,55.0,110287.7,21.8,12.6,3.1,0
104526,63.0,108840.36,34.8,12.6,4.2,0
104527,55.0,80357.26,48.7,9.4,4.6,0
104528,48.0,95732.35,44.9,8.6,3.5,0
104529,18.0,30390.76,63.6,3.3,8.7,0
104530,56.0,116008.34,35.1,13.8,8.1,0
104531,47.0,119538.25,34.6,10.0,4.9,0
104532,36.0,46297.75,47.0,10.3,7.8,0
104533,59.0,87876.6,27.0,8.6,6.9,0
104534,38.0,57451.8,50.1,9.3,6.5,0
104535,35.0,55295.4,53.9,8.1,2.8,0
104536,24.0,37504.17,77.2,5.1,14.0,0
104537,57.0,85812.93,34.6,12.7,2.6,0
104538,40.0,125804.5,97.4,17.5,11.2,0
104539,20.0,41802.22,74.2,3.1,4.5,0
104540,42.0,76878.73,46.1,9.3,3.0,0
104541,27.0,30341.29,91.4,3.5,12.8,0
104542,30.0,30323.66,77.7,0.8,9.1,0
104543,53.0,159045.72,61.6,21.3,9.2,0
104544,40.0,67474.3,62.2,3.0,10.3,0
104545,25.0,73338.43,59.0,8.7,7.5,0
104546,29.0,32093.01,80.8,3.8,15.6,0
104547,46.0,106815.31,66.4,19.2,11.8,0
104548,20.0,44901.7,79.8,3.8,6.2,0
104549,58.0,87377.09,27.5,11.4,8.1,0
104550,38.0,52077.81,52.7,9.8,6.3,0
104551,27.0,36637.66,43.8,5.5,7.4,0
104552,50.0,121322.36,49.5,13.0,6.2,0
104553,29.0,40237.42,93.6,3.2,7.8,0
104554,51.0,97175.12,34.5,10.0,5.3,0
104555,18.0,32491.83,79.5,3.2,12.6,0
104556,56.0,133007.8,29.8,12.6,4.6,0
104557,53.0,73370.99,23.2,12.0,0.0,0
104558,50.0,83927.07,32.0,14.3,0.8,0
104559,28.0,28709.38,73.5,3.9,9.2,0
104560,48.0,88668.26,17.2,12.8,0.0,0
104561,47.0,155504.6,88.0,22.4,10.8,0
104562,21.0,44514.3,66.1,0.0,15.6,0
104563,27.0,21195.29,64.4,4.1,7.4,0
104564,39.0,189553.85,93.5,18.3,7.5,0
104565,29.0,28765.15,55.7,0.0,9.8,0
104566,56.0,95273.6,43.1,13.8,8.2,0
104567,53.0,99717.47,34.6,11.5,0.0,0
104568,30.0,29789.54,73.6,1.9,6.0,0
104569,52.0,103830.87,27.9,14.1,2.9,0
104570,44.0,118490.24,37.0,13.7,6.7,0
104571,31.0,56175.44,68.3,10.7,7.2,0
104572,40.0,182394.87,65.7,18.7,6.7,0
104573,25.0,26554.2,74.3,1.7,12.0,0
104574,37.0,71823.04,49.7,6.6,8.9,0
104575,47.0,103566.24,75.2,16.4,10.7,0
104576,33.0,16955.35,71.4,3.5,10.0,0
104577,48.0,141992.42,66.7,16.0,4.4,0
104578,20.0,28745.04,81.8,2.7,8.0,0
104579,31.0,54158.67,52.4,5.5,9.0,0
104580,31.0,25225.88,89.2,4.4,10.5,0
104581,60.0,92088.41,39.0,12.2,4.1,0
104582,54.0,95793.81,39.7,10.7,2.1,0
104583,40.0,130807.1,82.1,17.1,10.0,0
104584,44.0,128876.17,85.1,19.5,8.0,0
104585,52.0,96602.72,19.7,10.4,5.4,0
104586,44.0,82215.62,31.1,17.8,6.0,0
104587,41.0,53014.56,61.6,3.5,6.0,0
104588,46.0,104277.04,75.9,19.0,6.2,0
104589,48.0,82769.37,31.5,11.4,5.5,0
104590,40.0,180373.58,87.9,18.5,7.0,0
104591,21.0,33824.53,82.9,2.6,8.8,0
104592,38.0,62770.5,52.3,7.2,5.2,0
104593,48.0,94914.89,29.3,10.5,7.1,0
104594,22.0,42617.76,84.3,1.4,13.5,0
104595,20.0,43366.48,80.3,4.1,10.1,0
104596,44.0,134226.44,62.7,18.7,11.1,0
104597,30.0,79191.69,64.0,6.1,5.6,0
104598,33.0,37407.05,89.4,2.5,11.7,0
104599,38.0,60050.9,59.1,9.2,11.8,0
104600,35.0,47346.29,74.4,10.3,8.2,0
104601,61.0,100602.22,25.9,9.4,0.0,0
104602,43.0,128250.61,66.2,17.8,10.6,0
104603,40.0,121972.08,67.2,19.8,7.8,0
104604,53.0,121556.7,63.4,13.3,5.6,0
104605,46.0,101301.62,35.6,13.8,2.8,0
104606,37.0,68754.39,77.0,10.1,10.8,0
104607,47.0,129130.57,79.3,16.5,7.4,0
104608,33.0,35098.77,80.3,3.7,9.7,0
104609,18.0,24717.13,84.2,1.2,9.7,0
104610,37.0,121890.08,72.0,19.8,11.4,0
104611,39.0,147728.92,57.7,18.1,10.9,0
104612,36.0,76683.07,66.4,7.5,6.3,0
104613,49.0,70068.77,22.0,14.0,8.5,0
104614,31.0,62760.97,42.3,5.0,7.8,0
104615,33.0,40615.28,75.2,6.9,3.7,0
104616,37.0,61097.52,62.2,6.3,7.9,0
104617,29.0,24407.26,71.1,4.7,8.3,0
104618,36.0,56750.42,53.9,6.0,3.2,0
104619,38.0,73855.3,56.2,8.9,5.5,0
104620,33.0,66583.38,62.3,6.8,9.0,0
104621,18.0,30249.12,87.6,4.9,12.5,0
104622,48.0,130611.98,54.9,17.5,9.9,0
104623,56.0,86000.76,100.0,47.2,2.4,1
104624,34.0,126715.93,72.5,17.8,7.0,0
104625,21.0,28700.63,72.4,4.4,10.0,0
104626,68.0,89317.04,39.4,11.4,3.0,0
104627,51.0,165138.22,54.5,16.0,7.6,0
104628,33.0,45167.07,59.2,3.2,7.4,0
104629,28.0,37026.96,76.6,6.0,11.0,0
104630,28.0,27759.12,93.2,3.0,14.7,0
104631,31.0,33483.99,82.1,2.6,7.5,0
104632,39.0,68071.51,41.8,6.8,9.6,0
104633,43.0,70094.53,42.8,4.9,6.0,0
104634,31.0,28503.24,88.6,1.8,11.6,0
104635,47.0,91685.79,23.7,14.9,1.9,0
104636,18.0,22632.41,77.1,2.1,11.9,0
104637,35.0,75012.18,54.1,9.1,4.1,0
104638,44.0,80920.91,23.7,9.5,5.2,0
104639,23.0,32816.63,83.3,0.0,11.7,0
104640,18.0,28677.52,59.1,4.3,4.9,0
104641,18.0,25505.13,76.7,2.7,12.4,0
104642,23.0,37562.84,81.8,1.1,8.0,0
104643,44.0,75698.13,66.2,8.9,8.4,0
104644,26.0,32286.36,95.0,2.1,10.7,0
104645,18.0,23759.07,96.2,4.2,9.4,0
104646,43.0,105775.32,67.7,15.1,7.1,0
104647,46.0,151423.19,87.9,18.6,0.6,0
104648,34.0,27157.61,79.6,3.2,10.7,0
104649,36.0,62732.95,44.8,12.2,9.0,0
104650,36.0,82555.23,47.3,8.7,5.3,0
104651,45.0,150696.21,48.6,15.1,12.8,0
104652,42.0,190439.82,85.1,17.6,7.1,0
104653,32.0,44113.39,75.1,6.1,13.1,0
104654,30.0,32582.6,71.3,0.9,6.1,0
104655,46.0,62122.14,46.6,9.0,5.6,0
104656,40.0,192113.85,58.7,18.5,6.2,0
104657,39.0,103110.86,72.6,16.3,9.8,0
104658,24.0,30199.28,69.3,5.9,12.2,0
104659,49.0,71757.59,16.1,14.3,6.7,0
104660,29.0,31307.14,86.1,5.1,9.8,0
104661,50.0,78305.55,39.3,13.1,2.8,0
104662,42.0,134524.17,79.9,15.3,4.7,0
104663,31.0,60342.38,61.2,4.9,9.7,0
104664,31.0,34383.47,89.2,1.2,7.3,0
104665,55.0,94343.31,26.1,14.9,4.9,0
104666,40.0,54475.35,100.0,47.0,10.1,1
104667,40.0,144249.93,77.6,22.0,6.7,0
104668,37.0,68605.1,43.9,2.7,4.0,0
104669,48.0,183253.45,62.8,15.6,12.6,0
104670,21.0,29858.49,92.6,5.6,12.8,0
104671,18.0,24751.3,89.2,3.6,7.7,0
104672,34.0,74398.6,73.3,7.0,4.9,0
104673,23.0,39736.06,91.2,3.4,8.4,0
104674,41.0,80112.06,43.5,6.5,10.5,0
104675,52.0,86645.17,36.9,12.7,0.6,0
104676,24.0,34115.84,73.1,1.4,8.4,0
104677,19.0,36899.57,68.2,3.4,8.9,0
104678,20.0,39898.85,76.7,1.7,7.7,0
104679,26.0,36761.15,90.7,2.7,9.3,0
104680,44.0,144211.54,64.3,20.9,8.1,0
104681,46.0,150696.26,76.0,16.0,8.0,0
104682,35.0,41142.09,79.6,2.3,3.3,0
104683,50.0,93659.03,31.8,11.5,5.9,0
104684,47.0,99662.34,33.9,10.2,9.0,0
104685,47.0,120182.73,77.2,15.2,6.0,0
104686,43.0,65922.91,60.7,9.0,8.8,0
104687,35.0,72450.28,41.1,5.7,6.7,0
104688,39.0,58373.01,40.2,3.2,6.8,0
104689,41.0,117068.57,61.2,18.3,11.9,0
104690,53.0,117496.8,31.3,12.9,8.1,0
104691,35.0,62289.85,54.3,8.2,9.7,0
104692,26.0,30678.41,63.0,2.9,9.4,0
104693,53.0,96997.15,50.7,10.6,0.0,0
104694,37.0,124032.7,100.0,49.9,4.5,1
104695,38.0,71478.26,42.5,3.5,4.6,0
104696,55.0,97449.18,27.5,13.5,4.4,0
104697,35.0,43983.87,50.3,10.9,6.0,0
104698,31.0,57734.07,59.2,8.8,8.9,0
104699,33.0,76190.8,66.1,6.1,6.6,0
104700,55.0,113377.43,19.8,12.1,3.9,0
104701,40.0,125489.81,82.5,19.1,14.3,0
104702,33.0,63530.42,61.1,8.8,11.1,0
104703,36.0,49782.31,50.9,7.3,10.4,0
104704,29.0,48942.77,65.6,4.4,3.6,0
104705,30.0,30725.19,75.0,5.7,6.8,0
104706,30.0,80182.01,60.3,8.4,6.1,0
104707,23.0,27946.31,81.2,4.7,10.6,0
104708,41.0,69392.34,47.5,6.7,5.7,0
104709,28.0,34658.74,79.3,5.0,4.4,0
104710,33.0,56215.92,60.5,8.1,7.0,0
104711,45.0,101955.8,36.3,9.1,3.1,0
104712,26.0,41522.48,67.1,4.6,6.8,0
104713,46.0,74281.79,41.1,12.3,3.1,0
104714,45.0,141028.7,73.1,17.4,4.9,0
104715,60.0,118947.38,50.9,10.9,2.0,0
104716,22.0,38186.86,78.0,1.9,11.1,0
104717,32.0,46873.84,59.3,6.0,7.0,0
104718,39.0,79745.46,34.5,9.0,0.0,0
104719,36.0,69829.65,49.1,6.5,6.3,0
104720,18.0,38819.18,76.2,2.7,11.1,0
104721,28.0,72266.47,68.5,7.3,8.4,0
104722,34.0,71634.36,49.8,6.9,7.1,0
104723,24.0,38158.17,99.9,2.8,11.4,0
104724,48.0,112645.86,29.8,18.3,0.0,0
104725,35.0,37709.44,100.0,41.8,7.2,1
104726,34.0,47530.03,56.5,6.9,9.5,0
104727,55.0,127073.39,44.5,19.3,6.3,0
104728,33.0,31800.79,70.4,1.0,11.9,0
104729,51.0,120097.79,32.9,14.8,0.0,0
104730,27.0,71253.73,53.4,6.5,4.0,0
104731,31.0,69094.04,57.8,4.9,9.4,0
104732,49.0,137257.43,82.0,16.0,9.7,0
104733,37.0,53166.18,78.5,7.5,5.2,0
104734,24.0,26990.56,66.4,2.1,8.9,0
104735,39.0,171528.06,64.3,16.1,4.4,0
104736,46.0,112569.42,37.6,13.4,7.1,0
104737,50.0,120175.3,28.7,9.8,5.1,0
104738,25.0,32823.45,88.2,3.2,10.9,0
104739,31.0,33536.08,82.9,0.2,21.2,0
104740,44.0,85777.47,29.3,16.2,2.2,0
104741,26.0,28758.47,67.6,4.1,7.8,0
104742,25.0,35609.75,97.1,0.5,9.5,0
104743,51.0,95015.87,60.7,11.7,0.0,0
104744,35.0,60678.91,55.6,5.6,3.0,0
104745,35.0,33833.37,76.1,7.3,7.4,0
104746,27.0,24805.41,85.5,0.7,11.4,0
104747,46.0,63042.9,36.1,7.1,8.4,0
104748,57.0,120198.41,50.2,11.7,2.0,0
104749,37.0,126393.27,1.0,29.1,5.2,1
104750,27.0,28276.23,81.7,1.4,10.9,0
104751,20.0,21044.62,87.6,1.6,9.3,0
104752,33.0,68076.37,61.3,8.1,5.4,0
104753,36.0,66654.08,73.5,7.6,4.0,0
104754,37.0,60158.62,38.0,3.3,6.8,0
104755,43.0,132572.31,80.8,16.1,3.8,0
104756,32.0,55194.9,57.4,5.4,0.6,0
104757,23.0,63374.46,46.7,3.0,8.9,0
104758,51.0,137619.64,74.7,18.6,1.1,0
104759,28.0,39141.72,96.4,2.1,6.6,0
104760,50.0,152572.54,80.7,16.7,8.8,0
104761,31.0,61941.52,54.5,11.7,8.6,0
104762,25.0,61982.64,61.7,6.1,3.7,0
104763,46.0,115773.04,77.8,15.9,6.4,0
104764,41.0,67459.18,58.3,6.9,7.3,0
104765,32.0,45073.66,63.7,10.1,8.8,0
104766,25.0,25038.9,86.8,4.0,12.3,0
104767,57.0,122120.72,23.9,9.4,4.4,0
104768,47.0,76263.46,47.2,10.0,4.0,0
104769,18.0,32363.11,89.8,5.4,13.1,0
104770,52.0,114006.73,39.3,11.1,5.1,0
104771,56.0,72296.02,24.4,11.7,0.3,0
104772,30.0,57306.25,67.9,8.9,8.0,0
104773,25.0,44023.88,72.6,3.5,8.2,0
104774,30.0,75223.27,54.9,8.4,6.3,0
104775,30.0,26255.92,89.6,4.8,4.6,0
104776,21.0,37879.97,94.4,4.4,8.8,0
104777,31.0,68323.86,53.7,6.2,6.3,0
104778,28.0,42405.12,88.3,3.0,7.3,0
104779,27.0,41592.95,88.0,3.4,8.5,0
104780,54.0,114743.26,37.3,11.8,1.9,0
104781,49.0,52057.21,48.2,7.3,6.4,0
104782,48.0,166639.23,59.9,16.5,5.4,0
104783,47.0,150794.16,68.3,18.4,4.6,0
104784,48.0,72769.65,36.5,12.3,1.0,0
104785,45.0,166639.31,61.7,17.3,9.5,0
104786,43.0,105424.65,67.6,17.1,7.5,0
104787,35.0,79476.63,55.9,3.6,7.3,0
104788,61.0,92142.32,30.6,11.4,5.8,0
104789,22.0,23270.09,71.3,2.9,11.6,0
104790,49.0,89934.74,35.4,10.4,3.7,0
104791,38.0,48758.7,61.1,4.8,3.8,0
104792,21.0,39864.81,60.8,2.1,9.9,0
104793,30.0,43220.15,73.8,4.1,9.7,0
104794,42.0,146886.39,56.1,17.9,9.4,0
104795,32.0,67104.67,40.7,7.2,11.0,0
104796,23.0,26365.7,63.7,3.8,12.8,0
104797,24.0,29329.14,58.7,3.2,7.9,0
104798,33.0,80039.2,40.0,3.7,7.7,0
104799,41.0,126926.22,74.7,18.5,5.1,0
104800,49.0,95847.44,36.7,13.0,2.3,0
104801,38.0,72605.88,58.5,6.8,6.3,0
104802,21.0,26597.24,75.0,3.9,7.3,0
104803,24.0,30897.33,95.8,4.4,12.1,0
104804,41.0,55910.05,71.8,7.3,6.9,0
104805,37.0,129879.33,54.3,17.5,6.3,0
104806,50.0,71300.16,42.0,13.2,9.1,0
104807,44.0,63743.26,68.2,7.5,5.7,0
104808,51.0,105925.54,75.9,14.3,4.7,0
104809,38.0,67299.53,57.1,8.5,6.5,0
104810,47.0,103236.42,41.2,11.7,4.9,0
104811,41.0,61421.8,1.0,42.8,6.2,1
104812,60.0,91608.06,38.6,11.4,2.8,0
104813,32.0,63119.06,52.8,9.5,6.7,0
104814,43.0,135459.42,75.7,21.0,4.9,0
104815,37.0,44492.41,70.2,6.8,2.5,0
104816,18.0,36688.01,61.4,3.6,8.7,0
104817,23.0,28118.65,68.5,2.0,11.7,0
104818,35.0,66700.96,55.6,8.2,8.2,0
104819,33.0,51356.96,67.6,5.4,8.5,0
104820,52.0,87081.63,39.3,14.7,5.9,0
104821,53.0,122727.32,18.3,9.8,2.6,0
104822,31.0,37430.75,60.8,2.1,6.0,0
104823,52.0,110421.33,44.8,12.5,2.7,0
104824,52.0,106684.09,58.5,9.6,8.8,0
104825,37.0,71154.03,59.9,9.8,8.0,0
104826,33.0,67023.27,69.3,7.0,0.8,0
104827,23.0,32564.77,77.6,2.0,14.0,0
104828,24.0,63048.79,59.1,11.2,7.0,0
104829,54.0,97137.71,35.9,15.5,0.7,0
104830,40.0,159005.12,74.6,17.4,7.8,0
104831,57.0,103295.03,27.9,12.5,3.9,0
104832,38.0,58416.77,45.9,8.3,8.6,0
104833,59.0,72492.48,34.3,11.5,2.8,0
104834,44.0,76766.53,37.7,11.0,1.5,0
104835,43.0,88490.73,57.4,4.0,8.2,0
104836,33.0,105975.76,76.1,15.2,7.1,0
104837,18.0,32324.05,89.2,1.8,9.9,0
104838,20.0,27704.25,69.7,4.6,5.8,0
104839,22.0,34360.55,87.1,3.9,9.8,0
104840,21.0,37329.82,69.3,1.3,14.1,0
104841,45.0,149969.28,78.0,17.8,3.7,0
104842,37.0,61796.51,49.4,4.8,6.9,0
104843,18.0,31173.97,75.4,2.8,11.2,0
104844,39.0,54059.69,66.7,6.6,12.3,0
104845,33.0,44017.56,66.3,7.9,10.6,0
104846,38.0,88114.5,56.1,9.1,5.4,0
104847,26.0,35905.41,86.3,4.6,0.3,0
104848,52.0,85165.66,31.2,11.4,6.9,0
104849,25.0,29076.67,63.3,6.1,8.1,0
104850,51.0,131574.66,28.8,11.4,4.7,0
104851,18.0,22082.44,73.2,2.1,10.4,0
104852,47.0,102421.07,13.4,11.9,5.1,0
104853,45.0,135898.03,65.4,17.6,11.7,0
104854,21.0,37633.92,89.4,0.0,9.6,0
104855,19.0,23349.44,85.9,3.9,10.8,0
104856,38.0,145303.7,58.9,18.2,6.0,0
104857,41.0,57947.3,60.3,7.5,6.8,0
104858,53.0,100194.64,26.0,12.8,6.6,0
104859,26.0,29959.96,79.7,2.3,9.6,0
104860,18.0,39949.18,97.4,1.6,12.4,0
104861,43.0,51312.88,36.4,10.0,7.0,0
104862,40.0,141192.95,68.3,23.9,6.4,0
104863,26.0,39443.34,90.9,5.2,8.7,0
104864,51.0,57816.65,34.3,12.1,6.2,0
104865,61.0,107163.39,45.7,12.0,7.9,0
104866,24.0,38569.89,86.0,3.8,5.4,0
104867,41.0,66219.99,65.0,7.6,8.5,0
104868,31.0,29270.2,82.7,1.4,11.7,0
104869,37.0,54958.39,58.9,5.9,5.9,0
104870,54.0,99589.62,15.8,12.7,3.1,0
104871,34.0,49420.95,57.5,6.0,10.8,0
104872,18.0,26447.8,67.7,3.5,13.5,0
104873,55.0,76281.53,30.7,10.4,5.5,0
104874,50.0,70841.15,40.8,14.5,3.5,0
104875,37.0,45189.68,37.4,3.3,6.9,0
104876,50.0,104340.58,33.0,14.0,6.6,0
104877,22.0,26220.19,58.8,5.9,7.2,0
104878,45.0,97220.56,20.1,12.3,3.0,0
104879,41.0,71337.53,69.0,7.4,4.4,0
104880,31.0,56077.43,77.9,6.5,7.5,0
104881,32.0,33466.57,70.5,4.5,8.7,0
104882,53.0,103757.88,30.1,12.4,8.8,0
104883,49.0,117518.86,29.1,15.6,1.4,0
104884,34.0,78832.13,73.5,8.6,3.8,0
104885,43.0,140031.47,63.4,19.4,5.7,0
104886,37.0,99154.14,89.1,17.0,6.5,0
104887,19.0,39879.25,64.2,0.6,9.0,0
104888,52.0,106262.66,28.2,15.1,2.0,0
104889,31.0,49681.87,50.3,4.7,9.3,0
104890,38.0,136652.71,61.7,15.7,11.3,0
104891,32.0,39309.45,63.3,0.3,15.9,0
104892,35.0,46657.28,68.8,7.1,8.7,0
104893,25.0,58358.77,67.5,5.7,10.7,0
104894,18.0,31351.54,94.4,0.7,10.8,0
104895,55.0,96563.01,32.5,10.2,4.6,0
104896,35.0,45970.95,69.0,5.2,2.8,0
104897,21.0,26857.94,75.4,0.5,11.3,0
104898,43.0,63181.45,43.6,5.2,7.7,0
104899,33.0,108933.89,55.5,18.2,14.5,0
104900,46.0,108959.24,29.4,9.4,8.7,0
104901,47.0,66596.39,61.6,7.1,6.6,0
104902,38.0,69545.48,74.6,6.0,7.4,0
104903,24.0,37898.6,100.0,5.1,12.4,0
104904,48.0,171939.05,96.1,14.6,9.8,0
104905,39.0,111268.14,40.5,10.9,0.0,0
104906,52.0,98810.6,34.4,10.8,1.3,0
104907,43.0,119792.71,80.1,17.8,2.8,0
104908,25.0,34385.74,94.2,4.9,7.3,0
104909,59.0,71298.85,35.3,13.5,8.4,0
104910,33.0,39342.41,76.6,4.2,10.7,0
104911,20.0,31334.0,96.0,4.3,16.2,0
104912,31.0,57741.82,62.2,8.5,6.6,0
104913,40.0,70849.41,44.1,8.5,10.2,0
104914,44.0,93632.98,69.2,18.9,5.4,0
104915,41.0,70142.23,59.3,7.0,7.6,0
104916,43.0,107605.72,67.7,18.1,12.3,0
104917,55.0,120176.64,21.0,11.3,10.2,0
104918,48.0,81953.94,32.3,16.0,2.0,0
104919,46.0,149879.26,52.7,18.0,6.3,0
104920,39.0,81408.02,54.6,6.3,14.6,0
104921,32.0,47012.1,71.8,6.9,7.8,0
104922,35.0,23918.84,76.0,0.5,11.0,0
104923,21.0,25243.88,85.3,3.0,6.2,0
104924,37.0,145236.77,55.3,18.5,12.0,0
104925,39.0,55043.69,60.7,4.5,7.4,0
104926,34.0,50400.84,64.2,3.0,3.4,0
104927,19.0,29092.31,91.0,4.5,10.3,0
104928,36.0,61868.79,71.7,3.4,9.3,0
104929,49.0,103601.13,40.1,13.5,8.8,0
104930,29.0,73220.76,57.4,6.1,13.1,0
104931,56.0,87865.8,44.6,11.9,2.7,0
104932,49.0,100208.03,28.9,12.3,6.7,0
104933,53.0,128798.17,35.1,14.7,6.9,0
104934,32.0,43359.32,60.4,3.5,9.7,0
104935,53.0,88204.46,29.6,9.8,4.3,0
104936,29.0,29156.31,74.7,1.6,7.0,0
104937,35.0,65830.3,70.6,4.6,6.9,0
104938,58.0,74841.87,47.7,11.1,6.1,0
104939,51.0,102844.6,51.1,11.8,7.0,0
104940,25.0,27472.53,76.5,2.6,5.8,0
104941,45.0,156580.88,80.1,20.9,10.9,0
104942,21.0,29752.44,86.4,3.8,9.9,0
104943,48.0,85924.73,40.8,8.1,0.0,0
104944,46.0,126556.3,76.7,21.2,5.0,0
104945,28.0,58915.4,51.2,6.9,8.6,0
104946,45.0,141165.55,82.6,19.3,7.5,0
104947,55.0,68569.99,45.6,12.0,0.4,0
104948,50.0,112741.94,27.3,12.8,6.6,0
104949,52.0,80215.46,34.4,9.2,2.5,0
104950,46.0,94197.85,22.3,12.2,7.4,0
104951,30.0,24826.25,71.3,4.7,12.1,0
104952,49.0,86681.37,35.8,8.3,5.6,0
104953,29.0,29758.72,63.8,5.8,10.7,0
104954,47.0,106707.46,58.8,18.8,11.1,0
104955,18.0,31413.62,62.1,1.6,9.2,0
104956,26.0,19870.73,91.2,2.7,13.9,0
104957,46.0,161477.97,92.2,16.4,8.4,0
104958,19.0,31411.27,85.2,5.3,8.9,0
104959,30.0,62818.1,49.5,5.8,9.0,0
104960,54.0,109264.86,31.6,14.0,4.0,0
104961,23.0,25670.9,57.1,0.0,10.6,0
104962,19.0,22523.28,73.8,3.6,11.2,0
104963,36.0,61320.79,52.6,8.3,6.5,0
104964,24.0,37977.99,85.9,2.6,9.0,0
104965,22.0,20357.51,89.0,1.6,12.6,0
104966,24.0,40016.0,83.3,4.8,8.2,0
104967,30.0,63646.39,38.8,6.1,3.4,0
104968,32.0,68647.93,63.3,6.7,8.0,0
104969,21.0,45977.57,81.0,1.8,12.6,0
104970,58.0,81760.86,20.8,9.6,2.0,0
104971,52.0,67141.88,30.8,11.6,5.0,0
104972,27.0,34312.89,95.9,5.2,10.7,0
104973,31.0,54461.45,43.7,7.3,8.0,0
104974,47.0,146736.42,82.5,20.1,4.9,0
104975,49.0,94811.24,27.9,11.5,4.9,0
104976,35.0,62003.45,48.6,8.0,8.3,0
104977,32.0,47567.58,70.3,10.5,7.7,0
104978,22.0,38026.56,82.7,2.6,12.9,0
104979,39.0,122591.71,75.6,18.2,9.9,0
104980,49.0,100878.28,72.4,21.8,6.2,0
104981,39.0,83527.12,73.0,19.2,9.7,0
104982,19.0,31949.81,80.2,3.1,6.7,0
104983,36.0,52909.46,39.3,8.4,7.4,0
104984,27.0,28921.54,84.3,5.0,15.3,0
104985,40.0,66294.25,44.2,6.8,2.7,0
104986,32.0,83818.45,47.8,2.3,9.4,0
104987,49.0,108132.93,23.3,11.1,7.6,0
104988,18.0,31025.03,80.9,1.6,10.7,0
104989,43.0,153470.48,90.4,23.4,9.4,0
104990,23.0,34539.69,75.7,0.0,9.9,0
104991,29.0,23563.06,68.2,1.8,11.1,0
104992,55.0,119605.23,72.9,18.0,7.1,0
104993,52.0,87052.99,62.4,13.5,2.6,0
104994,42.0,64864.68,58.6,6.6,6.2,0
104995,46.0,66380.38,38.7,11.6,6.6,0
104996,20.0,25675.85,85.8,2.4,12.6,0
104997,24.0,42814.53,85.6,3.8,12.4,0
104998,35.0,43665.08,61.6,10.9,0.1,0
104999,38.0,44867.28,57.8,7.2,9.2,0
105000,53.0,118487.17,46.7,11.6,7.3,0
105001,22.0,29207.22,66.0,5.6,9.1,0
105002,40.0,104269.33,30.7,11.4,3.3,0
105003,50.0,141644.83,51.6,13.4,4.7,0
105004,30.0,33403.48,86.2,4.1,10.4,0
105005,29.0,29579.79,78.6,1.0,7.4,0
105006,23.0,67095.3,65.3,9.2,3.7,0
105007,54.0,94987.84,42.4,10.7,3.0,0
105008,44.0,82740.67,35.0,12.3,0.0,0
105009,49.0,97741.4,49.1,10.3,5.5,0
105010,33.0,57025.14,49.2,4.9,5.6,0
105011,29.0,27651.37,68.9,3.4,10.0,0
105012,36.0,64834.5,47.9,5.2,10.0,0
105013,23.0,35435.5,90.2,4.7,5.9,0
105014,51.0,112798.22,40.2,12.4,0.0,0
105015,21.0,32399.32,63.7,4.6,9.6,0
105016,26.0,55676.62,55.1,6.7,11.3,0
105017,39.0,46761.51,43.1,6.5,7.4,0
105018,41.0,81305.61,75.8,6.1,9.8,0
105019,54.0,76347.55,16.1,12.3,0.0,0
105020,32.0,54357.27,60.2,9.6,7.0,0
105021,40.0,87874.63,76.6,18.1,6.4,0
105022,49.0,109991.74,65.2,17.5,6.3,0
105023,46.0,151690.63,82.5,19.0,7.7,0
105024,50.0,102785.25,33.1,12.1,5.5,0
105025,53.0,100276.98,27.1,14.7,0.7,0
105026,54.0,86692.12,45.8,13.8,4.0,0
105027,44.0,59908.62,66.8,5.5,8.2,0
105028,31.0,62217.3,57.5,8.8,5.0,0
105029,67.0,71366.32,37.3,12.6,5.6,0
105030,21.0,33392.6,72.4,6.7,8.1,0
105031,23.0,28179.2,70.0,0.2,12.0,0
105032,40.0,119911.82,62.4,18.6,8.1,0
105033,24.0,27614.56,82.4,1.7,10.2,0
105034,35.0,43156.51,78.3,8.1,7.5,0
105035,54.0,130094.85,46.4,12.7,1.9,0
105036,21.0,21613.24,74.3,4.3,11.9,0
105037,46.0,127012.83,77.5,19.6,1.3,0
105038,26.0,43986.85,75.1,0.0,7.6,0
105039,34.0,124014.13,59.8,19.9,10.3,0
105040,54.0,115968.56,29.3,12.1,10.6,0
105041,27.0,35356.91,70.3,2.2,7.0,0
105042,32.0,23024.71,87.1,4.2,5.2,0
105043,42.0,59112.92,44.8,7.7,4.5,0
105044,35.0,56355.83,49.2,4.6,9.4,0
105045,26.0,33501.41,74.4,3.1,7.8,0
105046,39.0,183098.03,80.8,16.9,3.5,0
105047,18.0,28347.15,79.1,3.2,10.4,0
105048,45.0,113833.29,87.1,17.6,8.9,0
105049,21.0,33794.18,98.8,1.0,6.7,0
105050,39.0,131604.51,66.8,15.9,7.9,0
105051,32.0,31137.04,77.0,3.7,11.9,0
105052,43.0,64678.86,58.0,5.0,9.2,0
105053,48.0,80028.96,36.9,15.1,6.2,0
105054,24.0,26346.04,93.2,2.9,9.1,0
105055,46.0,128709.12,64.5,16.7,6.0,0
105056,18.0,24863.81,87.7,4.3,7.5,0
105057,40.0,65451.93,54.8,4.5,8.0,0
105058,45.0,62162.62,68.0,6.6,9.8,0
105059,51.0,53868.89,27.8,12.3,7.2,0
105060,23.0,32171.74,72.1,6.1,14.5,0
105061,21.0,23265.47,59.9,4.2,10.4,0
105062,20.0,33565.81,65.7,4.6,8.9,0
105063,31.0,57904.12,54.0,7.7,10.5,0
105064,30.0,32919.48,76.1,1.9,4.7,0
105065,43.0,118554.51,84.2,17.6,10.2,0
105066,34.0,54461.62,64.0,7.6,8.0,0
105067,52.0,108498.57,41.4,7.6,3.2,0
105068,41.0,50621.99,41.1,6.7,8.6,0
105069,22.0,39447.37,96.4,0.0,8.8,0
105070,25.0,69376.86,51.2,6.0,10.4,0
105071,29.0,44372.09,35.2,9.5,10.1,0
105072,35.0,47768.26,66.3,12.5,6.3,0
105073,30.0,75857.29,46.7,6.3,0.0,0
105074,34.0,47734.31,70.6,5.0,9.3,0
105075,42.0,143159.18,77.2,17.9,6.1,0
105076,20.0,34931.72,59.0,6.4,10.4,0
105077,34.0,64969.51,52.1,6.6,3.6,0
105078,26.0,31548.09,79.9,6.0,7.6,0
105079,35.0,43570.2,63.5,7.0,7.1,0
105080,51.0,85112.95,60.0,12.1,4.9,0
105081,18.0,37098.22,76.8,3.9,12.7,0
105082,51.0,83423.4,11.7,11.2,2.0,0
105083,30.0,78216.44,67.8,3.3,7.5,0
105084,20.0,34112.73,70.0,1.9,12.9,0
105085,47.0,178038.9,69.8,15.1,10.8,0
105086,41.0,69011.5,50.6,4.9,8.6,0
105087,48.0,89733.66,64.1,16.3,6.4,0
105088,33.0,53938.86,65.2,10.0,5.5,0
105089,41.0,142210.33,58.1,15.3,4.5,0
105090,39.0,65035.46,69.4,3.5,2.4,0
105091,38.0,52268.15,50.0,9.0,5.3,0
105092,50.0,90723.45,33.1,13.4,0.4,0
105093,35.0,74972.07,79.3,4.3,8.0,0
105094,35.0,60897.46,50.1,8.5,9.1,0
105095,56.0,106708.8,54.5,22.1,7.8,0
105096,50.0,98218.93,21.1,12.8,3.8,0
105097,57.0,109654.92,44.4,12.4,8.8,0
105098,55.0,85883.64,26.9,10.6,5.8,0
105099,36.0,143908.67,63.7,15.5,4.7,0
105100,43.0,159247.13,65.2,13.8,17.5,0
105101,58.0,110941.97,51.3,12.2,3.6,0
105102,43.0,77055.32,64.2,8.8,3.3,0
105103,23.0,41813.97,86.0,0.1,8.4,0
105104,60.0,102784.21,36.8,12.4,3.7,0
105105,40.0,118993.56,82.1,18.5,10.1,0
105106,39.0,77721.28,62.5,8.6,7.5,0
105107,19.0,30700.45,83.9,4.4,14.4,0
105108,34.0,64522.14,56.7,10.2,8.1,0
105109,38.0,61602.04,55.7,4.1,3.2,0
105110,44.0,141364.56,73.8,19.9,8.3,0
105111,22.0,30790.54,80.4,2.2,13.2,0
105112,52.0,99303.43,26.8,14.1,8.3,0
105113,45.0,101855.2,33.9,12.6,5.4,0
105114,32.0,159139.07,83.1,20.4,5.2,0
105115,24.0,28895.84,58.8,1.8,6.7,0
105116,45.0,98887.51,62.2,17.0,10.3,0
105117,66.0,100182.84,24.7,10.6,6.0,0
105118,45.0,113753.9,37.7,11.7,0.0,0
105119,29.0,27613.04,79.5,2.7,5.2,0
105120,35.0,48493.23,51.5,7.9,9.1,0
105121,52.0,79884.57,28.5,10.7,0.0,0
105122,36.0,43406.6,58.8,4.1,3.4,0
105123,39.0,62274.19,39.2,5.9,7.8,0
105124,49.0,89132.1,37.4,12.1,1.0,0
105125,52.0,90086.41,52.2,11.8,4.4,0
105126,25.0,30143.53,70.8,3.9,11.4,0
105127,46.0,70285.36,65.6,8.4,4.9,0
105128,18.0,26219.31,84.9,5.8,12.2,0
105129,42.0,182252.2,67.6,15.7,8.8,0
105130,49.0,118736.24,55.0,18.1,10.3,0
105131,21.0,72907.43,44.3,8.4,1.0,0
105132,18.0,35563.82,90.2,3.0,17.2,0
105133,19.0,26036.28,75.0,2.3,10.9,0
105134,32.0,68333.42,63.4,10.2,5.5,0
105135,45.0,155267.22,71.9,17.6,1.8,0
105136,36.0,68645.76,57.4,5.4,2.0,0
105137,26.0,32190.83,91.9,0.1,8.6,0
105138,18.0,37905.84,90.4,6.8,11.6,0
105139,28.0,34511.84,83.7,3.1,11.9,0
105140,54.0,145510.72,72.2,18.4,7.6,0
105141,53.0,91870.74,46.4,14.1,10.5,0
105142,52.0,99935.7,37.5,12.4,7.4,0
105143,28.0,67141.51,78.0,9.7,10.7,0
105144,47.0,124986.31,64.5,16.5,4.6,0
105145,41.0,78386.93,62.3,8.6,7.9,0
105146,46.0,86650.34,75.1,17.1,7.9,0
105147,44.0,121966.86,61.2,16.5,3.7,0
105148,30.0,50640.33,43.6,8.1,4.3,0
105149,34.0,129888.42,60.9,20.9,8.4,0
105150,18.0,35275.69,78.8,2.5,14.7,0
105151,47.0,112701.0,30.9,12.0,1.8,0
105152,21.0,29488.41,59.0,3.7,10.3,0
105153,29.0,69365.08,72.6,5.7,4.6,0
105154,30.0,34322.73,76.6,4.6,10.8,0
105155,31.0,31903.49,82.3,5.2,2.7,0
105156,30.0,29090.59,83.0,6.3,9.1,0
105157,34.0,61389.07,43.5,11.4,6.9,0
105158,60.0,89302.15,35.3,13.9,0.7,0
105159,35.0,72119.91,55.9,6.0,10.3,0
105160,43.0,79411.09,51.3,5.8,5.6,0
105161,47.0,109840.7,60.6,16.6,5.2,0
105162,47.0,160587.69,67.2,17.6,0.4,0
105163,22.0,39165.17,72.9,0.8,14.1,0
105164,30.0,79254.03,86.9,6.8,10.7,0
105165,44.0,65708.7,27.0,13.6,4.0,0
105166,51.0,72926.71,33.7,10.7,1.2,0
105167,31.0,64142.04,50.8,7.0,1.7,0
105168,55.0,99116.2,32.7,12.3,6.8,0
105169,18.0,32384.17,64.9,3.2,9.2,0
105170,36.0,71468.29,66.2,9.2,5.8,0
105171,56.0,103663.51,31.3,12.2,3.6,0
105172,59.0,108854.7,31.6,11.2,6.9,0
105173,50.0,147951.48,78.6,20.6,7.5,0
105174,24.0,34803.56,73.7,6.4,8.7,0
105175,24.0,43038.33,59.4,3.4,8.0,0
105176,24.0,25054.13,74.3,3.0,10.7,0
105177,28.0,18614.68,76.7,2.7,9.8,0
105178,24.0,27218.52,62.5,3.4,7.0,0
105179,38.0,51540.83,64.9,6.9,7.0,0
105180,35.0,57461.35,55.7,9.4,2.4,0
105181,49.0,113068.89,43.2,14.7,3.8,0
105182,29.0,49636.49,55.0,8.5,6.2,0
105183,22.0,34286.35,78.3,2.1,7.0,0
105184,57.0,112917.61,24.4,11.2,6.0,0
105185,18.0,34103.42,74.7,0.6,15.3,0
105186,41.0,153212.55,60.8,21.1,13.8,0
105187,18.0,31052.13,91.3,2.1,11.2,0
105188,28.0,53202.54,61.1,5.8,5.9,0
105189,35.0,156482.47,58.6,21.1,6.0,0
105190,56.0,107007.7,25.1,10.8,2.6,0
105191,50.0,72809.87,40.3,10.6,3.7,0
105192,57.0,104777.73,28.8,14.1,6.0,0
105193,20.0,29039.08,88.0,4.6,5.5,0
105194,47.0,106890.98,23.3,13.6,9.8,0
105195,45.0,116740.69,73.8,20.1,8.3,0
105196,45.0,119854.79,64.8,19.8,5.9,0
105197,23.0,58581.33,100.0,39.7,11.9,1
105198,36.0,69350.17,59.2,7.7,6.4,0
105199,54.0,82518.32,54.8,7.2,5.7,0
105200,38.0,66143.5,46.2,3.6,8.8,0
105201,31.0,33268.52,86.1,2.1,11.0,0
105202,30.0,30193.97,89.9,0.0,8.2,0
105203,27.0,42960.19,78.1,0.9,15.6,0
105204,35.0,69418.93,54.7,7.3,5.3,0
105205,35.0,38861.5,95.7,1.4,4.5,0
105206,23.0,46494.88,74.8,5.1,6.9,0
105207,20.0,31540.4,99.1,5.2,3.8,0
105208,46.0,111051.88,65.2,19.0,12.2,0
105209,31.0,33909.82,81.5,5.7,5.3,0
105210,33.0,27760.75,80.6,2.0,6.5,0
105211,38.0,64639.74,56.9,6.7,11.6,0
105212,35.0,39216.72,80.8,0.0,11.9,0
105213,46.0,159437.59,60.6,19.7,12.7,0
105214,38.0,157253.36,63.9,17.8,5.2,0
105215,34.0,58172.58,62.1,8.8,10.6,0
105216,33.0,66016.13,47.0,6.8,7.1,0
105217,31.0,68239.62,56.4,7.3,10.7,0
105218,22.0,36897.14,92.4,5.8,9.4,0
105219,31.0,54077.16,42.1,8.4,9.2,0
105220,25.0,24073.46,74.3,5.8,11.8,0
105221,28.0,51054.42,81.3,0.0,6.7,0
105222,54.0,95320.44,33.3,11.7,1.6,0
105223,26.0,40031.52,95.3,6.4,7.1,0
105224,24.0,30192.28,83.9,2.8,9.3,0
105225,43.0,63097.9,59.2,7.8,9.0,0
105226,39.0,79321.85,45.1,7.6,6.7,0
105227,22.0,36364.82,91.0,1.8,15.1,0
105228,18.0,35399.91,69.1,1.7,10.2,0
105229,22.0,15507.53,84.1,4.6,9.5,0
105230,23.0,29852.15,60.9,0.0,12.4,0
105231,48.0,155040.1,75.8,19.6,10.1,0
105232,39.0,145606.01,69.0,17.4,11.4,0
105233,44.0,35814.82,55.4,6.4,10.5,0
105234,29.0,28636.31,66.2,8.9,1.6,0
105235,51.0,121166.1,24.2,12.2,5.5,0
105236,45.0,85358.3,18.1,11.7,1.6,0
105237,25.0,35656.59,91.9,7.7,10.6,0
105238,22.0,29841.93,68.4,3.9,8.5,0
105239,39.0,51587.42,53.3,7.9,6.6,0
105240,42.0,94740.2,27.0,14.4,6.9,0
105241,18.0,36616.63,81.9,0.0,12.6,0
105242,30.0,74782.42,51.5,4.0,13.4,0
105243,28.0,53004.77,51.9,6.1,9.1,0
105244,24.0,37784.78,81.7,0.0,11.6,0
105245,37.0,55029.14,78.7,8.2,9.8,0
105246,57.0,87817.08,41.3,12.6,2.3,0
105247,30.0,62270.42,63.9,7.0,6.5,0
105248,24.0,30347.0,93.5,3.5,8.5,0
105249,18.0,30864.08,72.2,1.8,12.8,0
105250,43.0,97602.38,78.2,14.8,10.1,0
105251,34.0,62969.88,57.8,6.7,7.6,0
105252,24.0,42769.64,80.2,3.5,7.9,0
105253,26.0,26104.12,89.5,0.0,7.5,0
105254,35.0,150575.02,67.8,19.4,5.1,0
105255,55.0,104915.21,37.1,12.1,4.4,0
105256,38.0,112903.21,77.4,17.3,9.4,0
105257,60.0,87182.61,29.0,11.4,4.1,0
105258,39.0,61683.2,78.8,7.8,9.3,0
105259,36.0,73292.04,55.9,5.7,9.7,0
105260,24.0,33412.72,87.8,3.3,9.6,0
105261,49.0,113154.74,31.6,11.9,4.9,0
105262,53.0,112334.26,34.3,14.8,3.3,0
105263,26.0,30941.46,98.9,2.3,9.2,0
105264,44.0,133277.31,75.1,20.5,8.4,0
105265,37.0,59442.69,52.9,7.2,7.0,0
105266,30.0,26475.71,92.5,2.7,10.4,0
105267,31.0,68271.22,48.4,7.7,7.8,0
105268,41.0,87955.09,93.6,15.9,8.8,0
105269,39.0,166409.69,68.2,16.5,9.8,0
105270,30.0,57387.81,64.9,10.0,4.1,0
105271,40.0,148873.87,52.0,20.7,5.0,0
105272,41.0,146573.28,72.5,16.1,13.2,0
105273,30.0,111725.41,65.6,16.1,11.7,0
105274,35.0,179248.07,1.0,33.6,1.7,1
105275,35.0,54166.01,60.4,6.1,9.9,0
105276,51.0,87751.17,44.7,12.5,6.3,0
105277,58.0,89976.01,35.4,13.7,0.0,0
105278,51.0,91154.77,38.7,10.4,7.3,0
105279,20.0,29356.06,71.4,5.5,3.7,0
105280,61.0,120194.64,29.4,14.1,4.4,0
105281,51.0,163956.47,93.9,14.9,8.6,0
105282,27.0,56211.16,80.5,7.9,10.0,0
105283,46.0,151351.64,66.8,16.6,6.4,0
105284,22.0,61084.45,60.4,5.8,6.6,0
105285,27.0,37096.46,66.0,1.4,12.3,0
105286,27.0,39743.74,91.0,7.8,9.1,0
105287,60.0,79267.75,58.9,12.9,5.6,0
105288,57.0,71823.29,24.3,12.2,5.0,0
105289,46.0,51406.93,73.4,6.5,6.2,0
105290,51.0,89779.76,39.9,11.2,0.0,0
105291,35.0,67096.09,44.0,8.2,10.5,0
105292,43.0,65768.33,40.0,8.3,9.9,0
105293,40.0,138168.39,76.8,21.6,7.2,0
105294,56.0,100408.69,37.0,14.7,1.5,0
105295,53.0,95464.87,19.9,14.5,6.5,0
105296,52.0,90530.42,35.0,13.4,4.2,0
105297,40.0,126969.59,71.9,16.1,9.0,0
105298,20.0,26503.01,100.0,6.9,10.4,0
105299,28.0,37880.66,77.2,3.6,9.2,0
105300,30.0,39311.93,93.6,3.5,16.5,0
105301,52.0,130002.51,30.4,9.4,10.1,0
105302,55.0,103876.99,31.4,10.3,1.7,0
105303,53.0,92431.57,15.6,15.4,2.7,0
105304,42.0,54124.97,59.5,8.9,9.5,0
105305,23.0,34933.53,84.8,2.7,6.7,0
105306,49.0,88515.19,35.3,15.2,6.7,0
105307,39.0,186280.36,71.2,19.3,5.2,0
105308,34.0,73583.39,49.2,7.1,8.4,0
105309,19.0,21761.42,87.1,8.7,11.4,0
105310,39.0,52133.75,72.7,6.2,10.5,0
105311,39.0,69049.74,63.9,8.1,7.9,0
105312,29.0,27817.96,75.6,5.9,10.5,0
105313,34.0,73549.14,66.4,4.4,9.2,0
105314,53.0,107173.52,35.1,12.9,0.0,0
105315,32.0,70259.53,84.2,7.7,4.9,0
105316,37.0,52029.38,70.5,7.1,10.2,0
105317,23.0,38577.69,61.8,3.0,11.6,0
105318,42.0,149059.65,75.4,20.1,9.9,0
105319,38.0,71814.81,44.5,5.5,2.8,0
105320,39.0,66618.16,71.9,7.7,5.1,0
105321,25.0,21197.57,73.9,0.0,11.0,0
105322,51.0,92738.09,25.7,10.7,6.1,0
105323,36.0,152743.33,63.9,14.6,11.7,0
105324,31.0,28892.66,72.5,2.5,7.6,0
105325,21.0,34592.35,98.7,2.3,13.1,0
105326,26.0,22367.93,77.8,2.7,14.4,0
105327,60.0,101443.27,47.1,11.7,7.4,0
105328,44.0,167661.4,84.0,19.4,5.8,0
105329,34.0,70395.17,66.9,7.3,6.1,0
105330,37.0,58892.21,55.3,10.9,5.6,0
105331,55.0,97615.0,22.7,9.5,3.8,0
105332,42.0,126299.94,31.4,11.1,7.7,0
105333,23.0,35750.01,72.3,3.1,12.9,0
105334,20.0,35039.75,53.8,5.5,8.3,0
105335,36.0,60906.84,48.3,4.9,8.6,0
105336,55.0,79861.82,40.4,13.1,2.9,0
105337,46.0,94358.01,38.7,11.9,2.2,0
105338,54.0,116637.05,27.3,11.4,12.2,0
105339,44.0,108076.47,67.2,16.5,9.1,0
105340,26.0,28333.83,96.6,3.2,8.6,0
105341,30.0,52014.42,45.5,6.6,4.3,0
105342,28.0,28633.67,86.4,4.0,11.9,0
105343,47.0,190231.75,63.5,19.7,9.2,0
105344,57.0,96894.64,46.8,9.4,1.0,0
105345,33.0,61165.79,58.5,5.5,4.0,0
105346,21.0,22154.39,75.1,2.9,11.3,0
105347,53.0,125667.11,43.1,13.5,5.1,0
105348,55.0,91225.35,36.0,15.8,3.8,0
105349,45.0,106915.42,43.8,12.3,0.0,0
105350,30.0,33324.26,74.9,5.4,3.9,0
105351,44.0,126372.01,86.9,18.5,5.4,0
105352,58.0,52950.55,40.1,9.5,2.6,0
105353,51.0,110562.92,57.0,8.4,5.3,0
105354,63.0,85202.9,28.7,12.5,6.5,0
105355,46.0,130960.71,64.0,20.6,5.7,0
105356,33.0,103374.43,66.2,21.0,4.4,0
105357,60.0,117346.6,37.3,6.9,0.4,0
105358,33.0,81314.63,52.3,5.5,7.6,0
105359,29.0,61725.22,50.0,12.4,4.2,0
105360,53.0,111267.79,74.6,19.0,8.4,0
105361,52.0,109730.91,39.2,11.7,2.0,0
105362,23.0,30974.21,76.0,3.2,5.8,0
105363,19.0,36791.02,55.5,5.4,8.3,0
105364,51.0,170900.63,68.7,17.6,12.8,0
105365,49.0,164513.05,83.4,15.8,8.6,0
105366,39.0,111946.62,73.6,17.2,7.5,0
105367,33.0,48000.04,75.0,7.3,2.7,0
105368,53.0,121015.77,44.6,11.0,2.5,0
105369,38.0,121295.2,65.4,15.1,6.7,0
105370,38.0,57379.79,60.2,10.2,12.5,0
105371,24.0,37069.85,76.3,2.0,6.6,0
105372,43.0,167326.43,59.3,17.4,7.0,0
105373,25.0,33513.53,83.4,6.8,7.4,0
105374,47.0,99229.95,49.5,9.1,5.0,0
105375,51.0,109608.33,41.3,12.1,5.5,0
105376,49.0,108683.84,48.9,12.2,2.8,0
105377,23.0,36548.71,77.6,0.6,12.9,0
105378,47.0,102258.85,16.3,12.2,3.8,0
105379,18.0,33917.01,67.0,3.2,8.8,0
105380,36.0,113647.7,62.3,20.0,10.5,0
105381,35.0,29051.59,72.6,3.3,8.9,0
105382,49.0,95930.66,42.0,7.8,2.3,0
105383,45.0,92369.49,39.3,14.2,2.7,0
105384,25.0,22310.96,69.4,3.4,5.9,0
105385,30.0,35015.45,69.0,0.0,7.8,0
105386,48.0,74189.34,20.9,11.5,6.2,0
105387,20.0,34562.53,74.7,4.2,7.6,0
105388,25.0,32691.96,91.6,4.1,10.8,0
105389,29.0,56138.23,50.0,5.4,7.0,0
105390,44.0,147054.52,84.6,19.0,4.3,0
105391,53.0,104992.85,47.6,11.7,3.6,0
105392,41.0,63992.99,42.0,3.4,12.5,0
105393,34.0,135786.26,80.8,14.5,4.8,0
105394,30.0,82100.57,78.2,5.5,8.7,0
105395,38.0,58866.35,41.7,11.6,1.6,0
105396,37.0,54772.81,68.1,8.7,4.1,0
105397,32.0,44700.31,59.9,8.4,5.7,0
105398,35.0,83291.57,67.4,9.7,0.3,0
105399,55.0,99298.47,22.5,9.9,3.3,0
105400,18.0,27399.49,73.4,4.1,7.9,0
105401,50.0,112516.13,17.4,12.5,5.2,0
105402,26.0,29112.2,100.0,29.4,7.4,1
105403,30.0,62225.45,50.6,9.1,6.2,0
105404,30.0,34584.94,74.1,5.2,8.0,0
105405,50.0,104048.62,37.3,10.7,0.0,0
105406,52.0,82566.28,35.3,11.2,1.8,0
105407,35.0,61180.58,65.0,7.8,13.3,0
105408,25.0,28123.92,76.3,4.1,13.0,0
105409,31.0,26142.06,90.8,2.9,7.2,0
105410,42.0,170511.03,76.6,15.6,4.4,0
105411,18.0,27786.34,78.8,0.7,8.7,0
105412,59.0,122664.52,50.5,8.4,9.0,0
105413,36.0,62870.14,68.3,8.4,1.4,0
105414,21.0,29891.45,64.7,5.0,14.3,0
105415,52.0,100105.94,34.9,12.2,7.4,0
105416,27.0,67424.91,58.1,5.6,5.5,0
105417,33.0,24353.6,76.3,6.3,6.2,0
105418,41.0,141066.2,76.1,17.8,5.3,0
105419,26.0,31420.53,84.3,4.8,5.5,0
105420,41.0,59158.34,66.3,8.0,12.6,0
105421,36.0,57499.0,52.9,4.9,9.4,0
105422,30.0,70920.5,55.8,3.5,11.5,0
105423,35.0,93601.92,37.3,7.4,5.3,0
105424,21.0,30568.53,91.4,3.3,8.9,0
105425,42.0,184757.81,76.0,16.2,6.5,0
105426,46.0,87275.76,51.1,11.7,0.0,0
105427,45.0,130107.03,77.6,17.5,12.3,0
105428,38.0,110637.91,81.4,14.0,7.5,0
105429,47.0,84701.21,72.6,15.0,2.5,0
105430,47.0,91863.99,27.9,14.2,4.2,0
105431,34.0,47381.47,60.2,11.1,4.9,0
105432,33.0,50162.43,69.8,8.9,5.7,0
105433,49.0,78860.11,32.1,14.0,4.1,0
105434,42.0,53963.0,34.9,12.2,7.6,0
105435,56.0,81533.49,21.4,12.3,0.0,0
105436,23.0,37888.51,82.5,3.5,15.2,0
105437,45.0,92008.46,70.5,21.9,7.1,0
105438,33.0,37896.19,73.9,0.8,11.0,0
105439,49.0,100218.31,73.2,13.9,7.0,0
105440,18.0,35238.48,71.1,5.3,8.4,0
105441,21.0,22696.65,81.9,4.0,12.8,0
105442,46.0,150112.0,78.0,19.4,10.7,0
105443,35.0,128362.18,55.8,18.7,12.9,0
105444,56.0,84619.4,40.1,12.7,4.7,0
105445,36.0,173141.42,60.2,17.3,10.9,0
105446,22.0,32456.78,79.2,3.1,10.3,0
105447,44.0,141882.51,63.0,14.9,11.0,0
105448,41.0,65766.2,61.3,5.2,0.0,0
105449,35.0,40825.55,59.8,9.6,5.2,0
105450,33.0,50774.96,58.4,6.9,3.9,0
105451,29.0,47565.65,89.9,2.8,9.6,0
105452,49.0,85865.64,44.6,14.0,0.5,0
105453,54.0,114000.24,31.5,11.6,6.1,0
105454,28.0,34471.38,80.5,3.8,9.2,0
105455,37.0,100773.32,78.0,18.2,9.4,0
105456,32.0,63144.86,58.8,9.6,9.6,0
105457,20.0,34906.22,70.5,0.0,15.2,0
105458,50.0,112774.82,28.4,10.4,2.4,0
105459,25.0,33014.6,83.0,2.0,10.1,0
105460,20.0,40463.16,64.9,1.4,8.7,0
105461,64.0,108112.82,26.5,13.6,5.5,0
105462,25.0,36007.89,78.6,3.3,5.3,0
105463,31.0,29422.37,65.6,2.0,8.6,0
105464,48.0,108297.81,44.7,8.1,2.5,0
105465,22.0,31008.44,95.1,1.4,14.7,0
105466,42.0,179607.54,68.9,17.1,7.9,0
105467,58.0,97707.21,37.1,13.3,1.4,0
105468,26.0,28381.87,92.7,3.8,12.1,0
105469,26.0,69887.13,56.2,4.1,7.3,0
105470,18.0,35519.52,92.3,0.0,9.9,0
105471,51.0,60978.34,44.2,13.3,10.1,0
105472,26.0,26936.96,83.1,5.6,8.6,0
105473,47.0,80656.29,86.8,19.6,0.4,0
105474,26.0,20557.74,71.9,4.4,9.6,0
105475,58.0,96089.86,34.6,14.2,3.0,0
105476,24.0,32614.41,77.3,5.3,8.0,0
105477,20.0,25884.72,56.6,6.0,7.3,0
105478,35.0,79387.12,56.6,8.0,2.7,0
105479,59.0,92920.67,24.8,10.0,9.1,0
105480,40.0,114885.82,67.7,18.1,8.5,0
105481,26.0,33352.22,84.5,2.5,16.2,0
105482,22.0,39789.79,72.0,0.1,5.0,0
105483,38.0,74967.46,46.5,5.2,8.2,0
105484,36.0,55464.18,45.2,7.6,9.0,0
105485,45.0,140668.14,61.4,18.6,8.7,0
105486,36.0,132380.99,75.7,17.8,2.1,0
105487,40.0,122186.71,77.6,23.2,8.4,0
105488,18.0,31075.49,78.1,4.5,13.7,0
105489,43.0,67995.48,58.0,10.0,6.0,0
105490,52.0,90837.23,13.7,14.5,6.0,0
105491,24.0,73179.58,55.0,9.0,7.2,0
105492,45.0,95450.65,26.0,9.6,6.6,0
105493,26.0,40626.0,74.1,1.1,11.9,0
105494,32.0,58538.23,63.3,6.7,5.5,0
105495,36.0,163609.66,68.3,19.2,9.5,0
105496,29.0,30643.13,74.5,0.8,8.4,0
105497,45.0,119410.23,75.2,20.9,6.7,0
105498,29.0,57386.44,43.8,9.7,7.3,0
105499,20.0,28775.23,66.2,5.0,15.5,0
105500,18.0,38009.18,75.5,5.5,4.5,0
105501,25.0,29650.5,84.6,3.1,10.1,0
105502,35.0,79435.26,56.3,8.7,8.9,0
105503,28.0,26155.04,85.1,3.7,6.4,0
105504,51.0,134232.18,31.1,11.3,5.4,0
105505,40.0,143539.42,67.5,18.8,7.8,0
105506,46.0,62513.44,55.8,9.1,2.8,0
105507,32.0,26306.35,89.9,5.9,8.4,0
105508,34.0,60781.57,64.2,5.0,6.7,0
105509,50.0,75312.56,24.5,12.3,4.3,0
105510,48.0,96355.04,28.5,14.6,3.7,0
105511,29.0,22250.11,81.2,4.2,9.6,0
105512,33.0,60282.65,65.4,4.6,9.1,0
105513,38.0,59089.56,55.8,7.1,12.0,0
105514,38.0,51479.56,53.6,4.7,1.3,0
105515,18.0,32691.64,90.7,5.0,6.5,0
105516,39.0,116345.17,46.2,17.7,10.4,0
105517,23.0,24697.38,69.5,2.3,12.3,0
105518,23.0,35657.08,77.2,3.5,7.2,0
105519,21.0,24766.54,100.0,33.0,0.0,1
105520,54.0,111657.82,26.9,13.0,3.4,0
105521,25.0,83795.12,56.0,7.4,5.1,0
105522,23.0,32931.18,67.6,6.4,12.5,0
105523,39.0,60417.71,50.4,9.1,8.8,0
105524,50.0,76454.67,19.2,12.1,3.3,0
105525,42.0,73073.0,58.4,6.8,3.5,0
105526,48.0,138570.41,78.1,20.4,6.3,0
105527,32.0,89550.76,63.9,6.4,10.7,0
105528,22.0,33874.8,72.3,3.0,9.2,0
105529,39.0,146120.13,65.6,19.2,7.1,0
105530,34.0,155645.37,78.4,22.5,8.1,0
105531,37.0,67341.06,68.2,8.9,8.0,0
105532,43.0,161235.08,71.3,15.4,3.5,0
105533,35.0,63338.85,82.7,6.8,7.1,0
105534,34.0,68905.87,60.8,5.7,4.0,0
105535,41.0,118747.05,69.7,18.3,6.5,0
105536,59.0,114825.65,32.7,10.1,3.9,0
105537,35.0,61299.35,54.0,4.9,7.1,0
105538,50.0,90520.91,35.9,11.9,4.2,0
105539,34.0,66019.22,50.8,4.8,4.3,0
105540,21.0,24582.26,61.1,4.0,13.8,0
105541,46.0,127825.96,54.8,18.4,3.2,0
105542,36.0,53076.69,35.2,10.0,3.2,0
105543,50.0,92794.6,30.3,12.9,1.8,0
105544,54.0,100446.43,21.2,12.5,0.8,0
105545,46.0,99968.62,30.9,12.7,5.1,0
105546,29.0,70265.3,60.9,5.8,6.6,0
105547,47.0,131945.8,93.2,21.0,8.4,0
105548,51.0,91842.08,29.0,12.3,6.1,0
105549,45.0,105991.52,44.3,13.1,3.6,0
105550,39.0,76499.98,57.4,7.0,13.4,0
105551,38.0,50758.6,66.7,7.8,5.0,0
105552,18.0,33374.32,77.4,0.5,9.7,0
105553,35.0,61303.45,62.9,3.5,3.7,0
105554,22.0,39638.79,1.0,41.7,10.1,1
105555,40.0,110466.31,39.5,12.6,0.3,0
105556,53.0,178317.68,74.9,20.0,8.2,0
105557,40.0,47411.07,35.3,4.5,4.6,0
105558,33.0,67000.94,55.4,6.9,3.4,0
105559,46.0,95702.87,29.6,12.0,5.6,0
105560,32.0,31882.2,96.1,3.8,12.1,0
105561,48.0,158137.61,64.0,20.2,6.9,0
105562,38.0,63482.62,69.4,7.8,2.8,0
105563,34.0,36809.22,72.5,0.7,12.8,0
105564,19.0,36612.13,88.7,1.7,7.8,0
105565,41.0,115080.22,74.3,18.7,10.2,0
105566,20.0,36838.17,68.1,4.7,5.5,0
105567,60.0,86082.07,41.0,13.4,0.2,0
105568,28.0,28827.69,74.9,1.7,14.8,0
105569,18.0,34478.46,71.8,5.2,17.0,0
105570,40.0,143529.48,68.1,20.1,7.3,0
105571,29.0,29709.07,100.0,0.0,11.1,0
105572,24.0,31730.81,80.9,3.1,10.7,0
105573,38.0,81518.63,30.3,10.7,14.7,0
105574,34.0,141205.98,85.7,19.8,13.0,0
105575,38.0,39314.03,71.0,8.3,11.4,0
105576,18.0,24995.9,78.2,5.7,14.8,0
105577,39.0,129757.74,100.0,16.9,10.0,0
105578,50.0,103118.39,26.3,10.3,2.9,0
105579,40.0,132336.26,77.3,21.8,6.2,0
105580,47.0,95162.61,26.5,8.7,7.2,0
105581,52.0,98052.24,15.7,10.8,0.0,0
105582,36.0,63499.07,59.3,5.7,4.4,0
105583,35.0,65984.26,52.2,5.1,4.3,0
105584,49.0,87259.7,24.0,11.1,7.7,0
105585,51.0,73815.67,12.4,15.7,7.4,0
105586,44.0,169300.12,77.3,17.8,4.3,0
105587,62.0,87526.6,31.2,12.1,4.2,0
105588,39.0,67129.0,52.2,7.1,8.6,0
105589,33.0,78144.67,57.8,10.2,2.8,0
105590,55.0,79774.68,28.7,13.8,3.3,0
105591,49.0,67781.19,51.0,8.0,6.3,0
105592,56.0,89935.21,39.1,12.4,4.2,0
105593,57.0,64164.38,36.0,10.6,0.0,0
105594,20.0,28430.22,75.6,3.7,11.6,0
105595,50.0,122097.06,1.0,48.1,3.0,1
105596,52.0,39032.27,47.1,11.8,0.5,0
105597,38.0,159195.47,80.8,16.7,3.9,0
105598,37.0,65508.81,63.7,5.9,6.6,0
105599,52.0,111532.48,48.3,15.2,7.9,0
105600,45.0,73306.88,52.1,10.1,2.9,0
105601,48.0,51116.37,66.9,9.9,8.4,0
105602,18.0,26539.84,81.6,4.3,9.5,0
105603,43.0,102983.67,89.7,17.2,10.4,0
105604,50.0,110892.91,73.3,18.6,7.2,0
105605,41.0,54553.55,58.5,6.3,14.0,0
105606,49.0,107738.58,53.0,10.2,4.3,0
105607,19.0,20405.58,70.1,1.9,8.5,0
105608,51.0,95104.78,100.0,32.8,7.6,1
105609,43.0,59096.46,66.9,5.6,6.0,0
105610,54.0,89276.42,1.0,46.1,1.5,1
105611,21.0,38095.36,83.4,3.4,5.6,0
105612,46.0,101794.25,41.3,12.5,2.6,0
105613,33.0,64408.67,45.5,7.2,2.8,0
105614,47.0,98047.46,40.8,12.7,0.7,0
105615,43.0,94857.81,16.0,13.9,0.8,0
105616,35.0,26458.93,82.6,1.5,9.5,0
105617,37.0,71600.86,68.2,8.5,10.1,0
105618,40.0,156349.66,68.6,20.0,8.3,0
105619,55.0,99984.23,42.6,10.4,0.0,0
105620,29.0,39747.17,76.8,4.6,5.1,0
105621,33.0,62914.61,40.6,3.9,7.5,0
105622,33.0,58131.1,53.9,4.4,6.3,0
105623,52.0,85035.65,30.0,11.6,6.5,0
105624,52.0,62059.79,23.1,13.9,1.9,0
105625,24.0,43087.37,84.3,0.0,14.3,0
105626,53.0,101315.04,38.0,13.8,3.8,0
105627,45.0,100532.29,21.2,15.6,2.9,0
105628,52.0,83439.96,38.4,12.9,2.0,0
105629,26.0,32390.1,77.0,1.5,16.9,0
105630,42.0,70128.53,69.3,7.6,6.0,0
105631,23.0,48396.11,79.7,9.3,7.6,0
105632,18.0,35656.31,75.2,4.4,6.7,0
105633,34.0,71877.86,77.3,5.7,4.0,0
105634,29.0,24742.87,66.1,3.5,16.3,0
105635,20.0,29870.21,79.1,2.1,4.7,0
105636,56.0,98186.16,38.7,11.7,8.5,0
105637,21.0,25796.19,94.6,0.0,9.5,0
105638,52.0,93041.16,19.5,9.6,6.9,0
105639,31.0,29596.29,68.7,0.0,12.8,0
105640,57.0,46935.45,10.8,12.3,4.8,0
105641,34.0,61632.29,55.5,7.1,4.3,0
105642,52.0,83468.33,27.4,8.3,3.5,0
105643,56.0,89432.5,31.5,14.5,7.1,0
105644,45.0,87189.07,58.6,4.7,5.4,0
105645,55.0,119625.8,24.5,12.5,1.6,0
105646,23.0,31069.11,81.8,7.1,11.4,0
105647,50.0,84827.71,33.1,10.3,4.4,0
105648,18.0,30783.52,76.7,0.7,8.9,0
105649,42.0,75303.27,52.7,8.0,2.5,0
105650,23.0,33329.44,93.3,5.4,10.6,0
105651,38.0,174234.6,68.6,18.9,7.6,0
105652,46.0,55191.91,67.2,6.8,8.7,0
105653,60.0,60721.81,34.3,10.2,5.3,0
105654,39.0,56749.48,52.8,7.4,3.2,0
105655,38.0,52874.36,65.3,4.4,5.3,0
105656,20.0,30282.61,91.8,4.7,8.6,0
105657,41.0,162309.9,60.4,18.0,6.2,0
105658,51.0,108835.75,28.3,13.9,10.6,0
105659,27.0,31515.66,89.6,0.8,14.6,0
105660,48.0,132074.41,27.8,13.3,0.0,0
105661,35.0,49950.62,43.6,9.4,3.3,0
105662,20.0,27094.73,89.4,5.0,13.8,0
105663,32.0,77061.54,50.1,5.5,4.9,0
105664,21.0,31477.07,69.6,3.5,2.2,0
105665,25.0,25723.44,71.3,1.7,12.8,0
105666,55.0,92169.23,27.8,13.6,9.4,0
105667,24.0,22793.68,71.0,4.1,8.7,0
105668,39.0,117264.99,72.9,14.9,7.9,0
105669,52.0,87313.18,24.6,14.0,0.0,0
105670,44.0,158339.38,73.6,20.5,4.6,0
105671,48.0,87112.9,1.0,39.1,6.1,1
105672,46.0,141986.27,82.5,14.3,8.8,0
105673,38.0,73368.12,46.4,4.8,3.9,0
105674,39.0,67988.29,48.5,10.8,7.9,0
105675,37.0,59682.88,67.3,7.8,12.7,0
105676,37.0,101051.79,64.6,19.1,6.7,0
105677,30.0,29733.11,88.8,1.3,13.5,0
105678,59.0,85342.16,39.9,12.5,5.6,0
105679,58.0,111641.92,40.1,13.3,0.2,0
105680,36.0,49707.22,57.8,9.2,7.0,0
105681,30.0,113620.64,77.8,16.9,10.4,0
105682,30.0,66259.98,62.3,8.6,5.0,0
105683,28.0,40677.78,55.3,3.1,4.6,0
105684,48.0,81686.38,34.3,12.8,6.7,0
105685,37.0,69517.68,47.2,9.1,0.0,0
105686,32.0,39759.87,85.5,7.5,4.6,0
105687,28.0,32778.21,80.4,0.7,11.2,0
105688,26.0,28027.93,77.3,0.4,8.8,0
105689,57.0,111771.8,42.7,13.9,6.9,0
105690,40.0,148556.58,82.9,15.2,3.8,0
105691,29.0,42073.37,47.5,5.9,11.5,0
105692,22.0,23265.71,79.7,2.6,7.7,0
105693,33.0,73908.71,43.9,3.7,8.4,0
105694,40.0,179115.67,70.5,17.8,10.4,0
105695,44.0,100772.72,31.3,14.1,2.1,0
105696,37.0,57993.96,62.1,6.5,7.8,0
105697,33.0,30352.72,82.0,7.6,11.2,0
105698,31.0,123210.17,60.0,19.8,7.7,0
105699,48.0,155411.23,78.1,15.6,9.5,0
105700,31.0,23664.72,74.8,3.7,10.3,0
105701,50.0,158358.39,76.1,19.6,10.3,0
105702,24.0,29956.24,87.9,1.5,9.8,0
105703,18.0,36214.45,90.3,1.1,9.5,0
105704,50.0,113388.08,49.2,11.0,0.0,0
105705,42.0,62503.26,58.5,8.9,5.9,0
105706,33.0,58030.29,62.9,8.8,11.9,0
105707,45.0,136355.43,80.9,16.1,12.3,0
105708,44.0,134237.01,62.3,19.3,7.2,0
105709,24.0,22373.92,73.7,1.9,11.3,0
105710,51.0,49704.27,30.8,9.1,0.9,0
105711,57.0,66118.38,37.9,11.0,1.9,0
105712,47.0,100463.85,39.3,8.5,7.5,0
105713,37.0,149792.95,60.2,17.1,4.2,0
105714,49.0,91563.33,23.5,12.6,5.3,0
105715,38.0,37349.29,89.8,0.0,4.1,0
105716,23.0,42292.06,100.0,1.6,8.2,0
105717,46.0,135031.59,70.3,19.3,16.1,0
105718,50.0,187101.99,53.6,20.1,5.2,0
105719,32.0,39818.2,84.0,1.5,8.5,0
105720,22.0,36391.04,82.0,5.8,14.8,0
105721,48.0,103125.86,39.6,11.8,6.8,0
105722,26.0,28690.55,76.6,2.3,7.8,0
105723,24.0,24529.71,82.7,5.8,10.2,0
105724,48.0,143914.3,61.8,22.0,0.7,0
105725,43.0,120632.47,87.8,18.4,15.7,0
105726,43.0,120826.79,54.9,20.2,5.5,0
105727,50.0,116000.63,45.5,10.8,2.6,0
105728,27.0,39060.49,65.6,8.7,8.1,0
105729,44.0,122204.6,86.7,14.4,6.6,0
105730,37.0,61995.4,58.0,6.0,8.6,0
105731,18.0,31170.53,82.3,2.3,10.0,0
105732,44.0,95627.32,55.3,18.3,6.2,0
105733,49.0,104730.03,25.1,7.2,9.0,0
105734,49.0,170168.67,60.8,17.8,4.2,0
105735,24.0,29995.46,67.2,4.0,9.2,0
105736,52.0,142161.66,46.5,14.4,14.3,0
105737,50.0,99104.14,35.1,14.8,0.0,0
105738,59.0,116552.36,35.1,12.8,2.9,0
105739,35.0,154623.22,74.5,18.5,9.4,0
105740,33.0,78664.85,58.1,8.1,6.2,0
105741,57.0,96778.28,34.1,14.4,0.0,0
105742,51.0,84523.76,38.7,12.6,4.0,0
105743,48.0,94589.07,38.2,11.6,7.3,0
105744,46.0,140479.61,48.5,17.6,9.9,0
105745,51.0,100185.66,32.8,12.5,8.2,0
105746,28.0,24537.45,61.4,3.9,13.5,0
105747,18.0,30791.51,100.0,2.5,17.6,0
105748,39.0,123698.06,65.0,15.4,2.9,0
105749,42.0,143650.6,64.8,17.0,12.3,0
105750,48.0,133481.36,76.3,14.7,8.8,0
105751,24.0,29844.81,78.3,2.7,6.1,0
105752,44.0,72611.12,54.1,3.5,0.0,0
105753,62.0,92030.39,42.6,10.1,3.1,0
105754,51.0,99128.99,35.9,10.2,1.2,0
105755,24.0,21895.16,69.8,2.7,11.2,0
105756,60.0,86852.45,35.4,8.3,5.0,0
105757,19.0,30224.57,82.8,4.0,5.6,0
105758,40.0,61566.16,70.7,9.9,11.8,0
105759,18.0,34317.16,62.2,5.6,14.3,0
105760,29.0,29554.31,100.0,46.1,10.0,1
105761,24.0,20489.55,69.9,7.5,9.7,0
105762,44.0,139781.5,67.9,18.1,6.8,0
105763,41.0,108444.49,51.1,9.7,2.8,0
105764,50.0,120560.64,75.9,26.7,9.9,0
105765,36.0,71839.89,65.8,5.7,1.8,0
105766,39.0,70301.45,55.0,10.3,11.3,0
105767,40.0,58890.58,37.1,6.7,1.5,0
105768,40.0,106066.41,46.7,8.1,3.2,0
105769,36.0,58736.76,44.2,9.7,2.9,0
105770,42.0,71496.95,39.8,11.5,1.7,0
105771,46.0,148382.23,48.9,19.0,11.5,0
105772,42.0,134080.15,90.9,16.6,7.5,0
105773,26.0,32279.02,75.3,3.2,14.7,0
105774,40.0,61166.15,49.4,5.5,9.9,0
105775,18.0,45842.37,77.7,0.2,10.5,0
105776,20.0,29586.64,62.9,2.5,3.6,0
105777,49.0,80853.05,30.0,10.5,4.1,0
105778,40.0,66024.43,71.0,6.0,8.0,0
105779,54.0,114693.24,27.7,13.6,1.4,0
105780,21.0,29934.14,82.5,0.8,7.2,0
105781,40.0,141220.77,62.6,18.5,6.9,0
105782,46.0,141586.13,89.5,18.2,4.3,0
105783,35.0,62235.92,48.9,10.0,6.1,0
105784,40.0,144574.84,62.9,19.9,10.3,0
105785,25.0,35407.35,73.0,0.0,9.0,0
105786,49.0,60175.24,24.4,9.5,0.8,0
105787,50.0,152900.86,81.6,19.0,11.2,0
105788,43.0,178194.93,59.7,17.9,4.9,0
105789,49.0,150578.79,83.9,15.2,6.2,0
105790,27.0,66031.85,53.7,8.5,7.1,0
105791,32.0,98158.47,72.8,18.9,1.4,0
105792,52.0,77602.43,23.9,10.7,4.4,0
105793,20.0,20559.81,79.2,2.3,7.2,0
105794,22.0,29996.36,78.4,2.5,10.5,0
105795,52.0,109016.77,50.8,12.0,2.1,0
105796,45.0,106052.56,26.0,16.7,12.3,0
105797,35.0,43418.59,64.5,11.2,3.1,0
105798,52.0,93405.13,57.5,18.6,11.1,0
105799,52.0,102685.07,46.0,14.4,2.1,0
105800,32.0,73757.91,62.5,8.2,5.0,0
105801,39.0,49785.54,60.5,7.2,7.4,0
105802,56.0,77554.52,41.8,12.0,1.6,0
105803,45.0,127296.35,34.3,11.3,0.6,0
105804,57.0,112289.55,43.2,11.9,6.3,0
105805,32.0,64428.58,57.5,7.5,1.6,0
105806,61.0,122676.88,23.5,13.2,0.0,0
105807,52.0,57453.07,32.1,11.0,7.5,0
105808,51.0,182612.89,83.6,18.2,9.2,0
105809,26.0,25201.37,89.5,4.4,12.2,0
105810,41.0,102742.01,45.1,12.0,2.5,0
105811,29.0,45994.9,59.5,6.5,6.3,0
105812,32.0,24765.93,74.5,6.4,9.1,0
105813,52.0,92005.91,42.1,7.9,3.4,0
105814,52.0,77930.72,38.4,13.6,5.4,0
105815,45.0,57163.71,63.0,8.0,6.3,0
105816,58.0,99928.85,23.0,13.5,2.5,0
105817,34.0,59224.61,65.4,9.2,6.5,0
105818,23.0,20208.44,70.9,1.1,10.9,0
105819,35.0,51857.39,59.5,6.9,0.0,0
105820,42.0,73281.54,55.6,7.7,6.0,0
105821,44.0,131999.68,42.5,13.9,3.1,0
105822,49.0,105470.24,69.5,19.5,6.1,0
105823,57.0,100194.17,37.1,10.6,5.2,0
105824,34.0,33009.65,83.6,4.4,6.6,0
105825,35.0,60180.66,36.8,8.6,4.2,0
105826,27.0,27633.76,98.4,2.4,15.8,0
105827,51.0,94085.67,50.7,10.2,4.1,0
105828,27.0,34325.82,78.4,2.8,12.5,0
105829,37.0,72784.78,61.9,8.3,10.4,0
105830,50.0,113920.28,33.4,9.2,3.0,0
105831,48.0,101418.22,32.1,12.3,7.0,0
105832,43.0,65266.55,68.9,6.6,2.3,0
105833,30.0,59815.89,66.0,6.6,10.6,0
105834,61.0,79810.5,56.2,8.7,9.5,0
105835,36.0,59401.46,57.9,5.4,11.5,0
105836,21.0,28748.41,64.2,1.5,7.9,0
105837,39.0,135572.23,60.9,21.2,7.5,0
105838,38.0,71617.59,78.2,8.8,6.3,0
105839,31.0,65773.14,68.6,7.3,7.2,0
105840,25.0,21230.03,79.5,4.5,9.9,0
105841,42.0,74910.85,53.0,7.9,7.1,0
105842,26.0,59911.0,47.7,7.3,9.0,0
105843,23.0,26815.8,80.3,7.9,3.5,0
105844,53.0,85701.29,30.7,11.8,3.0,0
105845,39.0,59301.62,36.4,9.6,10.4,0
105846,40.0,141254.25,84.2,20.1,12.1,0
105847,45.0,159392.25,86.1,17.3,9.3,0
105848,18.0,22900.12,83.0,4.3,8.8,0
105849,21.0,29951.93,79.9,0.0,11.4,0
105850,52.0,99231.04,33.8,9.2,0.7,0
105851,51.0,123805.85,80.1,15.8,8.0,0
105852,41.0,132755.05,68.6,20.9,13.8,0
105853,25.0,29622.86,64.7,0.2,14.3,0
105854,18.0,29463.66,79.6,0.0,6.2,0
105855,18.0,28165.54,80.6,5.1,8.0,0
105856,41.0,136986.56,63.9,18.8,9.3,0
105857,38.0,105934.14,36.3,12.5,7.5,0
105858,27.0,47988.72,57.3,2.4,6.4,0
105859,56.0,101782.52,35.8,11.5,2.7,0
105860,22.0,33317.45,62.5,5.9,7.8,0
105861,55.0,96374.21,23.5,14.6,7.2,0
105862,18.0,31576.23,80.1,0.0,3.6,0
105863,48.0,72543.92,24.6,9.4,3.6,0
105864,48.0,114048.82,36.8,13.6,0.0,0
105865,49.0,97329.3,39.5,10.7,2.5,0
105866,34.0,58675.84,79.6,7.6,7.1,0
105867,37.0,108869.28,69.9,20.3,7.4,0
105868,51.0,82273.35,17.6,12.9,3.2,0
105869,26.0,32890.68,68.4,3.5,6.1,0
105870,25.0,31638.06,93.4,1.3,6.0,0
105871,50.0,105415.37,7.0,13.8,3.4,0
105872,30.0,57894.84,50.6,4.5,1.2,0
105873,28.0,28777.39,74.1,4.7,10.2,0
105874,18.0,35875.31,92.8,4.0,7.4,0
105875,18.0,26807.98,79.0,5.9,7.7,0
105876,33.0,73399.32,53.7,10.4,6.6,0
105877,58.0,101545.58,42.1,11.6,3.7,0
105878,26.0,36597.28,83.3,0.0,10.8,0
105879,49.0,85665.45,39.6,15.4,3.3,0
105880,46.0,49757.49,70.3,7.9,7.6,0
105881,43.0,54896.29,70.8,6.6,5.1,0
105882,18.0,41131.64,89.4,2.0,11.6,0
105883,53.0,88965.19,44.6,10.7,0.0,0
105884,44.0,141682.51,66.1,16.2,3.3,0
105885,34.0,52232.41,67.6,8.0,5.5,0
105886,27.0,31380.95,75.3,2.9,15.3,0
105887,27.0,30280.74,86.9,4.7,10.8,0
105888,22.0,29727.05,67.2,3.4,8.2,0
105889,41.0,155725.25,88.9,18.7,7.7,0
105890,24.0,38554.68,81.9,3.4,10.8,0
105891,36.0,149840.01,63.2,18.8,5.8,0
105892,55.0,92382.46,23.5,11.4,10.6,0
105893,25.0,63856.37,47.9,9.8,9.4,0
105894,44.0,163119.29,74.4,18.0,6.2,0
105895,22.0,29327.01,78.1,0.0,13.1,0
105896,62.0,87609.11,46.7,11.7,2.2,0
105897,22.0,32493.59,70.8,4.2,8.4,0
105898,38.0,139498.11,65.1,17.3,7.8,0
105899,29.0,78280.94,66.1,5.7,6.9,0
105900,27.0,33202.19,96.8,2.5,13.6,0
105901,36.0,110243.85,88.8,17.1,4.5,0
105902,24.0,39280.51,70.4,2.9,4.4,0
105903,22.0,37743.87,70.2,0.5,7.7,0
105904,49.0,108076.61,38.8,13.1,4.1,0
105905,33.0,53335.76,62.3,10.2,4.2,0
105906,38.0,111377.14,80.3,17.9,9.7,0
105907,49.0,105571.83,32.1,8.9,6.8,0
105908,52.0,89693.89,37.8,9.1,5.3,0
105909,33.0,60257.87,69.4,8.3,6.5,0
105910,23.0,17251.12,69.8,3.3,7.7,0
105911,36.0,152099.77,85.1,16.6,10.6,0
105912,28.0,26373.53,70.7,6.6,6.6,0
105913,33.0,83937.76,52.3,9.7,3.9,0
105914,25.0,38254.9,73.3,3.2,12.2,0
105915,19.0,44904.44,88.4,2.3,9.3,0
105916,62.0,88932.67,30.3,14.3,0.0,0
105917,52.0,96439.12,28.0,8.9,4.2,0
105918,55.0,83388.15,23.2,14.5,5.6,0
105919,41.0,163205.54,74.4,21.6,10.0,0
105920,29.0,54648.47,51.9,7.6,6.1,0
105921,30.0,68574.8,68.0,6.8,7.6,0
105922,19.0,28990.18,73.2,4.1,10.8,0
105923,50.0,88683.56,15.3,15.2,0.0,0
105924,38.0,62420.84,55.3,7.0,5.0,0
105925,55.0,72537.99,38.3,10.6,2.7,0
105926,22.0,31047.55,83.0,2.9,12.8,0
105927,48.0,147780.95,78.8,22.0,3.8,0
105928,48.0,178930.12,76.3,21.8,13.3,0
105929,41.0,133436.85,77.3,16.8,16.1,0
105930,28.0,32268.06,63.9,3.5,6.4,0
105931,47.0,76944.65,85.8,17.2,2.9,0
105932,24.0,32096.9,77.4,5.8,11.1,0
105933,40.0,59224.22,62.3,4.4,7.8,0
105934,20.0,39601.11,78.8,4.3,10.8,0
105935,33.0,23012.31,76.9,1.1,3.9,0
105936,47.0,115041.81,34.7,11.6,6.3,0
105937,25.0,35532.8,81.2,4.1,8.7,0
105938,41.0,48472.61,57.1,9.2,6.5,0
105939,50.0,134132.34,49.2,12.3,1.1,0
105940,33.0,157858.27,84.7,18.8,2.9,0
105941,53.0,86674.85,36.6,15.9,6.4,0
105942,55.0,94224.61,39.1,10.6,5.7,0
105943,23.0,27263.81,86.2,0.0,8.4,0
105944,46.0,170859.53,76.7,16.7,7.8,0
105945,25.0,40988.68,87.2,4.9,10.2,0
105946,19.0,23901.2,75.0,4.4,8.5,0
105947,27.0,27422.61,71.6,5.8,12.3,0
105948,50.0,80797.58,44.5,13.8,5.9,0
105949,35.0,49784.36,57.9,9.8,4.3,0
105950,52.0,122972.04,32.0,11.7,0.0,0
105951,39.0,53734.93,42.5,5.1,7.6,0
105952,28.0,46534.3,63.6,6.9,4.3,0
105953,34.0,81397.98,70.8,6.8,9.4,0
105954,25.0,21780.64,58.5,1.2,5.3,0
105955,37.0,55862.67,62.3,7.9,9.1,0
105956,47.0,103817.99,25.4,13.4,7.7,0
105957,40.0,60023.81,63.7,3.9,1.7,0
105958,26.0,39532.55,65.7,3.0,11.3,0
105959,49.0,89196.56,41.1,12.2,4.3,0
105960,31.0,61652.37,54.0,6.3,5.4,0
105961,24.0,26998.72,78.1,2.3,7.2,0
105962,18.0,37457.4,100.0,41.1,12.0,1
105963,31.0,58572.44,52.7,6.4,8.9,0
105964,34.0,58209.62,65.4,7.1,5.2,0
105965,53.0,111974.52,45.6,9.4,0.2,0
105966,29.0,30343.89,56.0,1.5,8.7,0
105967,50.0,108080.28,25.7,13.9,4.9,0
105968,30.0,58434.67,62.9,7.1,8.1,0
105969,49.0,104486.53,31.0,17.1,0.0,0
105970,65.0,78735.37,47.7,13.7,1.3,0
105971,39.0,56466.76,60.7,7.3,6.0,0
105972,22.0,33963.42,69.0,1.3,12.9,0
105973,38.0,47417.59,48.0,2.7,9.7,0
105974,46.0,112563.32,78.5,22.0,3.4,0
105975,40.0,100657.98,81.5,17.8,6.8,0
105976,25.0,28792.06,74.0,3.5,8.2,0
105977,50.0,92323.51,35.9,13.2,5.7,0
105978,29.0,77712.74,58.6,6.3,4.3,0
105979,34.0,45592.81,96.7,3.2,11.0,0
105980,59.0,90883.16,40.4,12.5,9.8,0
105981,43.0,60460.24,73.3,7.0,5.4,0
105982,35.0,63645.11,50.1,6.0,2.7,0
105983,39.0,145910.58,82.4,19.8,9.3,0
105984,28.0,52391.21,56.0,8.9,5.3,0
105985,46.0,119765.73,27.7,9.7,4.7,0
105986,36.0,56418.59,58.0,5.1,5.5,0
105987,24.0,20273.47,87.6,0.3,7.2,0
105988,41.0,68353.52,58.9,3.6,5.2,0
105989,42.0,136383.36,83.4,22.0,9.8,0
105990,33.0,75552.85,52.1,1.8,3.3,0
105991,18.0,29789.14,76.2,0.0,7.4,0
105992,45.0,92828.25,26.5,14.0,4.5,0
105993,51.0,128539.92,93.4,18.0,6.4,0
105994,55.0,93921.65,66.5,14.7,2.5,0
105995,42.0,105546.55,21.7,11.5,6.7,0
105996,38.0,66619.35,70.1,10.2,3.2,0
105997,54.0,90345.1,33.5,9.0,2.4,0
105998,41.0,176042.4,60.4,13.2,8.0,0
105999,37.0,136482.67,78.6,17.8,6.7,0
106000,42.0,161354.46,60.5,19.5,5.0,0
106001,39.0,44779.11,63.4,6.8,7.3,0
106002,29.0,27270.5,77.7,3.6,9.1,0
106003,56.0,100639.94,29.2,14.5,5.7,0
106004,20.0,27089.05,75.8,3.9,3.4,0
106005,20.0,28673.73,63.6,1.0,10.4,0
106006,34.0,57420.76,44.2,6.6,2.5,0
106007,59.0,124810.9,30.3,9.8,6.6,0
106008,46.0,187243.58,93.4,13.9,11.5,0
106009,51.0,104389.41,42.8,13.5,7.0,0
106010,40.0,115987.41,83.9,16.3,13.6,0
106011,48.0,88487.71,33.1,8.9,0.0,0
106012,57.0,65587.34,60.2,11.8,0.9,0
106013,26.0,17819.41,74.7,2.6,6.2,0
106014,49.0,121095.0,36.8,12.8,1.6,0
106015,18.0,30611.49,53.4,0.8,6.2,0
106016,18.0,35739.49,76.7,1.8,12.0,0
106017,18.0,24260.99,89.2,7.6,12.1,0
106018,45.0,125337.16,66.4,18.5,12.1,0
106019,54.0,111381.08,25.8,13.2,2.0,0
106020,44.0,155518.69,66.7,16.0,9.1,0
106021,42.0,143430.48,78.6,20.6,10.0,0
106022,46.0,127390.5,68.5,18.9,6.9,0
106023,26.0,27302.04,97.3,3.4,10.4,0
106024,41.0,188208.12,59.5,16.6,10.6,0
106025,44.0,125465.45,66.5,17.4,8.3,0
106026,51.0,155250.08,82.2,17.1,9.5,0
106027,18.0,33049.11,79.2,6.6,14.7,0
106028,23.0,27293.27,70.1,2.4,13.9,0
106029,45.0,153053.81,80.1,16.0,5.9,0
106030,27.0,27513.41,62.7,0.8,13.2,0
106031,34.0,64520.49,47.7,7.8,6.2,0
106032,38.0,56666.84,63.0,5.9,6.8,0
106033,23.0,32151.13,80.8,2.0,9.6,0
106034,25.0,34924.28,77.2,1.2,10.3,0
106035,46.0,106405.08,58.8,16.7,7.4,0
106036,32.0,154467.07,70.2,13.3,4.7,0
106037,41.0,95332.06,81.7,18.4,10.0,0
106038,31.0,66590.92,51.4,6.6,8.1,0
106039,24.0,36656.5,79.4,2.1,12.5,0
106040,41.0,62977.58,71.4,6.5,6.6,0
106041,36.0,60551.47,54.9,5.6,4.0,0
106042,25.0,38902.44,86.1,3.8,13.7,0
106043,52.0,78091.3,31.5,11.9,2.5,0
106044,46.0,163575.6,54.7,17.7,0.0,0
106045,36.0,60853.29,75.8,10.0,9.8,0
106046,31.0,50644.61,47.0,10.1,4.3,0
106047,34.0,51958.59,45.4,7.7,7.5,0
106048,18.0,24500.86,80.6,2.9,8.8,0
106049,27.0,23688.13,72.1,4.0,8.1,0
106050,38.0,49208.08,49.8,3.4,0.8,0
106051,34.0,67022.27,56.9,9.3,5.8,0
106052,25.0,65841.21,47.2,7.3,0.1,0
106053,42.0,157707.84,77.8,17.5,7.8,0
106054,22.0,30281.8,84.3,1.5,8.0,0
106055,18.0,35724.98,74.8,0.5,12.5,0
106056,23.0,27410.44,86.4,2.2,5.1,0
106057,29.0,26847.55,100.0,2.0,3.8,0
106058,60.0,93105.87,37.0,12.7,0.0,0
106059,32.0,187864.23,55.8,21.2,9.4,0
106060,44.0,126833.52,94.5,16.5,5.8,0
106061,55.0,82567.82,24.3,11.8,5.9,0
106062,45.0,84659.74,39.6,9.0,3.9,0
106063,19.0,28589.94,71.4,0.8,2.9,0
106064,43.0,71450.96,57.3,5.0,10.6,0
106065,35.0,55010.85,41.0,8.0,5.8,0
106066,44.0,142965.38,77.8,18.3,6.9,0
106067,39.0,72048.61,73.0,4.7,10.2,0
106068,18.0,37554.47,71.6,4.6,14.3,0
106069,37.0,61471.64,57.0,6.1,10.4,0
106070,23.0,19470.57,86.8,4.7,10.1,0
106071,39.0,110762.64,64.1,18.4,2.5,0
106072,26.0,32417.96,90.9,4.4,7.8,0
106073,18.0,27269.74,91.8,3.6,11.8,0
106074,21.0,34792.24,62.8,4.9,6.5,0
106075,33.0,197010.76,73.3,18.2,2.4,0
106076,39.0,71887.98,56.0,8.8,10.5,0
106077,55.0,57957.6,23.5,15.4,4.2,0
106078,36.0,52718.72,51.6,9.4,11.5,0
106079,28.0,35177.05,84.3,2.9,6.4,0
106080,36.0,173132.12,71.7,19.0,8.6,0
106081,25.0,33986.89,85.0,1.5,13.5,0
106082,20.0,33379.3,66.2,2.7,8.0,0
106083,52.0,107575.36,35.8,15.9,6.4,0
106084,23.0,31504.03,81.8,4.4,6.3,0
106085,27.0,25041.39,83.4,5.2,10.9,0
106086,31.0,95084.67,77.6,13.1,9.8,0
106087,41.0,74668.59,55.6,7.9,7.6,0
106088,18.0,36291.31,91.9,4.4,8.5,0
106089,40.0,76481.57,69.7,9.1,2.2,0
106090,54.0,106040.54,45.4,13.0,8.7,0
106091,18.0,35216.1,82.8,4.8,14.6,0
106092,20.0,40689.19,86.1,2.6,7.3,0
106093,53.0,99885.08,38.4,10.7,5.8,0
106094,50.0,115803.44,52.1,10.4,4.2,0
106095,48.0,146952.16,58.5,19.7,6.2,0
106096,37.0,50906.47,65.9,6.2,9.7,0
106097,23.0,29228.1,82.1,0.9,15.4,0
106098,37.0,55680.53,54.0,7.0,10.0,0
106099,48.0,88693.8,34.5,15.1,7.0,0
106100,32.0,32178.76,92.3,5.5,12.1,0
106101,56.0,84832.8,53.3,11.5,5.7,0
106102,27.0,24101.07,77.5,3.4,9.7,0
106103,43.0,177615.65,63.7,15.5,6.2,0
106104,47.0,161210.26,78.1,19.8,8.8,0
106105,33.0,51452.05,45.4,6.5,9.4,0
106106,44.0,140578.26,61.4,23.2,5.5,0
106107,44.0,165276.04,72.4,16.4,10.4,0
106108,18.0,42034.2,80.8,2.5,5.8,0
106109,30.0,61418.64,76.9,7.5,8.0,0
106110,54.0,135425.12,100.0,33.7,2.8,1
106111,20.0,31541.44,77.2,4.1,3.0,0
106112,37.0,55317.98,50.8,4.4,5.9,0
106113,21.0,29542.61,61.6,3.2,7.6,0
106114,35.0,126186.32,64.3,18.1,6.3,0
106115,29.0,52085.97,40.7,9.3,10.9,0
106116,59.0,84913.61,48.0,12.8,1.5,0
106117,33.0,60080.7,59.0,7.7,7.0,0
106118,22.0,39788.04,76.9,2.7,9.3,0
106119,42.0,105666.93,62.0,22.9,3.0,0
106120,25.0,33972.94,88.1,3.7,15.7,0
106121,25.0,39763.64,88.4,6.1,10.1,0
106122,38.0,57879.99,59.6,7.4,0.8,0
106123,51.0,110216.82,21.5,10.0,7.5,0
106124,43.0,55072.22,59.7,6.8,10.5,0
106125,21.0,29819.0,91.4,1.0,8.5,0
106126,37.0,79005.27,46.1,5.6,8.8,0
106127,28.0,33218.56,76.8,3.3,5.5,0
106128,25.0,40537.03,64.8,1.4,8.8,0
106129,34.0,82549.63,48.7,4.7,9.3,0
106130,21.0,36537.01,76.0,3.9,5.3,0
106131,38.0,64430.61,55.4,4.5,7.7,0
106132,56.0,85917.27,29.9,13.6,9.1,0
106133,57.0,98923.83,32.6,11.9,0.0,0
106134,23.0,38450.53,78.4,1.7,7.8,0
106135,36.0,48221.45,48.9,10.1,3.9,0
106136,20.0,33678.11,73.6,3.2,12.6,0
106137,35.0,159007.01,66.2,17.4,13.8,0
106138,18.0,35402.45,89.3,1.6,8.0,0
106139,22.0,28028.73,78.7,4.8,8.9,0
106140,41.0,77635.28,62.3,8.1,5.2,0
106141,18.0,35373.66,86.0,3.5,12.7,0
106142,21.0,34986.65,92.7,4.3,14.0,0
106143,31.0,24964.83,85.2,1.7,6.7,0
106144,51.0,124996.12,29.6,8.5,0.0,0
106145,54.0,82024.09,14.6,9.2,4.5,0
106146,56.0,87378.26,41.5,13.8,1.6,0
106147,51.0,84731.76,40.4,10.8,0.4,0
106148,36.0,74391.45,63.1,9.0,9.8,0
106149,43.0,124943.3,63.3,14.8,11.6,0
106150,50.0,65848.42,47.3,12.2,6.9,0
106151,42.0,120009.5,76.5,19.1,7.2,0
106152,59.0,111167.52,40.6,9.8,0.2,0
106153,42.0,37578.07,57.1,7.3,5.5,0
106154,36.0,66690.52,52.1,8.8,8.7,0
106155,35.0,52777.03,57.1,11.2,4.7,0
106156,32.0,21890.15,69.4,1.9,12.8,0
106157,36.0,76620.4,54.7,6.9,6.0,0
106158,34.0,25547.41,72.9,1.0,11.7,0
106159,18.0,42495.56,78.8,3.8,11.4,0
106160,43.0,143065.94,72.8,19.0,5.5,0
106161,47.0,109038.55,35.0,8.0,2.6,0
106162,60.0,92257.55,29.7,9.0,2.3,0
106163,30.0,66789.92,58.5,6.3,4.7,0
106164,60.0,82939.09,28.0,11.5,3.7,0
106165,45.0,163447.21,80.6,22.9,2.9,0
106166,53.0,86099.33,55.1,12.4,0.0,0
106167,54.0,99562.83,42.6,10.6,5.0,0
106168,35.0,54507.6,61.4,7.3,10.2,0
106169,36.0,68739.55,45.9,9.8,4.7,0
106170,57.0,99499.33,36.4,13.5,0.0,0
106171,40.0,158802.47,91.2,18.0,0.7,0
106172,34.0,61328.73,69.1,7.1,3.2,0
106173,41.0,68342.42,51.0,8.4,5.4,0
106174,35.0,56088.68,54.9,8.8,1.6,0
106175,42.0,63967.79,54.1,7.0,4.3,0
106176,35.0,117804.39,53.0,15.3,3.1,0
106177,58.0,73039.99,34.6,14.2,6.6,0
106178,35.0,58757.17,59.8,11.2,8.2,0
106179,39.0,87292.99,60.8,9.3,8.4,0
106180,38.0,51249.14,46.7,6.0,9.6,0
106181,28.0,39679.15,77.9,4.1,11.6,0
106182,35.0,58411.67,43.2,6.7,6.7,0
106183,49.0,171071.39,73.5,22.1,8.6,0
106184,57.0,93288.73,23.6,11.1,8.4,0
106185,23.0,29312.97,78.0,2.2,13.6,0
106186,61.0,95101.49,40.4,13.9,4.3,0
106187,48.0,87998.53,39.1,12.8,0.0,0
106188,22.0,27754.84,86.8,1.6,8.6,0
106189,50.0,108531.77,44.7,13.0,7.3,0
106190,58.0,64043.72,40.9,11.3,0.2,0
106191,41.0,158417.69,86.6,15.3,9.9,0
106192,34.0,42545.14,43.5,7.4,12.9,0
106193,18.0,27589.79,90.6,3.7,8.3,0
106194,36.0,68092.46,52.2,6.7,9.7,0
106195,20.0,24183.75,71.6,1.2,8.2,0
106196,27.0,64629.53,66.7,5.4,5.0,0
106197,51.0,79416.68,44.8,10.2,2.4,0
106198,20.0,37803.07,75.7,7.0,11.1,0
106199,42.0,58381.12,48.6,6.9,5.0,0
106200,33.0,165540.7,72.3,16.6,9.1,0
106201,36.0,77733.26,62.3,6.7,9.1,0
106202,36.0,64051.57,70.3,4.7,4.4,0
106203,50.0,90331.21,46.6,9.2,3.9,0
106204,21.0,41794.78,86.8,3.5,12.9,0
106205,18.0,43678.43,69.6,5.5,11.7,0
106206,53.0,115780.34,45.0,12.2,2.7,0
106207,37.0,60852.68,61.5,9.0,8.4,0
106208,37.0,54701.73,61.2,3.6,4.6,0
106209,27.0,37098.68,77.8,3.4,11.1,0
106210,46.0,134924.49,62.2,18.8,13.9,0
106211,19.0,31268.98,74.1,7.8,7.1,0
106212,51.0,88763.87,22.5,9.4,5.7,0
106213,40.0,55755.98,72.1,2.5,3.2,0
106214,48.0,94846.9,30.5,11.6,5.5,0
106215,31.0,36622.0,78.6,2.8,13.3,0
106216,33.0,35676.57,73.1,3.5,11.7,0
106217,33.0,71661.82,60.6,9.3,4.1,0
106218,43.0,88283.91,35.2,8.4,2.2,0
106219,30.0,35071.71,79.4,0.9,13.8,0
106220,34.0,63060.14,62.1,7.3,11.5,0
106221,39.0,65775.9,57.1,7.9,6.4,0
106222,25.0,30031.73,73.0,1.2,9.2,0
106223,50.0,126282.33,44.9,11.7,2.7,0
106224,27.0,43187.53,86.0,0.0,12.6,0
106225,41.0,86543.51,55.5,7.3,8.4,0
106226,20.0,27077.65,82.0,0.0,6.0,0
106227,40.0,67555.89,70.5,7.9,7.0,0
106228,42.0,57280.77,54.7,6.9,8.4,0
106229,36.0,45426.87,55.3,6.9,7.3,0
106230,34.0,67642.67,41.9,7.8,12.4,0
106231,40.0,141451.78,69.5,17.5,4.9,0
106232,46.0,66305.36,51.3,5.4,7.2,0
106233,32.0,166531.11,66.9,18.8,9.3,0
106234,29.0,34837.52,85.4,5.0,9.0,0
106235,47.0,65938.07,57.7,5.3,6.4,0
106236,26.0,32548.8,96.3,2.2,12.0,0
106237,30.0,86364.6,46.1,11.1,6.6,0
106238,41.0,118119.85,35.8,11.1,5.9,0
106239,46.0,150447.5,83.4,18.5,9.9,0
106240,49.0,108091.14,29.8,9.8,3.4,0
106241,51.0,110864.53,20.5,14.2,2.1,0
106242,18.0,25045.44,74.9,3.9,9.6,0
106243,18.0,27515.64,66.1,3.5,9.7,0
106244,55.0,64729.61,29.7,16.1,5.9,0
106245,23.0,26312.84,89.1,6.1,6.6,0
106246,19.0,33605.89,81.7,4.0,15.5,0
106247,38.0,141004.43,79.2,19.4,6.1,0
106248,40.0,128427.6,89.0,16.0,7.0,0
106249,56.0,76381.31,37.6,8.2,4.6,0
106250,36.0,63825.88,49.3,7.5,6.9,0
106251,49.0,156073.6,57.5,16.3,6.2,0
106252,25.0,31025.88,76.3,8.6,8.5,0
106253,43.0,60355.45,36.2,7.4,10.4,0
106254,39.0,64858.64,58.2,6.0,9.7,0
106255,41.0,123863.5,76.1,17.4,11.8,0
106256,45.0,120395.16,60.6,16.9,15.0,0
106257,51.0,107966.56,21.9,9.8,3.4,0
106258,33.0,24565.37,71.7,4.8,14.8,0
106259,38.0,69542.69,49.0,4.4,3.6,0
106260,20.0,33299.47,65.8,3.5,9.1,0
106261,40.0,162302.95,62.4,20.9,10.5,0
106262,19.0,38924.88,66.9,5.6,11.0,0
106263,18.0,24538.62,74.0,4.7,9.5,0
106264,51.0,95686.9,15.0,13.6,8.0,0
106265,40.0,57273.89,49.1,4.8,3.6,0
106266,54.0,138013.66,81.0,19.7,8.4,0
106267,19.0,34987.68,67.2,4.2,6.9,0
106268,41.0,128966.58,86.0,13.1,15.0,0
106269,20.0,31289.44,82.1,3.7,12.5,0
106270,27.0,43733.09,85.3,2.8,8.3,0
106271,33.0,76432.6,75.6,9.0,0.0,0
106272,18.0,31956.44,76.3,3.0,13.8,0
106273,58.0,97991.02,19.8,9.5,4.2,0
106274,26.0,24988.3,84.6,0.0,2.0,0
106275,20.0,39908.85,93.2,0.0,5.4,0
106276,56.0,87464.2,48.7,13.5,6.7,0
106277,20.0,34556.35,98.2,3.3,9.9,0
106278,50.0,67606.89,24.0,10.2,0.0,0
106279,44.0,53136.04,27.2,13.4,3.1,0
106280,22.0,36416.64,94.9,7.5,10.4,0
106281,51.0,87936.35,40.9,11.7,3.5,0
106282,24.0,26573.29,54.7,1.7,14.4,0
106283,43.0,72487.97,53.1,5.4,11.9,0
106284,19.0,32226.93,94.9,3.2,9.1,0
106285,49.0,141814.7,74.0,21.0,0.4,0
106286,54.0,81895.93,32.9,12.2,2.0,0
106287,37.0,66300.67,60.0,7.2,6.6,0
106288,43.0,142000.69,62.6,20.5,7.7,0
106289,34.0,66417.62,56.9,9.5,9.7,0
106290,43.0,163660.66,74.4,15.7,10.7,0
106291,42.0,34861.77,42.0,12.9,5.1,0
106292,50.0,139377.15,68.2,19.6,5.9,0
106293,42.0,146364.84,75.3,17.3,6.5,0
106294,37.0,120163.19,90.2,17.5,8.6,0
106295,18.0,46764.09,69.4,0.6,9.8,0
106296,48.0,101241.18,19.9,14.3,6.8,0
106297,42.0,98280.9,63.9,18.1,4.4,0
106298,47.0,112943.01,36.5,12.2,5.6,0
106299,23.0,31657.25,82.6,4.6,11.5,0
106300,50.0,140620.69,58.5,20.2,7.3,0
106301,20.0,36103.13,81.7,0.4,12.0,0
106302,45.0,65611.58,55.4,3.7,13.2,0
106303,33.0,46286.85,59.1,9.0,10.7,0
106304,21.0,31432.49,78.0,5.0,11.8,0
106305,53.0,110643.53,21.4,12.8,4.7,0
106306,24.0,30561.88,79.3,1.9,18.2,0
106307,59.0,113688.76,29.7,10.1,3.4,0
106308,44.0,103500.57,76.8,20.2,1.3,0
106309,31.0,75702.63,61.7,5.3,9.2,0
106310,49.0,90962.32,23.6,12.0,7.1,0
106311,22.0,35717.83,77.5,5.2,8.6,0
106312,51.0,157176.04,74.4,18.6,6.6,0
106313,40.0,146607.25,60.0,16.8,5.2,0
106314,27.0,35381.28,90.7,2.3,7.6,0
106315,45.0,99633.25,49.0,11.9,4.1,0
106316,36.0,64834.76,68.0,10.8,8.5,0
106317,39.0,59329.8,56.9,6.8,5.9,0
106318,53.0,105685.35,35.6,11.4,4.4,0
106319,31.0,70965.28,53.9,4.7,8.4,0
106320,55.0,80295.16,41.2,13.3,9.9,0
106321,23.0,31686.79,71.9,4.0,10.0,0
106322,41.0,57157.11,62.7,6.5,1.5,0
106323,46.0,95949.14,70.4,17.7,8.0,0
106324,24.0,32215.81,81.6,2.8,17.8,0
106325,50.0,74093.38,20.9,13.3,0.0,0
106326,18.0,24202.35,82.6,5.7,7.2,0
106327,45.0,73548.97,1.0,26.5,7.1,1
106328,57.0,56812.45,27.7,12.9,5.3,0
106329,39.0,64315.83,46.6,5.4,13.9,0
106330,18.0,23846.31,84.8,0.9,15.4,0
106331,50.0,59311.11,61.1,3.4,10.1,0
106332,32.0,106243.68,73.2,19.1,3.5,0
106333,33.0,43456.85,54.8,5.4,5.1,0
106334,39.0,65142.31,63.6,6.7,9.2,0
106335,52.0,86597.31,40.7,11.2,3.0,0
106336,41.0,72870.82,55.0,8.7,3.2,0
106337,35.0,53609.9,58.0,8.5,8.7,0
106338,38.0,63534.41,56.4,9.4,2.4,0
106339,21.0,34368.98,93.3,2.3,9.2,0
106340,46.0,85740.03,42.1,15.2,3.1,0
106341,39.0,141757.73,55.9,20.5,4.3,0
106342,45.0,147534.65,78.3,18.5,8.0,0
106343,45.0,161034.18,90.0,15.8,2.5,0
106344,28.0,41763.85,46.0,4.3,5.8,0
106345,40.0,68991.58,51.8,5.9,13.0,0
106346,55.0,97953.29,36.2,11.4,10.0,0
106347,42.0,143762.25,55.5,16.7,6.3,0
106348,54.0,81743.75,35.5,10.8,0.7,0
106349,30.0,60064.89,59.0,6.6,4.5,0
106350,51.0,89481.63,24.6,12.2,9.4,0
106351,51.0,70015.52,1.0,45.8,8.3,1
106352,43.0,120254.43,63.1,20.3,12.8,0
106353,47.0,51906.18,34.8,10.2,1.9,0
106354,35.0,66574.19,50.2,7.3,6.6,0
106355,18.0,35139.06,73.5,0.5,7.8,0
106356,37.0,62515.96,64.4,7.9,3.5,0
106357,21.0,63349.3,64.3,6.6,9.0,0
106358,38.0,131280.32,62.8,19.4,5.3,0
106359,46.0,56397.75,66.0,6.0,11.0,0
106360,42.0,58386.77,60.7,9.5,7.9,0
106361,31.0,62781.94,50.5,7.3,4.6,0
106362,54.0,64411.66,23.8,10.4,3.5,0
106363,28.0,52140.63,65.8,8.8,0.0,0
106364,21.0,39343.06,81.9,3.8,11.7,0
106365,38.0,145393.57,76.7,18.2,6.8,0
106366,36.0,49275.99,64.1,4.1,4.6,0
106367,39.0,65239.26,53.2,3.6,6.9,0
106368,21.0,34767.2,72.8,0.0,5.8,0
106369,50.0,96859.91,23.4,10.5,6.4,0
106370,58.0,99735.24,32.1,10.8,5.6,0
106371,41.0,163187.21,81.7,18.8,6.5,0
106372,22.0,22532.27,77.5,2.8,5.9,0
106373,55.0,154017.42,63.6,22.1,6.5,0
106374,56.0,96498.52,30.4,11.3,8.3,0
106375,40.0,60633.96,37.5,7.6,3.3,0
106376,27.0,27887.05,71.9,1.7,13.1,0
106377,27.0,70233.42,61.4,6.9,5.7,0
106378,45.0,128911.45,67.5,18.1,13.2,0
106379,28.0,67587.86,56.6,6.6,2.4,0
106380,27.0,65793.64,45.3,9.0,4.0,0
106381,55.0,85149.5,28.8,10.2,5.3,0
106382,47.0,132048.59,77.9,18.0,4.0,0
106383,54.0,89860.81,8.9,11.2,0.0,0
106384,46.0,90742.93,34.2,10.3,5.6,0
106385,23.0,29557.88,78.4,5.4,3.5,0
106386,49.0,124460.61,64.2,17.2,5.3,0
106387,19.0,36877.72,79.6,0.0,12.0,0
106388,27.0,23448.77,79.8,4.2,5.2,0
106389,44.0,122987.56,77.4,16.1,11.1,0
106390,23.0,28458.21,70.8,4.7,7.8,0
106391,29.0,33229.3,64.1,3.1,10.1,0
106392,45.0,95141.63,40.4,14.3,7.3,0
106393,48.0,62006.52,63.5,5.8,12.7,0
106394,20.0,42594.0,95.1,1.4,13.1,0
106395,54.0,87955.06,33.6,12.5,5.1,0
106396,59.0,104767.96,27.3,13.5,0.0,0
106397,50.0,90035.59,41.6,15.5,4.7,0
106398,22.0,27977.91,86.4,2.6,8.5,0
106399,57.0,114994.61,25.4,9.0,3.7,0
106400,37.0,107818.17,61.6,20.1,10.0,0
106401,36.0,28302.3,91.3,4.0,8.3,0
106402,23.0,28767.84,80.6,5.0,8.9,0
106403,28.0,39322.29,92.9,0.7,9.9,0
106404,40.0,49872.04,44.9,6.9,5.8,0
106405,23.0,29285.04,99.6,2.1,11.8,0
106406,55.0,66121.26,49.7,13.3,4.5,0
106407,48.0,138795.89,80.8,14.2,10.5,0
106408,25.0,33147.77,69.6,2.6,9.3,0
106409,46.0,101126.95,50.7,9.2,5.5,0
106410,22.0,28913.15,78.7,3.2,10.6,0
106411,18.0,38277.96,78.8,4.2,13.6,0
106412,42.0,105780.85,33.4,14.0,1.6,0
106413,41.0,50226.14,62.0,7.6,6.5,0
106414,38.0,130708.81,81.2,21.0,13.9,0
106415,39.0,64805.92,62.5,10.9,8.6,0
106416,24.0,30414.25,76.4,3.8,7.7,0
106417,33.0,61287.76,53.5,8.2,9.0,0
106418,25.0,34821.79,79.2,0.0,7.4,0
106419,47.0,118861.81,80.6,19.8,7.2,0
106420,49.0,95164.01,34.6,13.3,0.0,0
106421,32.0,50701.66,32.8,6.0,2.5,0
106422,34.0,56554.37,62.5,6.5,1.9,0
106423,54.0,136380.11,45.8,13.4,3.4,0
106424,50.0,85419.14,37.4,9.7,4.7,0
106425,21.0,22124.65,71.2,5.5,10.4,0
106426,18.0,28119.9,87.0,2.4,11.6,0
106427,22.0,33059.5,78.4,1.7,11.7,0
106428,44.0,66292.63,59.0,5.3,9.8,0
106429,33.0,68257.27,65.6,9.0,10.0,0
106430,29.0,24764.15,69.4,0.3,5.7,0
106431,44.0,50997.03,46.7,6.9,4.8,0
106432,47.0,58948.58,62.5,5.4,2.0,0
106433,20.0,27864.45,70.8,0.0,10.4,0
106434,41.0,101143.71,73.1,19.5,11.6,0
106435,40.0,82501.6,21.3,10.7,8.2,0
106436,32.0,56698.54,49.7,10.3,0.1,0
106437,33.0,52339.84,40.8,9.2,1.6,0
106438,34.0,61121.35,50.5,3.5,6.5,0
106439,39.0,160377.94,77.2,21.9,8.3,0
106440,55.0,88862.21,52.1,12.0,3.7,0
106441,39.0,54802.26,53.0,8.1,9.2,0
106442,46.0,137979.39,74.7,19.9,4.7,0
106443,43.0,66632.7,79.4,16.4,5.7,0
106444,42.0,155601.43,95.9,14.9,5.5,0
106445,25.0,27814.06,86.4,2.7,12.7,0
106446,23.0,35138.53,68.4,6.9,4.9,0
106447,48.0,70711.43,43.0,13.1,0.3,0
106448,41.0,54204.27,61.9,8.2,6.3,0
106449,57.0,92535.75,38.4,11.5,0.0,0
106450,51.0,80060.31,48.9,9.3,7.7,0
106451,35.0,66533.22,44.2,6.4,5.0,0
106452,47.0,54306.91,69.5,9.3,10.4,0
106453,33.0,82142.64,78.1,7.7,5.6,0
106454,20.0,34717.33,78.6,3.4,6.0,0
106455,52.0,114559.81,43.2,11.2,3.7,0
106456,45.0,83624.19,31.6,13.3,1.9,0
106457,31.0,70455.7,53.8,5.3,9.4,0
106458,54.0,91452.24,31.5,12.8,5.6,0
106459,37.0,63346.34,51.9,5.9,6.5,0
106460,47.0,76565.37,34.1,14.0,0.0,0
106461,22.0,33569.71,88.7,6.6,9.2,0
106462,62.0,102790.18,43.1,9.9,5.4,0
106463,57.0,83212.04,8.9,12.3,3.4,0
106464,31.0,28899.32,70.9,0.7,8.1,0
106465,65.0,67868.28,100.0,35.6,9.9,1
106466,47.0,179118.68,68.1,15.2,6.7,0
106467,23.0,32063.11,75.9,4.2,7.9,0
106468,47.0,74401.02,37.1,12.2,7.3,0
106469,51.0,109574.15,72.2,17.6,3.4,0
106470,40.0,179478.76,65.7,16.4,7.8,0
106471,41.0,58599.81,59.3,2.4,8.7,0
106472,53.0,110128.03,16.3,11.4,6.9,0
106473,40.0,141286.54,67.9,17.2,11.5,0
106474,45.0,94140.28,37.5,13.9,3.6,0
106475,29.0,31685.33,79.2,3.2,12.0,0
106476,27.0,25588.78,80.2,4.1,14.4,0
106477,47.0,104207.44,31.5,12.4,0.8,0
106478,36.0,65559.21,1.0,46.4,2.4,1
106479,27.0,18012.19,75.5,4.0,12.1,0
106480,35.0,59303.47,63.7,8.9,11.1,0
106481,46.0,91568.96,13.1,9.3,1.9,0
106482,40.0,56633.23,55.1,7.6,5.0,0
106483,33.0,121202.65,70.8,18.9,7.4,0
106484,54.0,110812.47,46.2,12.3,0.6,0
106485,37.0,110972.92,61.3,18.2,13.7,0
106486,44.0,137883.33,81.6,16.3,11.1,0
106487,29.0,32339.82,98.9,5.2,10.1,0
106488,51.0,87614.32,33.7,11.8,3.0,0
106489,23.0,25131.24,72.3,0.0,11.2,0
106490,43.0,136910.82,80.9,16.3,5.9,0
106491,18.0,37892.59,84.1,5.7,14.7,0
106492,50.0,82839.36,17.0,9.8,3.0,0
106493,33.0,112851.24,71.2,19.8,5.8,0
106494,25.0,42735.25,59.9,5.2,11.1,0
106495,49.0,164365.69,65.4,18.0,3.6,0
106496,21.0,32168.47,81.0,4.6,14.7,0
106497,34.0,74775.61,60.7,4.4,6.5,0
106498,37.0,52662.46,47.6,4.9,5.4,0
106499,32.0,75731.35,33.5,7.2,8.6,0
106500,47.0,91034.27,31.6,11.8,6.0,0
106501,46.0,124880.56,57.0,18.3,6.0,0
106502,33.0,64493.66,53.6,7.6,14.5,0
106503,55.0,117997.75,40.1,12.2,5.6,0
106504,45.0,161742.7,72.6,15.4,3.6,0
106505,54.0,75742.06,41.9,14.7,3.3,0
106506,30.0,33491.48,78.3,3.1,7.5,0
106507,38.0,98570.17,64.7,22.3,3.5,0
106508,18.0,27359.8,70.4,3.5,8.2,0
106509,51.0,80473.53,30.2,11.9,3.6,0
106510,62.0,94518.01,32.9,7.0,4.7,0
106511,42.0,104433.99,36.4,13.6,2.1,0
106512,24.0,35892.41,68.7,4.2,11.7,0
106513,23.0,41092.35,83.2,0.0,13.0,0
106514,49.0,108640.35,38.0,6.7,5.8,0
106515,23.0,29353.59,73.8,4.6,7.2,0
106516,42.0,45040.71,61.0,8.5,9.2,0
106517,53.0,91463.79,29.5,9.6,1.9,0
106518,47.0,75757.09,53.0,8.6,7.4,0
106519,18.0,26112.55,67.6,0.8,12.8,0
106520,39.0,59404.19,85.1,7.0,7.2,0
106521,40.0,119720.71,66.7,19.7,9.7,0
106522,42.0,53997.42,63.9,7.6,8.3,0
106523,20.0,26016.9,83.4,4.7,8.1,0
106524,27.0,38908.4,74.4,0.1,6.1,0
106525,33.0,57022.49,57.6,7.0,6.2,0
106526,46.0,120828.5,84.6,19.9,10.6,0
106527,33.0,60700.72,65.2,6.6,4.9,0
106528,20.0,28022.38,66.4,8.7,4.1,0
106529,31.0,68651.62,51.2,6.3,8.2,0
106530,29.0,30425.1,87.2,0.0,8.2,0
106531,26.0,43365.58,68.3,0.7,11.0,0
106532,43.0,121895.49,59.8,17.0,9.6,0
106533,50.0,115026.88,33.6,13.2,4.8,0
106534,22.0,36798.76,65.8,1.9,8.8,0
106535,38.0,69040.04,49.8,5.1,7.2,0
106536,18.0,37805.13,75.8,0.7,6.4,0
106537,26.0,33647.79,70.3,2.8,6.6,0
106538,51.0,120231.77,56.3,11.6,5.3,0
106539,38.0,42793.25,46.5,2.4,8.3,0
106540,62.0,113225.81,35.4,11.8,2.9,0
106541,48.0,145434.56,72.6,15.8,9.8,0
106542,23.0,34286.54,88.0,0.0,9.1,0
106543,41.0,126675.46,60.8,16.5,4.7,0
106544,40.0,66211.96,61.1,3.1,12.8,0
106545,22.0,42049.08,85.5,2.5,16.1,0
106546,46.0,134245.74,68.1,20.1,6.4,0
106547,22.0,28561.57,70.4,1.6,15.3,0
106548,57.0,99024.12,29.5,10.9,2.9,0
106549,61.0,99974.66,42.5,12.4,1.3,0
106550,25.0,25803.2,90.0,1.5,8.3,0
106551,47.0,122402.41,69.8,12.7,7.0,0
106552,27.0,28391.93,83.6,3.0,13.3,0
106553,39.0,133912.94,57.3,17.8,6.7,0
106554,29.0,28401.53,73.8,1.6,10.1,0
106555,34.0,12000.0,77.5,5.3,8.5,0
106556,39.0,75139.51,55.2,5.7,9.8,0
106557,45.0,138428.29,78.1,19.9,7.8,0
106558,26.0,35009.41,73.4,5.4,6.9,0
106559,42.0,159341.12,61.4,19.7,8.6,0
106560,31.0,35529.64,76.4,3.5,10.8,0
106561,46.0,62945.15,56.6,6.6,7.6,0
106562,30.0,57728.35,47.9,5.2,9.4,0
106563,24.0,27726.91,76.5,2.5,10.2,0
106564,35.0,112500.22,57.6,16.2,5.8,0
106565,31.0,70530.88,76.4,8.7,5.3,0
106566,53.0,93864.34,28.9,14.6,10.0,0
106567,45.0,119628.57,29.1,11.5,4.8,0
106568,44.0,65138.74,62.1,8.7,10.0,0
106569,55.0,112396.54,29.0,8.5,9.5,0
106570,38.0,126547.09,68.7,17.0,5.8,0
106571,54.0,103109.31,41.2,13.1,2.7,0
106572,34.0,74490.2,52.8,5.9,9.8,0
106573,52.0,86363.36,30.0,14.2,5.8,0
106574,53.0,75055.6,37.4,11.6,1.3,0
106575,33.0,69769.11,70.4,4.9,4.2,0
106576,55.0,88002.8,40.5,11.2,5.7,0
106577,29.0,68130.52,37.0,8.9,6.9,0
106578,54.0,99054.76,17.9,14.7,5.0,0
106579,47.0,119859.74,74.4,15.4,8.4,0
106580,38.0,266182.33,78.1,20.7,7.3,0
106581,45.0,162814.64,61.3,16.7,10.9,0
106582,51.0,82214.98,28.7,9.6,0.0,0
106583,44.0,95781.53,41.7,17.0,3.9,0
106584,18.0,31836.06,85.0,5.1,12.8,0
106585,39.0,63063.48,65.4,4.6,1.0,0
106586,34.0,31729.16,83.3,0.0,14.6,0
106587,30.0,22982.11,74.8,3.5,6.2,0
106588,45.0,166349.77,75.2,14.9,4.9,0
106589,42.0,133710.81,69.7,17.5,2.6,0
106590,40.0,69000.17,63.2,7.9,6.1,0
106591,21.0,26138.55,93.4,3.0,5.0,0
106592,52.0,59359.17,37.5,12.3,2.4,0
106593,31.0,68276.68,57.2,3.1,10.6,0
106594,38.0,106781.88,85.6,20.1,6.7,0
106595,37.0,117075.03,67.6,20.4,11.9,0
106596,37.0,69255.32,55.9,5.3,2.5,0
106597,26.0,37186.15,72.9,5.4,8.8,0
106598,24.0,30726.63,90.4,4.0,9.8,0
106599,24.0,25151.96,55.7,1.9,9.4,0
106600,39.0,60179.68,53.3,1.1,8.6,0
106601,25.0,36687.72,78.3,5.3,8.3,0
106602,24.0,33385.33,84.6,3.8,11.4,0
106603,25.0,30890.03,87.0,0.0,8.1,0
106604,32.0,28125.91,77.2,5.8,9.6,0
106605,48.0,115491.97,32.1,11.6,0.0,0
106606,23.0,35933.91,73.7,0.4,8.6,0
106607,40.0,133608.38,66.8,21.3,8.9,0
106608,18.0,32411.81,77.6,5.4,9.5,0
106609,23.0,42730.87,67.3,4.6,10.2,0
106610,21.0,28266.86,91.6,3.9,11.8,0
106611,56.0,100846.56,100.0,35.0,8.6,1
106612,25.0,32456.56,96.0,0.9,2.4,0
106613,27.0,56075.21,59.2,9.8,9.5,0
106614,18.0,48131.99,73.9,5.5,11.6,0
106615,43.0,134026.31,60.9,15.4,7.5,0
106616,18.0,41491.98,79.0,7.2,8.7,0
106617,33.0,68594.1,55.4,8.9,11.3,0
106618,48.0,174383.36,1.0,36.5,11.4,1
106619,27.0,28441.89,73.1,2.8,13.3,0
106620,25.0,31967.46,76.4,2.3,6.5,0
106621,47.0,114361.25,72.7,17.2,10.3,0
106622,22.0,26204.04,87.9,1.3,10.5,0
106623,30.0,27794.41,77.0,2.1,10.4,0
106624,36.0,72271.66,51.8,9.5,11.8,0
106625,25.0,27448.77,77.6,2.8,15.3,0
106626,42.0,174846.5,73.1,18.1,6.9,0
106627,51.0,110214.13,27.7,13.9,8.3,0
106628,49.0,115656.32,45.5,13.7,2.1,0
106629,23.0,31304.37,98.9,3.0,9.5,0
106630,46.0,78381.27,28.2,12.7,0.0,0
106631,49.0,63177.12,49.0,12.2,4.9,0
106632,19.0,38689.05,93.0,3.1,8.6,0
106633,46.0,158516.89,80.7,19.3,10.9,0
106634,49.0,110593.62,30.5,7.0,2.6,0
106635,49.0,99121.73,43.4,12.4,10.0,0
106636,21.0,20550.78,80.8,1.9,6.7,0
106637,23.0,27487.55,71.2,6.0,10.4,0
106638,51.0,122319.21,32.0,9.5,0.0,0
106639,52.0,66917.5,23.3,11.2,7.4,0
106640,42.0,69361.66,58.0,5.9,8.2,0
106641,33.0,32814.56,73.4,2.7,9.2,0
106642,46.0,120755.43,76.1,19.1,9.0,0
106643,19.0,31139.03,72.7,2.9,8.0,0
106644,42.0,64085.67,41.8,4.3,10.6,0
106645,51.0,88334.23,46.3,11.7,0.4,0
106646,18.0,35614.47,98.3,4.7,8.9,0
106647,23.0,32279.22,57.8,3.0,11.8,0
106648,33.0,38282.63,97.3,6.4,14.2,0
106649,43.0,148690.38,55.3,18.3,9.7,0
106650,35.0,44795.34,73.8,7.8,12.2,0
106651,56.0,118400.38,46.6,10.6,2.5,0
106652,41.0,115647.77,89.7,18.1,9.4,0
106653,45.0,108997.79,30.9,14.5,1.9,0
106654,43.0,72500.0,53.3,9.8,10.4,0
106655,38.0,50911.23,66.0,7.1,7.1,0
106656,36.0,61663.85,49.3,4.0,1.8,0
106657,53.0,53552.8,42.3,13.0,3.1,0
106658,48.0,133446.19,76.2,14.1,1.3,0
106659,51.0,102230.84,44.5,11.6,4.7,0
106660,40.0,60574.2,63.9,4.7,2.0,0
106661,33.0,70646.22,50.9,8.3,3.9,0
106662,40.0,146099.41,65.3,17.0,0.2,0
106663,28.0,31316.87,68.5,6.7,7.6,0
106664,40.0,115763.01,83.0,20.9,12.0,0
106665,31.0,28559.49,94.7,2.6,5.4,0
106666,50.0,100573.79,28.6,12.3,5.6,0
106667,45.0,156509.35,70.2,16.5,3.6,0
106668,36.0,56004.51,56.8,2.9,2.4,0
106669,27.0,22579.63,76.1,1.3,7.3,0
106670,43.0,140719.72,77.5,15.8,5.3,0
106671,42.0,59493.1,61.7,6.0,8.4,0
106672,24.0,74849.65,53.4,4.5,3.8,0
106673,35.0,60767.99,59.4,4.6,9.6,0
106674,33.0,55590.66,55.7,8.3,6.9,0
106675,49.0,89463.98,47.2,14.1,5.1,0
106676,25.0,45326.37,82.6,3.4,9.4,0
106677,38.0,28014.97,68.3,4.5,4.8,0
106678,36.0,121442.36,68.6,19.8,11.9,0
106679,34.0,32588.89,75.8,4.6,7.4,0
106680,31.0,57901.9,57.7,2.9,10.2,0
106681,53.0,108649.18,19.3,10.7,1.9,0
106682,42.0,139154.22,80.7,18.2,5.8,0
106683,63.0,90458.77,1.0,35.4,4.3,1
106684,46.0,111272.75,78.2,18.2,2.7,0
106685,27.0,30473.31,66.7,4.9,12.8,0
106686,30.0,65274.95,60.0,6.9,5.5,0
106687,42.0,163650.28,76.1,14.1,1.6,0
106688,34.0,105773.04,64.4,17.1,7.8,0
106689,52.0,94168.84,46.4,8.6,5.0,0
106690,38.0,47908.44,63.3,7.7,6.9,0
106691,24.0,72755.84,60.3,7.8,0.0,0
106692,21.0,23741.95,90.9,0.8,14.4,0
106693,48.0,145578.01,83.4,16.1,5.7,0
106694,48.0,116316.7,58.7,17.4,5.4,0
106695,45.0,70653.0,52.2,5.0,8.0,0
106696,30.0,33675.64,68.5,0.1,8.9,0
106697,38.0,56749.39,68.1,8.1,7.7,0
106698,27.0,23998.51,73.0,0.9,11.2,0
106699,47.0,96401.13,33.4,13.2,0.4,0
106700,54.0,76711.95,25.4,11.7,7.6,0
106701,20.0,21759.83,68.5,2.2,15.6,0
106702,54.0,82119.4,33.6,15.1,3.3,0
106703,42.0,129782.97,79.0,16.9,10.6,0
106704,29.0,35533.7,75.8,0.2,9.3,0
106705,33.0,53306.14,55.6,8.0,5.1,0
106706,29.0,51300.39,74.9,8.1,4.1,0
106707,30.0,30617.83,100.0,3.5,11.7,0
106708,40.0,78583.51,53.6,9.8,5.1,0
106709,50.0,95152.55,44.2,11.3,9.0,0
106710,31.0,32228.08,68.3,5.0,3.7,0
106711,28.0,27254.8,90.6,0.2,8.0,0
106712,45.0,155160.63,65.7,17.3,10.9,0
106713,41.0,58074.34,51.9,4.3,7.8,0
106714,56.0,97588.19,25.8,15.6,0.0,0
106715,56.0,98705.77,39.7,10.4,3.5,0
106716,44.0,137837.34,54.1,21.4,10.0,0
106717,52.0,96694.45,51.8,10.5,1.1,0
106718,47.0,151659.79,61.9,20.2,8.9,0
106719,48.0,103384.54,38.4,11.8,5.2,0
106720,39.0,72202.38,59.1,6.5,7.7,0
106721,42.0,69030.04,54.7,7.1,12.0,0
106722,40.0,63694.22,69.4,5.9,8.0,0
106723,45.0,69293.61,74.2,6.8,5.6,0
106724,30.0,21468.9,79.8,5.1,11.7,0
106725,25.0,46978.7,56.9,7.9,8.5,0
106726,36.0,70149.48,62.4,6.7,8.6,0
106727,21.0,35668.09,69.5,4.0,11.4,0
106728,23.0,35657.31,93.4,1.0,12.9,0
106729,57.0,91455.86,43.0,11.5,7.8,0
106730,38.0,119707.6,23.9,12.2,1.6,0
106731,50.0,134227.72,66.6,20.2,10.2,0
106732,34.0,50938.33,46.7,9.6,8.3,0
106733,44.0,152404.19,52.5,17.4,7.1,0
106734,57.0,69878.55,45.5,15.6,0.0,0
106735,24.0,34876.21,86.7,0.0,11.0,0
106736,42.0,132861.44,92.7,17.6,9.3,0
106737,23.0,33389.47,83.5,4.8,7.7,0
106738,53.0,98214.16,18.5,10.1,6.7,0
106739,50.0,139665.24,44.6,12.9,8.5,0
106740,40.0,64056.01,43.9,8.3,11.2,0
106741,49.0,63774.97,24.3,15.5,4.2,0
106742,43.0,62212.54,53.0,11.3,5.9,0
106743,23.0,34653.09,75.1,4.6,11.3,0
106744,26.0,28448.13,61.4,1.3,7.8,0
106745,25.0,27305.12,63.3,0.7,11.2,0
106746,27.0,29081.76,74.0,4.2,10.5,0
106747,58.0,92304.02,26.7,14.2,3.1,0
106748,32.0,71963.82,72.5,7.4,4.0,0
106749,44.0,66204.2,60.2,6.2,10.4,0
106750,46.0,74416.26,53.9,10.3,6.9,0
106751,31.0,33210.54,69.2,4.3,14.2,0
106752,26.0,27700.43,81.1,0.2,7.1,0
106753,51.0,96052.05,23.0,12.5,5.6,0
106754,42.0,85613.37,73.0,21.6,9.4,0
106755,36.0,57843.46,63.8,7.4,9.1,0
106756,19.0,32698.89,73.4,3.7,4.2,0
106757,50.0,104275.91,42.0,11.9,0.0,0
106758,46.0,179920.35,63.6,17.1,10.4,0
106759,40.0,74242.91,68.1,3.9,5.6,0
106760,27.0,31503.68,81.7,2.7,8.7,0
106761,23.0,25538.28,70.8,2.9,9.9,0
106762,55.0,90123.61,51.8,14.5,2.5,0
106763,44.0,170563.62,65.6,16.5,11.9,0
106764,55.0,113362.06,38.2,11.5,0.0,0
106765,37.0,75750.16,70.4,9.1,9.4,0
106766,63.0,68465.55,37.3,10.1,8.7,0
106767,40.0,165414.26,67.5,18.8,7.7,0
106768,36.0,65723.32,67.2,6.8,9.7,0
106769,48.0,129488.89,90.9,19.5,6.7,0
106770,39.0,73588.83,63.9,7.4,0.0,0
106771,31.0,69573.13,48.1,8.0,9.7,0
106772,51.0,64824.2,27.6,13.4,7.8,0
106773,26.0,62901.85,43.3,7.2,6.5,0
106774,55.0,126422.39,82.5,20.0,7.4,0
106775,37.0,62005.32,50.6,5.3,5.8,0
106776,30.0,56415.64,56.0,7.3,8.3,0
106777,35.0,53417.01,62.3,8.6,5.5,0
106778,31.0,57019.68,56.2,9.3,9.1,0
106779,36.0,83211.71,57.7,9.8,10.7,0
106780,58.0,100491.86,36.2,12.0,6.6,0
106781,32.0,59065.42,74.7,8.2,9.9,0
106782,30.0,57178.36,61.3,6.9,3.3,0
106783,56.0,113424.03,32.1,13.6,10.1,0
106784,32.0,30614.19,67.0,3.5,17.0,0
106785,59.0,94895.72,50.6,14.3,0.0,0
106786,41.0,63325.37,49.3,7.2,8.2,0
106787,32.0,60661.95,54.7,8.6,6.1,0
106788,44.0,87347.75,25.5,9.4,7.5,0
106789,56.0,78465.36,22.3,11.8,0.0,0
106790,42.0,141776.97,75.0,18.7,5.7,0
106791,36.0,76290.93,37.0,7.7,3.5,0
106792,43.0,71117.82,65.9,5.3,7.8,0
106793,54.0,54452.55,36.5,13.2,0.0,0
106794,55.0,96704.03,48.8,11.2,4.5,0
106795,54.0,46990.89,31.5,12.2,0.0,0
106796,55.0,96468.37,35.8,13.4,2.8,0
106797,52.0,109792.98,35.6,8.3,4.2,0
106798,24.0,37187.31,74.6,1.0,7.1,0
106799,59.0,99946.26,48.9,15.1,1.8,0
106800,20.0,31264.52,84.1,0.2,11.4,0
106801,38.0,49440.45,47.1,7.9,13.2,0
106802,51.0,100638.71,28.9,12.5,2.1,0
106803,35.0,89332.08,59.1,3.9,8.9,0
106804,42.0,69538.59,56.2,5.2,4.3,0
106805,42.0,130756.17,66.4,20.4,10.8,0
106806,58.0,81518.87,25.8,12.2,5.2,0
106807,36.0,65870.8,73.9,6.6,9.4,0
106808,46.0,142402.1,79.6,16.5,5.1,0
106809,38.0,43719.62,63.1,4.7,11.6,0
106810,50.0,119850.25,32.9,11.5,6.6,0
106811,25.0,31615.8,74.0,2.2,17.1,0
106812,28.0,48579.76,69.8,9.2,4.2,0
106813,27.0,76199.18,47.5,6.0,7.3,0
106814,19.0,37324.74,78.2,1.2,7.6,0
106815,42.0,58889.11,64.1,7.0,1.7,0
106816,28.0,38185.37,96.4,0.0,0.5,0
106817,55.0,84751.58,20.7,12.2,2.7,0
106818,18.0,31523.11,83.7,3.3,10.5,0
106819,26.0,22257.63,77.5,3.5,8.9,0
106820,39.0,121196.28,69.1,19.8,12.6,0
106821,59.0,68311.34,25.6,13.3,7.9,0
106822,38.0,144618.46,60.7,18.6,6.1,0
106823,37.0,48476.28,41.7,13.2,7.2,0
106824,35.0,40692.13,61.6,3.7,6.1,0
106825,51.0,62768.24,19.3,10.3,2.4,0
106826,52.0,77281.18,36.5,14.3,4.8,0
106827,24.0,33967.78,63.7,4.9,6.4,0
106828,51.0,159422.98,77.6,19.2,8.0,0
106829,48.0,78895.61,52.5,12.2,0.7,0
106830,55.0,100863.31,31.7,10.2,6.2,0
106831,41.0,65597.95,58.7,5.4,8.4,0
106832,49.0,73240.71,46.3,9.9,0.0,0
106833,31.0,21952.03,74.1,0.8,7.8,0
106834,54.0,137440.58,75.6,19.6,6.1,0
106835,41.0,66196.26,65.5,5.6,8.3,0
106836,24.0,38507.38,72.6,7.1,11.0,0
106837,23.0,30604.97,77.9,1.7,12.0,0
106838,52.0,128235.75,30.7,11.8,2.7,0
106839,52.0,103567.6,72.9,18.6,4.6,0
106840,56.0,116549.76,72.3,21.4,6.9,0
106841,53.0,89104.37,34.5,14.2,2.7,0
106842,30.0,139169.58,72.6,18.4,7.5,0
106843,48.0,90808.04,52.7,11.9,6.0,0
106844,31.0,58747.74,48.0,9.6,2.3,0
106845,54.0,100826.75,37.8,7.3,0.0,0
106846,25.0,26682.84,71.6,2.2,6.8,0
106847,18.0,31999.68,58.9,2.0,8.0,0
106848,36.0,88640.92,48.2,7.8,7.7,0
106849,27.0,30771.44,92.4,4.4,12.1,0
106850,36.0,142427.76,66.9,16.3,6.1,0
106851,43.0,151510.46,81.8,19.9,8.9,0
106852,36.0,58378.72,55.5,5.4,5.7,0
106853,54.0,121340.04,33.5,10.4,6.9,0
106854,26.0,73641.55,43.7,8.3,5.6,0
106855,26.0,43998.94,69.6,1.0,10.2,0
106856,44.0,63999.48,58.4,7.3,4.0,0
106857,25.0,29737.3,91.2,4.6,6.0,0
106858,35.0,67892.32,48.2,4.8,5.6,0
106859,26.0,37974.0,80.3,7.9,8.0,0
106860,28.0,25611.6,94.1,5.7,12.1,0
106861,18.0,36044.91,69.8,3.9,5.6,0
106862,44.0,131090.44,64.2,19.2,7.8,0
106863,23.0,36246.23,97.0,3.6,4.6,0
106864,28.0,62769.09,68.3,7.3,8.5,0
106865,36.0,72736.99,100.0,37.1,8.3,1
106866,28.0,66999.95,55.2,7.3,8.0,0
106867,37.0,77819.02,58.3,7.4,11.0,0
106868,33.0,31897.99,72.9,2.1,11.4,0
106869,51.0,65087.81,46.2,13.6,7.4,0
106870,59.0,98259.48,37.6,14.0,0.4,0
106871,50.0,93985.56,44.2,10.9,1.9,0
106872,50.0,103030.68,34.3,9.1,0.2,0
106873,37.0,63896.11,58.3,6.1,9.4,0
106874,38.0,65737.6,61.7,10.2,3.9,0
106875,22.0,30062.67,90.6,2.3,7.6,0
106876,35.0,63167.05,70.0,6.2,4.9,0
106877,19.0,30016.92,100.0,3.8,11.8,0
106878,36.0,63533.2,65.9,8.1,8.0,0
106879,52.0,88975.56,39.2,12.2,10.4,0
106880,29.0,28116.14,66.3,2.2,6.8,0
106881,22.0,26415.27,74.7,2.4,10.4,0
106882,51.0,79570.74,47.1,12.8,2.4,0
106883,32.0,45625.73,42.6,9.1,9.8,0
106884,40.0,174427.74,78.2,18.4,10.6,0
106885,46.0,143872.67,69.6,17.8,3.2,0
106886,39.0,185364.06,63.7,14.3,10.7,0
106887,37.0,65402.38,56.4,8.8,11.6,0
106888,21.0,35645.4,89.2,1.8,14.5,0
106889,58.0,73761.6,50.9,9.6,1.9,0
106890,55.0,112808.96,36.0,10.7,3.2,0
106891,50.0,109384.89,30.9,10.7,0.0,0
106892,33.0,60678.99,46.7,3.5,9.9,0
106893,19.0,24458.25,93.7,4.7,13.1,0
106894,27.0,39553.51,86.8,2.3,6.8,0
106895,18.0,31195.34,67.0,1.4,9.5,0
106896,31.0,23299.07,78.3,0.5,8.3,0
106897,48.0,118621.97,69.4,18.3,10.1,0
106898,21.0,39262.09,73.5,4.0,9.4,0
106899,56.0,129670.38,32.2,12.0,2.7,0
106900,40.0,122377.72,71.8,16.4,5.8,0
106901,20.0,77456.06,74.4,8.3,4.4,0
106902,30.0,44540.16,64.4,9.5,7.5,0
106903,56.0,102606.88,27.3,14.0,6.8,0
106904,31.0,71007.3,56.5,6.5,8.2,0
106905,38.0,71917.73,49.5,8.1,3.5,0
106906,42.0,137175.64,81.7,18.0,7.2,0
106907,59.0,87664.16,30.3,8.2,3.3,0
106908,38.0,133681.62,74.4,15.8,5.5,0
106909,35.0,127152.72,62.6,22.3,12.5,0
106910,43.0,47550.2,56.2,4.6,12.5,0
106911,56.0,77000.78,38.7,9.0,3.6,0
106912,51.0,107647.97,44.9,12.0,3.3,0
106913,36.0,121712.32,28.4,12.2,10.8,0
106914,46.0,95363.74,40.0,14.2,4.0,0
106915,58.0,87892.54,40.4,12.8,3.7,0
106916,45.0,117960.95,69.0,15.4,6.7,0
106917,42.0,66691.82,61.1,3.8,8.0,0
106918,52.0,104189.81,48.8,11.2,3.1,0
106919,41.0,55265.84,58.9,3.0,6.1,0
106920,59.0,100735.96,44.0,13.9,8.0,0
106921,50.0,111113.0,57.5,11.9,0.0,0
106922,49.0,103008.56,18.4,10.5,3.0,0
106923,37.0,82049.05,64.9,4.8,18.6,0
106924,36.0,43246.49,47.6,4.9,3.0,0
106925,39.0,32237.19,67.8,8.6,5.6,0
106926,29.0,25705.8,69.6,4.1,9.4,0
106927,21.0,31346.04,91.2,5.6,11.3,0
106928,41.0,153139.6,63.4,20.3,10.9,0
106929,46.0,53047.71,48.7,8.1,6.2,0
106930,48.0,173206.29,89.0,18.1,10.6,0
106931,21.0,33251.16,77.5,2.8,15.5,0
106932,45.0,94914.87,35.5,13.3,0.7,0
106933,51.0,84812.39,12.5,14.3,0.0,0
106934,44.0,111204.44,31.7,11.4,3.2,0
106935,57.0,85563.86,41.0,9.7,5.0,0
106936,57.0,119027.15,19.5,11.4,8.8,0
106937,48.0,134984.9,72.0,18.6,6.9,0
106938,55.0,103387.7,23.9,11.0,2.6,0
106939,23.0,33554.49,79.8,1.6,14.0,0
106940,24.0,40430.45,92.4,0.9,8.5,0
106941,50.0,100357.61,42.3,12.3,2.3,0
106942,44.0,57107.16,65.4,6.9,6.8,0
106943,39.0,79219.91,61.0,6.0,11.4,0
106944,54.0,97913.2,45.3,12.6,11.4,0
106945,36.0,74830.13,62.4,7.9,5.9,0
106946,50.0,103492.4,26.3,10.8,4.0,0
106947,58.0,96377.1,35.6,9.9,9.1,0
106948,58.0,115856.95,20.5,12.7,1.2,0
106949,56.0,100500.94,40.2,10.6,0.9,0
106950,40.0,147756.57,69.6,18.5,4.9,0
106951,52.0,118856.26,38.3,12.8,5.2,0
106952,40.0,181119.85,75.6,18.4,10.1,0
106953,29.0,24825.32,78.6,7.5,15.0,0
106954,51.0,107448.79,31.7,12.7,2.6,0
106955,50.0,84879.29,51.8,11.0,7.4,0
106956,34.0,55905.08,61.9,4.4,9.0,0
106957,35.0,55853.53,50.3,10.9,6.9,0
106958,52.0,109927.47,26.6,14.3,3.9,0
106959,29.0,56079.69,47.0,7.2,4.6,0
106960,38.0,147363.48,72.4,20.4,11.5,0
106961,36.0,67576.07,43.9,8.4,8.2,0
106962,29.0,30236.13,75.0,2.4,14.3,0
106963,53.0,69419.08,41.4,11.1,7.3,0
106964,39.0,75843.36,68.4,8.9,10.4,0
106965,28.0,28003.47,66.6,1.3,12.2,0
106966,41.0,94736.67,32.3,14.4,3.6,0
106967,34.0,76686.73,57.1,6.5,5.5,0
106968,25.0,30090.66,74.7,5.9,10.1,0
106969,50.0,77983.71,37.0,10.9,2.9,0
106970,48.0,98366.98,22.0,12.8,2.4,0
106971,56.0,103298.0,36.0,13.7,8.7,0
106972,42.0,47370.75,51.9,6.0,8.9,0
106973,21.0,28765.85,70.7,3.6,11.9,0
106974,37.0,127041.14,53.0,13.2,9.5,0
106975,54.0,97948.13,50.9,8.6,0.0,0
106976,18.0,19790.87,71.9,4.2,10.9,0
106977,48.0,149343.34,68.0,16.9,9.3,0
106978,18.0,13696.52,81.9,3.5,14.7,0
106979,55.0,100286.95,31.9,10.4,3.2,0
106980,57.0,102928.65,44.3,12.2,1.3,0
106981,49.0,166966.16,73.9,19.1,9.5,0
106982,41.0,133445.77,62.9,17.5,11.1,0
106983,28.0,35216.74,87.6,2.3,6.5,0
106984,51.0,93671.54,41.8,13.0,7.0,0
106985,26.0,53093.96,57.1,8.0,13.3,0
106986,47.0,82861.84,30.8,10.5,1.3,0
106987,52.0,111820.32,36.2,10.3,3.4,0
106988,19.0,37662.24,92.7,0.0,10.7,0
106989,20.0,32362.17,77.1,0.3,13.6,0
106990,23.0,29292.74,79.2,1.3,9.4,0
106991,18.0,18423.02,68.3,1.9,4.7,0
106992,22.0,28925.78,77.4,4.2,15.1,0
106993,45.0,115200.34,78.7,20.8,4.6,0
106994,31.0,46140.97,52.4,7.7,11.4,0
106995,56.0,101592.5,35.5,12.8,5.4,0
106996,50.0,139473.8,74.6,17.2,8.3,0
106997,51.0,74658.32,43.7,15.0,3.9,0
106998,38.0,71615.95,56.6,7.4,6.3,0
106999,40.0,153143.95,77.1,19.8,8.0,0
107000,46.0,113941.02,27.7,10.5,2.4,0
107001,43.0,91278.65,41.2,11.1,8.0,0
107002,49.0,162410.08,52.7,20.9,7.3,0
107003,60.0,84670.43,33.6,12.2,1.2,0
107004,28.0,35242.46,87.5,3.7,2.0,0
107005,46.0,104119.39,55.9,12.3,8.9,0
107006,31.0,69180.22,57.2,7.2,5.6,0
107007,42.0,117450.81,64.0,15.8,12.5,0
107008,22.0,18954.65,80.6,1.4,9.9,0
107009,23.0,40583.41,74.2,4.6,12.1,0
107010,29.0,64095.25,50.4,4.6,3.4,0
107011,28.0,47223.84,69.9,3.4,10.9,0
107012,40.0,175471.6,94.0,16.8,13.2,0
107013,21.0,26411.34,76.6,4.7,9.7,0
107014,56.0,98874.44,48.5,13.1,8.6,0
107015,20.0,30828.09,78.0,1.3,7.0,0
107016,45.0,156764.27,73.1,20.1,4.7,0
107017,34.0,48832.81,59.4,8.0,11.0,0
107018,18.0,34145.15,92.4,1.0,6.3,0
107019,18.0,35596.99,70.7,4.0,9.4,0
107020,61.0,108472.43,27.0,11.4,6.4,0
107021,38.0,169790.59,69.5,19.6,7.4,0
107022,40.0,122675.38,89.3,17.4,17.2,0
107023,37.0,52505.19,42.1,9.5,6.4,0
107024,40.0,87916.6,64.7,7.7,10.7,0
107025,28.0,24726.6,91.3,2.9,14.6,0
107026,39.0,75297.7,55.8,4.0,8.7,0
107027,57.0,85476.46,33.0,7.6,3.5,0
107028,18.0,34979.21,81.3,3.0,14.0,0
107029,53.0,98308.07,38.2,10.8,7.0,0
107030,38.0,150653.4,84.2,15.9,4.0,0
107031,19.0,42466.24,71.9,0.6,11.1,0
107032,18.0,26501.56,92.1,1.1,9.2,0
107033,25.0,33697.31,72.7,4.1,14.3,0
107034,19.0,29209.64,76.9,4.4,10.1,0
107035,23.0,23075.63,66.7,3.4,8.5,0
107036,50.0,93941.96,58.4,11.0,8.2,0
107037,31.0,36629.66,69.5,3.3,8.8,0
107038,62.0,102022.17,32.9,15.6,2.9,0
107039,46.0,157700.8,75.5,17.8,10.5,0
107040,40.0,168065.13,69.2,20.7,11.1,0
107041,55.0,93457.58,46.0,13.1,0.0,0
107042,20.0,32971.94,80.8,4.4,14.6,0
107043,27.0,19994.18,80.0,5.4,10.3,0
107044,25.0,29153.12,87.5,2.3,11.8,0
107045,45.0,141366.35,76.8,18.4,11.8,0
107046,46.0,166201.01,64.4,16.3,8.2,0
107047,40.0,67931.21,50.5,8.6,5.1,0
107048,39.0,65197.94,55.7,5.9,7.4,0
107049,36.0,50320.34,64.0,9.3,9.6,0
107050,38.0,56978.71,59.3,6.7,7.4,0
107051,48.0,137277.9,53.6,19.6,9.2,0
107052,25.0,25235.59,69.7,1.6,8.2,0
107053,34.0,48812.03,79.5,10.0,7.8,0
107054,36.0,82384.09,74.2,5.5,7.7,0
107055,23.0,30448.53,76.3,2.8,10.6,0
107056,37.0,78050.09,49.9,8.9,3.8,0
107057,44.0,166292.42,77.7,17.4,8.9,0
107058,32.0,28591.81,83.7,4.9,8.8,0
107059,61.0,130452.16,45.9,14.2,0.0,0
107060,29.0,61057.6,51.4,8.3,0.0,0
107061,27.0,30987.73,72.6,6.8,9.1,0
107062,18.0,34632.1,81.8,2.7,17.1,0
107063,25.0,37845.2,81.2,5.5,9.0,0
107064,19.0,36410.66,81.0,4.6,8.1,0
107065,38.0,44207.89,53.2,5.6,8.5,0
107066,41.0,105404.76,66.3,19.2,8.4,0
107067,48.0,109350.56,50.7,13.8,0.0,0
107068,44.0,136425.78,51.6,15.4,10.4,0
107069,37.0,62899.89,51.5,9.2,3.3,0
107070,48.0,89566.36,19.7,10.2,7.2,0
107071,48.0,108352.98,41.3,11.7,0.0,0
107072,24.0,19841.73,72.7,3.5,12.6,0
107073,35.0,55215.08,51.1,6.1,8.9,0
107074,38.0,61754.28,64.3,7.0,3.0,0
107075,46.0,105288.7,21.3,11.2,3.7,0
107076,31.0,43388.01,46.3,3.4,8.8,0
107077,26.0,27624.55,100.0,40.3,11.3,1
107078,40.0,169915.48,73.4,18.6,4.9,0
107079,18.0,22956.4,98.8,1.3,10.2,0
107080,45.0,139475.26,70.5,17.6,9.4,0
107081,38.0,128898.47,49.0,14.3,4.1,0
107082,47.0,133127.9,79.0,18.8,8.8,0
107083,47.0,96281.43,37.5,16.4,3.0,0
107084,28.0,31286.45,71.0,4.7,15.7,0
107085,53.0,83320.12,39.7,12.6,10.6,0
107086,56.0,79035.68,47.7,13.6,6.8,0
107087,54.0,112241.94,39.4,11.5,4.4,0
107088,23.0,33966.38,78.8,2.4,9.5,0
107089,24.0,21740.98,88.2,3.7,8.2,0
107090,39.0,56329.5,52.9,7.7,11.3,0
107091,37.0,53341.22,54.5,8.7,8.2,0
107092,57.0,101728.12,42.7,16.0,0.0,0
107093,55.0,163599.57,98.2,16.0,9.1,0
107094,53.0,110108.54,39.7,12.7,6.3,0
107095,51.0,86179.32,39.5,11.0,3.6,0
107096,18.0,32322.13,68.7,2.9,6.7,0
107097,36.0,72040.72,52.0,5.1,9.3,0
107098,41.0,66730.96,53.3,5.7,6.0,0
107099,24.0,22061.54,68.2,5.5,10.6,0
107100,30.0,37850.3,74.9,2.4,12.9,0
107101,40.0,73019.55,57.9,7.3,6.2,0
107102,24.0,28050.69,77.3,2.7,8.6,0
107103,56.0,70884.94,38.4,10.2,1.5,0
107104,20.0,34712.03,55.4,3.3,10.1,0
107105,19.0,33049.54,65.9,2.9,6.2,0
107106,34.0,36961.7,80.5,1.1,9.2,0
107107,51.0,99136.5,39.0,12.4,5.0,0
107108,51.0,100856.11,28.6,9.9,9.5,0
107109,38.0,82155.93,55.3,11.8,7.2,0
107110,30.0,32189.23,79.6,2.8,8.5,0
107111,48.0,139776.7,80.3,19.8,12.2,0
107112,54.0,69162.39,31.8,11.9,4.0,0
107113,59.0,114429.48,33.6,16.9,3.0,0
107114,35.0,49808.84,42.4,4.6,10.0,0
107115,47.0,117734.53,73.0,19.6,1.9,0
107116,52.0,166523.93,80.1,20.4,1.9,0
107117,35.0,76043.4,57.9,8.5,11.3,0
107118,56.0,90593.17,40.8,8.7,5.5,0
107119,28.0,32869.47,89.6,3.6,10.4,0
107120,61.0,78620.97,48.9,14.6,6.5,0
107121,34.0,65824.48,50.0,5.9,7.4,0
107122,20.0,30656.01,67.0,4.3,14.9,0
107123,54.0,113955.31,63.4,17.9,10.5,0
107124,43.0,167154.18,78.5,14.7,8.5,0
107125,30.0,56962.78,55.0,8.7,7.3,0
107126,41.0,195666.1,64.2,18.8,10.3,0
107127,37.0,53220.88,49.6,8.5,10.5,0
107128,36.0,48535.61,59.2,10.3,4.3,0
107129,42.0,144253.65,84.0,17.2,9.8,0
107130,44.0,46699.36,46.0,7.0,10.3,0
107131,38.0,75172.76,42.1,7.9,0.0,0
107132,59.0,117220.71,32.8,7.6,3.7,0
107133,30.0,35020.25,97.6,2.6,16.4,0
107134,26.0,54753.14,46.1,8.7,3.7,0
107135,42.0,70879.27,60.9,7.0,4.2,0
107136,56.0,88118.2,43.7,15.2,3.4,0
107137,31.0,33681.25,85.0,0.6,8.2,0
107138,21.0,40339.14,75.5,4.5,10.1,0
107139,51.0,71566.31,16.9,11.5,3.5,0
107140,20.0,33421.28,98.7,6.2,10.3,0
107141,37.0,69832.13,61.1,8.4,8.0,0
107142,53.0,84875.46,39.1,7.6,4.9,0
107143,42.0,100346.57,25.7,14.7,4.4,0
107144,24.0,34609.4,69.8,5.3,12.2,0
107145,40.0,114518.56,68.3,17.8,4.7,0
107146,50.0,84884.44,33.0,11.6,5.5,0
107147,36.0,66487.06,60.5,6.6,9.1,0
107148,38.0,88864.76,29.3,12.2,2.1,0
107149,55.0,107403.2,21.2,12.4,0.2,0
107150,54.0,87022.16,27.0,8.6,3.7,0
107151,46.0,69631.31,36.9,13.9,5.2,0
107152,45.0,92661.01,41.8,11.7,5.0,0
107153,41.0,130305.67,65.4,19.2,10.0,0
107154,49.0,107908.17,20.7,11.7,0.0,0
107155,37.0,105585.29,65.4,19.2,7.8,0
107156,49.0,92033.06,14.4,13.1,0.0,0
107157,39.0,138012.3,76.5,18.5,7.9,0
107158,50.0,190774.36,72.1,17.8,7.5,0
107159,21.0,34164.94,90.7,0.0,9.5,0
107160,31.0,34264.64,82.1,0.0,12.1,0
107161,57.0,98418.92,28.4,12.9,0.9,0
107162,30.0,70951.82,69.0,5.5,3.5,0
107163,48.0,98379.81,23.4,14.6,2.6,0
107164,54.0,82291.29,40.8,13.3,0.0,0
107165,40.0,136053.14,66.7,19.7,6.2,0
107166,40.0,67408.84,56.9,8.5,2.4,0
107167,52.0,81760.59,33.9,11.1,4.2,0
107168,24.0,32799.22,79.8,4.1,6.2,0
107169,39.0,45119.0,30.1,10.9,4.2,0
107170,22.0,21264.91,73.5,3.4,10.7,0
107171,30.0,57048.86,61.7,7.5,7.4,0
107172,40.0,60783.67,71.9,6.4,9.1,0
107173,56.0,66970.49,39.4,10.7,1.0,0
107174,50.0,97764.87,19.4,12.1,3.3,0
107175,41.0,54929.68,69.9,7.8,6.9,0
107176,30.0,43073.79,75.9,1.5,11.3,0
107177,18.0,24506.07,91.1,4.1,7.4,0
107178,59.0,105170.22,78.2,16.4,13.3,0
107179,40.0,132827.75,53.9,22.2,6.1,0
107180,38.0,62052.74,52.5,2.5,6.3,0
107181,23.0,33836.1,99.5,4.3,12.6,0
107182,34.0,47343.86,55.2,5.5,6.8,0
107183,50.0,66311.42,47.7,11.7,3.0,0
107184,30.0,56694.53,49.4,4.6,7.5,0
107185,22.0,36311.95,74.4,3.2,10.3,0
107186,38.0,52612.65,67.0,4.6,7.1,0
107187,18.0,31304.61,86.9,4.1,13.2,0
107188,34.0,72143.6,51.1,6.1,7.4,0
107189,28.0,28847.31,85.0,3.5,11.0,0
107190,48.0,88421.5,34.1,12.7,1.6,0
107191,30.0,38198.3,65.5,8.9,1.0,0
107192,24.0,29827.71,90.2,2.6,11.6,0
107193,50.0,83250.69,42.7,14.2,0.2,0
107194,42.0,51121.3,34.7,7.0,8.5,0
107195,44.0,61094.71,30.1,10.7,8.1,0
107196,43.0,158510.52,74.1,21.1,5.3,0
107197,24.0,22962.15,86.1,5.2,12.6,0
107198,42.0,102466.18,71.1,16.6,10.8,0
107199,50.0,87338.2,56.7,13.6,7.2,0
107200,49.0,76183.85,45.7,15.0,0.1,0
107201,33.0,51796.88,1.0,35.8,5.9,1
107202,34.0,40162.75,48.5,10.0,8.5,0
107203,29.0,29896.67,75.3,3.0,11.0,0
107204,50.0,123046.63,70.6,16.4,2.1,0
107205,57.0,124881.43,42.7,12.5,9.6,0
107206,38.0,70958.67,59.4,7.6,6.6,0
107207,40.0,49821.29,62.2,5.3,8.5,0
107208,36.0,36031.15,89.7,4.8,3.0,0
107209,23.0,34579.75,57.1,2.4,9.8,0
107210,46.0,78418.31,48.4,4.8,4.8,0
107211,42.0,61697.18,72.1,6.1,4.3,0
107212,52.0,88475.43,29.3,11.6,1.6,0
107213,48.0,75814.02,39.2,10.0,0.3,0
107214,47.0,98516.36,41.7,13.5,4.6,0
107215,46.0,138619.32,76.6,18.9,5.8,0
107216,19.0,39788.41,79.3,5.1,6.7,0
107217,50.0,71459.67,100.0,46.5,2.3,1
107218,62.0,106393.4,41.5,9.6,0.0,0
107219,29.0,19095.41,73.0,1.4,7.2,0
107220,22.0,25919.04,65.8,3.5,13.2,0
107221,18.0,33126.39,83.4,3.9,9.3,0
107222,21.0,36369.45,81.4,0.0,9.3,0
107223,36.0,49794.04,55.6,8.0,4.5,0
107224,25.0,26300.3,65.6,4.2,13.5,0
107225,46.0,111296.74,34.9,7.6,0.0,0
107226,27.0,22646.05,71.8,2.8,11.3,0
107227,25.0,41034.89,69.8,3.2,11.4,0
107228,40.0,73732.18,53.7,8.3,4.2,0
107229,24.0,34887.19,87.8,4.1,10.3,0
107230,43.0,153829.58,93.9,19.7,9.1,0
107231,29.0,52575.62,54.8,8.8,4.2,0
107232,27.0,32689.47,81.5,2.6,8.2,0
107233,19.0,35522.78,77.2,0.8,10.7,0
107234,53.0,59751.56,74.5,1.8,6.2,0
107235,57.0,95266.0,28.6,11.9,7.0,0
107236,63.0,113220.16,30.0,11.5,3.3,0
107237,32.0,60269.48,55.3,4.6,9.5,0
107238,54.0,84039.82,36.5,10.1,2.3,0
107239,39.0,67256.87,52.9,7.6,6.8,0
107240,38.0,135785.57,76.3,18.6,2.9,0
107241,53.0,95434.78,16.0,10.4,5.5,0
107242,43.0,43691.83,67.8,3.2,11.2,0
107243,51.0,82778.24,38.5,10.1,5.5,0
107244,42.0,43987.52,63.9,18.4,11.2,0
107245,38.0,73723.67,49.1,8.5,9.2,0
107246,35.0,167707.79,75.3,17.4,7.1,0
107247,38.0,155896.39,75.0,19.2,8.2,0
107248,25.0,30295.61,88.8,4.2,10.5,0
107249,51.0,64768.03,15.2,11.3,7.8,0
107250,48.0,83619.29,25.3,9.4,1.3,0
107251,37.0,56511.06,52.6,5.7,7.7,0
107252,38.0,41141.9,50.4,6.8,8.3,0
107253,44.0,160735.96,57.9,18.8,14.2,0
107254,52.0,96512.9,40.2,10.9,1.2,0
107255,36.0,43541.28,62.0,8.1,2.2,0
107256,25.0,30753.11,92.8,5.6,12.5,0
107257,42.0,57924.11,60.6,6.5,4.0,0
107258,43.0,137902.24,70.0,17.9,8.2,0
107259,56.0,85005.47,22.2,13.4,6.6,0
107260,26.0,25440.56,76.7,3.6,6.8,0
107261,39.0,136306.33,83.8,18.5,6.3,0
107262,42.0,123209.86,67.9,19.4,2.2,0
107263,43.0,86431.28,59.6,5.3,10.5,0
107264,25.0,28970.45,68.3,2.2,10.6,0
107265,56.0,99859.74,39.5,11.3,6.6,0
107266,23.0,42586.83,71.5,3.8,16.6,0
107267,41.0,70318.84,61.0,7.1,6.5,0
107268,49.0,68739.06,41.4,8.9,6.0,0
107269,41.0,115922.08,86.1,15.1,6.0,0
107270,33.0,63669.25,51.9,9.9,2.9,0
107271,63.0,113318.93,100.0,20.2,7.7,0
107272,44.0,130455.21,75.5,16.5,10.1,0
107273,25.0,26300.41,82.3,3.7,7.8,0
107274,22.0,34951.92,88.9,2.7,12.8,0
107275,58.0,117285.84,39.2,10.2,6.7,0
107276,51.0,103661.24,28.7,10.8,1.9,0
107277,29.0,55451.9,47.7,8.1,3.8,0
107278,49.0,95054.4,53.1,10.6,0.0,0
107279,45.0,80283.07,28.4,16.6,6.9,0
107280,50.0,126683.79,28.9,11.2,2.6,0
107281,57.0,93803.46,50.1,12.9,6.7,0
107282,18.0,22212.93,61.3,2.1,5.4,0
107283,30.0,30852.67,84.2,2.0,12.5,0
107284,18.0,31718.39,83.0,4.2,9.0,0
107285,34.0,165484.62,68.1,17.4,14.7,0
107286,43.0,126923.42,66.2,19.3,5.5,0
107287,55.0,113832.96,34.1,14.0,3.8,0
107288,21.0,22412.04,80.8,3.6,12.9,0
107289,56.0,130351.95,29.2,12.7,1.9,0
107290,29.0,26661.02,87.1,1.5,12.3,0
107291,42.0,44656.27,44.5,7.5,7.4,0
107292,23.0,29256.74,69.4,3.7,7.1,0
107293,45.0,125525.63,67.8,20.4,10.9,0
107294,19.0,26971.98,85.8,0.1,14.4,0
107295,53.0,85112.52,35.1,14.7,0.0,0
107296,48.0,170102.59,68.8,17.9,8.4,0
107297,56.0,82521.59,34.9,11.8,6.0,0
107298,37.0,27772.88,78.8,1.5,8.5,0
107299,38.0,101431.89,83.8,18.7,8.3,0
107300,48.0,93718.1,23.4,11.9,5.0,0
107301,33.0,53554.02,53.1,8.6,7.6,0
107302,44.0,107371.19,40.4,12.4,8.9,0
107303,43.0,150854.72,76.7,19.8,7.3,0
107304,33.0,72859.47,67.2,9.5,8.2,0
107305,28.0,63831.15,58.3,9.5,10.2,0
107306,39.0,38865.37,49.8,6.3,6.0,0
107307,25.0,40525.98,85.8,1.2,7.5,0
107308,47.0,93002.02,43.1,13.9,2.9,0
107309,24.0,41643.28,63.2,4.3,11.6,0
107310,35.0,61794.12,62.2,6.4,5.1,0
107311,32.0,82781.79,53.6,7.4,9.4,0
107312,35.0,62399.41,63.0,5.3,2.4,0
107313,32.0,81289.7,52.2,7.3,3.0,0
107314,59.0,89851.44,30.5,11.7,11.5,0
107315,38.0,60250.18,29.2,9.7,4.9,0
107316,20.0,27603.69,92.7,2.9,5.4,0
107317,42.0,119045.28,75.6,17.2,3.3,0
107318,43.0,138568.75,59.5,14.1,8.8,0
107319,35.0,59598.58,65.5,3.1,7.2,0
107320,39.0,59961.65,43.8,5.7,5.6,0
107321,18.0,34139.12,78.0,1.7,13.0,0
107322,21.0,40524.25,75.3,1.1,7.2,0
107323,36.0,50053.38,59.4,6.2,5.7,0
107324,43.0,165318.03,66.6,18.4,9.3,0
107325,46.0,103939.23,43.2,13.9,0.7,0
107326,31.0,61393.46,56.9,7.0,5.9,0
107327,44.0,75637.32,78.6,20.9,6.3,0
107328,37.0,80756.27,58.3,7.6,12.5,0
107329,34.0,25889.99,73.9,4.8,11.5,0
107330,40.0,32743.34,38.5,10.6,9.3,0
107331,26.0,24844.41,73.9,4.1,5.9,0
107332,39.0,149460.1,77.9,17.0,10.9,0
107333,41.0,41992.87,74.4,9.3,7.6,0
107334,51.0,108497.77,40.3,11.5,8.8,0
107335,25.0,54579.8,62.5,6.9,9.1,0
107336,36.0,133588.05,83.5,15.0,7.3,0
107337,49.0,101213.51,38.9,12.2,3.1,0
107338,36.0,60162.5,57.7,9.9,3.4,0
107339,26.0,26573.43,97.5,3.2,6.2,0
107340,42.0,103235.27,65.7,19.2,12.1,0
107341,41.0,60829.58,63.7,8.6,13.7,0
107342,33.0,78844.8,47.1,9.4,5.1,0
107343,40.0,132826.83,64.2,18.9,11.7,0
107344,18.0,30994.29,67.1,4.8,14.3,0
107345,35.0,54151.13,41.8,10.9,11.0,0
107346,26.0,69315.09,46.9,6.0,3.3,0
107347,26.0,61491.26,77.0,5.1,9.7,0
107348,41.0,70054.73,78.0,8.9,12.4,0
107349,18.0,36293.26,93.1,1.5,0.0,0
107350,18.0,27825.33,83.6,1.9,10.0,0
107351,21.0,31259.6,77.3,1.7,12.5,0
107352,31.0,25382.5,80.2,0.1,4.7,0
107353,48.0,190586.62,68.7,21.7,6.1,0
107354,51.0,123518.28,25.9,13.8,3.0,0
107355,32.0,56321.74,36.3,9.5,7.7,0
107356,35.0,54266.75,61.1,8.8,6.2,0
107357,57.0,99704.2,34.1,13.8,2.5,0
107358,18.0,31694.21,78.4,2.6,13.6,0
107359,27.0,31337.23,77.9,3.2,11.6,0
107360,52.0,92358.69,21.7,10.6,4.8,0
107361,37.0,45423.7,52.4,5.1,11.1,0
107362,53.0,102358.95,34.3,10.7,2.7,0
107363,45.0,133445.55,77.0,18.3,8.9,0
107364,45.0,126740.89,68.9,19.8,13.5,0
107365,29.0,15935.76,70.4,3.2,6.7,0
107366,18.0,29588.19,81.5,4.2,8.9,0
107367,22.0,27140.39,83.1,3.9,12.7,0
107368,53.0,72578.4,31.5,13.7,0.0,0
107369,43.0,147185.79,92.0,16.8,7.6,0
107370,51.0,125174.27,82.7,18.8,7.3,0
107371,38.0,60353.77,80.6,2.9,6.2,0
107372,42.0,136623.38,82.8,17.1,9.5,0
107373,37.0,71357.4,56.6,7.6,6.6,0
107374,38.0,180295.72,64.4,17.0,5.4,0
107375,38.0,56663.73,73.2,8.1,6.2,0
107376,19.0,31362.33,83.2,2.9,9.6,0
107377,19.0,44920.53,76.0,0.3,6.8,0
107378,41.0,189008.35,70.3,17.3,10.5,0
107379,41.0,69355.42,60.0,4.8,4.7,0
107380,28.0,59500.57,53.8,5.9,7.8,0
107381,33.0,58200.41,53.1,6.9,8.1,0
107382,29.0,67057.88,60.6,7.8,7.4,0
107383,45.0,129525.21,76.4,20.3,6.5,0
107384,22.0,35631.71,72.5,1.6,11.3,0
107385,22.0,39037.26,73.3,1.4,10.0,0
107386,54.0,100477.42,40.4,10.9,7.4,0
107387,28.0,53285.64,58.4,5.6,6.1,0
107388,19.0,30801.02,82.6,1.9,7.4,0
107389,22.0,38358.28,89.0,2.0,11.5,0
107390,24.0,39396.12,79.9,2.6,14.8,0
107391,19.0,33838.62,91.7,4.3,7.7,0
107392,20.0,23887.11,92.8,0.7,12.1,0
107393,18.0,46728.84,64.5,3.1,13.6,0
107394,48.0,104640.49,32.2,12.8,7.2,0
107395,41.0,177722.14,75.5,21.9,5.5,0
107396,40.0,134146.89,59.9,19.9,7.8,0
107397,30.0,52817.64,49.3,8.8,8.4,0
107398,35.0,57923.27,55.6,10.6,6.3,0
107399,47.0,131701.38,88.8,15.6,10.4,0
107400,48.0,132847.41,42.0,8.6,1.2,0
107401,39.0,69340.96,63.8,7.3,6.0,0
107402,29.0,27022.46,78.5,1.8,7.9,0
107403,34.0,53794.46,63.5,4.0,8.3,0
107404,33.0,62339.14,56.3,6.0,10.6,0
107405,34.0,69851.09,65.2,6.5,3.2,0
107406,20.0,39365.88,82.9,3.3,8.3,0
107407,52.0,118123.69,73.4,19.0,4.1,0
107408,48.0,87175.97,43.6,11.1,0.0,0
107409,44.0,81884.31,20.1,13.5,6.4,0
107410,24.0,30484.46,85.4,4.4,7.0,0
107411,48.0,107081.91,37.7,13.2,1.3,0
107412,48.0,102932.5,28.2,9.0,2.0,0
107413,23.0,41799.77,69.6,2.9,16.1,0
107414,47.0,106294.37,27.9,12.8,11.0,0
107415,56.0,97596.79,25.5,11.6,2.3,0
107416,36.0,86351.22,63.7,17.9,11.4,0
107417,20.0,33103.7,61.0,1.4,2.7,0
107418,54.0,144989.4,73.7,19.1,15.6,0
107419,34.0,51054.56,78.0,4.5,10.9,0
107420,24.0,34496.08,63.6,8.2,8.9,0
107421,20.0,35158.62,71.6,3.8,6.2,0
107422,25.0,28525.77,70.2,1.1,12.7,0
107423,34.0,59947.84,62.3,9.3,4.2,0
107424,37.0,51848.26,55.9,9.1,0.0,0
107425,47.0,91044.33,38.8,14.4,0.0,0
107426,31.0,34999.76,75.6,0.1,8.3,0
107427,48.0,140665.89,70.2,16.1,10.2,0
107428,23.0,30637.06,1.0,32.9,7.6,1
107429,44.0,84407.05,17.0,13.0,2.0,0
107430,41.0,139064.21,64.0,15.6,8.7,0
107431,52.0,162935.45,84.8,15.4,7.4,0
107432,51.0,119426.06,44.2,11.7,0.0,0
107433,46.0,105823.41,31.8,11.8,5.8,0
107434,30.0,27513.96,83.9,6.2,14.3,0
107435,21.0,33698.49,85.5,3.0,9.3,0
107436,27.0,52345.75,51.0,4.5,7.3,0
107437,28.0,29585.26,56.0,2.8,10.8,0
107438,37.0,53952.03,46.0,8.8,8.1,0
107439,21.0,23353.18,80.2,1.2,11.1,0
107440,44.0,192338.09,71.2,22.0,8.2,0
107441,40.0,113401.85,63.2,18.9,8.4,0
107442,34.0,165708.13,86.8,14.3,11.0,0
107443,60.0,64287.33,30.3,10.3,6.9,0
107444,22.0,29381.72,82.2,6.1,9.8,0
107445,22.0,30362.13,84.6,0.3,10.0,0
107446,47.0,74428.74,15.6,11.0,7.2,0
107447,42.0,104280.49,28.5,9.9,5.0,0
107448,43.0,78717.6,60.8,6.9,8.2,0
107449,48.0,58733.69,69.3,5.8,4.5,0
107450,45.0,62029.66,60.2,8.1,4.3,0
107451,22.0,28301.81,81.3,3.7,8.2,0
107452,46.0,61694.45,59.0,9.7,4.4,0
107453,33.0,65186.23,43.2,6.5,13.2,0
107454,61.0,110342.4,46.8,13.0,2.7,0
107455,51.0,116089.62,81.7,17.0,6.7,0
107456,39.0,84699.17,72.3,7.7,7.2,0
107457,56.0,118344.3,17.4,11.7,0.8,0
107458,42.0,108300.8,53.9,15.4,6.3,0
107459,27.0,27311.94,69.3,3.8,10.9,0
107460,61.0,110983.13,24.7,10.7,6.2,0
107461,32.0,58380.36,40.9,4.4,10.8,0
107462,53.0,84243.94,30.1,15.4,2.0,0
107463,26.0,37019.61,92.4,1.3,5.8,0
107464,37.0,158421.97,91.9,19.5,6.0,0
107465,49.0,128178.77,63.7,17.3,6.3,0
107466,20.0,39037.32,72.8,0.0,11.8,0
107467,19.0,26687.0,85.0,1.5,8.6,0
107468,24.0,30350.67,73.7,0.0,9.5,0
107469,60.0,105766.91,31.2,12.9,5.9,0
107470,48.0,116497.69,36.6,11.4,8.8,0
107471,18.0,25227.34,84.4,4.3,14.9,0
107472,32.0,161639.22,59.5,18.8,7.8,0
107473,40.0,59373.22,68.1,5.3,6.8,0
107474,37.0,80711.99,66.3,7.4,8.9,0
107475,41.0,66179.83,47.7,8.3,6.9,0
107476,34.0,53236.74,63.8,8.0,4.1,0
107477,30.0,83110.52,66.6,7.2,8.8,0
107478,22.0,31006.99,78.2,4.9,5.8,0
107479,31.0,48331.88,66.5,6.8,4.3,0
107480,42.0,124078.5,57.7,20.5,7.6,0
107481,42.0,45831.63,63.0,4.1,14.3,0
107482,34.0,185259.43,71.8,17.6,9.8,0
107483,47.0,108425.35,43.6,12.0,4.8,0
107484,62.0,106135.14,27.2,13.5,2.4,0
107485,32.0,67721.15,47.9,7.1,9.0,0
107486,62.0,105915.52,20.3,9.4,9.2,0
107487,21.0,23265.16,68.0,4.6,10.3,0
107488,27.0,31809.89,67.0,0.0,7.5,0
107489,25.0,25182.74,87.8,1.0,5.0,0
107490,24.0,36381.76,92.9,0.0,14.3,0
107491,44.0,124350.69,78.8,20.7,3.0,0
107492,41.0,126274.19,78.3,20.9,8.2,0
107493,51.0,102615.67,32.7,7.7,5.6,0
107494,29.0,38184.49,66.4,4.2,14.6,0
107495,56.0,152069.09,81.8,16.0,4.6,0
107496,57.0,60186.37,36.6,14.9,6.1,0
107497,40.0,61447.9,53.9,11.3,10.7,0
107498,40.0,62310.76,52.2,9.2,6.1,0
107499,52.0,105528.34,37.1,15.1,0.0,0
107500,24.0,44315.25,87.0,2.6,12.4,0
107501,36.0,78364.71,66.2,5.3,7.7,0
107502,54.0,103004.66,38.2,13.1,5.3,0
107503,20.0,29370.7,75.5,3.2,9.2,0
107504,42.0,51284.97,40.7,10.9,4.5,0
107505,42.0,68791.86,50.2,6.7,6.2,0
107506,54.0,81876.99,33.2,11.9,7.3,0
107507,41.0,115413.55,66.6,18.7,2.7,0
107508,49.0,140495.22,76.3,18.4,6.0,0
107509,47.0,83021.81,19.9,12.7,3.5,0
107510,44.0,84457.75,41.5,14.6,0.1,0
107511,63.0,78594.03,18.0,15.5,0.9,0
107512,44.0,54579.76,55.1,4.4,10.8,0
107513,30.0,28195.58,77.3,4.3,8.6,0
107514,59.0,93189.94,29.8,8.8,0.1,0
107515,55.0,99026.16,43.2,10.9,0.0,0
107516,34.0,84743.23,48.4,6.9,0.0,0
107517,40.0,129568.83,75.3,17.4,3.4,0
107518,49.0,91512.07,25.0,10.3,7.0,0
107519,33.0,66909.9,56.2,4.5,6.0,0
107520,25.0,42003.86,70.3,2.8,12.7,0
107521,30.0,28262.26,76.4,5.2,11.5,0
107522,41.0,75073.08,63.5,7.3,5.0,0
107523,35.0,60015.07,70.0,7.4,7.6,0
107524,19.0,38937.81,70.3,2.4,13.9,0
107525,28.0,27105.28,67.2,2.6,8.3,0
107526,18.0,27661.03,50.5,4.8,12.5,0
107527,59.0,101040.4,30.5,14.0,1.9,0
107528,45.0,92482.42,39.1,10.4,0.9,0
107529,34.0,66596.9,56.5,12.3,6.6,0
107530,28.0,23655.19,83.9,2.1,10.0,0
107531,32.0,29855.76,64.9,0.7,10.5,0
107532,25.0,32444.08,65.1,7.1,14.4,0
107533,37.0,45024.21,73.8,9.3,7.3,0
107534,30.0,29152.7,68.4,3.3,5.3,0
107535,30.0,68069.64,60.4,4.2,5.8,0
107536,36.0,127688.07,66.0,20.0,7.5,0
107537,35.0,57620.43,100.0,33.1,8.4,1
107538,44.0,157453.84,79.4,22.4,4.6,0
107539,25.0,33997.48,74.8,1.7,11.5,0
107540,26.0,25934.27,60.0,2.0,8.0,0
107541,46.0,116715.69,70.2,14.6,3.3,0
107542,32.0,59204.07,49.8,7.3,1.9,0
107543,51.0,91520.82,20.5,12.5,0.0,0
107544,40.0,159844.72,49.7,19.3,4.5,0
107545,49.0,119052.17,28.7,15.2,3.1,0
107546,36.0,71399.62,63.4,7.3,5.6,0
107547,28.0,45235.63,71.1,10.4,7.4,0
107548,18.0,27551.69,69.8,1.9,7.3,0
107549,27.0,33424.99,93.8,2.2,10.6,0
107550,28.0,37884.83,65.7,3.8,10.4,0
107551,45.0,141502.84,89.1,16.2,5.1,0
107552,48.0,90037.6,37.9,11.1,7.0,0
107553,36.0,60924.44,44.7,10.6,6.9,0
107554,32.0,28415.76,86.3,1.9,15.5,0
107555,58.0,109527.1,27.8,15.8,10.1,0
107556,41.0,144073.9,81.3,14.1,11.4,0
107557,41.0,55715.31,36.1,7.7,3.6,0
107558,28.0,66137.11,71.2,6.6,10.6,0
107559,46.0,105395.61,66.5,20.2,6.3,0
107560,47.0,129664.24,79.2,18.9,7.3,0
107561,46.0,85571.19,61.1,17.1,11.5,0
107562,29.0,61612.87,61.2,7.5,6.7,0
107563,21.0,30579.18,87.7,1.6,3.5,0
107564,38.0,78693.58,47.5,9.7,8.6,0
107565,30.0,54146.37,50.5,7.3,6.5,0
107566,49.0,161404.17,56.5,15.2,9.8,0
107567,21.0,30992.72,83.5,4.7,6.3,0
107568,41.0,93065.19,26.5,12.1,3.7,0
107569,38.0,192588.96,72.2,16.9,8.3,0
107570,46.0,124060.02,95.2,15.0,3.6,0
107571,44.0,95066.54,39.7,11.3,5.4,0
107572,45.0,130908.76,76.3,17.6,6.8,0
107573,22.0,33342.34,90.2,0.6,8.6,0
107574,37.0,81606.55,62.3,5.4,4.2,0
107575,29.0,30193.48,65.7,5.0,10.9,0
107576,37.0,106223.75,50.3,16.8,8.9,0
107577,48.0,150708.57,59.0,17.4,12.3,0
107578,21.0,36428.69,84.5,4.5,11.3,0
107579,28.0,23466.26,93.2,0.0,10.9,0
107580,36.0,55017.94,48.2,8.1,9.4,0
107581,23.0,30333.92,90.8,2.2,9.9,0
107582,42.0,202263.99,63.6,19.7,2.9,0
107583,19.0,30218.95,76.7,2.5,9.7,0
107584,49.0,117017.47,25.0,13.5,6.0,0
107585,47.0,88724.4,35.0,15.4,2.9,0
107586,54.0,70569.5,61.4,8.8,1.8,0
107587,30.0,24380.58,86.7,1.8,7.6,0
107588,52.0,137488.66,56.7,19.9,4.3,0
107589,59.0,94722.85,22.3,13.6,5.6,0
107590,25.0,61292.28,61.0,7.5,6.4,0
107591,40.0,68349.38,58.3,6.5,7.4,0
107592,40.0,114232.97,60.8,17.8,5.4,0
107593,42.0,173518.4,69.9,18.3,7.3,0
107594,50.0,181776.36,67.3,19.5,14.3,0
107595,46.0,111763.55,17.6,12.1,3.6,0
107596,34.0,167448.58,73.5,16.1,9.0,0
107597,41.0,42260.42,26.5,6.9,4.7,0
107598,59.0,88665.83,38.1,11.6,0.0,0
107599,36.0,47199.69,44.2,4.8,3.4,0
107600,51.0,88296.93,37.8,8.9,3.2,0
107601,41.0,145075.34,74.5,18.3,5.0,0
107602,43.0,127067.29,85.1,18.2,8.2,0
107603,30.0,55411.11,60.6,6.8,6.7,0
107604,43.0,81079.33,32.3,14.4,0.0,0
107605,38.0,92165.04,75.3,20.4,9.1,0
107606,46.0,113992.71,75.7,16.5,8.2,0
107607,55.0,90008.03,43.2,11.7,4.8,0
107608,33.0,34865.53,70.5,2.0,12.6,0
107609,41.0,61593.14,42.7,5.1,7.5,0
107610,46.0,165320.23,51.7,19.7,12.3,0
107611,40.0,94909.2,42.6,9.2,2.5,0
107612,55.0,86061.37,31.4,12.4,0.5,0
107613,47.0,103009.6,44.5,12.8,8.1,0
107614,38.0,82612.88,58.7,7.5,8.2,0
107615,33.0,53339.08,49.0,5.9,13.2,0
107616,52.0,131736.21,67.8,13.7,5.0,0
107617,32.0,57093.12,52.3,7.4,9.3,0
107618,48.0,119571.44,38.5,13.8,2.7,0
107619,55.0,102755.03,49.7,13.3,6.6,0
107620,40.0,170137.26,59.2,16.9,8.8,0
107621,30.0,51697.32,48.8,7.8,6.5,0
107622,57.0,127158.09,37.7,11.0,5.1,0
107623,20.0,31633.29,100.0,2.6,10.9,0
107624,23.0,29640.81,82.8,0.5,9.5,0
107625,29.0,79236.33,67.9,5.5,1.4,0
107626,26.0,31748.19,100.0,5.8,11.9,0
107627,40.0,133407.82,75.0,18.7,5.9,0
107628,36.0,188591.32,72.3,18.8,5.4,0
107629,31.0,37990.86,78.6,3.4,10.9,0
107630,43.0,154059.22,75.8,17.6,4.5,0
107631,36.0,70372.9,64.7,9.6,11.3,0
107632,56.0,98205.27,38.4,10.9,6.4,0
107633,50.0,166249.02,77.6,17.5,6.9,0
107634,51.0,82514.14,37.7,6.4,2.4,0
107635,24.0,46409.54,78.0,3.1,7.5,0
107636,33.0,27314.87,98.3,1.5,12.8,0
107637,36.0,55723.87,68.1,9.7,6.4,0
107638,43.0,129602.28,74.2,15.8,0.0,0
107639,43.0,91219.84,24.3,11.8,2.5,0
107640,32.0,54758.9,67.7,7.5,11.7,0
107641,25.0,20998.68,67.6,3.2,10.7,0
107642,40.0,119947.37,65.9,17.7,7.9,0
107643,31.0,64748.19,60.4,6.8,4.9,0
107644,55.0,117633.92,30.5,10.7,5.4,0
107645,46.0,73170.76,28.5,12.6,1.4,0
107646,24.0,20426.23,84.2,5.9,7.3,0
107647,26.0,30801.59,79.1,2.5,9.1,0
107648,32.0,49803.55,69.0,3.6,6.9,0
107649,36.0,61476.31,64.6,6.3,9.0,0
107650,62.0,92397.18,14.7,11.7,3.3,0
107651,45.0,89749.46,75.2,17.2,10.4,0
107652,21.0,36999.59,62.9,3.0,7.1,0
107653,34.0,92356.17,48.5,6.3,3.6,0
107654,22.0,31136.23,70.7,6.2,13.5,0
107655,19.0,36704.24,73.2,0.5,7.8,0
107656,46.0,111094.32,26.2,14.6,4.4,0
107657,50.0,86414.14,52.5,12.0,2.5,0
107658,56.0,105012.87,25.1,12.0,0.0,0
107659,24.0,33809.82,82.5,1.0,7.8,0
107660,53.0,116383.25,35.9,10.9,6.9,0
107661,37.0,63994.68,66.0,6.8,4.2,0
107662,42.0,168025.86,90.9,15.6,12.9,0
107663,50.0,95349.83,52.0,11.2,3.2,0
107664,40.0,140954.4,75.1,16.6,12.4,0
107665,20.0,34870.77,78.3,5.5,7.6,0
107666,39.0,89019.25,43.6,5.2,13.3,0
107667,51.0,96942.44,31.7,15.3,0.0,0
107668,42.0,45511.02,42.3,4.8,6.6,0
107669,48.0,81771.05,25.7,10.2,1.2,0
107670,37.0,54903.3,31.3,6.9,9.2,0
107671,42.0,108228.09,79.5,15.3,7.0,0
107672,24.0,38215.95,83.8,3.5,12.8,0
107673,37.0,179815.27,41.3,20.9,5.5,0
107674,38.0,78164.85,63.6,7.7,9.6,0
107675,29.0,47157.8,60.7,6.6,6.1,0
107676,42.0,74850.53,48.8,7.9,2.3,0
107677,18.0,26857.2,77.5,1.7,11.4,0
107678,43.0,168075.04,77.5,15.9,10.7,0
107679,39.0,150369.04,67.1,20.6,10.2,0
107680,40.0,130272.45,100.0,15.5,5.8,0
107681,40.0,110794.9,61.5,17.8,9.4,0
107682,44.0,86425.38,27.0,9.7,7.0,0
107683,32.0,46712.0,66.8,9.5,7.7,0
107684,38.0,133002.88,65.4,17.9,10.1,0
107685,24.0,31979.68,72.9,4.3,11.1,0
107686,34.0,95106.57,68.7,19.9,11.5,0
107687,40.0,60318.55,72.6,5.6,6.0,0
107688,45.0,89094.74,26.4,15.1,8.0,0
107689,36.0,67211.11,52.0,1.9,4.7,0
107690,40.0,66889.83,54.1,8.5,5.6,0
107691,18.0,36260.05,71.9,5.1,4.0,0
107692,33.0,68664.49,62.9,6.6,7.9,0
107693,37.0,45382.35,54.4,7.5,8.5,0
107694,24.0,28820.71,64.7,4.5,11.9,0
107695,29.0,25788.58,79.2,1.6,10.1,0
107696,67.0,110452.35,27.4,11.5,2.9,0
107697,37.0,44992.75,61.2,2.8,2.0,0
107698,53.0,130908.82,86.3,16.4,1.7,0
107699,19.0,47482.88,63.9,6.6,11.0,0
107700,53.0,82198.99,26.0,13.1,8.0,0
107701,25.0,36259.92,73.7,7.3,10.7,0
107702,46.0,51228.34,57.5,9.1,7.4,0
107703,55.0,78279.98,30.9,10.2,3.7,0
107704,51.0,85953.4,41.3,9.9,0.0,0
107705,33.0,86020.82,63.1,5.3,8.3,0
107706,35.0,66325.91,66.8,7.4,7.4,0
107707,31.0,35108.48,79.9,3.1,8.3,0
107708,30.0,69481.66,70.8,7.9,8.7,0
107709,32.0,55346.47,45.2,6.5,9.9,0
107710,49.0,93723.27,42.0,14.4,0.0,0
107711,34.0,53760.81,49.2,6.2,1.2,0
107712,50.0,95598.68,24.6,11.0,4.1,0
107713,37.0,43759.87,65.0,8.4,4.8,0
107714,32.0,34625.58,81.1,4.4,6.9,0
107715,22.0,35557.38,70.0,2.3,11.8,0
107716,26.0,32120.56,78.6,2.7,12.6,0
107717,46.0,65266.22,70.8,6.1,5.0,0
107718,39.0,116857.73,69.1,19.8,11.0,0
107719,49.0,89460.9,35.0,12.5,5.8,0
107720,34.0,59763.27,71.5,6.4,5.3,0
107721,24.0,32450.14,62.6,2.1,11.3,0
107722,53.0,126672.08,79.6,18.4,11.5,0
107723,21.0,38354.36,92.0,5.9,14.3,0
107724,37.0,68528.0,53.8,2.6,7.8,0
107725,42.0,164269.2,80.6,15.9,15.0,0
107726,38.0,47668.69,46.6,2.6,9.3,0
107727,21.0,27159.37,71.6,2.4,11.7,0
107728,18.0,25837.95,82.7,1.8,11.7,0
107729,50.0,121929.3,37.1,14.5,5.6,0
107730,27.0,27666.06,89.7,3.4,7.1,0
107731,41.0,97392.97,50.1,10.2,1.2,0
107732,34.0,74289.81,39.6,5.7,4.0,0
107733,39.0,60407.3,54.5,6.6,9.4,0
107734,30.0,37901.87,83.8,5.8,7.2,0
107735,45.0,199184.43,53.6,16.9,4.9,0
107736,37.0,78046.2,63.4,6.6,8.6,0
107737,51.0,98323.24,41.2,15.5,5.3,0
107738,37.0,84715.08,38.4,6.8,4.8,0
107739,23.0,35478.89,87.8,2.0,12.0,0
107740,32.0,47709.76,58.7,6.6,11.5,0
107741,47.0,55208.58,39.9,4.3,4.5,0
107742,37.0,59085.1,45.4,10.6,9.0,0
107743,52.0,94612.48,84.7,17.7,6.8,0
107744,43.0,122372.69,70.6,19.9,2.1,0
107745,59.0,101709.88,33.9,13.9,5.1,0
107746,50.0,81784.15,50.0,9.0,3.4,0
107747,29.0,67443.71,57.0,4.5,4.4,0
107748,52.0,99874.8,15.6,10.6,4.5,0
107749,42.0,71366.15,53.5,9.0,6.1,0
107750,27.0,176310.07,76.6,18.4,8.0,0
107751,45.0,140184.07,69.1,16.7,8.2,0
107752,20.0,25419.36,80.7,5.0,7.6,0
107753,40.0,97264.44,58.8,15.4,10.9,0
107754,34.0,151571.28,69.3,19.2,11.5,0
107755,36.0,74652.46,73.5,9.7,5.0,0
107756,33.0,136853.89,73.8,14.1,8.2,0
107757,18.0,40903.83,82.8,1.4,10.4,0
107758,25.0,34781.59,78.7,4.9,6.2,0
107759,35.0,81939.11,54.5,7.5,4.0,0
107760,63.0,99878.34,22.4,14.2,0.8,0
107761,39.0,73494.52,78.3,7.4,7.1,0
107762,33.0,128491.91,64.9,17.6,6.4,0
107763,28.0,28776.92,82.8,2.8,8.1,0
107764,32.0,64600.14,71.7,5.5,7.1,0
107765,54.0,94661.18,17.4,13.0,0.0,0
107766,18.0,24484.93,76.4,1.1,5.7,0
107767,54.0,94539.07,42.6,10.5,3.8,0
107768,40.0,47342.89,51.4,9.0,7.1,0
107769,42.0,139027.56,84.2,18.0,8.1,0
107770,52.0,67367.6,40.0,10.4,0.2,0
107771,18.0,23136.69,55.3,0.9,8.7,0
107772,29.0,32349.75,80.5,5.6,1.4,0
107773,26.0,33813.83,86.2,0.0,8.3,0
107774,38.0,107545.11,95.1,16.9,10.8,0
107775,56.0,70372.55,29.7,12.1,5.2,0
107776,38.0,81565.05,67.1,8.3,9.9,0
107777,31.0,28411.41,62.2,1.8,5.9,0
107778,38.0,142515.22,66.5,19.3,8.9,0
107779,26.0,24713.84,69.2,0.0,11.7,0
107780,62.0,98057.55,37.7,10.9,3.4,0
107781,58.0,96551.84,41.4,14.6,7.3,0
107782,36.0,63181.03,54.1,8.0,5.8,0
107783,38.0,73587.32,41.1,3.3,6.9,0
107784,27.0,33652.44,65.9,4.8,15.7,0
107785,32.0,53908.75,58.3,6.7,10.6,0
107786,44.0,132651.7,66.1,14.9,12.1,0
107787,55.0,93452.71,36.1,11.8,0.0,0
107788,36.0,134852.98,69.8,18.0,13.1,0
107789,35.0,53487.63,58.5,4.2,7.5,0
107790,20.0,33296.31,76.2,2.7,11.9,0
107791,56.0,129766.63,41.9,11.5,2.1,0
107792,38.0,78309.63,66.6,5.6,8.4,0
107793,25.0,38042.88,81.0,3.5,6.5,0
107794,40.0,46480.97,58.9,5.9,5.2,0
107795,55.0,94944.89,11.1,11.6,2.8,0
107796,58.0,73754.96,54.2,13.7,3.2,0
107797,22.0,28323.56,81.2,1.4,9.6,0
107798,38.0,157961.75,73.7,17.1,7.3,0
107799,33.0,65496.36,45.4,8.8,7.5,0
107800,22.0,35385.11,81.9,0.9,13.9,0
107801,18.0,38275.76,76.4,5.0,14.3,0
107802,41.0,130412.3,75.1,15.7,7.0,0
107803,34.0,48762.52,53.3,8.5,9.0,0
107804,35.0,62696.1,55.0,3.5,3.9,0
107805,29.0,38896.06,69.4,5.2,6.4,0
107806,49.0,92968.41,32.3,10.6,4.4,0
107807,56.0,70140.8,36.3,13.9,2.8,0
107808,33.0,52504.82,78.0,10.0,6.1,0
107809,49.0,126742.28,70.4,15.9,2.5,0
107810,21.0,29551.9,82.3,4.3,9.6,0
107811,19.0,28210.25,93.9,4.3,14.3,0
107812,61.0,83757.32,43.2,10.2,7.1,0
107813,56.0,58849.35,39.0,10.3,3.0,0
107814,21.0,37229.76,71.2,0.4,7.6,0
107815,51.0,102015.06,47.0,13.0,5.8,0
107816,40.0,71121.59,68.3,12.0,9.4,0
107817,53.0,87044.85,38.1,14.3,0.3,0
107818,58.0,87702.71,32.7,13.0,2.4,0
107819,45.0,110965.53,80.8,18.4,8.0,0
107820,37.0,61775.15,62.4,6.6,6.1,0
107821,43.0,118339.27,23.4,15.2,3.3,0
107822,58.0,112822.07,44.6,12.1,0.4,0
107823,35.0,58490.4,57.0,4.5,6.1,0
107824,18.0,30270.24,79.3,1.4,9.2,0
107825,44.0,165522.78,82.5,18.6,7.9,0
107826,26.0,42367.73,83.0,3.5,13.2,0
107827,52.0,80407.39,39.6,12.3,3.3,0
107828,27.0,21559.71,72.6,1.2,7.7,0
107829,42.0,117067.58,88.8,18.9,5.6,0
107830,18.0,28639.37,74.7,1.7,17.6,0
107831,35.0,141286.06,70.7,17.5,2.2,0
107832,52.0,98084.92,42.1,13.0,7.7,0
107833,18.0,30646.56,100.0,5.1,5.6,0
107834,52.0,77089.3,30.7,16.0,6.9,0
107835,44.0,81914.72,35.0,11.5,4.9,0
107836,32.0,57912.96,50.1,6.3,9.1,0
107837,25.0,27960.5,89.3,5.1,10.0,0
107838,51.0,125139.42,51.1,9.0,7.6,0
107839,61.0,106228.55,30.3,11.3,9.1,0
107840,40.0,68107.34,81.3,5.0,6.7,0
107841,44.0,134668.01,53.6,20.0,5.7,0
107842,20.0,29931.88,75.7,2.8,12.9,0
107843,30.0,30506.19,72.0,2.7,7.3,0
107844,52.0,78821.24,56.3,12.3,2.4,0
107845,28.0,24903.35,70.9,3.8,10.4,0
107846,29.0,16277.57,86.2,1.9,6.5,0
107847,27.0,55798.69,73.9,8.9,11.9,0
107848,35.0,63191.72,42.2,3.8,6.6,0
107849,18.0,27062.47,78.4,5.5,10.0,0
107850,45.0,63847.18,36.2,10.7,4.3,0
107851,35.0,61213.85,70.0,9.1,8.1,0
107852,39.0,126108.57,79.6,20.6,4.2,0
107853,60.0,81666.35,41.7,17.6,0.0,0
107854,39.0,58496.32,62.5,5.8,0.0,0
107855,20.0,33998.74,91.5,3.8,14.4,0
107856,50.0,85171.19,38.4,11.2,7.4,0
107857,18.0,36969.14,90.1,3.7,12.7,0
107858,21.0,27211.05,81.5,1.6,10.9,0
107859,45.0,138301.34,74.8,19.3,7.7,0
107860,50.0,109067.49,37.7,12.9,5.7,0
107861,53.0,89114.22,28.8,11.8,5.4,0
107862,27.0,32828.88,81.5,0.8,8.6,0
107863,27.0,27199.33,79.4,3.1,9.7,0
107864,39.0,64535.43,46.0,8.0,5.5,0
107865,45.0,107692.57,23.1,11.3,4.9,0
107866,36.0,55032.99,48.1,5.5,3.8,0
107867,23.0,28858.68,64.2,2.4,8.1,0
107868,25.0,34085.77,91.4,4.3,6.7,0
107869,41.0,69029.45,30.0,8.8,2.2,0
107870,52.0,85369.66,37.8,10.8,1.7,0
107871,33.0,31809.73,79.1,4.7,12.6,0
107872,22.0,38024.73,73.5,5.0,6.3,0
107873,22.0,33282.17,81.6,1.3,5.1,0
107874,26.0,30809.41,74.1,6.3,9.1,0
107875,33.0,41910.54,47.2,8.8,4.8,0
107876,27.0,24555.19,69.3,1.2,11.4,0
107877,51.0,76008.14,42.1,13.0,5.0,0
107878,53.0,80397.19,47.6,11.8,4.8,0
107879,45.0,116188.51,91.0,17.9,8.1,0
107880,41.0,168979.31,83.9,18.3,3.6,0
107881,23.0,31625.66,73.5,1.0,5.3,0
107882,31.0,36271.6,78.3,1.7,11.1,0
107883,37.0,57523.16,61.9,8.0,9.1,0
107884,48.0,102374.53,46.8,12.6,10.6,0
107885,23.0,22105.92,69.5,1.7,11.7,0
107886,40.0,63518.92,60.9,10.8,4.5,0
107887,36.0,56950.98,46.3,3.0,10.9,0
107888,20.0,30557.73,82.3,0.6,7.5,0
107889,52.0,87505.39,22.2,13.2,2.6,0
107890,53.0,95973.55,44.7,12.7,1.4,0
107891,42.0,56718.19,49.9,5.1,0.0,0
107892,40.0,149995.79,58.4,21.4,1.3,0
107893,20.0,23431.77,87.2,4.3,9.2,0
107894,18.0,25096.85,80.5,1.6,8.3,0
107895,36.0,57395.65,40.5,4.3,3.1,0
107896,48.0,96540.61,35.5,14.4,0.0,0
107897,54.0,81549.02,54.8,11.8,2.3,0
107898,25.0,33135.09,74.2,4.2,14.5,0
107899,48.0,136247.82,89.8,19.0,4.7,0
107900,36.0,59581.03,52.6,7.6,1.4,0
107901,44.0,68829.22,39.6,8.2,8.3,0
107902,59.0,124481.11,53.9,11.4,5.6,0
107903,41.0,164656.41,50.4,15.4,6.7,0
107904,52.0,97795.42,47.7,10.7,0.1,0
107905,41.0,124727.34,77.5,21.1,12.3,0
107906,29.0,28719.38,76.4,3.8,7.7,0
107907,49.0,101403.48,21.4,14.2,2.8,0
107908,46.0,145211.73,84.5,13.7,11.8,0
107909,42.0,65138.5,63.2,8.2,4.3,0
107910,36.0,71932.59,40.1,7.9,7.3,0
107911,46.0,107947.71,64.6,15.2,3.8,0
107912,28.0,28608.04,71.4,5.2,9.0,0
107913,41.0,50288.92,54.5,5.2,8.6,0
107914,42.0,158424.29,73.5,14.1,7.2,0
107915,35.0,148731.9,77.6,19.3,7.6,0
107916,35.0,145281.47,76.1,17.6,8.3,0
107917,34.0,141669.05,70.9,15.6,9.6,0
107918,22.0,33319.72,82.9,3.7,6.0,0
107919,41.0,193662.42,86.0,19.7,8.8,0
107920,31.0,60188.89,53.8,6.8,2.7,0
107921,57.0,49061.22,43.6,13.8,11.0,0
107922,35.0,56196.94,59.2,8.1,6.7,0
107923,37.0,154075.01,72.0,16.0,3.1,0
107924,64.0,109227.94,40.6,11.8,6.1,0
107925,38.0,145024.83,74.4,15.9,7.7,0
107926,22.0,27599.64,72.6,0.0,13.2,0
107927,32.0,26664.36,89.1,2.9,10.0,0
107928,30.0,55775.68,63.3,5.0,4.8,0
107929,21.0,12374.06,81.3,4.3,11.1,0
107930,57.0,87407.09,53.1,10.3,3.3,0
107931,34.0,64079.04,55.6,6.8,5.0,0
107932,50.0,56793.89,43.0,10.0,2.5,0
107933,19.0,35281.37,72.6,0.0,10.8,0
107934,20.0,31865.39,86.3,1.0,9.8,0
107935,48.0,111872.11,35.8,12.0,0.3,0
107936,40.0,71788.31,50.3,7.3,8.8,0
107937,35.0,34252.9,78.0,2.7,9.7,0
107938,28.0,26919.48,87.3,0.0,12.0,0
107939,29.0,36643.57,80.7,3.8,8.8,0
107940,46.0,99270.16,35.7,13.8,3.6,0
107941,25.0,33655.55,83.7,4.9,7.1,0
107942,40.0,59984.85,64.4,10.0,0.7,0
107943,58.0,92975.66,26.4,11.1,0.9,0
107944,39.0,50451.52,70.0,8.4,7.7,0
107945,42.0,72384.34,34.2,11.9,6.8,0
107946,18.0,27627.18,86.4,2.3,8.6,0
107947,35.0,166674.8,67.2,20.2,12.4,0
107948,43.0,61638.22,53.2,5.9,12.9,0
107949,35.0,73753.29,62.8,6.2,6.2,0
107950,49.0,140787.83,67.5,16.4,9.0,0
107951,49.0,105155.49,60.4,13.0,9.4,0
107952,48.0,106696.03,47.6,14.8,7.8,0
107953,43.0,162425.91,61.8,21.2,5.1,0
107954,30.0,38010.85,88.4,7.1,13.2,0
107955,36.0,154864.35,53.1,17.8,6.7,0
107956,55.0,80926.54,27.1,13.0,7.5,0
107957,36.0,87925.23,54.6,8.4,8.0,0
107958,22.0,39553.63,69.1,0.0,9.6,0
107959,23.0,38121.95,65.5,4.0,11.2,0
107960,45.0,166310.77,71.8,18.1,9.4,0
107961,23.0,24205.14,73.9,2.5,8.3,0
107962,22.0,33034.52,75.3,4.7,12.6,0
107963,40.0,70493.13,11.0,11.5,3.0,0
107964,53.0,109407.09,34.6,10.8,4.0,0
107965,22.0,23490.49,87.6,3.8,14.3,0
107966,37.0,99307.87,62.6,18.8,10.6,0
107967,37.0,63602.78,66.5,6.1,10.2,0
107968,53.0,113218.68,69.5,15.2,5.1,0
107969,26.0,22290.84,70.2,5.1,10.7,0
107970,28.0,24549.15,78.7,6.8,8.0,0
107971,50.0,104947.06,26.0,13.4,0.0,0
107972,18.0,33811.16,1.0,25.3,12.6,1
107973,39.0,48303.21,63.2,6.4,8.3,0
107974,24.0,23340.05,70.9,0.0,10.6,0
107975,54.0,82954.34,33.8,10.1,7.8,0
107976,37.0,132161.97,59.0,18.5,11.1,0
107977,33.0,156481.26,88.3,18.3,6.0,0
107978,43.0,126250.43,91.6,19.7,10.7,0
107979,54.0,173882.5,70.8,18.1,15.1,0
107980,32.0,60084.67,100.0,46.8,4.4,1
107981,32.0,55023.86,64.1,7.0,10.0,0
107982,44.0,144512.25,69.1,21.9,6.7,0
107983,48.0,110208.44,69.6,22.0,10.1,0
107984,36.0,113997.16,88.0,18.2,7.2,0
107985,48.0,89572.4,49.1,10.6,2.2,0
107986,27.0,26011.33,68.7,3.0,10.1,0
107987,39.0,151924.1,74.2,14.1,10.3,0
107988,40.0,160312.68,92.8,17.9,6.1,0
107989,59.0,80651.05,53.9,11.1,2.1,0
107990,55.0,149148.09,88.2,17.9,7.7,0
107991,37.0,112300.19,38.9,11.8,5.8,0
107992,43.0,116226.49,75.6,17.6,10.2,0
107993,23.0,29300.51,72.6,1.2,8.4,0
107994,45.0,121107.92,60.2,19.6,7.6,0
107995,28.0,30731.15,72.3,0.0,6.6,0
107996,32.0,65135.34,56.9,4.9,0.0,0
107997,26.0,37053.74,87.6,1.1,13.1,0
107998,39.0,68263.2,51.9,6.7,12.5,0
107999,32.0,31721.9,79.9,0.0,13.6,0
108000,47.0,148695.8,66.0,18.1,12.4,0
108001,54.0,140001.52,43.1,10.2,2.8,0
108002,39.0,161614.16,83.5,21.4,7.0,0
108003,26.0,39375.21,93.5,0.5,11.9,0
108004,18.0,28533.82,64.9,1.8,5.7,0
108005,46.0,79531.8,38.0,12.1,0.0,0
108006,66.0,86646.23,21.7,13.2,4.0,0
108007,32.0,66359.26,51.3,6.4,11.4,0
108008,44.0,155475.82,66.8,18.3,5.7,0
108009,39.0,129608.15,65.1,20.1,9.7,0
108010,41.0,124483.53,41.4,14.3,3.5,0
108011,36.0,106633.95,89.1,14.7,3.7,0
108012,50.0,71320.36,40.3,13.2,5.2,0
108013,49.0,99937.81,52.8,9.1,7.4,0
108014,40.0,60825.25,59.7,7.7,4.1,0
108015,18.0,37221.55,65.6,0.8,8.5,0
108016,25.0,29123.71,70.8,4.9,9.0,0
108017,48.0,101748.09,35.6,12.1,5.3,0
108018,51.0,109444.6,20.7,14.5,1.3,0
108019,28.0,53202.4,54.5,5.5,4.1,0
108020,57.0,80112.17,12.4,11.3,10.1,0
108021,19.0,26818.02,74.0,6.1,8.9,0
108022,19.0,34091.31,80.9,4.0,6.8,0
108023,40.0,168366.84,76.1,19.6,7.8,0
108024,41.0,65271.56,52.8,8.5,4.4,0
108025,32.0,37806.81,75.1,2.6,10.4,0
108026,35.0,76720.03,52.6,4.0,6.2,0
108027,40.0,73323.73,59.1,5.7,6.9,0
108028,49.0,55579.83,26.5,13.0,3.2,0
108029,41.0,167892.2,62.4,16.3,9.0,0
108030,48.0,82742.21,50.5,9.9,1.8,0
108031,54.0,94163.74,21.3,15.6,1.6,0
108032,35.0,66874.95,79.6,6.2,4.2,0
108033,54.0,130707.2,36.4,11.4,5.2,0
108034,26.0,55136.38,39.7,6.3,5.5,0
108035,18.0,33032.47,84.2,2.6,5.4,0
108036,49.0,187808.35,76.0,17.3,7.0,0
108037,38.0,63004.4,62.4,7.9,4.8,0
108038,32.0,58870.88,62.7,3.9,6.3,0
108039,24.0,29196.21,92.0,5.5,11.2,0
108040,52.0,162134.41,73.3,17.0,6.8,0
108041,26.0,29858.47,62.8,2.2,13.1,0
108042,23.0,77658.06,63.7,6.5,7.9,0
108043,48.0,140841.65,81.5,19.7,8.5,0
108044,30.0,60909.04,37.6,7.9,5.7,0
108045,40.0,156518.78,59.3,18.2,7.0,0
108046,23.0,33637.49,96.2,3.8,14.1,0
108047,59.0,108161.53,16.6,11.5,0.7,0
108048,57.0,114704.76,57.0,12.5,4.9,0
108049,37.0,74133.69,47.3,9.3,6.8,0
108050,50.0,97955.54,49.2,12.1,0.7,0
108051,38.0,66554.86,56.1,9.0,0.1,0
108052,54.0,108412.36,20.5,9.0,7.0,0
108053,49.0,174266.19,65.1,18.4,9.0,0
108054,43.0,97689.15,36.4,13.5,2.3,0
108055,49.0,142024.52,89.1,19.5,8.8,0
108056,46.0,72427.97,51.0,13.8,3.1,0
108057,50.0,98794.22,21.5,11.1,5.8,0
108058,40.0,57892.11,74.0,9.1,4.7,0
108059,46.0,105167.11,30.5,10.7,4.7,0
108060,47.0,159956.52,72.6,13.4,10.9,0
108061,48.0,100273.27,33.8,16.5,10.2,0
108062,22.0,24254.89,65.3,3.5,8.4,0
108063,30.0,56155.81,62.5,6.8,5.6,0
108064,50.0,92230.99,37.2,12.6,0.0,0
108065,44.0,130876.23,61.9,17.3,11.5,0
108066,28.0,32559.91,69.0,0.3,7.2,0
108067,24.0,32191.71,71.5,4.8,11.2,0
108068,23.0,63218.36,65.6,7.4,8.7,0
108069,23.0,31624.13,77.6,3.4,8.3,0
108070,48.0,175854.08,66.7,15.7,4.0,0
108071,38.0,68560.26,62.1,8.0,5.3,0
108072,26.0,56450.28,74.5,7.5,8.3,0
108073,29.0,27161.11,80.2,4.0,7.2,0
108074,38.0,76456.28,54.0,3.6,7.5,0
108075,40.0,144563.35,63.6,18.1,11.7,0
108076,36.0,43595.47,61.8,7.0,7.6,0
108077,29.0,28975.6,75.1,0.9,10.6,0
108078,25.0,30503.97,85.5,0.9,10.4,0
108079,46.0,126340.18,58.3,14.6,8.5,0
108080,51.0,124635.05,76.5,13.1,9.1,0
108081,19.0,29734.46,78.8,0.0,19.4,0
108082,49.0,105379.82,49.9,12.6,0.3,0
108083,25.0,21415.19,74.7,6.4,5.8,0
108084,48.0,126696.66,33.3,10.2,5.2,0
108085,22.0,16356.01,64.4,7.1,11.0,0
108086,50.0,114064.24,71.4,17.7,6.4,0
108087,44.0,111907.89,84.1,18.9,7.5,0
108088,25.0,30258.44,60.8,1.0,9.5,0
108089,34.0,69227.05,63.6,5.9,4.1,0
108090,28.0,33090.32,71.8,0.7,8.0,0
108091,38.0,80824.76,55.9,5.3,13.5,0
108092,22.0,27425.93,73.9,2.1,13.8,0
108093,18.0,35424.39,77.9,1.9,9.0,0
108094,42.0,142219.6,67.5,17.9,5.7,0
108095,35.0,37813.39,82.9,2.1,12.5,0
108096,44.0,143000.1,66.7,18.5,13.1,0
108097,24.0,30481.19,79.0,3.1,8.4,0
108098,32.0,70852.81,70.1,11.5,8.4,0
108099,37.0,72063.91,48.9,8.3,10.1,0
108100,48.0,182015.44,66.0,17.0,7.4,0
108101,18.0,35101.2,84.8,4.1,10.4,0
108102,29.0,35313.02,72.0,0.0,9.0,0
108103,52.0,95809.77,33.2,10.9,1.5,0
108104,47.0,102437.77,45.9,9.5,3.8,0
108105,56.0,91770.05,42.2,14.2,5.2,0
108106,22.0,39574.74,75.3,2.5,11.5,0
108107,22.0,30710.84,74.3,2.6,10.6,0
108108,33.0,137532.39,54.4,17.2,9.0,0
108109,50.0,107020.48,38.5,7.7,7.6,0
108110,53.0,85266.24,30.3,7.8,4.7,0
108111,39.0,54411.09,49.0,7.3,10.6,0
108112,29.0,36774.61,98.2,4.8,13.5,0
108113,43.0,131263.53,83.3,16.0,9.3,0
108114,49.0,100801.22,37.7,12.3,3.9,0
108115,27.0,35990.54,64.0,2.9,8.7,0
108116,44.0,129513.68,84.8,17.9,11.0,0
108117,47.0,90199.46,28.9,12.8,0.4,0
108118,27.0,55018.28,63.6,5.4,7.8,0
108119,33.0,42438.34,66.5,8.3,6.9,0
108120,52.0,91451.25,24.7,14.6,3.7,0
108121,38.0,56433.15,62.4,9.3,7.5,0
108122,54.0,110013.85,42.1,14.1,5.0,0
108123,54.0,99093.2,43.6,11.1,5.6,0
108124,35.0,34067.57,66.0,2.4,11.9,0
108125,40.0,115356.99,58.2,17.6,12.8,0
108126,33.0,71774.29,55.2,6.2,8.6,0
108127,28.0,80630.15,63.4,9.1,6.2,0
108128,54.0,110950.97,34.1,10.3,1.2,0
108129,50.0,98881.42,33.4,11.0,6.0,0
108130,34.0,55330.76,67.4,8.1,3.3,0
108131,45.0,76057.74,34.7,14.4,8.3,0
108132,47.0,188204.67,74.0,20.2,6.3,0
108133,35.0,132221.97,70.7,23.2,8.0,0
108134,38.0,164309.13,64.4,18.3,10.6,0
108135,19.0,40740.57,89.3,3.7,15.3,0
108136,34.0,70862.91,60.8,5.7,5.2,0
108137,62.0,113114.28,43.9,10.7,6.1,0
108138,22.0,41780.7,90.1,4.8,12.5,0
108139,52.0,103330.73,50.4,12.9,1.5,0
108140,42.0,54417.58,57.7,6.1,0.0,0
108141,37.0,86248.16,61.2,12.9,6.5,0
108142,25.0,31399.63,78.6,3.7,14.5,0
108143,32.0,62097.26,64.2,9.6,0.5,0
108144,29.0,62453.28,69.2,6.0,9.0,0
108145,62.0,95176.94,32.7,12.9,4.5,0
108146,53.0,91907.25,32.4,10.0,5.8,0
108147,19.0,27293.3,66.0,2.3,10.1,0
108148,19.0,30465.98,79.6,0.0,7.7,0
108149,52.0,122142.55,79.1,17.0,8.6,0
108150,20.0,21045.9,73.6,3.9,12.0,0
108151,37.0,53324.28,67.2,5.6,5.0,0
108152,31.0,57278.87,55.0,7.6,2.9,0
108153,50.0,81309.98,39.3,12.6,0.9,0
108154,45.0,138680.64,79.9,16.7,9.8,0
108155,56.0,96178.56,56.0,13.0,9.3,0
108156,56.0,97843.13,83.5,19.0,8.7,0
108157,40.0,117539.08,61.5,22.4,9.5,0
108158,18.0,25936.94,57.7,5.4,10.1,0
108159,27.0,32014.01,87.5,2.2,10.9,0
108160,37.0,49051.08,50.8,6.4,8.0,0
108161,43.0,63291.63,57.1,7.6,6.5,0
108162,52.0,120922.04,32.8,12.5,2.1,0
108163,30.0,26750.36,77.3,5.0,7.4,0
108164,28.0,20197.29,67.1,2.8,17.2,0
108165,37.0,63861.14,69.5,4.8,0.0,0
108166,61.0,105339.66,30.5,12.1,7.2,0
108167,51.0,97477.55,55.4,9.5,5.6,0
108168,37.0,179393.08,74.9,16.6,3.5,0
108169,22.0,33069.22,89.6,0.8,7.5,0
108170,34.0,53348.93,52.9,5.1,8.3,0
108171,41.0,140272.34,75.0,15.2,9.8,0
108172,53.0,98599.31,33.7,11.5,4.2,0
108173,52.0,74818.93,50.8,10.6,4.2,0
108174,42.0,58185.76,60.4,2.6,1.1,0
108175,24.0,33091.33,89.1,4.6,5.2,0
108176,49.0,109997.76,80.6,17.1,16.1,0
108177,49.0,93734.08,36.6,11.5,1.0,0
108178,63.0,84557.64,28.5,11.8,4.6,0
108179,33.0,72640.94,59.5,7.0,8.7,0
108180,32.0,55471.01,57.8,8.9,6.3,0
108181,22.0,19855.57,71.1,0.0,5.8,0
108182,54.0,151752.43,36.9,12.7,1.7,0
108183,31.0,84946.55,49.9,3.0,7.7,0
108184,22.0,35432.12,93.7,3.7,10.7,0
108185,39.0,92184.49,80.8,6.4,9.8,0
108186,52.0,157474.47,71.3,17.0,8.3,0
108187,30.0,71991.93,71.9,6.2,5.6,0
108188,31.0,67211.05,57.9,4.1,15.7,0
108189,43.0,70379.58,44.4,13.3,1.9,0
108190,39.0,151538.73,75.8,16.6,11.0,0
108191,55.0,117853.84,34.5,13.6,3.3,0
108192,46.0,149017.1,80.5,19.0,2.3,0
108193,21.0,32479.08,82.7,4.6,11.6,0
108194,39.0,163136.55,63.9,20.5,12.0,0
108195,43.0,123669.68,65.0,15.8,5.2,0
108196,35.0,55756.84,41.9,6.0,7.3,0
108197,50.0,79696.92,11.1,14.3,3.9,0
108198,26.0,33041.53,83.0,3.5,10.3,0
108199,40.0,72913.16,71.8,5.3,7.7,0
108200,18.0,29227.09,76.0,4.5,9.6,0
108201,27.0,30012.24,72.2,1.4,12.1,0
108202,41.0,78852.42,78.4,16.1,8.6,0
108203,18.0,32084.85,49.3,2.9,7.4,0
108204,46.0,108067.5,33.8,11.5,1.8,0
108205,40.0,57148.35,72.9,9.5,11.3,0
108206,41.0,55234.05,58.5,6.6,9.5,0
108207,36.0,59285.41,74.6,6.3,5.1,0
108208,34.0,73954.97,59.9,7.9,7.7,0
108209,41.0,76723.34,32.2,12.6,1.0,0
108210,38.0,132130.08,85.3,13.7,0.0,0
108211,45.0,44920.92,53.9,4.0,6.1,0
108212,42.0,180588.8,79.2,15.4,2.3,0
108213,54.0,86114.63,27.8,14.4,0.0,0
108214,50.0,105786.29,23.2,14.6,1.0,0
108215,24.0,28006.54,50.6,2.2,12.4,0
108216,19.0,28381.52,72.8,4.1,8.9,0
108217,43.0,140913.12,66.8,21.4,4.9,0
108218,56.0,116816.24,33.6,12.1,5.6,0
108219,34.0,40839.58,55.5,10.3,8.7,0
108220,43.0,159057.4,70.6,18.1,6.7,0
108221,38.0,56016.73,54.8,8.8,6.4,0
108222,55.0,106079.79,34.2,11.3,0.0,0
108223,31.0,68797.61,63.9,5.0,8.2,0
108224,44.0,163574.9,93.7,19.1,5.9,0
108225,28.0,25998.43,100.0,0.5,11.3,0
108226,24.0,29617.2,73.2,5.7,11.7,0
108227,51.0,124620.61,33.8,13.5,0.0,0
108228,18.0,36088.17,81.1,7.3,7.9,0
108229,46.0,133807.41,80.5,19.5,7.9,0
108230,48.0,89199.44,23.9,12.7,0.0,0
108231,21.0,37207.64,86.8,0.0,11.7,0
108232,18.0,29820.91,85.7,1.0,14.3,0
108233,44.0,151660.25,82.8,19.8,10.4,0
108234,49.0,76003.14,32.2,12.9,0.1,0
108235,46.0,149436.64,70.2,18.1,8.2,0
108236,26.0,36299.37,100.0,3.3,8.1,0
108237,33.0,104519.33,64.4,19.4,6.8,0
108238,38.0,53830.32,62.6,8.7,5.8,0
108239,54.0,87469.08,22.7,13.1,5.2,0
108240,39.0,72663.74,55.5,6.6,6.1,0
108241,26.0,31200.81,79.3,1.6,6.9,0
108242,38.0,150498.09,71.6,17.0,10.0,0
108243,50.0,127531.75,61.2,19.9,8.0,0
108244,35.0,73358.12,55.4,7.8,7.5,0
108245,59.0,136615.83,81.4,17.5,9.4,0
108246,23.0,36581.52,77.0,4.0,7.7,0
108247,20.0,21159.27,81.7,1.7,16.6,0
108248,22.0,39179.27,89.4,2.5,7.8,0
108249,35.0,74665.46,80.9,4.5,7.0,0
108250,21.0,29916.49,95.1,1.5,5.2,0
108251,37.0,66236.11,53.8,5.6,7.5,0
108252,18.0,34429.38,74.5,5.8,11.0,0
108253,51.0,91072.17,15.7,11.8,3.4,0
108254,43.0,135204.5,86.3,17.5,5.5,0
108255,44.0,87374.75,24.5,9.4,3.1,0
108256,30.0,37385.74,65.2,3.1,11.3,0
108257,55.0,122422.64,23.3,10.2,2.0,0
108258,26.0,16322.17,75.7,0.0,10.0,0
108259,62.0,110407.16,22.7,11.2,1.3,0
108260,58.0,57349.01,30.6,10.6,0.5,0
108261,44.0,44521.47,46.1,10.2,6.7,0
108262,23.0,28398.01,78.0,2.1,7.8,0
108263,36.0,141014.31,66.0,17.1,10.0,0
108264,40.0,137230.5,88.7,18.8,6.4,0
108265,47.0,92732.13,42.9,10.8,3.9,0
108266,40.0,129725.06,59.2,18.4,8.3,0
108267,50.0,141092.16,64.2,20.8,8.9,0
108268,25.0,31538.62,78.9,1.1,9.5,0
108269,51.0,99881.5,45.5,13.8,5.3,0
108270,27.0,56352.59,39.1,9.0,6.4,0
108271,35.0,53553.66,69.9,7.1,6.4,0
108272,24.0,32754.59,75.9,5.4,13.5,0
108273,43.0,118613.94,74.6,16.7,12.1,0
108274,60.0,106112.27,22.7,10.9,3.2,0
108275,19.0,29852.46,79.6,3.9,13.7,0
108276,36.0,57879.12,44.4,7.6,5.4,0
108277,35.0,54924.08,51.9,8.3,6.6,0
108278,59.0,74725.41,46.8,10.9,3.6,0
108279,45.0,164171.1,82.0,20.0,7.2,0
108280,45.0,68116.25,27.9,7.0,5.7,0
108281,34.0,68654.54,60.7,5.6,11.4,0
108282,45.0,71185.81,23.7,12.8,5.0,0
108283,32.0,54911.34,57.6,4.8,9.3,0
108284,44.0,59572.51,61.1,7.1,11.0,0
108285,34.0,29710.87,77.9,4.6,10.9,0
108286,19.0,21351.24,71.6,3.6,8.7,0
108287,31.0,55082.13,75.9,4.7,5.9,0
108288,40.0,188299.58,56.9,16.4,8.1,0
108289,37.0,74089.63,67.8,5.5,7.8,0
108290,23.0,29143.74,87.8,3.4,14.7,0
108291,54.0,110204.73,7.5,12.1,5.2,0
108292,45.0,178067.86,77.8,15.5,9.5,0
108293,40.0,54827.87,53.6,8.5,6.9,0
108294,29.0,32902.04,55.9,3.1,8.7,0
108295,55.0,101788.22,25.3,12.3,5.5,0
108296,38.0,72618.22,47.5,6.6,0.2,0
108297,58.0,96651.69,33.9,11.7,5.4,0
108298,29.0,30322.79,82.1,3.8,3.4,0
108299,20.0,34508.46,90.3,5.7,6.3,0
108300,41.0,73530.02,62.1,3.0,5.4,0
108301,53.0,90965.65,13.3,11.5,1.2,0
108302,39.0,67356.01,63.2,6.3,7.1,0
108303,24.0,37262.52,72.7,1.5,12.9,0
108304,40.0,67199.82,73.8,11.2,10.7,0
108305,48.0,109211.76,36.1,10.9,1.8,0
108306,25.0,36705.01,91.8,4.3,11.7,0
108307,51.0,98702.57,20.1,13.1,5.3,0
108308,62.0,94321.15,46.9,11.1,9.1,0
108309,43.0,74632.46,58.6,6.6,5.9,0
108310,38.0,151784.6,69.5,18.8,8.5,0
108311,38.0,166744.25,73.0,19.7,4.5,0
108312,32.0,57621.23,60.4,6.8,11.1,0
108313,29.0,27789.88,100.0,2.8,13.9,0
108314,35.0,68971.92,67.5,4.0,12.2,0
108315,20.0,29989.18,71.9,1.9,8.4,0
108316,30.0,70495.41,59.2,6.7,10.0,0
108317,52.0,100686.8,88.2,18.0,3.9,0
108318,45.0,137053.69,80.6,18.3,9.1,0
108319,34.0,50522.71,65.4,6.0,8.2,0
108320,43.0,60216.71,65.0,6.9,5.9,0
108321,18.0,31773.06,76.4,1.3,3.9,0
108322,28.0,81923.35,58.4,4.1,5.2,0
108323,24.0,34585.35,75.7,7.0,16.2,0
108324,45.0,130770.69,75.8,15.3,11.0,0
108325,44.0,109583.08,66.2,19.1,3.0,0
108326,20.0,29316.61,87.8,6.4,11.1,0
108327,36.0,75903.25,70.0,12.3,0.0,0
108328,64.0,72154.29,40.7,9.7,10.6,0
108329,36.0,125250.26,82.5,16.9,9.5,0
108330,40.0,63976.68,46.9,5.4,5.8,0
108331,27.0,36675.37,80.1,4.4,5.2,0
108332,53.0,93890.44,40.0,13.5,0.8,0
108333,23.0,39686.59,81.0,2.8,6.3,0
108334,55.0,71226.54,33.2,11.0,5.2,0
108335,21.0,30108.09,68.9,2.5,10.6,0
108336,50.0,89638.82,36.6,14.0,6.2,0
108337,37.0,159338.25,85.7,19.4,0.8,0
108338,25.0,39968.86,73.5,8.8,3.5,0
108339,37.0,70073.01,59.7,7.3,3.9,0
108340,49.0,104809.66,13.9,13.8,3.7,0
108341,27.0,36875.18,100.0,5.8,6.4,0
108342,63.0,48602.03,30.6,12.3,3.0,0
108343,53.0,92114.36,47.8,11.0,3.7,0
108344,45.0,72804.29,56.3,7.9,12.6,0
108345,36.0,112595.56,66.3,18.4,10.9,0
108346,32.0,51491.28,44.9,5.1,5.0,0
108347,41.0,85401.35,24.5,11.7,9.1,0
108348,18.0,37840.28,94.7,4.9,11.0,0
108349,31.0,35645.5,89.1,3.2,6.8,0
108350,30.0,47031.45,74.6,3.0,10.3,0
108351,36.0,118623.58,75.0,17.8,8.1,0
108352,43.0,137071.44,64.3,18.9,9.0,0
108353,39.0,150451.35,65.8,19.3,7.9,0
108354,26.0,33013.88,77.4,3.7,12.5,0
108355,37.0,63163.59,54.5,3.4,7.1,0
108356,46.0,85322.29,26.3,10.6,2.0,0
108357,54.0,100689.97,36.1,14.4,13.2,0
108358,27.0,37230.44,80.8,4.3,5.1,0
108359,29.0,86726.71,65.8,20.7,8.8,0
108360,22.0,35279.98,81.5,0.3,11.4,0
108361,28.0,44100.68,77.2,6.4,8.8,0
108362,55.0,125006.23,78.4,18.6,12.5,0
108363,43.0,50366.27,54.6,11.3,7.3,0
108364,40.0,50054.91,55.5,5.6,9.8,0
108365,56.0,115923.67,24.1,13.1,4.1,0
108366,31.0,151672.53,84.9,21.1,7.9,0
108367,28.0,35141.35,70.4,1.2,9.9,0
108368,51.0,96508.44,30.8,12.4,0.8,0
108369,44.0,41689.81,57.2,6.6,6.6,0
108370,20.0,23296.29,80.4,2.6,11.2,0
108371,28.0,81156.99,57.2,0.9,7.6,0
108372,34.0,49353.31,70.3,8.9,8.0,0
108373,24.0,34907.95,62.2,3.4,13.7,0
108374,41.0,50275.41,59.9,4.8,7.5,0
108375,48.0,80122.86,38.6,10.5,1.6,0
108376,54.0,69666.39,31.8,8.9,0.0,0
108377,58.0,87880.38,27.8,13.7,8.8,0
108378,44.0,165722.15,66.5,18.1,8.0,0
108379,38.0,72765.32,43.3,5.2,5.5,0
108380,31.0,64564.61,60.2,7.1,5.8,0
108381,43.0,64417.47,56.5,7.1,9.2,0
108382,53.0,80222.26,52.6,12.9,0.5,0
108383,18.0,35967.56,90.9,3.9,11.8,0
108384,39.0,62053.08,41.2,5.6,9.4,0
108385,27.0,30873.16,72.5,3.3,9.0,0
108386,36.0,63475.74,50.2,8.6,6.5,0
108387,45.0,141599.64,87.4,19.1,9.2,0
108388,54.0,130636.05,34.6,12.3,4.3,0
108389,26.0,63038.03,68.2,8.0,11.5,0
108390,56.0,103584.86,43.9,12.7,3.2,0
108391,51.0,54250.05,51.0,11.6,0.9,0
108392,34.0,81609.81,58.7,7.5,13.3,0
108393,40.0,58783.9,41.0,8.3,5.0,0
108394,55.0,94175.57,39.1,13.8,0.0,0
108395,25.0,31895.23,80.9,4.0,10.5,0
108396,33.0,49395.86,42.1,7.2,8.6,0
108397,34.0,71271.07,56.9,6.8,2.7,0
108398,50.0,110743.6,49.0,11.6,6.6,0
108399,50.0,116378.04,75.2,18.4,11.2,0
108400,48.0,100398.61,32.4,12.8,7.7,0
108401,43.0,75728.79,100.0,32.6,10.0,1
108402,27.0,30486.76,68.8,0.0,5.2,0
108403,50.0,90036.19,39.1,13.2,10.8,0
108404,39.0,90830.39,62.7,21.4,8.0,0
108405,48.0,125816.01,67.0,14.6,7.0,0
108406,43.0,161861.89,77.6,22.0,7.5,0
108407,25.0,31910.14,71.0,3.8,9.2,0
108408,60.0,81500.58,31.6,9.5,5.0,0
108409,36.0,139795.64,60.3,16.0,5.7,0
108410,56.0,93382.99,33.8,13.1,2.0,0
108411,42.0,76208.43,32.1,11.9,5.7,0
108412,35.0,73348.86,61.6,4.2,0.0,0
108413,47.0,97357.03,38.7,11.8,4.4,0
108414,43.0,62156.44,61.5,10.2,1.6,0
108415,33.0,17259.4,69.7,1.9,5.1,0
108416,42.0,138710.34,79.4,19.4,8.5,0
108417,49.0,156252.01,68.8,18.2,6.1,0
108418,37.0,150783.43,57.0,17.6,1.1,0
108419,36.0,53886.93,63.7,6.6,6.6,0
108420,24.0,28478.02,72.3,1.9,9.6,0
108421,33.0,67027.13,40.3,4.0,12.7,0
108422,41.0,114429.57,71.7,19.5,9.9,0
108423,48.0,86233.32,31.7,12.6,4.1,0
108424,38.0,127160.16,69.3,21.0,7.5,0
108425,53.0,58995.54,41.2,7.7,10.1,0
108426,54.0,98363.28,31.2,11.4,0.0,0
108427,56.0,88516.47,46.5,10.9,3.8,0
108428,30.0,39694.8,86.4,0.0,6.2,0
108429,47.0,122399.71,72.7,18.4,8.8,0
108430,47.0,112490.85,29.8,13.2,3.4,0
108431,34.0,40343.37,99.3,6.3,9.6,0
108432,21.0,25459.95,80.7,3.0,9.9,0
108433,39.0,149096.94,68.2,17.0,8.5,0
108434,52.0,70612.32,27.1,13.1,3.9,0
108435,42.0,106949.5,34.5,9.9,2.0,0
108436,53.0,57232.49,39.2,14.0,6.7,0
108437,42.0,53295.9,68.3,7.5,4.5,0
108438,54.0,102462.68,50.4,14.4,1.9,0
108439,45.0,148314.97,74.5,17.4,13.3,0
108440,21.0,41598.38,63.8,2.2,12.3,0
108441,47.0,82431.5,40.3,8.5,7.3,0
108442,43.0,78979.7,61.3,6.1,5.9,0
108443,37.0,63446.17,54.2,10.2,6.3,0
108444,43.0,63115.16,58.4,8.0,8.5,0
108445,42.0,154230.05,78.9,21.3,8.2,0
108446,20.0,28096.85,100.0,0.0,6.4,0
108447,36.0,55135.09,66.2,8.5,5.4,0
108448,60.0,76133.07,27.6,15.1,0.1,0
108449,26.0,41033.11,52.0,2.3,12.8,0
108450,51.0,96014.15,36.9,12.6,1.6,0
108451,47.0,146426.09,60.5,17.1,3.8,0
108452,25.0,34826.15,80.1,4.1,10.4,0
108453,28.0,31263.27,85.0,0.4,5.8,0
108454,43.0,157248.46,69.2,19.3,8.9,0
108455,18.0,45382.64,65.4,1.1,13.4,0
108456,24.0,27577.43,73.3,1.2,7.6,0
108457,47.0,127447.31,61.3,16.5,7.5,0
108458,39.0,132238.71,75.5,17.0,5.4,0
108459,49.0,118805.53,56.7,12.1,6.2,0
108460,47.0,84908.25,39.5,7.3,6.3,0
108461,40.0,112837.51,75.9,20.9,7.1,0
108462,53.0,102757.96,37.4,10.0,4.7,0
108463,53.0,48322.18,43.6,9.0,4.4,0
108464,51.0,133855.74,61.5,19.1,12.2,0
108465,46.0,54650.57,46.8,13.7,5.2,0
108466,27.0,68670.07,68.3,11.3,6.2,0
108467,37.0,37976.23,67.7,8.9,8.2,0
108468,42.0,53275.38,55.8,6.6,10.3,0
108469,42.0,65545.58,60.7,8.1,6.0,0
108470,43.0,56956.42,62.3,5.8,9.8,0
108471,36.0,85062.86,56.7,8.9,5.1,0
108472,41.0,138940.39,75.5,16.5,6.3,0
108473,36.0,66449.46,57.6,6.6,3.0,0
108474,27.0,36854.89,87.6,3.3,8.2,0
108475,34.0,63721.89,57.8,5.3,2.0,0
108476,21.0,30405.08,81.1,2.2,9.2,0
108477,53.0,121789.96,33.3,8.9,1.9,0
108478,45.0,78004.86,67.4,8.4,9.1,0
108479,35.0,71679.03,67.1,8.7,5.2,0
108480,41.0,123827.58,82.0,18.6,9.2,0
108481,27.0,23866.73,86.8,1.9,8.7,0
108482,20.0,32460.84,77.3,0.2,4.6,0
108483,42.0,160511.82,79.2,20.0,7.4,0
108484,50.0,93100.95,43.0,15.2,2.6,0
108485,51.0,95528.53,32.3,10.8,3.6,0
108486,39.0,158284.37,86.7,17.4,13.0,0
108487,42.0,122424.89,78.9,16.2,9.9,0
108488,25.0,29674.84,72.9,1.3,13.1,0
108489,51.0,100321.84,34.9,11.6,5.0,0
108490,55.0,97368.55,33.1,9.8,2.2,0
108491,22.0,32092.45,60.6,4.2,11.0,0
108492,40.0,116909.74,65.1,15.4,7.0,0
108493,35.0,72250.07,62.7,9.5,7.3,0
108494,38.0,183865.54,68.8,14.9,8.7,0
108495,44.0,93552.78,30.2,13.0,6.9,0
108496,34.0,57579.05,65.6,5.5,7.2,0
108497,27.0,27446.16,75.0,3.2,14.0,0
108498,37.0,136240.34,85.5,19.9,7.2,0
108499,52.0,102856.22,39.8,14.8,7.4,0
108500,18.0,22812.51,72.6,0.0,13.9,0
108501,18.0,30276.76,69.3,0.0,13.5,0
108502,49.0,127610.52,49.1,12.0,0.0,0
108503,22.0,45166.78,82.3,2.7,8.2,0
108504,56.0,101321.96,37.8,14.3,7.2,0
108505,54.0,67864.57,25.2,10.8,3.9,0
108506,31.0,43823.01,81.9,4.1,5.5,0
108507,50.0,85541.4,28.6,13.2,2.6,0
108508,18.0,36853.36,90.0,3.6,9.5,0
108509,39.0,118900.05,82.7,16.5,14.0,0
108510,48.0,148559.23,99.1,20.6,6.7,0
108511,31.0,57268.24,57.0,5.5,3.6,0
108512,37.0,71912.42,76.6,7.2,8.8,0
108513,27.0,71582.23,47.9,7.6,6.9,0
108514,42.0,102610.18,64.4,16.1,6.2,0
108515,42.0,58063.81,51.3,8.3,8.0,0
108516,62.0,112290.24,15.1,13.6,6.1,0
108517,51.0,134998.17,83.0,17.3,8.9,0
108518,19.0,24083.18,86.7,3.0,6.2,0
108519,56.0,48220.92,26.9,8.7,7.6,0
108520,22.0,32454.49,81.0,4.6,12.1,0
108521,56.0,90459.93,43.5,10.7,2.8,0
108522,28.0,80708.48,48.1,9.8,8.6,0
108523,44.0,149248.31,61.3,21.2,6.9,0
108524,41.0,55937.18,43.7,11.0,5.2,0
108525,26.0,14560.04,77.3,4.2,10.4,0
108526,43.0,134681.86,80.7,15.4,7.3,0
108527,50.0,102635.9,70.9,15.8,8.9,0
108528,52.0,78857.77,35.2,12.1,2.2,0
108529,50.0,83918.66,12.2,13.9,7.6,0
108530,18.0,38958.32,82.0,0.8,9.4,0
108531,48.0,110788.82,25.8,16.2,7.5,0
108532,18.0,41437.34,85.3,2.7,12.0,0
108533,29.0,27632.06,86.3,2.1,12.4,0
108534,42.0,114615.07,78.3,17.2,8.5,0
108535,54.0,120124.45,30.6,10.3,8.9,0
108536,24.0,28859.96,81.6,2.3,9.2,0
108537,37.0,26309.05,63.6,5.5,8.9,0
108538,45.0,156083.52,54.5,20.3,6.3,0
108539,33.0,27413.57,93.7,6.5,8.5,0
108540,23.0,30191.08,93.2,3.4,11.6,0
108541,23.0,34719.35,83.4,1.8,15.3,0
108542,23.0,37932.77,65.4,4.4,13.2,0
108543,37.0,74007.02,50.9,7.9,2.4,0
108544,44.0,120018.91,71.3,20.8,13.2,0
108545,30.0,75897.26,72.0,7.6,11.1,0
108546,34.0,56264.73,52.9,8.4,6.7,0
108547,48.0,83578.93,35.0,10.3,6.0,0
108548,58.0,111652.8,64.1,12.8,9.1,0
108549,53.0,90238.99,36.2,12.3,3.6,0
108550,47.0,78251.66,46.3,13.7,9.3,0
108551,50.0,86688.73,23.5,14.1,1.3,0
108552,52.0,100356.12,19.4,13.6,7.0,0
108553,53.0,93515.72,34.7,14.8,4.2,0
108554,52.0,83258.51,7.0,14.2,4.0,0
108555,48.0,131086.18,39.4,11.6,7.1,0
108556,26.0,34007.47,71.9,4.4,12.8,0
108557,49.0,62597.34,44.5,13.3,6.5,0
108558,52.0,111462.31,28.5,11.6,0.9,0
108559,42.0,61478.24,60.3,7.9,6.3,0
108560,47.0,181781.9,81.8,14.6,8.3,0
108561,37.0,75863.56,52.5,4.9,9.5,0
108562,24.0,28407.13,75.4,0.2,10.5,0
108563,41.0,153431.16,70.0,18.1,6.6,0
108564,23.0,25492.58,88.3,2.9,4.0,0
108565,28.0,73579.02,57.6,7.0,7.0,0
108566,38.0,79081.31,62.5,7.6,5.3,0
108567,35.0,151956.72,77.6,20.2,13.1,0
108568,30.0,55147.71,64.7,7.0,11.3,0
108569,51.0,129217.22,35.6,15.3,0.0,0
108570,54.0,95398.56,14.1,12.0,0.3,0
108571,49.0,100218.65,33.8,12.7,4.5,0
108572,55.0,146533.07,73.1,18.8,7.9,0
108573,35.0,157434.35,84.9,21.1,10.1,0
108574,35.0,64934.37,75.9,6.6,3.4,0
108575,54.0,114343.56,56.3,18.6,9.2,0
108576,38.0,71801.28,56.4,6.7,5.3,0
108577,25.0,35121.5,87.1,1.2,6.3,0
108578,28.0,28952.88,68.1,0.0,14.2,0
108579,53.0,104327.88,39.4,12.4,3.9,0
108580,24.0,26373.01,60.3,7.5,10.1,0
108581,50.0,81303.57,45.5,12.3,1.4,0
108582,34.0,65474.17,54.1,8.6,13.4,0
108583,34.0,58819.98,49.7,6.7,1.1,0
108584,29.0,24315.21,69.9,3.2,14.1,0
108585,39.0,135295.87,74.9,16.7,7.6,0
108586,28.0,56110.97,70.3,8.6,5.7,0
108587,19.0,30776.79,63.4,2.6,8.8,0
108588,34.0,60424.7,63.4,4.9,9.9,0
108589,42.0,86549.05,61.0,9.9,9.9,0
108590,53.0,74187.98,44.0,12.5,9.4,0
108591,40.0,73782.95,52.2,7.5,1.2,0
108592,27.0,39014.35,91.9,2.3,4.6,0
108593,40.0,138038.48,76.1,13.9,7.7,0
108594,31.0,78143.09,34.7,9.0,6.5,0
108595,18.0,41661.97,91.5,5.5,10.3,0
108596,49.0,96113.31,40.5,10.9,1.4,0
108597,54.0,98341.69,44.3,15.0,6.6,0
108598,46.0,94777.78,38.9,13.6,6.6,0
108599,36.0,56526.83,68.1,7.8,7.8,0
108600,32.0,85433.95,60.5,6.8,7.7,0
108601,35.0,47617.42,61.0,4.1,7.3,0
108602,18.0,19591.16,84.1,0.8,11.3,0
108603,37.0,63639.09,51.7,6.7,5.0,0
108604,48.0,127828.03,69.5,19.5,6.1,0
108605,43.0,76857.72,45.6,12.2,4.9,0
108606,37.0,81956.93,37.2,6.7,7.1,0
108607,24.0,36605.15,86.2,2.6,4.9,0
108608,65.0,94893.36,35.9,14.5,2.8,0
108609,30.0,30234.22,96.3,3.9,8.0,0
108610,35.0,35469.8,71.9,0.2,12.1,0
108611,31.0,34229.45,81.3,6.1,11.8,0
108612,49.0,84484.53,40.6,13.0,7.3,0
108613,54.0,106625.73,38.5,13.9,6.2,0
108614,23.0,30914.99,81.2,3.2,13.9,0
108615,25.0,23801.16,66.2,2.5,12.2,0
108616,48.0,106137.7,27.3,12.3,5.2,0
108617,46.0,101765.36,51.2,11.6,4.2,0
108618,53.0,96549.8,100.0,44.2,0.0,1
108619,26.0,25808.15,81.8,4.4,11.2,0
108620,48.0,100393.48,32.9,10.8,10.2,0
108621,39.0,152467.24,87.3,18.8,6.2,0
108622,49.0,71111.94,35.9,12.3,3.2,0
108623,31.0,31784.97,62.5,6.0,6.6,0
108624,55.0,106605.64,34.6,14.0,4.4,0
108625,34.0,39207.43,41.1,12.6,9.3,0
108626,30.0,46741.67,74.9,2.8,5.2,0
108627,35.0,59015.94,100.0,44.9,9.3,1
108628,48.0,110494.37,72.8,18.8,13.8,0
108629,37.0,60716.01,69.4,6.6,8.6,0
108630,45.0,128118.91,65.6,17.9,6.7,0
108631,29.0,70052.05,63.7,5.5,4.5,0
108632,38.0,81553.32,68.2,9.4,6.1,0
108633,26.0,31237.38,70.7,3.4,7.4,0
108634,48.0,87388.87,31.6,11.9,0.0,0
108635,19.0,41048.23,77.9,4.1,11.2,0
108636,35.0,52146.45,52.5,10.9,5.4,0
108637,33.0,29607.8,74.8,3.2,9.5,0
108638,31.0,61841.38,43.3,7.7,7.7,0
108639,40.0,56455.19,65.4,7.9,7.4,0
108640,34.0,34711.91,73.4,6.1,11.5,0
108641,45.0,41298.55,55.0,6.4,1.3,0
108642,44.0,130632.46,52.0,16.5,12.2,0
108643,29.0,27900.47,70.6,4.7,4.1,0
108644,39.0,41557.61,74.4,8.3,1.5,0
108645,34.0,65540.99,38.1,6.9,8.4,0
108646,26.0,70326.7,56.8,8.8,6.3,0
108647,47.0,75254.39,31.9,11.6,7.2,0
108648,23.0,23012.55,73.4,0.0,11.0,0
108649,39.0,70373.24,55.0,5.6,5.5,0
108650,52.0,86293.13,51.1,11.3,3.7,0
108651,32.0,53866.46,45.3,4.9,12.6,0
108652,46.0,131460.17,65.4,20.5,5.5,0
108653,34.0,151974.97,62.7,15.4,4.7,0
108654,26.0,31399.58,68.2,3.9,7.5,0
108655,28.0,47404.39,58.2,5.4,7.3,0
108656,30.0,28371.17,100.0,3.6,9.5,0
108657,18.0,29992.5,75.5,4.5,8.2,0
108658,38.0,62468.96,67.7,9.1,8.0,0
108659,56.0,114212.96,40.4,12.6,5.2,0
108660,44.0,63256.88,65.3,5.6,11.5,0
108661,26.0,30010.8,77.3,2.6,10.0,0
108662,25.0,30866.6,62.1,6.5,10.8,0
108663,44.0,138789.75,81.1,18.1,7.1,0
108664,42.0,171533.03,74.0,17.9,6.7,0
108665,22.0,38224.47,68.8,4.3,12.1,0
108666,53.0,91752.87,20.2,13.3,0.0,0
108667,37.0,62581.34,65.7,5.2,4.2,0
108668,55.0,92079.22,14.8,12.0,9.4,0
108669,55.0,74726.35,39.7,14.0,0.0,0
108670,42.0,172748.42,56.8,17.4,7.4,0
108671,22.0,39924.9,90.2,2.4,6.9,0
108672,42.0,70648.09,57.8,8.3,8.9,0
108673,39.0,125031.56,72.1,14.1,7.0,0
108674,20.0,32987.27,66.7,3.9,10.7,0
108675,23.0,34702.56,83.9,2.5,10.1,0
108676,49.0,83195.38,50.8,11.6,4.0,0
108677,52.0,101352.98,29.6,11.1,6.8,0
108678,45.0,98196.21,26.8,8.0,3.8,0
108679,46.0,72199.85,61.0,13.1,5.7,0
108680,52.0,74580.12,33.3,11.3,0.0,0
108681,33.0,31484.95,69.7,3.2,5.9,0
108682,47.0,121273.56,29.8,12.0,4.3,0
108683,51.0,85788.69,57.7,10.5,1.3,0
108684,45.0,107620.47,82.2,17.6,8.4,0
108685,25.0,30044.19,87.2,4.3,11.5,0
108686,18.0,29991.76,76.9,6.5,5.8,0
108687,49.0,113495.09,25.6,10.7,9.0,0
108688,26.0,36941.85,85.2,3.2,10.3,0
108689,28.0,27121.39,95.3,1.9,13.1,0
108690,46.0,126206.57,76.8,18.3,2.7,0
108691,36.0,48064.26,63.1,6.7,9.6,0
108692,33.0,47537.85,47.2,11.0,16.1,0
108693,34.0,23128.88,64.2,0.9,12.3,0
108694,35.0,37211.62,79.9,1.2,9.1,0
108695,52.0,110093.65,30.0,12.8,4.8,0
108696,37.0,57586.72,59.2,6.8,4.7,0
108697,28.0,41070.12,79.7,2.9,12.3,0
108698,37.0,74726.27,59.1,8.2,12.2,0
108699,30.0,31096.65,88.8,0.9,9.4,0
108700,28.0,40811.56,70.5,2.9,10.0,0
108701,24.0,24994.76,83.0,0.4,13.4,0
108702,43.0,54874.32,45.3,6.9,5.4,0
108703,23.0,32527.4,68.7,6.3,8.1,0
108704,41.0,52069.17,58.6,7.9,7.4,0
108705,35.0,56498.14,53.9,5.6,8.0,0
108706,45.0,66009.73,64.0,9.2,5.6,0
108707,18.0,32016.91,86.5,7.0,7.1,0
108708,29.0,33503.46,74.1,0.9,8.2,0
108709,27.0,39043.13,50.8,4.0,8.3,0
108710,34.0,66648.18,77.2,5.6,6.7,0
108711,44.0,102498.33,28.1,15.2,5.1,0
108712,23.0,30408.61,81.6,4.4,6.5,0
108713,51.0,94954.57,37.1,14.6,0.0,0
108714,57.0,101231.16,100.0,45.6,2.9,1
108715,18.0,12221.23,65.8,1.9,10.5,0
108716,27.0,30513.62,63.9,2.2,9.3,0
108717,33.0,35207.41,61.4,2.4,12.1,0
108718,24.0,22647.0,100.0,47.3,9.5,1
108719,32.0,73308.76,39.9,3.9,4.8,0
108720,26.0,24142.85,72.6,2.3,11.0,0
108721,42.0,133118.74,64.9,20.2,10.0,0
108722,39.0,53317.27,52.9,8.0,5.2,0
108723,47.0,99936.87,21.9,11.6,6.7,0
108724,53.0,77094.36,39.7,10.8,6.5,0
108725,39.0,58125.95,50.5,5.3,14.8,0
108726,32.0,95641.05,83.0,19.8,9.1,0
108727,33.0,153578.31,62.2,17.8,9.2,0
108728,39.0,54738.31,70.8,8.6,4.1,0
108729,22.0,27630.1,77.4,4.3,4.4,0
108730,26.0,52714.14,71.5,7.5,11.7,0
108731,23.0,27149.86,61.2,1.3,8.1,0
108732,24.0,52613.53,49.5,7.0,6.9,0
108733,38.0,43890.69,46.6,8.9,6.2,0
108734,40.0,60424.12,59.9,8.1,5.3,0
108735,49.0,83372.38,34.2,13.1,2.8,0
108736,30.0,42077.85,69.2,5.4,9.9,0
108737,38.0,60505.4,70.2,7.7,6.0,0
108738,34.0,48593.76,52.3,9.4,10.2,0
108739,49.0,76223.98,44.5,12.9,0.0,0
108740,66.0,95199.27,52.0,12.3,0.9,0
108741,25.0,23546.85,76.7,0.8,9.4,0
108742,53.0,100053.34,20.4,10.7,0.0,0
108743,27.0,33168.19,66.3,5.8,11.4,0
108744,51.0,86906.34,28.6,10.4,7.5,0
108745,53.0,77062.62,48.0,11.8,1.2,0
108746,46.0,49779.85,49.7,7.0,8.0,0
108747,48.0,57194.65,35.3,9.9,2.9,0
108748,39.0,112692.8,69.3,16.7,5.5,0
108749,57.0,77986.76,32.5,11.9,0.0,0
108750,30.0,61558.59,57.2,5.4,6.9,0
108751,53.0,105034.78,41.7,14.4,4.3,0
108752,29.0,58699.56,45.3,8.7,11.1,0
108753,52.0,114875.8,45.9,12.6,5.6,0
108754,48.0,104820.57,74.5,19.1,3.7,0
108755,34.0,38292.9,89.0,3.8,7.2,0
108756,18.0,31428.49,85.0,4.1,15.1,0
108757,22.0,29926.25,78.1,0.7,14.5,0
108758,23.0,33458.65,86.1,1.5,10.8,0
108759,36.0,72885.31,58.1,1.3,4.2,0
108760,18.0,43100.65,92.1,0.0,7.0,0
108761,45.0,98701.14,25.4,11.5,0.0,0
108762,26.0,22327.4,100.0,6.0,17.4,0
108763,27.0,40968.27,86.9,1.0,8.9,0
108764,54.0,114702.97,34.9,13.1,3.0,0
108765,34.0,45577.62,62.4,6.0,3.1,0
108766,33.0,65183.83,64.7,6.6,10.2,0
108767,59.0,90096.58,44.7,10.7,0.1,0
108768,38.0,118213.05,67.6,22.0,6.4,0
108769,50.0,97626.73,21.8,12.3,6.0,0
108770,31.0,39567.78,81.6,2.6,9.5,0
108771,26.0,31731.44,77.1,1.1,12.0,0
108772,44.0,120941.5,86.9,18.4,3.7,0
108773,57.0,83497.57,30.9,11.6,6.6,0
108774,52.0,105573.82,19.3,9.8,4.1,0
108775,48.0,91505.58,42.5,10.4,1.8,0
108776,25.0,19752.39,88.1,3.3,10.3,0
108777,33.0,69689.96,56.4,9.5,1.9,0
108778,52.0,95724.74,38.1,14.8,0.0,0
108779,36.0,131102.71,53.1,22.6,10.8,0
108780,27.0,36509.46,90.7,1.8,8.9,0
108781,54.0,86377.61,25.7,10.9,5.1,0
108782,29.0,24680.18,76.1,2.9,5.8,0
108783,45.0,137301.61,62.6,17.0,9.6,0
108784,29.0,33955.97,97.1,5.2,11.7,0
108785,48.0,114342.81,27.3,13.5,0.0,0
108786,22.0,23949.12,75.1,0.0,10.1,0
108787,54.0,83883.23,31.8,12.4,3.9,0
108788,59.0,83279.87,40.4,12.5,0.0,0
108789,36.0,61030.54,53.1,10.5,10.9,0
108790,39.0,156009.91,79.4,18.3,4.7,0
108791,38.0,153302.55,77.1,17.4,11.9,0
108792,50.0,177336.75,86.9,18.0,4.0,0
108793,34.0,60718.56,1.0,47.4,3.5,1
108794,56.0,122843.94,58.8,12.5,3.5,0
108795,52.0,118276.34,48.4,11.5,7.6,0
108796,53.0,82422.52,33.5,15.4,6.2,0
108797,33.0,72460.59,65.1,6.4,4.8,0
108798,46.0,66882.87,28.5,11.6,7.8,0
108799,28.0,33131.89,59.3,3.6,5.1,0
108800,40.0,72060.43,58.5,8.6,10.0,0
108801,25.0,31165.44,64.7,2.3,7.0,0
108802,31.0,53820.58,38.4,9.0,7.7,0
108803,30.0,36619.26,83.0,4.6,10.5,0
108804,31.0,29063.81,77.8,2.4,16.1,0
108805,49.0,117020.52,21.4,12.2,3.5,0
108806,31.0,54584.67,63.0,6.3,4.1,0
108807,28.0,31877.96,81.3,5.2,14.6,0
108808,41.0,93162.91,18.2,17.5,4.5,0
108809,48.0,124196.92,68.4,20.2,9.5,0
108810,51.0,118973.45,69.8,19.0,10.0,0
108811,45.0,106657.38,62.6,18.7,3.4,0
108812,39.0,140940.51,64.2,18.5,7.7,0
108813,48.0,81927.1,47.8,12.8,4.7,0
108814,43.0,117132.88,66.4,13.2,6.1,0
108815,40.0,153824.72,66.0,19.6,7.2,0
108816,37.0,61651.98,65.0,9.4,4.0,0
108817,52.0,118409.41,70.2,16.9,12.5,0
108818,47.0,107269.97,12.9,13.6,3.4,0
108819,50.0,83171.82,34.3,11.3,0.0,0
108820,39.0,160119.99,68.0,16.4,8.1,0
108821,38.0,69255.58,61.4,9.4,7.1,0
108822,35.0,71747.69,50.9,6.2,2.2,0
108823,61.0,130660.28,33.2,13.5,6.1,0
108824,53.0,115784.73,22.4,11.6,0.0,0
108825,38.0,99032.79,53.6,17.0,9.1,0
108826,40.0,126263.56,64.7,18.3,6.2,0
108827,47.0,110942.72,26.3,9.5,6.2,0
108828,35.0,170979.64,61.7,18.2,5.0,0
108829,24.0,28999.03,68.2,0.0,8.4,0
108830,45.0,156994.04,64.8,16.6,7.5,0
108831,24.0,31981.21,73.7,2.3,9.1,0
108832,40.0,88064.3,42.8,14.8,7.5,0
108833,24.0,25152.06,72.5,1.5,5.8,0
108834,47.0,82536.19,21.1,13.9,5.8,0
108835,36.0,66259.7,61.1,5.5,12.4,0
108836,20.0,22392.32,79.6,4.1,9.1,0
108837,58.0,98088.74,26.8,10.8,4.4,0
108838,52.0,115749.71,43.3,8.9,3.5,0
108839,18.0,40401.5,68.3,3.4,7.9,0
108840,42.0,73534.02,32.5,13.1,5.6,0
108841,18.0,33804.61,87.5,4.0,8.9,0
108842,24.0,32878.02,92.0,6.4,11.9,0
108843,24.0,31821.04,78.7,3.4,8.5,0
108844,62.0,81457.82,48.0,7.6,3.2,0
108845,50.0,98911.03,31.4,14.8,3.3,0
108846,47.0,78481.96,30.3,13.4,6.7,0
108847,37.0,119837.11,61.3,17.4,10.9,0
108848,53.0,104407.37,42.5,10.8,0.2,0
108849,49.0,109045.31,41.0,12.2,6.8,0
108850,44.0,131637.48,56.3,20.5,7.7,0
108851,34.0,60854.22,73.0,9.0,5.9,0
108852,26.0,39068.03,81.5,3.2,3.7,0
108853,30.0,26076.89,59.3,0.0,7.4,0
108854,54.0,114846.85,38.4,15.5,2.8,0
108855,35.0,41166.96,52.2,2.9,3.0,0
108856,27.0,22282.45,62.1,0.0,12.3,0
108857,51.0,138116.71,81.4,15.7,11.7,0
108858,39.0,156822.99,71.7,14.2,5.3,0
108859,25.0,21346.02,81.0,0.2,11.6,0
108860,18.0,34552.73,86.2,2.7,9.8,0
108861,31.0,27488.7,72.7,4.3,11.3,0
108862,35.0,48440.31,67.7,4.5,13.8,0
108863,37.0,112147.97,75.4,19.1,5.1,0
108864,60.0,100638.38,32.5,12.8,7.6,0
108865,32.0,33110.89,65.3,0.5,5.8,0
108866,33.0,62421.7,60.1,9.3,0.8,0
108867,24.0,34654.27,49.9,3.9,18.2,0
108868,40.0,65436.0,55.3,7.5,11.6,0
108869,34.0,75320.34,62.6,10.3,10.3,0
108870,53.0,97138.62,31.9,14.0,2.2,0
108871,37.0,59841.46,44.6,7.4,2.4,0
108872,41.0,156811.99,73.7,18.3,5.4,0
108873,29.0,26895.76,85.1,5.6,5.4,0
108874,50.0,86477.11,37.7,10.1,0.5,0
108875,24.0,28767.93,76.5,4.8,5.1,0
108876,35.0,55404.75,58.2,5.8,3.5,0
108877,45.0,209840.18,71.0,16.5,5.8,0
108878,57.0,80003.99,48.0,8.7,4.6,0
108879,27.0,36391.71,84.9,3.5,13.5,0
108880,31.0,54811.45,54.0,10.0,8.4,0
108881,55.0,91937.47,43.2,8.9,2.8,0
108882,42.0,128047.1,68.8,19.1,8.7,0
108883,58.0,59324.63,49.9,10.7,7.9,0
108884,22.0,34128.45,67.2,0.6,11.7,0
108885,23.0,48438.65,65.7,6.2,4.4,0
108886,32.0,42796.42,78.0,5.5,14.6,0
108887,24.0,29049.65,78.9,0.1,11.7,0
108888,50.0,95965.86,35.4,10.3,3.9,0
108889,45.0,86751.61,23.9,10.2,0.0,0
108890,22.0,34796.72,79.8,5.2,7.1,0
108891,50.0,110683.11,34.1,12.4,10.3,0
108892,51.0,86721.19,25.1,11.4,7.1,0
108893,55.0,119497.01,38.6,7.5,5.9,0
108894,25.0,32009.85,90.2,2.5,11.7,0
108895,31.0,45056.15,52.0,6.4,8.6,0
108896,19.0,40680.09,68.3,2.8,10.0,0
108897,25.0,34596.53,100.0,1.8,10.9,0
108898,36.0,72969.34,62.5,7.4,2.5,0
108899,34.0,51101.38,53.5,5.3,5.4,0
108900,22.0,29733.2,75.1,1.1,10.1,0
108901,19.0,28550.6,77.5,0.0,17.5,0
108902,46.0,148059.79,66.8,18.2,4.4,0
108903,54.0,66207.22,22.3,10.6,8.5,0
108904,30.0,65723.89,37.4,7.0,12.2,0
108905,46.0,87758.18,72.4,17.1,11.7,0
108906,23.0,23704.87,76.6,1.6,3.5,0
108907,35.0,62049.75,61.8,9.0,6.2,0
108908,35.0,118915.47,71.8,20.4,8.0,0
108909,35.0,59361.71,57.9,10.8,6.7,0
108910,23.0,32220.4,71.2,0.0,4.8,0
108911,32.0,75182.52,69.7,4.8,6.5,0
108912,37.0,53909.79,71.1,8.5,8.1,0
108913,52.0,68272.31,48.6,13.2,5.2,0
108914,32.0,54732.46,62.9,9.2,12.2,0
108915,32.0,60226.94,37.1,2.1,8.6,0
108916,20.0,20634.21,66.4,3.7,11.2,0
108917,28.0,75798.44,51.0,7.5,7.1,0
108918,24.0,26603.24,77.8,3.5,9.4,0
108919,44.0,167765.78,67.3,19.3,7.4,0
108920,59.0,70957.78,48.0,10.9,10.3,0
108921,38.0,71488.77,56.4,8.4,9.0,0
108922,51.0,108069.47,1.4,10.7,4.1,0
108923,27.0,37598.8,75.5,2.2,12.6,0
108924,42.0,70256.87,56.5,12.1,7.2,0
108925,37.0,80223.61,73.3,8.4,4.3,0
108926,37.0,67774.62,77.5,12.9,5.2,0
108927,56.0,81063.7,33.8,10.3,9.0,0
108928,44.0,147394.74,72.5,18.8,9.2,0
108929,33.0,43164.0,44.7,3.8,7.6,0
108930,32.0,72937.92,60.4,3.3,5.8,0
108931,41.0,75434.11,30.1,10.1,9.7,0
108932,40.0,58341.5,72.3,5.1,6.0,0
108933,28.0,25574.0,84.9,3.6,11.8,0
108934,52.0,151479.49,73.3,15.0,8.6,0
108935,41.0,136897.17,67.3,19.0,5.0,0
108936,44.0,113752.34,54.0,17.3,9.4,0
108937,20.0,32786.76,74.4,0.9,11.7,0
108938,21.0,34157.82,63.4,3.3,11.9,0
108939,38.0,71960.76,64.5,7.6,9.5,0
108940,41.0,153136.21,72.2,21.7,8.8,0
108941,18.0,33457.47,68.5,4.5,12.2,0
108942,21.0,26022.08,79.3,1.2,7.5,0
108943,21.0,35596.03,63.2,1.5,17.2,0
108944,62.0,115687.56,35.4,13.5,2.8,0
108945,38.0,85249.36,30.3,12.1,5.4,0
108946,60.0,95543.44,25.0,11.6,5.9,0
108947,23.0,27371.73,83.2,0.7,7.4,0
108948,54.0,81572.88,31.5,12.0,3.9,0
108949,31.0,65670.31,48.8,10.3,5.8,0
108950,27.0,36222.91,74.5,1.1,12.2,0
108951,29.0,47829.18,64.1,6.6,4.9,0
108952,34.0,53122.28,79.8,9.0,4.5,0
108953,34.0,68660.47,48.2,5.9,6.1,0
108954,39.0,167629.4,64.9,17.8,8.4,0
108955,44.0,61036.91,79.4,6.3,6.3,0
108956,41.0,83428.06,55.4,9.5,9.5,0
108957,48.0,94690.53,34.6,9.9,4.5,0
108958,52.0,101407.91,35.7,10.7,11.3,0
108959,25.0,39487.43,82.4,6.0,7.7,0
108960,52.0,87338.01,29.3,12.5,3.3,0
108961,18.0,30256.3,74.1,4.8,5.7,0
108962,33.0,53625.63,65.4,5.9,10.1,0
108963,52.0,103375.13,46.1,9.6,3.3,0
108964,54.0,98383.79,22.0,13.4,4.1,0
108965,37.0,59529.69,26.2,8.1,8.8,0
108966,22.0,23449.16,72.6,5.0,8.8,0
108967,36.0,58277.41,61.2,4.4,6.4,0
108968,41.0,51765.49,55.3,9.1,9.2,0
108969,45.0,149799.07,75.7,17.5,11.3,0
108970,34.0,50903.74,44.2,5.8,5.1,0
108971,39.0,110374.64,75.7,16.1,9.6,0
108972,40.0,90714.69,53.5,6.7,4.8,0
108973,37.0,129409.74,64.2,15.6,8.7,0
108974,19.0,35259.49,86.6,1.3,14.2,0
108975,38.0,61186.62,40.2,3.6,11.7,0
108976,31.0,41213.85,96.6,5.7,10.7,0
108977,27.0,28058.27,80.4,4.5,12.3,0
108978,42.0,88853.62,56.9,19.0,6.5,0
108979,55.0,74185.37,48.6,10.1,8.4,0
108980,44.0,105317.18,25.7,12.0,7.2,0
108981,41.0,52814.2,51.9,3.9,1.6,0
108982,48.0,80384.17,19.9,11.6,3.9,0
108983,52.0,81337.5,29.2,11.4,6.5,0
108984,40.0,97696.69,68.8,17.1,3.2,0
108985,50.0,79868.05,34.2,12.8,2.4,0
108986,55.0,89765.66,32.4,11.4,3.4,0
108987,29.0,41587.75,69.2,7.4,5.4,0
108988,48.0,212182.95,57.0,17.9,10.0,0
108989,18.0,23206.79,87.5,2.9,7.9,0
108990,28.0,65641.41,44.0,5.0,4.1,0
108991,41.0,112252.24,62.5,19.9,8.5,0
108992,24.0,34512.5,67.4,3.7,11.3,0
108993,19.0,35436.97,80.4,3.5,15.0,0
108994,37.0,51694.72,59.3,7.0,3.7,0
108995,26.0,61272.93,67.4,8.9,7.8,0
108996,51.0,144397.51,70.0,18.4,5.8,0
108997,37.0,115336.28,67.2,19.7,3.7,0
108998,31.0,70987.07,54.4,6.6,5.9,0
108999,53.0,154119.46,74.5,18.4,9.2,0
109000,61.0,88605.79,36.7,12.1,6.7,0
109001,52.0,125175.99,76.5,18.4,3.8,0
109002,29.0,41005.22,86.2,1.7,5.9,0
109003,39.0,49953.54,48.2,7.4,9.2,0
109004,22.0,30809.66,76.9,1.2,8.9,0
109005,18.0,36236.18,100.0,3.1,13.6,0
109006,51.0,71975.77,57.5,10.3,6.8,0
109007,25.0,38838.13,77.3,0.7,8.0,0
109008,48.0,65567.61,79.8,6.3,9.1,0
109009,46.0,95509.14,57.2,10.4,1.9,0
109010,28.0,32660.17,97.0,2.5,10.2,0
109011,38.0,49994.47,45.0,4.2,0.0,0
109012,52.0,72757.99,29.6,14.0,1.2,0
109013,46.0,100178.97,65.1,21.5,6.7,0
109014,42.0,88286.37,53.8,5.7,0.5,0
109015,44.0,149557.39,79.7,20.8,4.9,0
109016,52.0,132899.23,75.6,17.9,5.7,0
109017,46.0,98596.2,25.4,11.6,2.8,0
109018,34.0,41919.61,26.3,8.7,10.4,0
109019,39.0,102151.0,37.2,9.4,6.7,0
109020,49.0,166696.18,89.4,20.0,5.5,0
109021,36.0,66301.49,73.2,6.5,5.1,0
109022,35.0,162002.04,74.1,16.3,10.3,0
109023,41.0,106616.56,85.3,13.9,8.4,0
109024,35.0,43711.48,61.3,5.6,12.1,0
109025,57.0,98781.76,10.1,10.9,2.1,0
109026,42.0,63986.17,61.2,9.0,11.9,0
109027,59.0,104339.98,32.3,12.9,3.9,0
109028,47.0,125691.99,81.0,18.1,9.2,0
109029,18.0,30423.96,82.5,2.6,3.0,0
109030,18.0,33968.86,93.0,2.5,8.5,0
109031,41.0,62121.6,65.4,6.4,5.8,0
109032,47.0,156946.85,68.8,15.8,3.0,0
109033,28.0,54933.09,61.2,3.7,2.2,0
109034,45.0,179531.96,82.9,14.3,9.2,0
109035,41.0,56472.91,55.6,7.7,8.5,0
109036,38.0,70082.97,60.2,5.7,5.7,0
109037,39.0,128381.3,77.6,16.5,11.2,0
109038,47.0,98475.42,43.4,12.9,0.0,0
109039,37.0,53766.2,44.8,7.4,3.3,0
109040,25.0,40386.42,81.0,2.5,9.5,0
109041,29.0,30239.77,73.3,1.1,7.3,0
109042,28.0,29200.79,83.6,4.3,7.1,0
109043,32.0,68442.27,59.4,6.6,8.4,0
109044,57.0,94334.25,100.0,44.3,1.6,1
109045,37.0,62021.37,49.8,6.2,6.0,0
109046,28.0,26959.31,69.9,2.3,11.7,0
109047,28.0,33508.41,85.1,5.3,10.5,0
109048,32.0,61136.04,44.4,7.8,5.5,0
109049,44.0,137859.74,68.2,18.5,7.6,0
109050,33.0,49747.25,61.6,4.6,12.4,0
109051,30.0,22842.55,84.3,5.3,8.2,0
109052,54.0,92859.45,41.8,11.1,7.0,0
109053,42.0,132009.61,78.5,19.8,1.0,0
109054,37.0,100842.61,28.4,9.4,2.9,0
109055,58.0,106482.12,80.9,16.5,3.6,0
109056,40.0,104181.13,56.3,16.6,4.7,0
109057,51.0,97883.05,27.1,13.3,2.0,0
109058,42.0,85334.72,72.8,22.5,10.4,0
109059,23.0,25329.47,94.3,2.7,8.0,0
109060,40.0,192239.31,70.8,18.9,7.4,0
109061,43.0,129292.4,86.2,18.1,3.8,0
109062,45.0,137108.12,75.8,17.3,6.4,0
109063,40.0,82747.98,39.4,7.2,5.4,0
109064,47.0,58123.5,38.6,11.0,2.4,0
109065,30.0,29469.0,73.2,0.3,7.3,0
109066,59.0,105458.11,47.9,10.3,5.1,0
109067,41.0,68465.17,73.8,7.8,7.0,0
109068,40.0,102127.31,41.0,14.3,1.6,0
109069,52.0,67810.92,18.9,13.0,7.8,0
109070,43.0,66893.29,78.5,6.2,9.7,0
109071,18.0,13893.54,73.2,2.8,10.7,0
109072,35.0,66032.91,75.4,8.5,4.7,0
109073,39.0,76612.23,48.4,11.0,6.0,0
109074,55.0,94047.91,34.1,10.7,10.7,0
109075,47.0,114168.25,43.3,13.2,3.6,0
109076,18.0,25387.21,70.3,3.7,12.7,0
109077,45.0,146544.68,82.4,13.8,1.4,0
109078,44.0,110826.75,14.9,12.0,1.3,0
109079,25.0,31184.03,80.5,2.2,12.1,0
109080,43.0,76114.38,54.4,5.3,7.6,0
109081,46.0,61406.47,66.4,8.6,9.3,0
109082,42.0,47304.36,48.4,7.1,10.7,0
109083,30.0,31734.96,88.0,2.2,7.5,0
109084,18.0,31209.43,74.5,5.0,11.7,0
109085,24.0,32335.68,73.8,0.0,6.5,0
109086,28.0,31202.42,64.9,5.7,15.1,0
109087,30.0,34442.18,80.9,3.0,10.5,0
109088,46.0,157827.23,76.5,11.4,11.5,0
109089,37.0,46850.79,60.0,7.6,2.3,0
109090,33.0,49658.28,48.3,8.1,5.1,0
109091,52.0,107613.28,30.7,13.6,8.1,0
109092,40.0,68694.89,66.5,7.8,9.5,0
109093,18.0,31570.88,81.9,2.9,17.5,0
109094,23.0,21732.71,78.6,4.7,7.4,0
109095,24.0,31578.34,77.4,1.8,13.3,0
109096,63.0,80644.32,21.9,11.1,8.2,0
109097,35.0,66087.29,48.9,10.6,6.1,0
109098,37.0,53117.04,49.1,7.0,7.3,0
109099,56.0,66139.76,25.5,10.6,4.4,0
109100,37.0,137595.11,65.6,17.7,5.7,0
109101,31.0,65181.44,69.1,8.6,10.3,0
109102,42.0,60208.11,76.7,8.5,4.2,0
109103,33.0,63683.97,66.8,6.5,4.1,0
109104,56.0,75901.34,38.0,12.1,0.0,0
109105,61.0,95286.08,23.1,12.1,0.0,0
109106,54.0,109724.69,62.0,12.2,2.0,0
109107,25.0,40296.41,83.0,4.7,12.3,0
109108,39.0,46355.45,43.4,3.8,3.4,0
109109,38.0,186865.05,64.9,18.2,7.3,0
109110,37.0,62781.91,45.4,8.2,5.0,0
109111,39.0,132277.04,80.1,16.8,8.3,0
109112,38.0,64866.22,60.0,4.2,7.4,0
109113,31.0,42358.69,53.4,6.0,15.9,0
109114,41.0,70752.81,53.9,6.6,14.7,0
109115,33.0,64844.95,76.4,5.6,7.4,0
109116,43.0,117602.67,79.7,15.8,10.3,0
109117,26.0,37172.13,76.1,3.8,13.1,0
109118,45.0,74335.43,40.8,13.6,4.4,0
109119,57.0,88806.35,47.7,11.9,1.7,0
109120,50.0,160837.08,67.5,17.1,9.8,0
109121,47.0,100481.04,33.3,12.4,0.0,0
109122,38.0,146392.48,82.5,17.7,10.2,0
109123,36.0,128695.42,74.8,17.9,10.3,0
109124,35.0,59242.14,64.5,5.9,4.3,0
109125,45.0,115714.64,86.2,14.3,7.1,0
109126,51.0,189791.13,71.1,20.2,10.3,0
109127,22.0,34691.11,69.4,0.0,11.5,0
109128,55.0,74728.4,33.6,9.6,2.6,0
109129,34.0,70268.01,53.0,4.5,12.1,0
109130,54.0,110322.05,41.1,13.9,5.3,0
109131,26.0,32733.38,73.6,4.8,9.2,0
109132,53.0,101328.39,39.5,10.0,4.6,0
109133,31.0,63993.03,65.8,10.6,8.7,0
109134,56.0,76399.41,40.4,9.8,7.6,0
109135,19.0,26371.69,85.5,6.4,13.2,0
109136,50.0,78082.13,30.7,12.3,3.8,0
109137,31.0,76353.6,71.1,10.8,2.0,0
109138,48.0,99289.5,35.0,11.1,1.4,0
109139,31.0,84611.86,43.7,3.9,3.4,0
109140,25.0,30427.32,82.1,1.6,10.3,0
109141,36.0,79574.53,75.8,6.7,9.6,0
109142,44.0,159423.07,75.8,19.5,10.6,0
109143,26.0,32787.84,88.4,2.7,8.3,0
109144,44.0,102272.64,41.9,8.6,2.2,0
109145,28.0,31172.43,78.6,4.8,9.7,0
109146,54.0,76516.42,38.5,9.3,0.1,0
109147,21.0,35161.25,100.0,27.5,12.6,1
109148,38.0,73662.82,49.1,9.9,11.7,0
109149,41.0,67444.63,63.0,7.7,2.9,0
109150,21.0,31400.77,67.7,5.9,11.5,0
109151,45.0,70817.97,44.0,9.6,5.6,0
109152,43.0,78830.24,71.5,9.1,8.3,0
109153,36.0,83037.7,60.7,6.2,8.3,0
109154,49.0,168022.68,61.1,20.2,10.1,0
109155,34.0,52799.3,72.3,10.1,11.7,0
109156,36.0,134717.67,72.6,21.0,10.4,0
109157,35.0,63807.83,65.1,8.5,12.0,0
109158,31.0,39183.11,70.4,1.6,7.0,0
109159,26.0,29295.28,84.0,4.5,10.7,0
109160,41.0,55128.82,43.5,5.6,9.6,0
109161,45.0,78858.41,56.3,9.0,2.9,0
109162,51.0,154197.88,80.3,14.3,9.5,0
109163,61.0,100829.18,34.6,11.6,2.0,0
109164,53.0,75034.74,40.0,14.3,2.9,0
109165,38.0,61844.81,62.4,8.9,8.4,0
109166,41.0,68381.15,67.1,7.7,8.1,0
109167,56.0,94617.43,40.0,10.3,0.0,0
109168,25.0,27683.48,97.8,1.5,12.4,0
109169,21.0,32123.03,67.3,0.7,11.0,0
109170,34.0,70774.76,70.9,3.9,10.3,0
109171,19.0,30081.56,64.0,0.3,4.2,0
109172,50.0,96047.02,31.3,8.4,0.0,0
109173,24.0,36544.8,80.5,6.7,9.9,0
109174,26.0,31878.97,70.2,2.7,12.5,0
109175,47.0,149010.62,87.8,18.9,9.0,0
109176,51.0,121981.24,86.3,16.1,7.2,0
109177,27.0,64803.86,71.3,5.1,6.2,0
109178,35.0,59599.62,47.5,7.1,11.7,0
109179,49.0,98936.73,37.2,11.2,4.8,0
109180,22.0,34405.55,77.3,0.2,4.6,0
109181,25.0,57422.69,66.3,5.5,6.3,0
109182,21.0,27190.55,100.0,1.4,5.9,0
109183,32.0,62834.3,52.3,7.6,4.8,0
109184,40.0,122174.68,71.1,19.4,10.5,0
109185,59.0,72555.87,24.6,10.2,4.0,0
109186,38.0,122635.61,78.8,20.1,10.1,0
109187,54.0,83669.36,35.2,14.3,6.0,0
109188,56.0,111256.16,31.7,13.3,2.9,0
109189,55.0,115976.91,50.5,13.2,5.2,0
109190,59.0,80215.88,49.5,12.3,4.4,0
109191,34.0,48906.99,72.7,7.8,5.9,0
109192,38.0,58242.8,41.0,6.6,2.8,0
109193,37.0,79698.64,51.6,8.6,5.1,0
109194,24.0,26942.95,84.2,5.7,10.6,0
109195,39.0,67955.77,55.5,9.6,5.4,0
109196,18.0,26692.78,84.2,2.2,10.3,0
109197,51.0,98093.22,45.9,15.1,1.1,0
109198,29.0,33133.09,65.8,4.0,15.5,0
109199,32.0,59447.56,41.9,6.8,7.5,0
109200,46.0,51573.19,67.6,7.6,13.7,0
109201,25.0,31703.73,86.5,4.0,12.8,0
109202,46.0,102818.21,77.2,19.0,5.8,0
109203,37.0,41511.68,60.6,8.4,9.9,0
109204,40.0,52109.61,43.3,8.9,8.2,0
109205,26.0,41684.13,61.9,6.6,8.3,0
109206,47.0,139668.34,68.5,15.0,6.0,0
109207,54.0,101071.11,44.5,10.6,6.2,0
109208,36.0,69062.11,63.1,6.1,7.8,0
109209,26.0,36530.14,93.1,1.7,6.5,0
109210,58.0,73003.39,45.3,10.2,2.1,0
109211,43.0,103425.31,62.3,14.7,10.0,0
109212,36.0,62160.97,57.4,7.0,5.6,0
109213,29.0,21844.2,63.6,5.7,10.8,0
109214,18.0,33839.82,62.1,5.6,12.8,0
109215,34.0,30277.89,65.8,1.9,8.4,0
109216,54.0,63680.38,34.9,10.0,2.5,0
109217,50.0,165267.85,79.3,19.3,7.2,0
109218,43.0,100371.1,59.7,18.3,4.6,0
109219,55.0,94150.15,32.0,10.8,5.4,0
109220,27.0,26929.77,72.8,2.6,11.0,0
109221,45.0,137424.01,79.1,17.7,3.8,0
109222,43.0,72936.33,44.2,7.4,10.9,0
109223,34.0,70611.46,69.1,7.5,13.4,0
109224,55.0,96745.27,33.3,11.9,2.3,0
109225,18.0,26820.87,76.6,4.6,11.0,0
109226,44.0,193432.99,88.8,16.2,10.1,0
109227,37.0,146747.88,58.3,16.8,9.9,0
109228,50.0,76551.07,28.1,10.1,5.2,0
109229,58.0,91631.13,45.3,10.9,3.7,0
109230,45.0,60015.22,68.7,5.6,6.9,0
109231,20.0,32382.87,80.4,4.5,8.3,0
109232,51.0,115326.4,22.9,7.0,2.0,0
109233,55.0,96417.41,25.4,12.1,2.9,0
109234,35.0,131423.31,79.4,17.4,3.5,0
109235,33.0,26279.06,81.7,4.7,11.3,0
109236,35.0,41729.41,69.7,4.7,9.9,0
109237,42.0,48370.13,45.6,6.2,9.8,0
109238,49.0,96605.34,30.0,13.6,2.1,0
109239,48.0,77345.01,24.4,14.1,2.9,0
109240,38.0,97889.61,69.3,16.4,5.0,0
109241,32.0,63359.06,46.4,6.4,9.7,0
109242,33.0,50124.69,68.6,6.8,6.5,0
109243,27.0,31502.17,78.7,0.0,7.5,0
109244,33.0,26008.06,78.7,6.5,12.1,0
109245,37.0,53053.88,100.0,44.9,8.0,1
109246,58.0,97010.21,29.3,11.8,5.6,0
109247,38.0,59224.02,46.8,9.2,6.2,0
109248,37.0,54448.41,51.0,8.0,3.2,0
109249,46.0,120798.94,43.3,12.8,0.8,0
109250,44.0,138143.36,67.6,17.8,3.7,0
109251,18.0,33710.46,79.6,3.5,12.3,0
109252,39.0,78570.11,69.8,7.1,7.5,0
109253,53.0,68771.79,44.2,13.2,0.0,0
109254,60.0,87678.98,33.8,11.7,3.5,0
109255,55.0,133419.41,68.8,18.0,5.5,0
109256,25.0,27270.09,83.0,0.9,8.2,0
109257,31.0,56062.26,40.1,2.1,6.0,0
109258,35.0,183692.6,68.4,19.4,8.9,0
109259,31.0,57305.62,65.4,8.4,9.6,0
109260,33.0,68518.91,52.0,9.0,9.9,0
109261,36.0,146954.14,61.0,19.7,4.6,0
109262,26.0,36255.09,78.7,4.7,10.9,0
109263,60.0,76161.79,31.2,8.2,3.1,0
109264,37.0,105051.26,56.4,17.1,8.8,0
109265,26.0,37771.15,87.4,0.7,7.8,0
109266,53.0,98565.73,48.8,11.4,6.3,0
109267,35.0,65992.41,61.9,7.0,4.1,0
109268,44.0,156208.63,73.1,12.5,7.5,0
109269,46.0,115309.0,1.0,40.1,7.0,1
109270,44.0,116783.37,81.1,20.5,4.7,0
109271,23.0,42905.43,89.0,0.0,13.5,0
109272,35.0,105510.24,26.4,12.9,4.7,0
109273,44.0,154759.17,67.0,16.8,10.8,0
109274,52.0,85260.23,33.2,11.5,3.0,0
109275,54.0,80118.56,50.2,12.4,0.0,0
109276,25.0,26641.3,77.7,2.7,12.0,0
109277,46.0,145578.5,91.1,16.6,12.1,0
109278,31.0,33943.07,82.6,4.9,9.1,0
109279,33.0,56932.87,60.9,6.1,4.8,0
109280,38.0,115207.52,65.6,16.8,8.3,0
109281,39.0,152390.36,91.7,20.5,4.8,0
109282,42.0,107979.22,74.0,18.5,8.5,0
109283,31.0,54751.42,67.6,7.8,4.4,0
109284,18.0,31580.96,76.8,0.4,9.1,0
109285,34.0,55445.27,53.7,7.5,7.3,0
109286,30.0,33139.43,86.0,0.4,10.5,0
109287,41.0,158242.08,74.5,21.2,5.2,0
109288,48.0,100834.91,33.7,10.1,5.1,0
109289,34.0,67028.02,41.0,6.4,7.5,0
109290,25.0,36026.41,75.6,3.9,9.8,0
109291,40.0,44838.81,32.0,9.5,5.3,0
109292,34.0,135948.66,66.8,18.7,9.5,0
109293,50.0,110885.39,22.9,7.3,4.4,0
109294,23.0,21087.5,84.1,0.0,9.7,0
109295,28.0,33479.17,80.0,2.1,10.5,0
109296,39.0,54806.35,46.7,8.6,12.6,0
109297,31.0,16871.9,90.5,1.7,15.4,0
109298,38.0,111567.46,71.5,17.2,6.9,0
109299,57.0,116145.75,25.6,15.3,0.3,0
109300,21.0,46592.6,81.7,1.7,10.8,0
109301,56.0,100768.78,47.8,10.3,2.0,0
109302,32.0,52729.78,58.4,4.9,7.9,0
109303,27.0,24957.74,71.7,2.0,9.3,0
109304,51.0,110481.32,44.8,10.4,6.1,0
109305,31.0,38966.94,80.0,2.9,5.8,0
109306,34.0,45327.32,69.4,6.5,6.7,0
109307,40.0,104460.64,79.1,19.0,10.8,0
109308,34.0,173233.17,70.7,19.6,0.1,0
109309,38.0,61179.61,55.8,6.8,5.2,0
109310,45.0,73379.66,35.3,14.6,7.3,0
109311,25.0,29185.0,98.6,4.4,11.8,0
109312,45.0,99369.63,22.6,16.2,1.5,0
109313,21.0,28260.19,74.3,4.3,10.0,0
109314,52.0,107296.77,19.8,13.5,4.4,0
109315,20.0,32758.99,79.1,0.0,14.1,0
109316,49.0,107086.89,64.4,20.7,10.0,0
109317,45.0,150984.02,75.7,15.9,6.3,0
109318,41.0,69323.81,60.8,5.7,10.0,0
109319,47.0,120322.41,27.7,10.3,4.1,0
109320,25.0,32559.03,64.8,3.8,12.9,0
109321,52.0,68560.74,32.9,9.7,0.0,0
109322,33.0,80125.31,57.2,6.5,9.1,0
109323,27.0,23556.89,96.7,3.4,12.7,0
109324,49.0,61566.15,33.8,9.8,7.5,0
109325,29.0,62296.43,64.0,7.9,5.5,0
109326,27.0,45181.84,50.4,4.2,6.8,0
109327,32.0,47572.43,43.8,3.8,6.8,0
109328,20.0,32148.25,77.2,2.6,11.9,0
109329,18.0,35759.48,81.9,2.6,7.6,0
109330,52.0,102671.13,21.0,13.2,9.2,0
109331,52.0,117285.35,39.7,12.5,1.9,0
109332,22.0,26350.48,87.4,1.5,15.3,0
109333,38.0,66397.57,44.8,8.3,6.3,0
109334,49.0,83783.78,22.6,12.0,3.5,0
109335,45.0,103802.41,56.3,9.2,3.7,0
109336,51.0,120410.17,76.4,18.8,10.0,0
109337,45.0,42025.29,59.9,6.0,6.9,0
109338,36.0,58717.41,47.1,5.0,13.4,0
109339,45.0,115975.6,24.6,12.2,9.9,0
109340,40.0,45950.64,54.6,6.9,10.1,0
109341,24.0,31084.92,95.2,6.2,12.1,0
109342,21.0,16728.72,65.2,0.0,9.8,0
109343,48.0,189790.67,84.7,16.6,8.8,0
109344,26.0,23017.45,69.3,2.1,16.4,0
109345,54.0,72520.45,30.8,12.9,3.2,0
109346,50.0,107517.1,49.0,14.4,3.1,0
109347,35.0,58550.13,68.6,6.2,1.2,0
109348,45.0,153338.62,67.9,21.7,6.4,0
109349,59.0,72102.75,37.8,10.4,3.8,0
109350,28.0,28718.41,71.0,2.6,21.3,0
109351,53.0,97447.03,39.3,8.6,6.8,0
109352,40.0,42091.98,82.0,7.0,3.6,0
109353,38.0,51857.25,41.9,6.5,6.3,0
109354,44.0,81657.07,24.7,11.3,5.9,0
109355,53.0,94441.16,16.7,11.9,0.7,0
109356,27.0,71793.99,44.7,7.2,5.5,0
109357,38.0,170740.79,66.0,16.9,5.8,0
109358,53.0,92272.33,28.0,10.2,3.9,0
109359,49.0,124489.16,100.0,44.5,3.7,1
109360,23.0,37180.06,83.8,4.1,11.6,0
109361,18.0,34538.32,75.5,2.0,20.4,0
109362,29.0,60989.34,56.3,6.8,4.0,0
109363,53.0,75783.88,37.8,12.3,3.3,0
109364,36.0,79678.93,63.8,7.3,8.3,0
109365,52.0,104441.97,28.9,16.4,4.6,0
109366,38.0,44768.64,73.0,3.5,11.1,0
109367,57.0,97244.5,47.1,8.5,2.2,0
109368,42.0,123200.64,54.7,19.8,4.7,0
109369,49.0,107907.99,47.2,10.9,0.9,0
109370,48.0,114061.18,46.7,12.7,4.7,0
109371,36.0,151720.14,79.9,18.3,8.6,0
109372,19.0,38730.27,64.4,3.0,11.4,0
109373,58.0,113017.53,46.4,11.4,11.0,0
109374,48.0,131108.65,69.1,19.5,6.6,0
109375,46.0,96411.82,12.3,12.7,5.9,0
109376,23.0,38623.82,86.5,1.0,10.1,0
109377,40.0,131858.0,83.5,19.3,5.8,0
109378,25.0,27647.16,73.2,6.1,17.6,0
109379,45.0,65095.68,59.8,9.0,7.3,0
109380,18.0,42477.13,66.1,5.4,12.3,0
109381,45.0,71625.75,52.1,9.2,5.9,0
109382,31.0,41560.44,56.8,3.6,11.3,0
109383,28.0,57758.46,54.6,7.3,4.4,0
109384,49.0,144109.93,71.8,16.7,9.6,0
109385,43.0,92075.91,48.6,6.7,1.3,0
109386,39.0,46763.76,60.8,9.5,5.8,0
109387,38.0,173216.39,79.1,15.7,8.4,0
109388,39.0,166726.29,73.2,21.1,5.2,0
109389,25.0,31929.45,80.5,1.9,3.2,0
109390,27.0,32308.85,69.7,2.0,6.5,0
109391,43.0,112762.12,40.7,9.3,11.6,0
109392,37.0,158007.42,72.0,15.5,9.0,0
109393,51.0,84107.81,48.2,13.2,6.2,0
109394,23.0,34028.39,77.7,4.0,7.1,0
109395,40.0,118189.88,34.9,13.1,1.9,0
109396,51.0,120997.32,38.6,16.4,6.7,0
109397,49.0,102551.89,51.8,12.4,5.9,0
109398,50.0,80894.88,79.0,20.7,5.7,0
109399,57.0,94911.17,18.1,13.6,4.0,0
109400,52.0,106048.51,25.5,13.5,1.3,0
109401,60.0,114477.67,50.4,12.9,2.7,0
109402,48.0,81652.1,33.3,10.6,5.0,0
109403,32.0,55056.44,54.2,5.4,6.0,0
109404,39.0,52135.65,46.0,6.6,3.6,0
109405,59.0,83052.89,35.5,12.9,0.2,0
109406,48.0,84226.79,42.8,15.7,9.6,0
109407,42.0,48161.57,49.2,9.8,11.6,0
109408,28.0,36641.4,73.7,6.4,7.8,0
109409,44.0,108702.16,29.2,9.4,6.6,0
109410,43.0,102768.99,30.5,15.2,5.4,0
109411,41.0,49898.35,41.1,6.3,8.8,0
109412,36.0,74842.56,63.5,4.9,8.4,0
109413,25.0,39319.95,68.7,1.7,11.2,0
109414,50.0,134976.61,78.0,18.1,7.9,0
109415,49.0,142768.51,67.6,17.0,7.1,0
109416,49.0,90931.58,35.6,12.6,1.0,0
109417,34.0,57852.35,50.4,5.8,9.7,0
109418,59.0,89647.36,27.9,11.8,4.3,0
109419,39.0,57576.43,52.6,11.9,3.1,0
109420,48.0,177540.8,69.5,18.9,3.0,0
109421,24.0,38678.74,79.2,3.1,15.2,0
109422,28.0,36079.52,69.9,0.0,11.1,0
109423,52.0,108039.34,36.2,12.1,4.1,0
109424,18.0,21372.61,69.1,0.8,9.9,0
109425,44.0,86862.19,54.3,11.9,4.1,0
109426,52.0,98624.24,29.7,11.7,2.4,0
109427,18.0,38756.4,69.2,6.2,7.7,0
109428,29.0,83604.61,43.2,2.5,2.7,0
109429,51.0,72124.12,29.4,7.9,7.3,0
109430,45.0,108100.46,48.8,16.2,10.0,0
109431,41.0,59370.69,53.0,5.8,7.9,0
109432,28.0,31175.49,74.3,4.6,14.5,0
109433,51.0,96452.17,27.5,12.2,1.2,0
109434,43.0,71889.27,75.4,5.9,13.2,0
109435,53.0,92712.14,47.6,10.0,4.1,0
109436,51.0,102140.28,30.6,10.9,2.9,0
109437,23.0,32453.06,90.9,0.0,12.3,0
109438,50.0,91940.82,24.1,12.1,2.8,0
109439,35.0,68507.68,64.4,9.8,5.2,0
109440,27.0,35648.97,78.9,6.4,8.1,0
109441,53.0,100214.58,23.0,14.5,3.7,0
109442,45.0,179809.3,74.2,18.1,8.2,0
109443,47.0,88492.17,33.5,12.2,8.1,0
109444,41.0,55442.05,57.8,9.8,1.8,0
109445,51.0,72664.76,59.4,13.5,2.5,0
109446,36.0,52829.12,77.9,2.4,8.0,0
109447,36.0,50519.04,55.5,3.8,11.7,0
109448,36.0,72212.01,53.2,9.7,7.1,0
109449,29.0,35268.4,77.7,5.0,22.6,0
109450,30.0,60651.0,45.1,7.8,7.7,0
109451,53.0,133533.13,81.5,13.8,8.5,0
109452,20.0,35411.5,89.5,1.8,11.6,0
109453,41.0,141192.2,76.1,16.0,5.0,0
109454,56.0,83417.03,47.8,8.4,6.8,0
109455,36.0,60955.76,59.5,4.1,10.4,0
109456,22.0,27194.65,99.6,2.3,7.4,0
109457,28.0,33517.63,88.1,3.2,12.9,0
109458,34.0,27634.74,73.4,0.0,11.1,0
109459,53.0,116593.14,34.7,11.8,4.6,0
109460,42.0,149274.53,74.3,19.1,7.3,0
109461,46.0,155551.22,68.7,17.8,7.5,0
109462,18.0,29201.78,85.6,4.7,11.0,0
109463,19.0,37637.58,96.5,4.2,10.0,0
109464,20.0,31919.64,73.1,2.6,13.9,0
109465,47.0,131357.99,72.9,18.0,6.7,0
109466,18.0,36769.43,89.8,1.8,8.0,0
109467,29.0,28164.2,64.1,2.1,14.1,0
109468,49.0,83913.92,30.3,9.7,0.0,0
109469,51.0,71012.73,31.0,12.5,5.1,0
109470,23.0,25097.66,73.9,3.7,11.9,0
109471,51.0,82963.37,35.8,11.3,0.9,0
109472,26.0,32106.22,66.9,1.7,9.4,0
109473,18.0,27812.93,84.3,2.0,7.6,0
109474,29.0,34013.23,85.0,1.4,9.1,0
109475,36.0,64531.23,80.9,7.2,10.3,0
109476,54.0,183246.05,73.6,20.3,8.4,0
109477,36.0,71386.12,66.8,8.0,6.5,0
109478,50.0,74363.85,36.6,12.5,6.5,0
109479,29.0,63162.09,56.0,6.9,10.7,0
109480,58.0,112367.66,35.9,11.6,7.6,0
109481,52.0,180290.02,76.9,18.1,10.1,0
109482,40.0,57534.84,56.1,13.1,5.8,0
109483,47.0,127037.27,70.8,16.2,5.2,0
109484,55.0,103520.81,53.4,12.1,4.5,0
109485,52.0,78366.63,40.9,11.7,0.0,0
109486,30.0,28690.95,81.3,3.7,10.6,0
109487,47.0,118874.68,27.7,7.1,6.5,0
109488,40.0,48665.65,57.9,9.2,11.2,0
109489,46.0,160837.75,79.2,17.7,4.7,0
109490,42.0,168331.0,83.1,18.4,7.0,0
109491,45.0,63383.95,64.4,4.6,6.8,0
109492,48.0,105489.95,71.6,18.8,12.3,0
109493,48.0,182667.43,80.3,19.8,5.1,0
109494,47.0,123738.46,30.5,10.9,0.0,0
109495,29.0,25554.42,69.8,5.2,3.4,0
109496,31.0,27223.56,76.5,1.4,6.0,0
109497,20.0,27234.82,65.7,6.1,7.1,0
109498,18.0,20108.82,82.4,0.0,9.5,0
109499,53.0,144584.23,75.2,16.9,8.0,0
109500,23.0,33778.24,94.6,2.1,7.6,0
109501,52.0,111418.48,31.6,12.5,5.5,0
109502,63.0,110775.12,26.3,7.6,4.5,0
109503,48.0,86693.05,25.0,11.0,2.4,0
109504,23.0,28124.9,70.8,4.1,10.0,0
109505,52.0,94155.46,26.0,14.9,10.1,0
109506,58.0,64831.86,28.4,13.4,1.7,0
109507,48.0,71550.28,31.4,10.4,0.0,0
109508,30.0,34400.16,64.6,4.7,10.4,0
109509,58.0,107555.95,27.2,13.3,6.1,0
109510,29.0,37745.23,98.8,4.9,7.6,0
109511,53.0,77061.18,47.1,10.3,10.7,0
109512,35.0,61509.73,53.4,5.6,5.4,0
109513,25.0,32101.65,73.7,3.6,8.4,0
109514,43.0,184498.47,66.3,17.4,4.5,0
109515,22.0,34157.58,72.7,0.7,11.1,0
109516,45.0,155472.33,59.6,20.7,6.5,0
109517,38.0,165818.42,85.4,17.4,5.5,0
109518,38.0,47129.76,83.5,4.9,8.1,0
109519,35.0,51735.57,48.6,9.3,8.1,0
109520,21.0,28774.8,69.9,4.8,12.8,0
109521,46.0,146394.55,78.3,14.7,8.8,0
109522,57.0,98950.0,35.5,10.7,2.3,0
109523,21.0,33284.57,73.1,0.0,12.4,0
109524,39.0,65964.76,48.6,6.0,8.6,0
109525,24.0,27979.86,100.0,36.5,1.0,1
109526,52.0,97221.34,35.6,12.8,2.3,0
109527,41.0,46753.44,57.8,5.7,10.0,0
109528,20.0,32408.62,78.9,3.4,7.8,0
109529,45.0,140721.01,75.4,21.1,8.3,0
109530,19.0,43295.51,87.8,4.3,9.5,0
109531,40.0,39039.58,73.5,8.8,6.5,0
109532,56.0,105582.07,24.9,12.4,5.1,0
109533,42.0,134475.18,81.0,18.4,13.6,0
109534,33.0,66569.53,48.8,8.4,3.7,0
109535,44.0,169751.78,72.5,16.0,10.8,0
109536,38.0,61048.92,48.3,3.8,13.8,0
109537,40.0,114977.84,75.1,16.0,9.5,0
109538,31.0,25906.66,75.0,3.9,6.3,0
109539,47.0,93003.48,54.6,10.3,3.2,0
109540,36.0,36580.07,61.1,2.5,11.8,0
109541,50.0,175100.21,77.6,19.4,4.1,0
109542,40.0,107308.4,82.3,18.8,8.3,0
109543,44.0,68005.99,69.4,8.5,9.6,0
109544,31.0,72872.46,62.7,6.2,9.1,0
109545,58.0,93321.15,27.5,10.6,0.0,0
109546,23.0,35399.64,95.3,1.4,11.1,0
109547,52.0,94852.91,19.7,10.0,9.4,0
109548,57.0,99836.91,39.6,13.5,2.7,0
109549,34.0,55127.09,59.7,4.7,5.0,0
109550,27.0,29967.1,60.5,2.2,11.6,0
109551,44.0,97417.89,82.3,17.5,9.0,0
109552,29.0,31286.97,58.9,6.5,3.4,0
109553,50.0,117156.01,28.0,10.7,3.3,0
109554,23.0,27044.84,71.6,5.1,8.4,0
109555,27.0,26742.1,91.8,4.9,9.7,0
109556,27.0,40766.02,68.0,0.9,11.1,0
109557,30.0,44677.25,42.0,7.3,0.9,0
109558,50.0,36341.59,39.4,13.0,3.4,0
109559,42.0,70877.75,50.1,5.2,9.7,0
109560,55.0,90399.18,17.4,13.9,4.2,0
109561,52.0,46450.31,40.3,11.9,2.4,0
109562,20.0,32638.48,82.7,2.2,11.7,0
109563,18.0,28242.53,84.9,2.2,15.2,0
109564,53.0,75026.91,19.3,13.6,2.2,0
109565,57.0,85761.3,37.4,11.3,4.8,0
109566,56.0,95327.16,41.6,8.6,5.2,0
109567,24.0,30490.22,54.1,0.0,10.7,0
109568,45.0,150315.67,71.9,15.6,4.9,0
109569,18.0,32717.8,97.1,2.8,7.7,0
109570,52.0,92679.96,17.6,12.5,3.7,0
109571,23.0,43452.57,77.0,6.6,7.5,0
109572,44.0,81151.76,46.7,10.5,0.0,0
109573,38.0,57720.3,63.7,5.7,4.2,0
109574,60.0,80761.58,26.6,12.9,0.0,0
109575,28.0,42301.59,86.7,0.9,7.8,0
109576,52.0,101244.21,51.1,15.1,3.4,0
109577,21.0,27497.87,84.4,5.2,10.2,0
109578,52.0,131133.42,41.8,7.9,3.9,0
109579,25.0,30448.03,90.6,2.3,7.0,0
109580,20.0,35885.11,64.5,2.0,12.5,0
109581,45.0,77262.67,18.0,10.2,2.4,0
109582,23.0,26719.64,74.2,5.0,11.0,0
109583,35.0,28123.46,73.5,3.3,8.5,0
109584,43.0,91674.42,68.3,19.8,13.7,0
109585,50.0,143172.16,76.8,18.7,6.3,0
109586,38.0,146256.66,70.9,19.7,0.9,0
109587,35.0,75494.93,63.8,5.0,3.1,0
109588,36.0,70762.65,63.2,7.2,8.9,0
109589,53.0,105248.85,44.4,11.1,1.3,0
109590,28.0,29058.04,58.5,5.9,10.8,0
109591,53.0,91838.23,43.4,9.4,4.0,0
109592,25.0,35173.78,60.9,4.2,8.7,0
109593,40.0,100649.28,94.3,17.7,8.7,0
109594,47.0,68847.51,43.1,9.3,7.9,0
109595,45.0,53345.94,53.4,1.9,1.8,0
109596,39.0,76000.39,50.2,5.7,2.3,0
109597,18.0,39652.98,81.1,0.0,11.7,0
109598,48.0,57602.74,51.3,8.2,10.0,0
109599,56.0,89577.58,30.8,8.6,0.3,0
109600,38.0,56034.31,60.5,6.5,7.2,0
109601,36.0,70326.62,66.5,7.0,6.4,0
109602,24.0,27484.04,88.9,1.9,9.5,0
109603,53.0,100301.46,37.7,11.7,8.9,0
109604,36.0,59195.74,76.0,5.4,12.4,0
109605,18.0,29686.11,61.3,0.3,11.4,0
109606,44.0,124670.31,88.3,20.3,7.8,0
109607,27.0,72700.89,53.2,7.6,9.4,0
109608,34.0,76271.16,54.2,8.1,9.3,0
109609,48.0,183954.12,63.8,15.7,7.0,0
109610,51.0,77072.42,52.5,6.3,7.0,0
109611,44.0,156157.54,78.8,20.4,14.0,0
109612,51.0,91345.42,31.4,11.4,5.1,0
109613,55.0,124517.7,27.9,12.7,1.5,0
109614,26.0,47394.14,76.6,7.9,7.5,0
109615,22.0,30026.49,79.7,2.7,12.3,0
109616,22.0,51064.85,76.9,4.2,5.9,0
109617,27.0,31738.03,69.5,3.9,12.5,0
109618,21.0,34346.62,86.6,5.2,11.1,0
109619,61.0,95809.25,25.2,11.6,7.6,0
109620,48.0,56663.22,39.6,11.1,10.7,0
109621,25.0,39126.11,73.1,4.2,11.1,0
109622,59.0,98272.09,29.8,14.1,1.9,0
109623,39.0,138889.85,68.7,18.0,6.0,0
109624,58.0,113904.2,43.3,13.5,0.0,0
109625,53.0,109668.49,48.4,11.6,7.9,0
109626,54.0,50830.99,34.0,10.3,2.2,0
109627,29.0,33713.41,72.8,1.6,11.3,0
109628,35.0,69773.92,49.7,6.2,3.6,0
109629,40.0,194879.98,64.6,17.1,5.5,0
109630,51.0,93762.2,47.2,11.2,4.3,0
109631,43.0,80212.46,45.9,10.3,6.3,0
109632,38.0,135642.07,89.1,19.5,2.1,0
109633,40.0,26017.6,96.7,2.1,6.3,0
109634,34.0,54708.97,52.5,7.1,8.4,0
109635,59.0,98666.36,35.8,10.6,3.2,0
109636,21.0,24090.34,100.0,3.5,10.8,0
109637,58.0,50855.5,57.4,10.3,1.3,0
109638,40.0,164804.77,93.4,21.3,6.6,0
109639,43.0,87914.54,28.6,8.7,5.7,0
109640,36.0,67586.23,65.3,8.4,6.8,0
109641,60.0,86620.98,28.6,11.5,5.6,0
109642,27.0,30039.94,74.8,5.6,6.1,0
109643,57.0,132423.42,70.0,18.7,9.6,0
109644,21.0,33949.07,68.7,1.8,5.2,0
109645,44.0,135557.09,51.9,16.6,7.9,0
109646,40.0,47694.33,55.0,4.8,9.2,0
109647,33.0,67789.84,54.4,3.6,6.8,0
109648,30.0,74492.51,76.2,8.3,5.1,0
109649,24.0,33671.06,88.8,2.6,11.2,0
109650,28.0,64698.13,49.4,7.1,3.9,0
109651,45.0,156078.08,69.7,16.3,9.7,0
109652,51.0,188425.12,76.0,18.6,4.1,0
109653,31.0,18620.49,89.9,3.1,2.7,0
109654,54.0,92324.57,30.5,11.5,3.9,0
109655,43.0,102813.29,76.0,17.2,12.8,0
109656,47.0,164509.02,90.6,19.5,7.6,0
109657,23.0,64688.44,75.3,8.8,5.5,0
109658,24.0,28798.38,81.1,2.0,14.3,0
109659,44.0,146491.58,63.7,17.2,4.5,0
109660,43.0,56271.71,59.6,3.9,3.3,0
109661,35.0,58525.53,60.4,11.0,0.9,0
109662,57.0,103519.19,28.8,11.1,7.4,0
109663,24.0,30145.53,67.5,1.3,6.4,0
109664,47.0,120238.45,60.1,18.3,5.6,0
109665,32.0,32236.74,80.1,3.4,11.7,0
109666,56.0,95501.11,24.8,11.7,4.2,0
109667,35.0,86960.16,59.9,14.1,6.5,0
109668,39.0,142234.16,79.1,18.6,9.3,0
109669,48.0,131781.85,45.9,14.5,9.5,0
109670,44.0,157517.51,100.0,18.4,7.7,0
109671,26.0,25144.39,85.5,2.7,15.0,0
109672,35.0,140114.44,65.7,15.9,9.9,0
109673,41.0,173529.52,66.7,17.2,14.0,0
109674,29.0,53254.66,27.1,6.1,9.1,0
109675,38.0,63609.49,49.2,6.6,5.8,0
109676,24.0,33003.41,100.0,36.3,9.7,1
109677,49.0,96359.7,22.2,12.4,0.7,0
109678,52.0,102958.73,25.7,14.1,9.4,0
109679,33.0,60384.64,70.1,3.4,7.1,0
109680,34.0,72049.17,55.5,7.9,4.5,0
109681,57.0,75820.65,43.7,12.2,0.0,0
109682,24.0,35496.08,65.7,1.3,10.3,0
109683,40.0,148305.45,69.9,15.4,15.0,0
109684,34.0,63386.81,75.7,8.7,8.6,0
109685,29.0,35176.35,83.5,4.1,9.5,0
109686,29.0,35884.77,55.0,4.7,7.6,0
109687,44.0,97858.91,66.2,17.3,9.6,0
109688,40.0,85420.04,67.1,17.2,9.9,0
109689,25.0,27584.05,80.8,6.7,13.5,0
109690,18.0,46256.66,89.8,6.2,5.4,0
109691,34.0,68567.74,46.8,8.1,11.9,0
109692,22.0,41811.39,85.0,0.0,7.4,0
109693,58.0,77349.23,45.8,13.2,4.9,0
109694,21.0,33734.56,94.8,2.2,11.8,0
109695,46.0,64927.34,53.1,6.0,0.7,0
109696,30.0,65775.08,67.7,6.1,9.9,0
109697,40.0,53398.02,52.0,4.3,9.2,0
109698,36.0,71906.58,57.4,5.1,9.3,0
109699,18.0,30058.18,70.3,6.1,15.2,0
109700,26.0,28665.97,95.2,1.6,5.8,0
109701,18.0,32589.51,60.9,5.8,8.3,0
109702,18.0,38426.18,86.8,6.3,4.9,0
109703,33.0,179329.73,43.9,15.6,8.2,0
109704,18.0,33217.05,66.5,5.6,12.2,0
109705,37.0,58038.32,47.7,6.7,3.3,0
109706,34.0,33839.0,69.3,6.1,9.9,0
109707,59.0,118401.09,39.4,9.5,2.3,0
109708,61.0,126110.32,69.4,17.1,5.2,0
109709,56.0,72104.74,26.7,12.6,3.2,0
109710,53.0,94469.61,23.3,14.9,7.4,0
109711,38.0,152014.45,67.1,20.2,10.6,0
109712,42.0,51428.35,44.5,3.3,15.0,0
109713,48.0,171372.96,57.7,19.3,2.8,0
109714,54.0,95350.04,32.0,10.9,7.5,0
109715,21.0,39795.38,77.5,3.7,11.7,0
109716,38.0,64549.6,79.5,9.3,0.0,0
109717,23.0,40559.72,69.9,3.0,10.2,0
109718,32.0,25970.94,69.0,4.0,11.0,0
109719,46.0,148121.0,70.8,19.1,8.6,0
109720,23.0,31634.8,72.6,1.6,11.7,0
109721,45.0,106779.92,32.4,11.8,3.5,0
109722,46.0,177300.22,90.0,20.1,8.2,0
109723,40.0,39435.02,64.1,7.8,2.4,0
109724,33.0,65098.07,61.8,8.9,12.0,0
109725,51.0,75540.66,43.2,14.6,7.8,0
109726,45.0,190396.0,69.3,21.2,4.5,0
109727,18.0,25221.3,72.3,3.0,7.2,0
109728,25.0,35725.65,81.5,2.7,13.6,0
109729,48.0,90875.5,29.5,13.3,2.7,0
109730,45.0,160571.58,66.9,14.8,7.3,0
109731,32.0,54830.9,33.3,3.8,9.4,0
109732,31.0,74900.23,50.8,8.0,6.2,0
109733,46.0,133612.65,74.1,20.5,9.4,0
109734,21.0,21210.53,76.9,3.9,10.5,0
109735,20.0,32873.6,84.6,5.8,9.3,0
109736,64.0,119850.64,36.7,12.5,8.2,0
109737,19.0,27378.6,65.1,2.5,7.4,0
109738,22.0,31800.23,64.2,5.7,13.6,0
109739,50.0,120339.72,38.9,14.2,0.0,0
109740,50.0,105742.53,33.4,11.6,3.7,0
109741,38.0,63243.94,73.6,5.0,7.3,0
109742,40.0,48120.63,54.6,7.3,11.5,0
109743,53.0,107961.67,43.2,6.5,4.2,0
109744,50.0,120704.04,42.0,13.7,5.6,0
109745,44.0,161056.19,71.8,20.6,4.8,0
109746,57.0,88796.9,41.8,8.9,4.8,0
109747,51.0,94224.68,17.3,12.1,4.4,0
109748,34.0,111002.45,73.6,18.8,7.8,0
109749,43.0,140677.87,66.6,17.6,3.8,0
109750,21.0,31755.65,90.4,2.8,16.2,0
109751,53.0,141756.48,67.9,22.5,10.2,0
109752,45.0,121818.36,67.7,16.0,12.5,0
109753,39.0,58537.1,53.3,5.0,6.8,0
109754,25.0,18893.1,68.4,1.6,13.3,0
109755,49.0,64316.36,24.0,15.4,2.9,0
109756,31.0,43322.87,58.2,7.3,8.3,0
109757,66.0,73860.06,31.3,12.6,2.7,0
109758,26.0,67706.38,51.7,4.9,4.3,0
109759,32.0,39482.41,67.1,0.0,12.7,0
109760,34.0,45436.3,63.8,5.7,10.0,0
109761,33.0,118338.09,64.1,19.0,3.9,0
109762,29.0,34738.68,88.2,1.7,11.2,0
109763,47.0,106571.62,32.6,11.7,3.9,0
109764,27.0,75278.55,58.8,9.4,10.4,0
109765,32.0,58988.38,42.5,9.5,8.0,0
109766,37.0,58919.11,48.3,9.6,13.0,0
109767,31.0,31035.89,1.0,33.4,10.3,1
109768,62.0,116347.27,62.9,12.4,0.0,0
109769,52.0,88508.08,36.7,15.6,2.4,0
109770,20.0,28274.21,99.5,2.1,10.8,0
109771,45.0,69405.88,35.5,6.0,5.0,0
109772,43.0,86855.46,7.8,12.7,4.0,0
109773,48.0,64058.55,48.9,10.9,7.3,0
109774,35.0,78286.08,63.8,7.2,4.5,0
109775,58.0,91487.16,26.9,11.7,3.9,0
109776,28.0,21159.1,100.0,3.9,10.0,0
109777,26.0,23178.74,79.2,4.3,9.1,0
109778,55.0,108561.97,27.7,14.5,3.8,0
109779,62.0,117391.16,39.1,10.4,3.7,0
109780,48.0,125897.53,76.3,19.1,7.7,0
109781,20.0,41202.1,82.8,2.4,7.6,0
109782,40.0,61225.44,67.8,5.2,7.9,0
109783,50.0,124779.47,38.7,10.0,6.8,0
109784,30.0,30058.66,69.9,0.0,13.3,0
109785,27.0,61460.44,40.7,10.6,11.0,0
109786,54.0,112915.68,33.7,10.4,0.0,0
109787,28.0,26185.94,100.0,0.8,13.0,0
109788,42.0,47048.01,53.5,6.5,17.4,0
109789,23.0,25444.06,82.9,0.9,9.8,0
109790,41.0,153053.91,66.4,16.6,11.2,0
109791,25.0,32162.66,1.0,33.2,8.6,1
109792,25.0,21376.87,80.8,3.4,9.3,0
109793,20.0,38716.41,70.5,4.8,13.1,0
109794,20.0,36308.79,73.7,4.3,7.2,0
109795,23.0,32443.85,77.7,3.8,7.6,0
109796,49.0,107206.69,30.9,11.0,1.5,0
109797,22.0,26084.16,85.3,2.1,6.7,0
109798,35.0,46415.24,49.4,9.7,3.7,0
109799,23.0,44708.83,80.5,2.0,4.0,0
109800,37.0,53432.44,63.6,5.6,7.8,0
109801,31.0,35866.49,64.8,3.2,12.9,0
109802,44.0,123851.56,36.4,13.2,3.0,0
109803,52.0,79704.93,50.5,15.6,10.4,0
109804,43.0,100635.17,39.3,10.6,5.1,0
109805,18.0,40476.38,62.7,3.5,12.4,0
109806,40.0,174589.63,53.8,17.9,2.9,0
109807,48.0,86555.67,29.5,14.5,0.5,0
109808,18.0,29517.06,79.1,4.0,13.5,0
109809,25.0,80845.21,49.8,6.4,7.1,0
109810,41.0,87605.39,44.9,13.3,2.5,0
109811,37.0,67150.71,55.4,8.0,4.6,0
109812,31.0,58685.58,33.9,8.4,7.2,0
109813,51.0,108621.01,38.9,14.1,8.7,0
109814,26.0,27854.29,85.2,1.6,7.7,0
109815,42.0,169184.84,79.5,19.8,8.4,0
109816,27.0,35461.08,71.1,4.2,10.0,0
109817,22.0,29943.75,72.5,2.4,10.0,0
109818,27.0,40693.51,83.7,3.2,4.0,0
109819,48.0,54099.24,51.2,9.5,3.7,0
109820,45.0,128334.92,69.5,18.1,4.4,0
109821,42.0,165854.03,71.3,25.0,8.3,0
109822,37.0,126857.07,52.7,20.2,12.8,0
109823,40.0,52624.15,49.3,8.5,5.4,0
109824,32.0,51147.31,76.7,6.1,9.5,0
109825,39.0,52528.92,58.4,5.0,11.3,0
109826,19.0,34103.97,73.1,1.2,13.2,0
109827,40.0,93893.77,76.2,16.6,8.5,0
109828,40.0,65979.98,66.9,4.4,10.6,0
109829,35.0,46078.63,33.5,6.4,4.6,0
109830,32.0,65731.48,75.2,5.2,7.3,0
109831,49.0,78123.08,24.8,15.3,4.0,0
109832,23.0,28052.71,78.7,1.7,15.8,0
109833,53.0,97384.76,36.2,14.6,3.9,0
109834,50.0,97754.13,42.9,14.4,4.6,0
109835,44.0,165017.02,44.7,18.2,6.2,0
109836,24.0,34048.84,90.5,0.2,7.8,0
109837,20.0,28504.51,64.3,7.3,12.6,0
109838,32.0,62172.96,53.7,7.3,4.7,0
109839,35.0,125579.44,85.8,15.0,11.3,0
109840,46.0,129929.18,79.5,18.4,1.6,0
109841,50.0,88583.38,49.4,11.2,3.4,0
109842,18.0,31635.43,66.1,5.2,8.7,0
109843,18.0,39058.93,64.9,3.5,5.5,0
109844,53.0,113255.17,28.5,9.6,0.6,0
109845,24.0,43105.28,88.7,5.3,6.8,0
109846,57.0,111878.87,38.1,10.7,6.9,0
109847,40.0,156561.91,68.2,16.0,6.8,0
109848,46.0,48988.65,67.9,8.7,6.4,0
109849,33.0,48068.51,70.9,4.6,0.0,0
109850,26.0,24219.62,76.9,0.3,8.3,0
109851,24.0,33564.07,91.4,3.0,10.3,0
109852,51.0,110799.55,23.7,11.1,4.0,0
109853,31.0,77576.85,61.2,4.5,8.2,0
109854,31.0,27854.66,91.6,3.5,10.6,0
109855,30.0,33173.38,81.9,3.2,4.7,0
109856,26.0,33452.44,74.2,0.0,11.9,0
109857,48.0,75732.47,22.8,8.1,5.4,0
109858,64.0,85083.77,43.2,11.8,4.8,0
109859,36.0,70730.61,45.9,7.2,10.4,0
109860,40.0,65642.01,59.0,6.3,5.9,0
109861,18.0,34898.32,91.6,3.6,10.0,0
109862,39.0,38357.98,52.9,6.9,1.9,0
109863,25.0,21339.67,84.9,3.5,9.4,0
109864,47.0,143705.17,76.8,18.6,5.4,0
109865,32.0,39175.46,82.3,3.3,12.3,0
109866,42.0,83249.27,52.6,9.1,6.7,0
109867,18.0,36827.26,92.7,4.9,9.5,0
109868,54.0,106950.4,40.7,14.5,6.8,0
109869,21.0,32152.52,73.0,3.3,4.4,0
109870,53.0,120351.99,66.9,18.2,3.9,0
109871,22.0,32971.16,94.5,3.3,8.8,0
109872,37.0,193885.34,72.8,18.2,3.9,0
109873,55.0,84943.97,49.7,12.9,4.4,0
109874,18.0,31434.42,75.9,3.2,4.1,0
109875,19.0,29143.74,83.0,0.0,14.1,0
109876,42.0,50902.46,82.7,7.5,6.7,0
109877,46.0,150536.01,73.2,15.8,6.7,0
109878,45.0,161019.76,86.4,17.1,8.2,0
109879,21.0,38300.54,74.9,1.8,10.2,0
109880,28.0,68038.06,54.9,12.5,5.1,0
109881,23.0,37859.3,85.8,5.1,9.2,0
109882,18.0,47368.67,1.0,36.1,12.4,1
109883,45.0,87194.94,24.6,12.3,0.0,0
109884,39.0,75208.27,69.5,7.9,7.6,0
109885,22.0,34583.62,76.9,0.0,8.1,0
109886,47.0,111631.49,60.5,17.6,1.5,0
109887,56.0,105964.21,44.5,12.4,1.4,0
109888,46.0,104421.35,42.2,9.8,0.2,0
109889,24.0,32786.82,87.3,4.3,9.8,0
109890,48.0,131191.56,68.9,19.7,10.9,0
109891,57.0,91930.69,35.7,10.3,6.7,0
109892,33.0,39718.34,53.6,5.3,0.0,0
109893,21.0,36506.95,82.1,3.8,14.3,0
109894,40.0,111136.1,76.9,18.7,4.2,0
109895,35.0,68009.64,60.7,8.5,5.0,0
109896,36.0,116984.41,80.6,20.1,7.5,0
109897,60.0,92228.04,29.9,9.2,3.8,0
109898,57.0,116691.59,45.7,13.0,8.8,0
109899,47.0,115263.78,37.8,12.4,0.0,0
109900,45.0,169081.34,50.7,19.6,1.1,0
109901,18.0,31456.82,93.8,2.7,11.4,0
109902,19.0,30881.0,77.5,6.3,7.8,0
109903,49.0,113413.72,32.5,12.2,5.3,0
109904,33.0,39095.98,68.8,7.2,3.2,0
109905,56.0,129357.92,46.9,16.2,0.3,0
109906,53.0,101067.77,33.8,11.3,0.0,0
109907,44.0,43956.74,67.0,7.0,6.9,0
109908,51.0,98403.21,41.4,13.9,3.6,0
109909,30.0,48163.73,68.4,6.5,3.9,0
109910,39.0,137633.72,59.2,17.9,11.8,0
109911,23.0,21818.78,86.7,5.2,13.5,0
109912,52.0,134868.28,42.4,18.0,8.1,0
109913,49.0,124309.12,62.5,18.2,7.4,0
109914,21.0,31250.35,76.0,1.7,12.0,0
109915,32.0,61518.49,45.9,7.2,7.6,0
109916,31.0,62786.46,57.0,6.1,5.6,0
109917,54.0,95484.55,44.6,9.9,3.4,0
109918,33.0,62674.8,60.7,4.6,8.8,0
109919,35.0,32982.77,69.3,2.4,9.0,0
109920,40.0,158212.62,53.8,18.5,11.9,0
109921,30.0,37901.16,71.4,5.9,11.1,0
109922,43.0,74070.23,61.1,6.5,14.1,0
109923,43.0,92033.79,20.9,12.2,5.1,0
109924,21.0,28729.94,64.8,3.9,8.6,0
109925,26.0,28983.09,80.5,4.5,11.4,0
109926,44.0,137394.12,76.8,16.8,7.4,0
109927,54.0,121286.15,28.9,10.2,4.9,0
109928,30.0,36675.79,78.2,5.5,4.6,0
109929,57.0,89627.4,41.3,14.0,4.6,0
109930,36.0,57630.92,74.9,7.7,7.7,0
109931,32.0,29105.56,75.5,4.9,15.3,0
109932,52.0,101610.59,19.1,14.6,0.8,0
109933,33.0,64102.58,51.5,3.1,3.3,0
109934,24.0,40618.59,92.2,3.8,10.5,0
109935,47.0,173406.73,73.2,18.3,8.6,0
109936,41.0,46727.78,58.2,7.8,1.3,0
109937,41.0,74010.2,38.5,6.2,5.9,0
109938,20.0,27674.52,72.8,4.2,13.7,0
109939,55.0,79373.01,42.9,13.2,0.0,0
109940,58.0,97283.34,36.7,8.5,8.8,0
109941,45.0,159532.82,58.8,19.0,9.6,0
109942,23.0,24551.31,77.4,1.1,7.9,0
109943,58.0,96483.37,34.2,9.6,3.9,0
109944,51.0,78214.01,45.9,14.1,1.7,0
109945,38.0,41323.64,61.2,8.6,3.6,0
109946,24.0,32735.02,100.0,8.2,11.0,0
109947,40.0,146160.34,83.3,14.7,1.7,0
109948,18.0,36391.11,86.2,3.9,13.3,0
109949,51.0,90366.73,38.9,15.4,5.2,0
109950,36.0,66495.62,72.2,6.3,5.7,0
109951,22.0,36695.96,70.2,4.3,5.6,0
109952,42.0,138531.95,89.9,19.9,6.9,0
109953,40.0,123009.99,60.8,21.2,5.7,0
109954,45.0,63107.99,57.2,7.2,10.6,0
109955,48.0,103690.09,34.6,12.8,3.4,0
109956,34.0,67861.74,44.2,9.8,7.3,0
109957,49.0,101302.96,28.1,12.2,4.3,0
109958,30.0,33606.14,66.8,4.2,12.2,0
109959,28.0,48739.82,78.1,6.3,6.1,0
109960,36.0,54848.39,40.3,4.8,5.1,0
109961,33.0,53413.46,100.0,29.8,10.3,1
109962,33.0,59965.46,72.4,5.6,16.2,0
109963,28.0,32445.03,75.5,5.7,7.9,0
109964,41.0,180503.34,68.2,17.1,6.0,0
109965,18.0,37845.43,77.6,5.1,9.5,0
109966,22.0,28178.67,84.8,1.4,11.2,0
109967,36.0,50364.35,53.5,7.0,6.1,0
109968,61.0,99018.7,33.0,11.3,3.3,0
109969,21.0,27258.96,84.0,6.1,8.6,0
109970,38.0,54586.7,59.0,4.4,4.4,0
109971,48.0,92516.64,23.3,7.5,0.0,0
109972,23.0,27435.01,72.2,3.5,7.5,0
109973,43.0,193843.95,68.2,17.6,9.1,0
109974,32.0,55396.17,57.0,7.4,4.2,0
109975,55.0,121447.76,15.9,12.8,3.7,0
109976,23.0,33879.33,91.8,3.5,12.9,0
109977,52.0,101242.85,29.6,12.1,3.2,0
109978,44.0,98288.24,60.8,20.4,12.2,0
109979,18.0,28734.01,70.5,3.5,9.7,0
109980,27.0,24216.76,81.5,2.3,7.8,0
109981,38.0,59241.83,57.0,9.7,7.2,0
109982,34.0,18580.58,77.9,0.8,7.2,0
109983,40.0,163249.02,67.9,15.7,10.0,0
109984,46.0,123591.47,22.1,11.4,9.8,0
109985,50.0,102244.17,33.9,12.0,1.5,0
109986,45.0,173448.83,52.6,16.2,6.3,0
109987,39.0,156195.44,65.9,18.2,12.5,0
109988,34.0,147988.4,70.8,17.8,5.3,0
109989,34.0,61911.51,56.2,8.4,3.7,0
109990,29.0,39610.84,59.4,8.5,3.5,0
109991,30.0,83076.3,70.8,9.7,8.0,0
109992,40.0,58796.57,43.8,4.3,7.0,0
109993,41.0,60130.91,64.1,6.8,7.9,0
109994,28.0,39665.71,80.9,6.9,9.3,0
109995,43.0,68500.76,39.7,9.8,4.2,0
109996,35.0,71744.32,50.6,6.9,9.0,0
109997,32.0,59368.0,54.5,8.9,11.7,0
109998,18.0,32447.67,72.8,3.1,15.3,0
109999,38.0,55716.44,44.3,9.0,5.6,0
110000,32.0,65392.57,63.8,6.3,4.2,0
