annual_income_lakh,credit_score,debt_ratio,employment_years,loan_amount_lakh,approved
23.67,704,0.244,18.3,16.03,1
14.29,577,0.595,1.7,18.08,0
26.04,646,0.156,1.3,22.33,1
21.53,626,0.163,9.5,41.97,0
4.64,596,0.321,9.9,25.5,0
29.32,683,0.252,11.7,5.34,1
23.31,462,0.492,18.5,11.62,0
24.01,653,0.67,14.2,49.32,1
5.59,672,0.121,17.8,5.4,1
14.61,564,0.419,1.2,32.74,0
12.38,809,0.085,7.9,11.35,1
27.95,629,0.182,24.2,22.16,1
20.03,660,0.246,10.7,18.49,1
25.04,630,0.443,5.6,48.88,0
14.42,673,0.425,24.8,28.01,1
8.36,791,0.489,10.3,13.25,0
17.53,850,0.618,12.0,30.58,0
3.79,743,0.157,5.6,4.5,1
25.17,772,0.563,16.4,46.41,1
19.69,826,0.507,5.2,17.87,1
23.23,701,0.078,15.2,44.29,1
11.93,813,0.272,18.9,40.65,1
29.18,747,0.04,16.3,10.15,1
27.01,692,0.086,2.3,48.15,1
23.79,710,0.227,2.0,49.59,0
7.45,525,0.197,21.1,40.46,0
15.07,705,0.677,22.6,23.12,0
3.23,549,0.672,3.4,33.95,0
6.32,542,0.442,9.4,4.95,0
21.13,696,0.557,16.4,46.13,1
22.85,585,0.75,20.9,11.87,1
29.09,679,0.319,22.7,36.12,1
11.12,692,0.401,17.5,40.28,0
12.37,696,0.495,3.7,48.51,0
15.15,603,0.692,19.2,41.37,0
7.31,756,0.602,21.5,41.08,0
5.64,672,0.067,8.8,35.56,0
15.32,717,0.54,12.4,29.26,0
8.35,578,0.204,4.2,3.05,0
20.75,665,0.206,7.6,48.66,0
14.24,773,0.419,21.7,23.0,1
25.31,762,0.528,2.2,40.04,0
21.61,612,0.136,19.1,19.49,1
10.75,634,0.25,2.4,23.35,0
25.3,596,0.543,7.3,23.66,0
24.53,624,0.131,14.6,49.51,0
12.85,561,0.64,0.1,11.36,0
10.07,668,0.353,16.9,25.59,0
21.11,734,0.448,7.9,8.58,1
5.91,613,0.079,18.7,25.21,1
7.6,672,0.717,24.4,27.75,1
2.21,661,0.682,10.4,7.7,1
24.03,770,0.159,0.7,35.21,1
20.62,628,0.504,21.2,41.57,1
21.74,631,0.599,6.9,40.99,0
23.86,608,0.109,3.7,36.73,0
14.85,583,0.442,22.0,7.9,0
17.92,725,0.641,5.8,31.45,0
5.91,669,0.39,15.1,35.22,0
5.21,685,0.694,6.3,38.21,0
20.72,788,0.055,17.8,35.76,1
15.19,793,0.691,16.2,31.81,1
17.83,540,0.733,12.7,36.66,0
23.42,735,0.134,13.9,42.76,1
19.77,699,0.335,5.7,28.9,0
17.5,641,0.473,0.5,8.12,0
17.66,708,0.672,20.0,40.98,0
10.51,533,0.136,22.2,33.39,0
2.86,804,0.264,19.4,34.64,1
14.23,724,0.602,17.7,15.42,0
8.01,606,0.319,11.8,8.33,0
13.44,630,0.462,14.6,39.26,0
25.9,535,0.429,17.3,3.42,1
8.55,653,0.73,0.7,20.72,1
3.63,639,0.123,10.6,25.93,0
9.88,567,0.712,5.6,1.85,0
10.22,746,0.432,9.1,30.25,0
20.53,789,0.68,18.7,6.86,0
17.6,678,0.106,9.1,12.83,0
23.95,654,0.488,18.5,49.68,1
20.6,717,0.633,24.3,28.45,1
13.38,678,0.594,23.1,48.45,0
24.79,588,0.027,20.7,25.14,1
6.68,625,0.35,21.3,40.37,0
2.64,655,0.104,9.8,2.86,1
4.52,701,0.132,18.3,15.27,1
22.23,681,0.536,16.7,14.88,1
14.93,698,0.718,24.6,4.42,1
6.52,550,0.483,14.4,47.65,0
16.03,737,0.095,10.7,25.73,1
6.26,680,0.198,20.9,30.06,1
21.5,850,0.297,18.7,26.5,1
14.49,647,0.112,3.1,13.18,1
12.67,707,0.639,14.9,46.29,0
10.44,850,0.162,14.8,33.78,1
19.65,696,0.115,15.8,7.06,1
12.13,674,0.55,23.5,23.63,0
4.45,596,0.113,15.1,1.07,1
5.3,810,0.32,21.8,34.06,1
28.93,581,0.396,9.0,26.66,0
27.44,716,0.079,1.4,45.31,1
21.59,640,0.426,9.4,47.42,0
9.44,664,0.371,13.3,5.81,1
29.14,559,0.508,20.8,5.39,1
23.81,794,0.18,15.8,45.06,1
22.07,656,0.28,11.1,26.09,0
14.58,577,0.502,11.5,24.01,0
9.62,786,0.046,24.9,28.97,1
4.7,637,0.105,3.5,23.85,0
27.27,708,0.227,5.1,31.1,0
14.76,752,0.098,15.6,47.5,0
7.67,720,0.049,17.5,30.69,1
10.57,493,0.741,9.9,16.72,0
18.22,739,0.353,0.8,11.46,1
6.95,671,0.41,13.1,48.34,0
25.99,652,0.206,3.6,29.39,0
23.24,671,0.026,1.4,28.77,1
22.14,543,0.568,8.6,2.63,0
14.1,696,0.548,3.4,46.0,0
19.56,564,0.73,11.0,24.01,0
18.35,656,0.035,19.0,49.99,1
20.2,693,0.12,1.2,9.23,1
4.36,771,0.54,12.5,16.98,1
13.64,610,0.261,12.4,11.29,1
3.17,803,0.067,0.0,19.57,1
15.83,760,0.24,18.5,48.86,1
11.24,644,0.084,2.2,21.32,1
6.05,586,0.631,23.3,41.53,0
4.9,557,0.66,16.0,38.01,0
18.45,703,0.485,7.2,15.6,1
6.78,617,0.301,23.1,29.42,0
27.9,782,0.581,10.0,42.73,1
18.27,622,0.481,6.5,30.96,0
11.71,603,0.598,9.6,13.98,0
18.55,700,0.393,15.3,43.3,0
2.64,622,0.72,18.1,28.25,0
28.84,681,0.232,16.5,49.02,0
15.5,764,0.461,23.0,33.13,1
23.92,690,0.61,23.9,22.99,1
4.32,690,0.673,4.9,22.36,0
15.63,697,0.711,22.8,44.13,0
15.74,536,0.308,2.7,49.05,0
28.26,713,0.531,23.9,21.11,1
18.01,694,0.232,6.5,8.99,1
15.26,756,0.494,6.6,2.95,1
9.48,731,0.154,10.5,16.8,1
11.28,663,0.328,4.5,17.76,1
16.58,768,0.692,20.7,21.87,1
14.29,655,0.612,3.1,8.11,0
2.61,701,0.382,11.0,25.14,1
25.14,654,0.127,22.7,47.22,1
27.09,719,0.311,15.9,12.39,1
5.93,648,0.121,15.2,34.55,0
17.51,820,0.07,24.9,2.86,1
5.04,850,0.682,0.6,32.55,1
20.82,754,0.379,8.0,46.94,1
9.87,811,0.085,3.1,14.83,1
20.46,549,0.543,4.6,41.0,0
22.36,559,0.074,5.4,5.04,1
23.52,653,0.309,15.7,18.55,1
5.02,684,0.188,6.8,1.33,0
27.65,663,0.14,16.6,18.4,1
8.45,540,0.409,18.5,16.18,0
3.05,778,0.545,10.0,34.95,0
17.54,850,0.376,13.4,15.43,1
12.39,789,0.619,3.3,41.33,0
25.23,772,0.69,18.8,15.28,1
24.63,699,0.609,10.5,11.94,0
10.88,608,0.718,20.9,25.23,0
28.68,686,0.698,13.2,33.17,0
10.15,850,0.628,17.4,44.55,0
16.42,650,0.234,9.0,40.86,0
9.17,641,0.147,9.3,26.7,0
28.21,774,0.551,10.9,48.94,0
6.61,780,0.637,15.9,15.53,0
3.26,608,0.621,12.7,49.97,0
14.18,658,0.49,20.1,19.87,1
29.79,637,0.626,1.4,13.86,0
26.97,686,0.536,22.5,19.76,0
22.96,774,0.506,23.2,29.71,0
26.94,612,0.054,6.1,24.22,0
27.02,773,0.356,2.5,3.46,1
16.53,689,0.045,14.3,18.44,1
10.85,850,0.087,1.6,25.1,1
23.62,707,0.415,5.7,33.5,0
20.53,672,0.055,12.7,47.7,0
12.46,729,0.687,15.3,47.84,0
4.65,651,0.349,4.9,26.19,0
22.91,527,0.531,23.3,28.89,0
9.35,660,0.128,4.5,35.2,0
28.23,658,0.639,3.8,41.93,0
8.75,545,0.369,4.1,37.52,0
5.44,674,0.428,23.2,36.31,0
25.27,504,0.493,22.0,22.92,0
6.29,650,0.414,0.8,43.58,0
7.02,701,0.431,18.2,33.46,0
18.78,688,0.564,1.8,8.8,1
26.49,645,0.609,1.9,30.32,1
7.5,673,0.244,1.9,16.22,0
10.69,613,0.693,20.7,10.95,0
23.77,681,0.278,10.7,32.79,0
29.21,685,0.219,13.9,32.47,1
16.02,603,0.247,0.8,47.78,0
6.03,703,0.282,22.5,48.83,0
2.39,702,0.251,24.6,21.03,0
8.43,666,0.636,5.9,9.75,1
5.69,850,0.43,16.4,7.88,1
20.97,668,0.726,17.0,48.74,0
5.41,656,0.081,24.2,20.4,1
16.18,644,0.468,12.1,17.8,0
21.44,597,0.09,5.9,31.44,0
18.27,738,0.355,9.0,3.81,1
7.59,622,0.299,16.0,32.69,1
24.52,632,0.517,11.8,43.91,0
22.03,634,0.564,2.0,36.49,0
22.69,596,0.194,20.2,21.46,1
5.67,531,0.161,21.6,6.69,1
5.47,641,0.326,12.0,12.82,0
27.97,754,0.197,13.1,14.01,1
13.13,697,0.514,12.3,19.86,1
10.43,813,0.398,13.2,7.53,1
15.68,744,0.624,2.6,29.21,0
20.56,725,0.736,10.8,18.95,0
28.76,840,0.296,11.2,25.32,1
10.02,672,0.686,24.9,14.97,0
27.89,685,0.587,1.2,23.24,0
2.7,679,0.129,7.8,35.92,1
17.55,811,0.63,12.4,5.32,1
19.75,680,0.372,21.2,25.99,0
4.97,625,0.538,11.5,31.3,0
5.93,730,0.533,7.3,33.72,0
13.74,611,0.667,13.4,46.22,0
29.05,725,0.576,7.4,39.27,0
18.69,715,0.622,13.7,37.21,0
28.12,664,0.254,17.2,43.53,0
24.52,728,0.73,13.3,45.81,0
15.09,554,0.503,15.2,42.13,0
23.97,694,0.585,1.0,31.09,0
2.5,641,0.647,16.5,42.31,0
5.06,850,0.11,24.2,16.99,1
25.22,693,0.266,12.3,47.65,0
24.31,629,0.63,20.1,9.5,0
8.51,563,0.693,13.7,12.23,0
16.86,791,0.572,17.6,8.77,1
18.97,650,0.372,7.7,39.07,0
26.3,613,0.203,24.2,22.29,1
18.89,709,0.403,5.4,37.16,0
13.55,735,0.31,4.0,25.99,1
12.48,734,0.667,1.1,20.76,0
13.92,682,0.434,13.5,44.92,1
20.25,694,0.306,15.5,22.18,1
26.29,700,0.384,16.2,31.3,1
14.71,709,0.702,4.3,43.07,0
8.94,716,0.468,16.3,11.42,1
8.63,773,0.187,4.1,20.73,1
22.89,685,0.385,18.9,8.1,1
24.86,611,0.36,6.9,27.59,0
4.95,668,0.247,10.6,39.69,0
3.86,744,0.557,9.2,3.7,0
18.64,528,0.216,9.2,3.96,0
6.09,529,0.38,18.0,37.32,0
25.09,758,0.342,24.9,35.77,1
10.69,809,0.361,13.2,20.71,1
6.03,572,0.434,10.0,18.67,0
27.79,689,0.519,7.3,14.82,1
6.63,646,0.124,15.6,4.03,0
9.97,658,0.23,11.3,26.16,0
6.3,706,0.584,19.3,31.19,1
5.23,570,0.683,15.2,43.4,0
2.59,586,0.053,10.3,27.55,0
3.55,654,0.074,23.8,8.45,1
6.89,668,0.702,0.3,16.1,0
3.49,584,0.128,17.2,39.47,0
18.55,747,0.735,10.3,31.29,0
21.06,645,0.625,3.0,38.78,0
13.02,644,0.108,2.3,21.26,0
10.9,704,0.095,16.2,4.31,1
16.13,669,0.733,3.7,44.71,0
26.5,751,0.206,21.4,18.11,1
25.83,601,0.413,7.8,5.09,0
3.22,561,0.192,8.6,29.76,0
7.08,654,0.458,16.5,37.45,0
8.63,685,0.633,5.5,24.42,0
8.98,575,0.5,0.2,31.08,0
17.99,562,0.054,11.1,21.45,0
13.66,695,0.454,13.2,40.87,0
3.38,616,0.503,11.1,39.4,0
12.46,557,0.167,11.4,36.28,0
16.67,762,0.576,16.6,1.97,1
4.85,626,0.478,21.1,26.3,0
25.34,778,0.027,9.1,39.48,1
3.45,682,0.714,19.8,13.0,0
27.9,705,0.345,1.6,13.7,1
4.78,662,0.19,12.0,45.31,1
25.62,454,0.083,9.4,42.24,0
27.27,583,0.293,11.6,49.42,0
29.43,669,0.245,2.3,25.37,1
24.46,711,0.238,3.5,7.09,1
23.83,528,0.599,7.3,1.4,1
19.99,675,0.492,6.8,35.6,1
23.81,585,0.117,9.6,41.02,1
5.77,700,0.537,11.4,21.99,1
17.01,678,0.548,5.5,21.86,0
16.4,743,0.395,15.5,42.17,1
26.01,771,0.747,9.4,10.12,1
14.96,719,0.227,1.5,4.11,1
12.78,753,0.063,6.1,48.32,1
19.91,650,0.041,14.0,27.58,1
9.46,850,0.254,15.2,38.85,1
5.91,576,0.383,20.0,47.78,0
15.38,635,0.077,6.1,40.71,0
13.67,757,0.433,14.1,23.91,0
8.51,744,0.678,11.9,32.76,0
12.29,721,0.602,21.2,31.98,0
12.26,737,0.511,18.2,46.35,1
11.17,503,0.503,3.3,7.91,0
12.62,815,0.553,24.0,35.09,1
21.2,663,0.381,8.9,43.28,0
10.31,786,0.313,23.9,18.6,1
28.57,507,0.244,7.1,35.71,1
27.66,702,0.093,11.7,13.24,1
15.47,632,0.43,13.8,5.31,1
11.19,729,0.365,1.6,2.24,1
16.99,707,0.107,17.9,26.97,1
25.76,711,0.216,2.6,3.53,1
20.27,590,0.595,4.1,30.03,1
24.52,675,0.207,7.3,19.4,0
16.92,665,0.331,24.0,1.34,1
19.72,722,0.138,24.3,12.1,1
10.07,764,0.144,12.2,37.18,0
22.58,693,0.572,13.3,19.56,0
7.67,572,0.069,5.3,36.55,0
21.45,689,0.228,10.5,40.93,1
26.1,850,0.736,24.6,40.05,0
5.7,820,0.367,19.8,33.86,0
19.2,427,0.463,17.4,37.58,0
4.66,685,0.488,7.0,28.92,0
22.32,759,0.163,19.1,23.77,1
4.37,665,0.29,24.2,4.02,1
28.21,641,0.313,24.7,48.78,1
5.85,657,0.188,15.0,42.17,0
28.85,727,0.191,4.0,33.92,1
24.42,582,0.464,24.1,32.56,1
18.62,781,0.099,13.5,29.26,1
23.91,675,0.114,1.0,5.63,1
24.26,601,0.439,2.0,16.65,0
28.49,776,0.348,14.4,17.64,1
9.09,549,0.467,20.9,39.89,0
18.52,633,0.04,23.5,30.64,1
4.66,631,0.535,23.6,20.51,1
19.25,850,0.64,14.5,17.08,1
6.8,622,0.403,24.5,42.84,0
17.82,497,0.634,3.7,39.5,0
18.03,631,0.312,2.4,40.84,0
15.05,719,0.078,0.8,20.38,1
16.63,747,0.296,19.4,24.48,1
23.39,850,0.346,22.9,29.09,1
24.38,800,0.652,21.0,10.4,1
15.78,696,0.264,23.5,18.75,1
18.79,604,0.25,13.7,25.07,0
28.07,818,0.668,19.1,33.85,1
5.35,649,0.203,8.4,23.03,0
5.28,624,0.489,19.2,8.58,0
4.46,645,0.258,18.8,21.83,0
20.42,574,0.715,10.9,27.04,0
13.72,640,0.158,1.1,32.89,0
23.68,660,0.548,6.7,42.84,0
20.79,742,0.422,22.1,12.39,1
11.34,647,0.734,14.7,28.43,0
27.15,572,0.746,10.1,21.45,0
23.35,544,0.599,23.7,34.66,0
9.57,698,0.096,9.2,43.84,0
12.2,686,0.362,8.2,24.38,0
10.8,633,0.644,19.3,42.36,0
6.41,640,0.486,8.9,1.1,0
6.14,713,0.662,11.2,45.7,0
28.21,798,0.604,18.1,39.64,0
14.26,614,0.248,10.8,7.56,1
12.73,688,0.162,8.1,34.09,1
22.43,761,0.255,0.4,26.2,1
17.48,614,0.528,21.5,48.56,0
28.21,679,0.371,13.2,15.91,1
23.85,677,0.052,21.3,30.84,1
15.42,569,0.562,15.4,26.62,0
12.54,694,0.053,5.0,11.84,1
29.63,683,0.319,9.1,40.87,1
22.1,727,0.357,10.4,37.41,0
28.63,579,0.387,18.5,27.66,0
5.32,681,0.122,13.7,47.26,1
25.81,797,0.566,15.9,46.41,1
19.84,850,0.64,18.8,41.08,1
5.41,789,0.529,6.8,8.47,0
18.47,580,0.714,22.0,44.81,0
21.21,718,0.208,11.3,15.98,0
2.34,639,0.137,16.5,28.93,1
14.72,704,0.069,5.5,48.76,0
25.11,614,0.547,5.8,12.32,0
10.27,534,0.138,18.4,10.79,0
14.84,651,0.705,8.8,42.74,0
14.38,741,0.457,21.9,1.64,1
10.45,704,0.607,16.6,9.54,1
27.72,714,0.337,16.6,17.04,1
23.88,698,0.556,9.5,37.18,0
5.1,714,0.344,22.6,24.54,0
29.92,725,0.413,23.6,20.27,1
26.62,657,0.585,6.4,46.02,0
9.95,687,0.194,12.9,38.04,0
25.43,828,0.666,22.7,32.01,1
4.98,692,0.543,2.5,17.66,0
29.97,684,0.565,7.4,43.09,0
20.64,689,0.194,23.9,13.4,1
20.2,661,0.086,12.1,47.35,1
4.53,643,0.073,23.8,13.76,0
27.12,698,0.492,9.5,41.18,1
2.81,637,0.13,13.2,45.8,0
8.74,668,0.749,11.4,12.1,0
6.0,613,0.722,11.4,12.24,0
23.75,689,0.041,22.9,4.85,1
7.55,730,0.549,17.4,17.73,1
27.5,662,0.21,23.6,25.51,1
20.38,509,0.269,8.2,5.21,1
3.01,730,0.195,24.8,8.17,1
2.15,690,0.626,17.7,21.69,0
3.45,596,0.672,3.3,9.83,0
18.97,746,0.049,10.3,38.9,1
24.44,561,0.217,6.2,16.8,1
8.68,769,0.348,5.9,3.27,1
25.78,675,0.401,23.2,8.57,1
3.6,487,0.084,24.0,16.05,0
24.43,695,0.626,0.4,8.14,1
27.98,645,0.702,3.5,11.56,1
23.62,633,0.314,6.9,11.12,0
21.55,617,0.646,21.2,21.52,1
25.46,669,0.514,15.3,26.68,0
3.12,639,0.452,14.1,31.51,0
7.65,522,0.618,15.0,45.56,0
5.5,788,0.365,23.8,34.72,0
16.13,659,0.42,6.9,10.73,0
22.87,618,0.221,3.1,23.01,0
19.64,584,0.54,15.2,36.75,0
25.83,746,0.136,24.2,28.2,1
6.35,570,0.198,17.8,9.3,0
22.57,691,0.37,22.3,39.59,0
7.41,630,0.301,22.4,10.64,1
9.58,635,0.195,5.5,17.87,0
21.88,586,0.16,17.1,36.95,1
29.45,627,0.648,21.6,48.5,1
19.12,681,0.451,2.5,44.63,0
3.53,700,0.295,16.3,48.52,0
19.26,613,0.637,6.8,20.44,0
3.19,672,0.622,20.5,22.36,0
26.76,756,0.101,5.6,8.98,1
21.87,539,0.434,9.3,24.16,0
6.85,679,0.243,16.9,39.24,0
4.57,599,0.415,13.9,4.38,0
7.14,591,0.544,3.0,16.63,0
29.44,702,0.026,5.6,46.35,0
14.84,634,0.395,22.1,9.95,0
23.95,577,0.233,24.7,15.56,0
19.82,793,0.41,17.3,46.82,1
18.03,758,0.1,0.2,17.9,1
6.06,516,0.617,18.6,41.71,0
28.49,555,0.417,16.1,15.07,1
10.44,730,0.174,10.3,13.59,0
18.18,656,0.582,5.7,10.17,0
21.59,808,0.048,4.1,4.07,1
20.18,732,0.453,2.1,21.35,0
28.34,705,0.386,16.0,35.96,1
6.16,593,0.049,8.4,25.76,1
16.23,722,0.202,13.0,20.96,1
13.31,572,0.076,13.1,11.02,1
15.28,791,0.555,15.2,34.49,1
5.34,716,0.535,14.9,13.39,0
5.75,610,0.085,13.0,2.57,0
9.79,748,0.1,3.9,48.26,0
10.53,850,0.663,0.7,47.18,0
13.98,662,0.167,14.4,11.51,1
19.11,727,0.242,10.6,12.69,1
19.77,643,0.52,10.3,29.43,0
13.53,687,0.064,10.8,21.94,0
13.45,552,0.712,2.8,44.5,0
8.09,680,0.037,4.5,21.92,1
18.47,684,0.64,16.6,7.66,0
10.88,833,0.283,12.8,27.79,1
3.01,527,0.13,15.2,6.55,1
13.72,656,0.296,3.2,22.91,0
15.28,789,0.73,20.4,29.29,1
8.32,659,0.406,9.3,47.32,0
18.03,665,0.063,15.3,15.37,0
17.84,609,0.707,11.6,32.82,0
21.66,601,0.125,11.7,1.01,1
20.14,525,0.06,19.5,43.7,1
20.27,627,0.053,2.8,16.54,1
10.85,596,0.623,1.9,12.8,0
24.05,690,0.132,2.5,6.02,1
17.38,613,0.151,24.9,39.48,1
14.08,639,0.709,23.2,3.77,1
19.53,642,0.466,17.5,31.28,0
12.1,676,0.228,11.2,16.46,0
16.36,635,0.448,2.1,35.85,0
22.63,590,0.197,20.5,48.32,0
26.82,687,0.381,4.7,14.47,0
27.79,771,0.264,6.8,31.37,1
16.1,691,0.475,21.0,19.16,1
16.57,628,0.574,6.4,25.96,0
24.4,670,0.274,21.1,5.08,1
10.8,506,0.125,19.6,11.01,0
25.45,668,0.28,20.9,39.92,1
15.84,646,0.573,16.9,17.9,0
5.24,601,0.595,8.8,1.05,0
4.02,616,0.593,16.3,16.72,0
25.58,645,0.731,20.7,33.81,0
3.56,764,0.622,18.7,48.61,0
9.86,773,0.727,21.6,42.85,1
11.36,601,0.478,24.6,38.09,0
6.84,636,0.187,17.3,46.54,0
10.79,638,0.464,23.2,33.31,0
22.8,749,0.164,6.8,26.44,1
2.41,692,0.082,24.3,27.44,0
25.16,688,0.24,22.8,47.27,1
25.98,726,0.285,1.0,1.1,1
12.42,629,0.537,14.8,26.27,0
6.3,796,0.285,12.6,38.68,1
18.82,680,0.022,20.4,2.87,1
5.35,607,0.689,3.2,41.34,0
12.22,660,0.45,13.2,42.35,0
28.84,785,0.174,12.5,26.66,1
29.87,644,0.204,9.9,41.61,1
23.62,761,0.111,24.8,7.99,1
10.71,627,0.682,13.5,47.21,0
21.25,615,0.188,10.3,3.39,1
21.75,736,0.707,21.4,2.83,1
12.86,606,0.213,3.5,26.68,1
19.94,750,0.603,7.2,37.03,0
2.3,710,0.028,7.0,35.3,1
7.85,606,0.373,23.3,27.96,0
16.7,674,0.29,22.0,39.4,0
6.59,633,0.264,15.2,30.78,0
6.65,710,0.744,8.0,42.66,0
25.42,840,0.546,11.7,6.67,1
29.7,648,0.207,14.3,49.09,0
17.57,725,0.569,13.5,44.16,0
25.49,682,0.115,6.4,44.87,1
29.73,682,0.696,3.3,18.82,0
5.96,666,0.331,22.7,47.4,0
14.55,607,0.159,16.0,7.93,1
12.99,708,0.219,3.6,4.82,1
4.24,655,0.133,24.7,20.54,0
23.15,603,0.699,10.3,46.72,0
14.15,766,0.243,18.3,48.43,1
15.14,688,0.124,4.4,25.18,0
6.22,661,0.613,23.3,37.84,0
7.07,794,0.176,2.0,27.37,1
27.4,524,0.089,23.9,6.56,1
3.25,788,0.508,18.2,33.0,0
8.52,605,0.025,5.7,8.2,0
10.18,698,0.628,4.5,33.15,0
15.73,630,0.431,20.9,12.78,1
18.42,602,0.2,1.0,13.9,0
15.81,792,0.366,2.9,34.07,0
4.36,838,0.212,16.8,23.78,1
8.82,661,0.409,1.9,41.68,0
25.62,709,0.437,13.5,34.33,1
19.85,685,0.583,14.4,15.45,1
20.18,827,0.36,0.4,39.08,1
20.77,500,0.594,9.4,4.17,0
23.36,712,0.071,0.7,37.01,1
3.63,618,0.693,24.2,19.88,0
12.27,480,0.155,5.4,15.8,0
17.11,649,0.631,17.2,26.61,0
11.48,837,0.381,16.8,45.45,1
25.65,624,0.096,19.3,13.58,1
15.51,747,0.283,8.4,49.97,1
23.52,782,0.69,4.6,29.86,0
25.86,679,0.629,13.3,13.35,1
16.13,690,0.547,17.4,34.86,0
27.47,534,0.297,18.9,37.03,0
18.44,619,0.45,1.2,27.04,0
25.81,757,0.189,18.8,7.4,1
11.54,685,0.493,2.8,40.94,0
15.97,711,0.21,13.1,40.7,1
16.88,691,0.625,13.9,38.5,0
4.94,850,0.534,3.2,38.03,0
13.16,643,0.302,24.1,19.68,1
27.69,816,0.501,16.0,25.14,0
19.66,691,0.257,5.6,33.41,1
6.97,824,0.134,1.3,9.12,1
11.49,576,0.192,19.4,30.61,0
7.36,696,0.218,21.0,6.4,1
2.7,647,0.185,2.3,42.54,0
27.97,692,0.515,6.4,6.87,1
14.55,784,0.56,16.1,38.85,0
10.61,712,0.354,10.5,11.88,1
18.76,784,0.741,8.6,46.49,0
2.2,623,0.67,10.6,33.24,0
9.78,610,0.084,12.6,22.13,0
21.68,681,0.356,4.6,3.14,0
19.75,677,0.683,9.7,30.75,0
29.49,664,0.181,1.7,19.52,0
19.37,599,0.296,0.2,40.12,0
15.37,782,0.711,24.4,39.84,0
23.32,649,0.587,1.4,34.66,0
27.29,801,0.628,1.1,14.12,0
22.18,681,0.662,22.2,9.47,1
28.97,735,0.145,24.4,25.36,1
23.9,727,0.53,21.1,23.17,1
26.27,610,0.606,3.5,33.97,0
5.19,711,0.185,16.0,27.11,0
22.51,844,0.052,17.4,25.25,1
14.32,701,0.15,19.3,24.56,1
17.49,757,0.561,2.8,25.71,0
20.31,739,0.527,9.8,43.74,0
29.15,706,0.671,6.9,9.37,1
29.57,696,0.251,16.4,1.92,1
10.07,727,0.474,8.6,11.87,0
22.55,745,0.04,12.7,16.2,1
23.0,565,0.703,15.7,31.01,0
11.7,701,0.425,21.6,42.29,1
5.47,664,0.566,23.0,35.94,0
3.15,647,0.227,17.3,49.92,0
23.77,790,0.08,3.9,1.03,1
15.71,618,0.066,22.2,10.32,1
29.6,561,0.615,5.1,5.27,1
15.02,748,0.131,1.3,33.52,1
29.38,559,0.622,10.9,21.92,0
13.52,516,0.214,17.1,16.25,0
24.22,757,0.415,3.7,16.32,1
4.37,693,0.211,7.5,44.76,0
17.55,720,0.057,2.0,4.7,1
24.46,642,0.416,15.5,16.36,1
27.89,562,0.288,17.7,25.49,1
25.03,579,0.338,13.0,21.17,0
3.04,657,0.459,11.1,34.69,0
12.44,572,0.249,21.2,30.77,0
3.36,706,0.432,10.5,40.22,0
5.06,641,0.5,11.0,42.36,0
20.91,696,0.085,14.4,20.6,1
21.97,693,0.276,17.6,43.44,0
23.66,713,0.086,19.4,31.98,1
26.23,722,0.025,1.0,43.16,1
22.7,651,0.057,21.3,23.8,1
24.42,696,0.452,11.3,2.25,1
3.37,700,0.082,22.6,33.24,1
8.57,474,0.654,13.4,48.33,0
19.41,735,0.574,11.9,46.58,0
26.03,693,0.026,4.9,8.45,1
2.13,728,0.438,11.7,24.99,0
16.41,571,0.027,12.3,43.77,0
20.96,653,0.1,22.4,21.41,1
2.83,587,0.741,22.2,26.39,0
13.24,743,0.354,12.2,49.88,0
27.08,561,0.04,21.7,24.65,1
20.81,601,0.641,21.4,10.31,0
8.65,725,0.69,23.7,2.89,1
25.88,627,0.42,9.0,23.61,0
11.74,601,0.535,5.3,26.22,0
25.89,757,0.589,23.6,46.08,1
10.37,761,0.556,14.6,39.81,0
18.53,741,0.381,11.7,4.08,1
13.11,752,0.628,10.3,41.02,0
9.7,660,0.405,2.1,4.41,0
26.82,663,0.209,5.1,1.69,1
7.25,625,0.023,7.3,27.8,0
4.37,694,0.282,13.8,26.96,0
11.57,635,0.08,12.9,16.51,0
22.09,643,0.066,13.6,23.57,0
24.61,731,0.363,1.9,46.1,0
29.96,781,0.709,0.2,34.14,0
10.3,714,0.097,11.6,17.78,1
13.42,833,0.22,4.8,46.76,1
5.83,620,0.626,22.3,8.99,0
18.1,524,0.313,10.8,9.58,1
29.93,741,0.574,8.8,12.42,1
21.62,614,0.416,13.6,12.39,1
18.67,657,0.461,15.7,4.48,1
12.99,530,0.138,2.0,16.17,0
27.63,604,0.277,18.5,27.88,1
15.91,552,0.474,3.4,11.92,0
5.76,643,0.04,9.7,6.24,1
12.23,646,0.157,8.9,32.87,1
3.88,688,0.302,14.2,21.58,1
7.66,785,0.512,17.2,33.01,0
2.49,738,0.392,20.0,13.15,1
14.69,542,0.545,13.2,38.05,0
19.77,732,0.551,3.9,48.67,0
11.61,689,0.043,17.4,13.8,1
13.77,672,0.678,12.0,32.33,0
28.86,678,0.622,14.7,38.49,0
23.05,697,0.218,11.1,27.62,1
17.14,621,0.374,10.4,15.27,1
9.97,665,0.245,17.5,11.51,0
27.12,781,0.682,13.1,32.68,0
8.58,620,0.299,21.7,24.51,1
11.11,592,0.309,18.6,42.03,0
27.45,675,0.686,11.9,5.38,1
16.83,584,0.459,5.4,2.6,1
22.78,534,0.121,0.4,19.17,1
18.54,651,0.477,5.1,24.24,0
20.3,803,0.6,7.0,32.34,0
10.38,677,0.267,3.0,6.59,0
8.76,695,0.405,16.7,29.78,1
11.03,499,0.478,8.2,40.84,0
6.35,717,0.393,0.8,45.57,0
26.48,688,0.749,10.9,45.09,0
9.93,623,0.39,19.6,26.41,1
17.72,695,0.49,8.5,45.06,0
24.18,694,0.599,22.6,27.34,0
23.95,590,0.12,21.3,4.59,1
14.27,708,0.052,22.2,48.71,0
15.34,782,0.73,16.7,1.13,1
29.85,661,0.555,20.2,15.0,1
20.89,606,0.307,9.7,3.27,1
24.81,665,0.033,17.3,27.64,1
27.27,753,0.141,5.6,28.8,1
24.05,576,0.027,5.1,32.26,1
7.19,729,0.309,23.6,7.88,1
17.74,622,0.425,13.7,1.85,0
4.85,701,0.137,1.8,14.02,0
20.28,632,0.487,4.9,3.52,1
28.75,632,0.717,11.5,2.73,1
16.36,809,0.743,21.1,13.93,0
14.12,560,0.628,22.4,49.94,0
3.0,721,0.344,2.8,40.37,0
28.87,827,0.42,1.6,18.73,1
4.88,738,0.387,3.0,19.43,0
3.15,567,0.134,16.8,46.56,0
8.89,571,0.644,13.3,33.44,0
3.83,616,0.513,18.4,42.01,0
14.74,693,0.486,14.8,43.36,0
16.45,699,0.181,2.4,9.3,1
10.75,572,0.132,6.4,1.79,1
3.43,606,0.657,8.3,14.14,0
5.12,611,0.151,17.7,30.13,0
12.77,665,0.074,14.9,45.52,1
3.69,849,0.477,23.7,16.12,1
21.55,601,0.534,3.6,42.66,0
7.8,597,0.107,23.5,33.45,0
10.46,584,0.171,5.5,33.07,1
13.04,734,0.596,8.6,36.1,1
13.67,676,0.699,0.9,26.07,0
2.05,604,0.368,7.4,34.01,0
5.14,649,0.598,5.0,39.87,0
26.16,613,0.253,5.4,29.88,1
2.03,705,0.533,14.3,2.92,1
16.23,850,0.427,19.5,26.02,1
15.71,727,0.636,18.6,30.25,0
11.33,672,0.586,20.7,43.89,0
14.08,623,0.227,18.3,1.26,1
23.86,566,0.129,24.4,3.38,1
25.55,742,0.61,0.5,19.03,0
9.29,738,0.044,24.7,40.35,0
11.03,640,0.516,10.2,24.73,0
8.79,783,0.367,11.9,15.96,1
15.44,682,0.075,14.4,34.97,0
21.13,746,0.523,0.2,25.71,1
8.39,705,0.372,4.5,29.11,0
11.26,665,0.648,11.1,21.99,1
28.05,599,0.172,19.2,36.53,0
3.36,668,0.022,21.8,1.76,1
14.9,752,0.115,3.7,1.08,1
21.92,637,0.217,6.6,34.46,0
6.21,717,0.496,15.2,2.31,0
3.33,588,0.285,9.0,17.52,0
5.87,746,0.106,7.4,18.95,0
27.73,707,0.737,9.6,31.08,0
2.26,578,0.099,17.5,38.85,0
7.27,661,0.279,5.0,41.27,0
2.88,759,0.66,1.5,14.73,0
5.1,573,0.496,0.1,8.95,0
19.36,589,0.253,13.2,49.06,0
8.77,674,0.728,6.3,3.14,1
17.94,850,0.386,14.0,40.88,1
18.53,623,0.026,22.0,1.99,1
25.78,722,0.024,7.3,24.77,1
2.13,702,0.707,4.6,32.43,0
25.89,630,0.225,0.0,24.41,1
19.34,694,0.613,24.5,28.67,1
6.56,642,0.052,12.9,2.24,1
23.64,650,0.127,20.1,8.56,1
25.95,539,0.645,21.5,28.11,0
9.12,678,0.746,24.9,41.56,0
27.73,756,0.058,21.5,27.87,1
14.72,685,0.142,7.4,25.47,0
18.9,773,0.548,14.1,49.42,1
29.57,729,0.407,24.1,20.1,1
12.12,675,0.316,15.8,19.89,1
24.77,627,0.162,19.2,4.63,1
10.92,639,0.71,22.7,39.38,0
24.38,555,0.146,15.3,4.32,1
18.82,657,0.214,17.3,7.67,1
8.06,692,0.257,14.7,3.78,0
13.59,826,0.121,8.5,10.43,1
10.89,725,0.411,6.2,22.51,0
4.19,606,0.269,15.8,3.06,0
2.84,558,0.464,24.5,21.16,0
11.7,662,0.289,22.9,24.57,1
2.53,749,0.105,5.2,6.43,0
6.63,661,0.657,21.1,3.7,0
22.31,726,0.392,0.5,16.41,0
21.83,665,0.255,14.7,32.88,0
22.68,741,0.032,23.3,30.75,1
10.88,544,0.456,24.0,7.2,0
26.92,816,0.591,15.1,5.5,1
18.63,585,0.495,15.8,10.16,0
5.53,747,0.595,9.7,43.84,0
6.02,657,0.133,18.1,46.65,0
21.41,670,0.729,6.1,26.56,0
6.84,660,0.174,0.8,45.21,0
16.2,702,0.215,20.9,7.44,1
29.77,719,0.394,1.5,33.2,1
2.11,770,0.024,16.6,32.79,1
2.46,800,0.343,10.9,23.02,0
29.81,708,0.163,1.1,37.15,1
18.37,826,0.567,4.0,24.27,0
5.55,688,0.573,2.5,42.97,0
27.12,772,0.469,5.4,7.66,1
26.65,716,0.328,15.9,1.85,1
17.01,633,0.246,14.3,19.53,0
19.41,695,0.624,10.8,7.3,1
9.65,723,0.39,21.1,9.78,1
3.41,677,0.382,18.8,3.34,0
18.65,715,0.103,17.1,22.1,1
10.25,754,0.179,15.0,37.12,0
20.58,678,0.283,17.4,28.28,1
25.41,430,0.53,5.7,18.48,0
2.51,823,0.637,6.5,1.57,0
18.68,655,0.745,7.5,25.94,0
8.48,610,0.332,18.5,17.06,1
26.47,584,0.351,10.8,12.7,0
9.1,651,0.579,24.0,23.13,0
19.1,632,0.254,1.0,9.33,0
17.5,617,0.415,9.6,16.76,0
13.09,622,0.514,3.9,46.38,0
20.97,725,0.192,20.4,30.93,1
22.32,850,0.224,12.0,49.5,1
17.87,750,0.28,15.5,31.77,1
23.24,775,0.442,14.9,5.75,1
29.54,648,0.217,2.0,33.63,0
13.74,689,0.172,19.6,43.43,1
16.41,716,0.129,20.5,45.72,1
2.35,624,0.611,15.2,28.17,0
24.29,644,0.667,7.0,6.89,0
16.57,753,0.68,18.1,32.51,0
13.42,773,0.62,17.5,8.01,0
4.63,686,0.12,22.8,3.75,1
26.91,578,0.091,2.9,11.37,1
13.06,655,0.384,22.7,5.75,1
21.11,557,0.401,22.2,22.82,1
6.18,686,0.555,7.4,47.25,0
28.92,702,0.183,17.9,33.36,1
7.0,657,0.7,6.6,35.03,0
7.59,701,0.246,5.9,40.38,0
26.05,715,0.442,16.0,12.72,0
27.55,702,0.651,1.3,29.05,0
7.94,578,0.402,2.4,35.93,0
15.15,658,0.57,16.5,15.9,0
22.54,715,0.567,23.8,19.99,1
26.59,814,0.597,0.9,35.37,1
12.61,657,0.612,0.6,40.61,0
16.48,727,0.306,1.9,18.72,0
22.77,755,0.285,0.0,31.66,0
22.47,663,0.607,23.2,33.55,1
23.92,778,0.443,11.9,46.51,0
17.96,782,0.464,17.3,39.59,1
4.93,797,0.321,10.4,10.53,0
27.31,719,0.167,24.9,31.66,1
26.24,850,0.354,12.0,47.93,1
24.35,628,0.728,23.5,19.54,0
4.8,850,0.232,16.2,38.5,1
7.72,745,0.219,23.7,27.42,1
22.82,794,0.115,12.4,22.45,1
2.65,653,0.371,22.0,28.94,1
29.42,752,0.231,8.3,21.83,1
12.56,801,0.522,16.5,16.58,0
22.14,588,0.119,15.4,38.29,0
26.85,666,0.201,12.2,27.1,1
13.05,498,0.065,12.5,46.81,0
10.94,665,0.05,4.3,1.43,1
19.04,611,0.614,22.7,38.7,0
18.27,661,0.681,11.4,8.71,0
13.46,850,0.578,3.8,38.3,0
18.85,826,0.652,17.6,43.64,0
28.19,558,0.083,18.2,39.42,0
15.09,727,0.676,1.1,30.1,0
7.51,748,0.36,8.3,7.01,0
12.56,651,0.581,14.6,48.06,0
13.03,695,0.47,20.5,16.99,1
5.67,703,0.275,7.8,2.38,0
6.56,566,0.213,7.5,1.09,0
21.17,592,0.106,18.4,37.19,1
11.51,695,0.321,5.5,41.82,0
28.74,688,0.381,22.4,40.35,1
8.82,620,0.738,19.8,28.39,0
4.77,612,0.047,22.3,31.96,1
23.1,672,0.451,8.8,45.43,0
26.67,755,0.403,4.1,33.52,0
9.79,673,0.037,14.6,18.21,0
7.66,818,0.261,4.7,47.57,0
7.2,621,0.329,6.7,48.31,0
16.62,696,0.381,10.0,31.77,0
15.12,650,0.19,11.6,28.74,1
9.26,730,0.045,8.1,46.91,0
3.26,614,0.235,7.1,39.13,0
15.48,844,0.631,6.2,6.82,0
28.86,536,0.61,17.3,47.95,0
20.27,826,0.152,7.6,36.49,1
15.87,688,0.492,17.4,37.21,0
5.1,727,0.694,18.6,20.65,0
9.07,793,0.146,17.9,1.41,1
10.25,753,0.114,22.9,14.31,1
23.41,618,0.036,23.9,17.22,1
26.55,731,0.146,3.7,23.34,1
27.25,839,0.614,8.0,35.37,0
29.57,605,0.614,19.7,23.08,0
29.51,850,0.415,19.5,19.23,1
28.68,713,0.264,1.8,13.16,1
4.01,643,0.609,24.1,38.66,0
5.86,604,0.162,21.4,39.59,0
10.53,661,0.122,22.5,18.8,0
17.48,514,0.085,5.1,11.66,0
4.72,645,0.641,12.5,11.78,0
25.68,658,0.542,11.0,33.48,0
19.27,589,0.476,9.0,38.86,0
17.19,744,0.551,5.7,39.46,0
6.63,661,0.125,3.5,43.66,0
9.09,626,0.301,21.8,37.97,0
6.49,652,0.614,13.3,24.81,0
25.85,710,0.689,15.0,14.1,1
18.36,686,0.395,6.5,19.32,0
22.58,620,0.109,23.4,14.9,1
10.29,691,0.734,23.4,5.88,1
12.4,676,0.308,16.8,8.05,1
13.34,583,0.253,8.0,1.62,0
23.28,655,0.108,5.8,10.64,1
23.63,729,0.029,14.9,41.93,1
7.79,729,0.461,20.8,27.32,0
28.36,660,0.467,24.2,20.08,1
5.38,738,0.191,1.7,12.63,1
27.09,597,0.138,8.4,29.9,0
4.81,599,0.405,9.8,48.7,0
9.41,659,0.338,9.2,18.05,1
25.7,807,0.242,16.7,42.53,1
7.03,694,0.179,13.7,47.02,0
13.58,657,0.647,22.3,39.56,0
14.6,811,0.738,5.6,29.98,1
8.87,656,0.28,10.0,15.8,0
21.89,850,0.53,13.5,2.64,1
25.84,637,0.652,20.4,37.09,0
26.49,594,0.04,20.6,47.84,1
11.5,666,0.683,21.5,34.77,0
16.86,659,0.384,13.0,2.77,1
8.96,611,0.426,6.0,7.83,0
8.85,850,0.414,18.2,20.25,1
6.52,707,0.197,23.9,49.48,1
28.32,719,0.591,7.1,5.16,1
26.86,641,0.555,5.0,16.58,0
23.77,631,0.09,0.6,28.04,0
16.49,767,0.431,16.7,6.49,1
15.74,538,0.719,13.6,6.76,0
16.83,583,0.656,3.4,4.37,0
17.02,659,0.477,5.0,25.64,0
14.17,795,0.165,16.6,15.04,1
5.69,648,0.273,10.9,2.94,1
5.52,715,0.13,5.8,25.59,0
28.66,682,0.62,15.1,36.79,0
15.5,790,0.588,1.3,33.77,0
28.69,545,0.685,0.4,34.53,1
6.58,743,0.066,6.5,27.98,0
17.52,663,0.724,7.2,39.28,0
7.82,759,0.725,2.6,4.06,0
9.09,610,0.512,2.9,10.34,0
2.84,682,0.664,4.2,35.46,0
5.33,671,0.34,18.1,17.45,1
27.67,595,0.249,20.2,12.7,1
11.0,571,0.133,4.5,2.33,0
19.03,631,0.043,16.4,43.56,0
15.02,691,0.051,5.8,42.06,1
13.21,616,0.525,22.0,3.96,0
16.89,652,0.266,6.7,15.92,0
7.24,520,0.059,3.2,11.51,0
29.68,648,0.102,11.0,11.13,1
24.91,767,0.506,3.9,13.65,1
22.77,740,0.705,5.0,15.55,1
15.13,673,0.318,8.5,35.62,0
6.28,701,0.588,16.5,48.52,0
27.78,610,0.731,2.9,3.23,1
11.56,818,0.537,7.1,16.82,0
3.4,850,0.548,21.5,33.7,0
11.59,694,0.47,6.8,15.99,0
24.24,850,0.734,4.2,10.37,1
19.44,622,0.239,13.3,9.22,1
23.02,574,0.592,0.8,30.3,0
24.22,620,0.323,20.1,8.4,1
7.93,661,0.133,5.6,5.73,1
27.87,850,0.56,3.3,37.73,1
14.26,656,0.625,20.2,17.84,1
19.89,607,0.65,21.1,44.83,0
2.06,604,0.693,18.4,25.32,0
29.81,777,0.564,5.9,7.46,1
9.87,765,0.405,13.2,10.45,1
3.74,639,0.705,24.2,44.19,0
14.83,521,0.173,11.9,7.15,1
5.61,584,0.076,23.7,16.46,0
6.27,826,0.335,16.9,15.87,0
19.7,739,0.445,21.1,49.4,1
13.0,686,0.516,4.8,48.75,0
27.81,839,0.615,23.2,34.91,1
10.94,846,0.04,21.3,12.54,1
22.33,677,0.605,19.6,9.78,0
14.91,679,0.458,23.5,3.94,1
20.48,631,0.716,19.7,4.0,1
18.79,656,0.274,14.4,47.1,1
15.24,554,0.47,16.2,30.57,0
28.6,553,0.58,20.5,10.72,1
11.6,534,0.397,18.7,39.28,0
6.96,772,0.134,14.8,4.74,0
20.99,547,0.056,15.0,26.6,0
25.69,846,0.101,22.0,10.59,1
3.13,618,0.381,0.2,22.98,0
14.59,828,0.487,17.9,12.22,1
26.99,649,0.436,14.1,7.69,1
22.99,547,0.54,21.0,46.42,0
29.77,789,0.048,5.1,46.08,1
16.88,799,0.12,13.1,25.17,1
20.48,603,0.576,3.2,39.52,0
10.47,652,0.59,16.5,10.89,0
28.53,603,0.533,19.1,20.45,0
12.26,670,0.564,15.6,12.05,0
22.68,689,0.723,13.9,5.1,1
13.29,650,0.709,8.6,21.77,0
17.73,525,0.49,16.0,37.5,0
22.15,631,0.253,22.5,37.5,1
16.25,740,0.03,18.0,22.73,1
27.4,662,0.481,0.6,22.87,1
13.74,652,0.335,12.7,30.54,0
20.12,601,0.127,18.4,46.72,0
11.59,628,0.177,12.6,8.35,1
13.43,800,0.704,14.8,20.84,1
14.32,583,0.068,22.8,45.38,0
5.52,741,0.595,21.8,27.89,0
4.57,684,0.678,2.0,39.85,0
20.69,701,0.522,12.8,23.67,1
20.35,618,0.065,15.6,46.13,1
20.56,650,0.637,21.3,44.62,0
2.55,680,0.497,6.6,22.85,0
11.14,636,0.222,3.5,1.25,0
7.54,708,0.48,14.9,28.74,0
23.79,719,0.12,11.7,10.99,1
26.1,850,0.537,6.4,12.79,1
8.91,704,0.679,23.6,22.06,1
20.7,517,0.401,7.9,23.05,0
5.62,779,0.715,1.4,43.17,0
9.7,663,0.34,1.5,2.53,1
5.88,850,0.646,5.0,15.46,0
9.94,805,0.585,2.9,31.98,0
20.89,637,0.085,9.9,31.48,1
27.49,741,0.686,2.0,16.57,1
7.67,630,0.685,14.0,9.72,0
17.18,680,0.277,10.2,14.57,1
21.64,737,0.599,14.9,44.72,0
28.68,775,0.184,24.7,13.88,1
19.08,756,0.042,24.8,25.1,1
9.14,686,0.172,10.4,47.17,0
19.51,850,0.373,9.2,6.8,1
10.97,649,0.062,17.0,43.67,0
29.33,543,0.137,9.2,37.43,1
13.19,560,0.714,19.5,24.79,0
21.19,805,0.381,15.0,47.5,0
2.65,673,0.621,5.0,4.65,0
13.2,694,0.171,10.4,42.88,0
26.5,634,0.085,21.6,10.69,1
19.09,642,0.59,13.8,18.36,0
14.43,613,0.275,17.7,7.0,0
28.21,720,0.356,17.7,25.27,1
25.91,672,0.744,12.1,9.29,0
11.02,717,0.251,7.4,13.5,1
17.25,709,0.365,14.9,3.92,1
15.72,644,0.483,2.8,15.95,0
19.7,556,0.085,14.9,9.03,0
11.36,549,0.543,2.6,34.58,0
8.84,850,0.35,22.5,32.27,1
27.55,806,0.148,18.6,33.61,1
27.87,794,0.334,4.5,34.12,1
25.61,623,0.356,19.6,6.05,1
29.39,681,0.488,18.1,11.48,1
22.86,611,0.704,18.2,37.14,0
23.41,568,0.578,8.4,24.63,0
23.35,630,0.299,13.1,31.87,1
15.46,793,0.728,14.6,3.77,1
14.78,751,0.597,9.4,19.93,0
8.73,598,0.04,14.0,22.46,0
20.05,653,0.105,6.1,34.93,0
10.1,744,0.179,21.9,45.69,0
9.22,631,0.081,24.0,29.15,1
18.41,687,0.374,8.2,38.29,0
13.48,714,0.269,8.6,32.53,1
8.13,713,0.73,5.4,45.59,0
24.85,702,0.365,21.6,40.73,0
26.1,624,0.175,4.1,13.12,1
6.7,633,0.729,20.0,11.89,0
2.21,584,0.395,20.8,45.68,0
11.41,547,0.073,7.9,30.27,0
24.33,670,0.079,19.4,23.03,1
25.5,749,0.513,11.3,35.31,1
5.87,563,0.381,8.7,14.8,1
23.68,703,0.476,22.3,40.62,1
5.24,747,0.64,11.3,26.86,0
12.92,524,0.517,1.4,43.68,0
29.96,657,0.649,15.9,32.54,0
7.39,820,0.562,16.5,13.75,1
6.31,727,0.512,15.9,48.31,1
13.84,521,0.118,9.0,20.72,0
19.35,736,0.372,17.0,38.53,1
28.12,616,0.336,7.3,13.52,1
29.46,739,0.415,11.6,21.44,1
3.95,621,0.306,5.4,37.18,0
5.86,675,0.473,15.3,35.12,0
24.14,634,0.306,20.3,47.01,1
9.58,680,0.427,2.4,40.09,0
26.78,632,0.308,0.7,16.89,0
20.58,661,0.678,19.0,43.3,0
5.13,580,0.293,8.1,46.13,0
25.31,722,0.554,8.1,47.75,0
6.94,695,0.468,14.1,45.12,0
13.86,543,0.301,12.2,35.07,0
17.46,764,0.61,3.0,39.99,0
16.02,665,0.697,19.0,32.74,0
21.21,694,0.575,4.4,16.67,0
20.28,745,0.712,20.7,40.99,1
29.78,708,0.339,19.1,12.15,1
29.98,779,0.687,4.2,22.13,1
16.46,655,0.66,19.0,17.83,0
4.67,768,0.577,16.5,9.44,1
22.38,690,0.63,24.5,40.15,0
29.35,723,0.553,17.8,24.12,1
10.91,714,0.394,9.8,26.82,1
14.91,785,0.423,15.5,25.6,1
13.89,741,0.325,16.5,34.78,0
3.44,642,0.505,18.6,9.62,1
20.82,625,0.257,11.7,25.54,1
11.89,676,0.56,20.7,13.75,1
24.05,615,0.389,7.2,48.61,0
25.3,591,0.278,24.1,3.95,1
24.99,499,0.127,7.8,46.49,0
13.67,548,0.207,0.9,3.94,0
11.0,849,0.487,5.0,6.35,1
22.97,624,0.29,23.2,45.41,0
24.44,842,0.044,19.8,32.74,1
15.76,714,0.261,11.0,16.9,1
27.0,676,0.287,22.6,29.83,1
6.03,552,0.191,6.2,9.14,1
26.61,680,0.229,5.8,4.18,1
4.69,841,0.535,3.2,3.41,0
6.3,812,0.565,11.1,14.23,0
16.95,703,0.72,12.9,9.79,0
3.89,582,0.106,3.6,20.76,0
3.48,599,0.248,2.9,43.96,0
2.01,608,0.076,9.8,19.55,0
14.22,789,0.468,5.8,20.53,1
23.69,819,0.032,14.4,6.92,1
2.98,697,0.17,13.1,49.45,0
20.26,654,0.448,4.1,8.12,0
25.05,812,0.282,0.3,17.58,1
6.7,597,0.417,16.1,47.34,1
6.11,684,0.487,19.3,23.29,0
26.1,719,0.632,12.2,17.57,0
25.05,607,0.307,14.4,36.04,0
17.09,626,0.224,24.0,2.62,1
24.94,619,0.413,19.2,16.74,1
4.6,800,0.071,8.3,29.43,0
13.05,843,0.051,21.3,49.56,1
22.66,690,0.35,13.7,48.41,1
9.21,657,0.179,13.0,31.68,0
23.07,629,0.025,17.3,17.67,1
16.12,680,0.516,10.7,27.95,0
23.01,633,0.616,22.0,46.76,0
15.01,672,0.128,4.2,33.69,0
12.3,715,0.432,10.5,8.31,0
8.14,646,0.738,1.6,48.61,0
7.83,664,0.216,17.6,45.21,0
23.04,664,0.553,6.8,11.62,1
5.33,653,0.138,10.6,33.19,1
4.41,642,0.7,22.2,44.03,0
6.94,745,0.02,4.7,11.81,1
6.91,529,0.235,0.1,46.26,0
25.05,814,0.733,14.5,9.82,0
13.16,692,0.51,10.9,18.5,0
29.73,732,0.175,1.4,47.21,0
5.84,742,0.598,7.4,47.39,0
20.3,620,0.676,6.0,2.14,0
14.56,602,0.376,6.5,43.45,0
13.0,592,0.134,19.7,34.99,0
26.5,659,0.209,7.6,43.71,0
29.32,739,0.708,12.2,23.63,1
26.44,630,0.138,6.6,49.09,1
7.38,732,0.248,23.8,37.66,0
8.18,479,0.126,19.4,38.21,0
20.37,647,0.097,10.6,21.92,1
10.09,779,0.401,18.2,20.22,1
22.57,665,0.31,7.9,11.07,1
17.86,610,0.054,2.1,3.85,0
17.43,624,0.126,10.8,45.17,0
25.2,423,0.047,14.1,29.94,0
21.89,594,0.038,8.7,28.35,1
2.74,770,0.15,10.0,17.56,0
3.38,630,0.563,17.9,37.25,0
18.84,641,0.031,22.4,20.94,1
15.61,482,0.242,22.4,40.66,0
9.29,541,0.432,14.4,4.91,0
13.72,781,0.563,15.7,13.12,1
23.22,732,0.515,13.3,14.89,1
25.15,570,0.742,9.3,2.14,0
17.71,626,0.221,18.5,33.51,1
12.79,678,0.02,2.8,35.38,1
9.58,578,0.048,22.4,21.26,1
16.61,510,0.091,7.1,39.98,0
10.81,666,0.732,5.5,47.73,0
17.79,729,0.436,6.8,37.1,0
20.95,730,0.604,20.3,33.99,0
3.85,754,0.739,6.7,23.03,0
2.03,548,0.636,15.2,28.12,0
7.94,685,0.318,8.6,15.12,0
27.05,657,0.659,16.4,12.96,1
20.1,673,0.337,14.8,2.28,1
6.81,662,0.103,24.9,24.56,1
26.93,624,0.42,7.8,12.03,0
15.16,423,0.688,8.7,23.9,0
15.33,779,0.593,5.0,40.81,0
28.2,708,0.313,11.6,18.99,1
3.67,554,0.644,20.9,16.77,0
8.02,720,0.359,5.3,22.89,1
18.4,642,0.52,24.0,25.28,1
7.47,644,0.263,0.3,14.36,0
21.03,615,0.162,20.1,30.4,1
7.99,726,0.249,17.3,2.42,1
4.78,612,0.659,22.6,24.82,0
7.8,587,0.743,13.0,32.8,0
13.84,776,0.213,17.0,23.85,0
6.93,665,0.141,1.2,48.93,0
5.77,667,0.072,9.9,8.6,1
26.09,739,0.57,19.3,23.2,1
10.97,623,0.405,2.7,15.3,0
12.1,640,0.426,19.6,45.26,0
3.55,706,0.053,7.7,9.8,0
12.01,549,0.079,8.8,26.55,0
9.41,699,0.688,16.2,21.79,0
19.09,616,0.441,2.0,45.94,0
7.75,753,0.18,15.6,28.32,1
26.87,726,0.171,22.8,23.82,1
28.03,715,0.196,2.3,29.74,0
4.8,543,0.067,6.3,35.86,0
5.01,671,0.056,0.3,2.57,1
5.23,580,0.546,12.9,13.09,0
19.35,677,0.213,18.3,12.55,1
5.42,483,0.301,23.2,21.36,0
25.87,549,0.412,9.2,29.24,0
23.12,781,0.254,3.7,45.88,1
24.95,711,0.37,0.7,28.72,1
16.73,650,0.651,8.1,9.89,0
29.91,603,0.198,12.8,26.77,0
3.24,588,0.598,22.5,22.0,0
13.24,697,0.213,5.4,32.64,0
11.07,651,0.156,19.5,32.2,1
28.56,811,0.073,12.0,33.35,1
18.15,664,0.519,21.7,49.87,0
24.57,685,0.32,21.6,2.35,1
6.77,562,0.582,21.4,38.35,0
29.4,649,0.117,10.0,42.89,1
15.96,695,0.46,8.7,13.01,0
15.82,648,0.029,5.2,38.11,0
29.18,639,0.191,5.7,6.14,1
12.66,708,0.465,15.4,27.58,1
13.13,809,0.061,24.0,16.8,1
18.37,692,0.295,15.1,12.17,1
5.59,777,0.43,10.3,32.71,0
10.99,733,0.551,6.1,20.73,0
7.41,772,0.535,16.3,9.14,1
4.89,628,0.128,5.3,30.72,0
26.25,662,0.075,2.3,25.83,1
18.5,663,0.295,2.3,3.07,1
12.04,726,0.196,21.3,41.22,0
13.44,747,0.243,9.6,49.35,0
14.08,691,0.27,23.5,17.77,1
19.73,755,0.31,12.4,49.38,0
27.95,632,0.399,17.3,49.8,1
28.12,755,0.027,20.7,23.75,1
12.96,766,0.238,21.9,46.11,1
11.22,738,0.213,4.1,39.33,0
14.63,691,0.192,5.4,41.89,0
17.9,741,0.596,3.8,7.0,1
14.93,604,0.203,11.1,39.24,0
20.45,697,0.13,3.9,12.59,1
17.52,706,0.642,16.3,37.63,0
10.98,567,0.3,9.1,12.56,0
11.68,720,0.154,24.1,39.41,1
12.6,574,0.568,20.4,44.79,1
4.65,644,0.5,18.1,25.59,0
6.65,683,0.71,17.2,22.23,0
22.25,618,0.661,1.0,8.14,0
12.89,687,0.527,2.1,12.56,0
8.01,686,0.138,10.8,49.62,0
17.75,610,0.373,22.9,36.81,1
23.16,728,0.107,2.4,38.69,1
9.21,615,0.421,10.5,40.89,0
25.15,850,0.689,19.8,29.6,0
27.97,671,0.023,8.0,22.61,1
18.73,580,0.659,23.2,18.06,0
20.73,596,0.414,23.4,2.34,0
3.47,778,0.13,1.4,40.68,0
28.47,645,0.645,15.4,43.38,1
12.99,564,0.412,3.6,17.8,0
27.87,753,0.347,11.0,26.24,1
18.21,645,0.385,22.4,29.32,1
2.13,736,0.128,1.8,33.22,0
3.08,760,0.102,23.4,32.84,0
21.05,703,0.503,24.9,10.64,1
17.75,850,0.663,16.8,34.65,1
2.74,533,0.527,8.9,37.87,0
22.82,610,0.634,6.3,1.85,0
25.86,658,0.637,10.8,31.28,0
15.9,850,0.043,4.5,21.42,1
15.04,833,0.583,0.5,44.37,0
2.15,790,0.584,1.6,47.24,0
24.03,612,0.275,16.6,29.6,0
11.26,622,0.319,0.5,20.58,0
26.61,610,0.564,7.5,46.97,0
12.45,613,0.74,16.9,14.22,0
17.82,807,0.741,4.4,25.14,0
9.57,659,0.366,8.3,18.3,1
6.5,671,0.596,0.8,8.53,0
23.7,746,0.36,2.8,44.82,1
15.9,539,0.652,5.6,13.27,0
17.02,684,0.494,3.2,39.97,0
29.03,587,0.704,11.8,37.91,0
28.98,655,0.748,3.2,33.68,0
25.96,630,0.261,7.6,6.34,1
7.25,626,0.735,18.1,20.63,0
18.64,699,0.526,16.3,46.42,0
26.59,699,0.194,9.6,18.93,1
12.48,661,0.022,23.3,2.0,1
4.83,712,0.519,19.7,36.55,0
24.71,606,0.182,15.2,34.69,0
15.49,738,0.189,10.9,29.43,0
17.8,662,0.423,1.5,18.78,1
29.5,639,0.043,10.3,16.82,1
19.0,612,0.324,13.6,12.25,0
13.9,659,0.604,24.8,30.0,0
12.36,839,0.04,23.8,49.81,1
13.69,675,0.475,2.8,39.39,0
5.32,583,0.136,24.5,33.09,0
24.25,758,0.65,18.9,28.91,1
25.46,640,0.305,17.0,35.56,1
9.96,704,0.613,22.6,25.59,0
10.51,629,0.548,8.1,42.52,0
26.48,789,0.661,10.0,29.51,1
2.67,630,0.397,21.8,13.13,0
16.57,799,0.375,2.6,28.6,1
14.98,591,0.047,17.7,13.02,1
21.32,655,0.41,20.2,27.25,0
6.57,799,0.401,22.1,40.43,0
20.71,694,0.463,5.5,36.65,1
12.55,850,0.116,17.0,14.25,1
19.32,657,0.414,2.1,36.74,0
3.12,702,0.351,21.5,7.07,1
14.93,842,0.455,12.0,32.62,0
16.62,551,0.502,15.6,16.43,0
8.0,541,0.284,21.3,31.24,0
5.91,612,0.388,12.7,43.26,0
7.28,749,0.308,12.7,7.55,1
11.64,543,0.579,11.6,35.13,0
4.71,731,0.601,15.0,34.48,0
28.52,725,0.234,17.9,38.09,1
13.34,850,0.209,20.1,48.5,1
24.65,769,0.515,0.7,24.66,1
29.28,711,0.585,8.7,7.68,0
4.26,796,0.028,10.8,35.1,1
20.25,726,0.332,2.5,27.72,0
26.4,641,0.245,18.8,40.78,1
19.76,583,0.58,13.1,39.86,0
14.01,632,0.125,0.0,36.92,0
14.07,677,0.588,15.8,20.46,0
3.01,695,0.503,8.5,24.31,0
16.97,499,0.635,18.2,45.89,0
29.82,661,0.743,4.5,22.36,1
28.84,682,0.368,0.0,29.74,1
3.13,727,0.531,2.2,34.49,0
21.76,818,0.538,11.0,6.67,1
10.45,696,0.637,18.7,38.7,0
27.28,603,0.398,15.1,1.73,1
3.26,525,0.099,0.4,49.12,0
28.2,738,0.735,14.8,28.85,0
25.45,606,0.061,12.1,9.23,1
5.29,754,0.723,19.9,39.43,0
3.68,799,0.206,6.4,42.38,0
25.37,549,0.38,18.0,11.03,1
6.36,727,0.714,15.8,3.02,1
16.98,790,0.514,15.6,26.7,1
27.64,767,0.447,10.1,32.39,1
17.89,502,0.258,0.3,9.24,0
13.12,607,0.233,4.7,28.52,0
14.46,571,0.044,21.1,26.79,1
3.77,724,0.448,15.4,43.32,0
29.13,715,0.334,14.5,40.98,0
10.7,451,0.184,13.1,7.47,0
7.3,654,0.3,1.9,35.64,0
10.01,748,0.707,8.7,25.64,0
29.0,693,0.639,15.5,23.85,1
4.64,692,0.334,3.1,8.95,0
26.28,649,0.735,23.0,37.63,1
21.82,590,0.357,1.8,43.55,1
25.24,679,0.275,17.0,11.07,1
29.33,684,0.303,7.5,2.44,1
25.58,732,0.658,21.6,30.85,0
28.41,739,0.215,20.7,49.08,1
5.55,687,0.182,8.3,34.26,0
24.28,773,0.721,11.6,13.38,1
17.28,648,0.556,24.0,43.76,0
17.22,557,0.578,15.2,27.37,0
27.17,721,0.56,0.2,25.98,0
29.21,691,0.519,19.4,3.81,1
21.74,722,0.087,9.0,3.97,1
15.52,573,0.57,6.9,29.39,0
14.78,832,0.202,20.8,40.53,1
12.82,740,0.117,24.2,37.91,1
12.12,656,0.738,1.6,47.1,0
12.96,600,0.04,9.8,25.64,1
4.51,772,0.043,7.0,31.42,1
4.17,586,0.246,22.4,31.73,0
23.84,850,0.636,21.7,19.63,1
14.49,628,0.734,22.5,1.14,1
28.06,826,0.107,1.1,42.11,0
19.14,664,0.309,1.3,4.29,1
2.98,814,0.556,13.8,48.0,0
6.41,618,0.491,4.2,42.35,0
7.76,682,0.19,2.8,6.09,0
29.32,748,0.26,6.5,6.98,1
8.12,736,0.454,17.7,37.12,0
16.44,774,0.046,16.8,27.64,1
28.21,639,0.574,19.6,32.8,0
29.36,687,0.221,1.6,15.21,1
8.62,786,0.625,19.2,44.3,0
3.38,620,0.519,12.3,27.61,0
6.3,729,0.491,7.8,28.71,0
3.77,661,0.58,15.3,49.54,0
7.46,697,0.075,20.0,38.81,1
17.92,687,0.21,2.6,34.75,1
27.55,613,0.401,20.2,43.47,1
17.04,658,0.587,14.2,49.56,0
19.53,692,0.64,15.5,40.81,0
7.65,671,0.299,22.0,40.51,0
24.42,814,0.599,17.7,10.38,1
19.3,766,0.181,14.6,43.79,0
26.2,705,0.08,8.4,44.18,1
28.57,615,0.2,12.8,30.26,1
11.74,610,0.679,20.9,32.88,0
4.54,848,0.417,24.9,31.56,1
8.33,594,0.371,18.9,27.7,0
14.26,690,0.563,19.8,9.99,0
28.48,711,0.027,17.5,33.23,1
12.59,654,0.106,19.2,19.59,1
23.58,595,0.093,6.1,27.29,0
17.13,613,0.109,10.6,45.15,1
7.12,634,0.351,13.9,6.35,0
10.98,620,0.225,13.7,47.82,0
20.29,793,0.594,14.9,28.84,1
20.84,679,0.632,24.3,47.54,1
14.17,635,0.695,21.4,10.83,0
8.4,689,0.163,20.7,3.66,1
22.21,737,0.387,20.8,31.43,0
6.73,651,0.056,19.8,26.82,1
28.23,757,0.195,17.0,37.01,0
7.26,572,0.469,6.4,30.47,0
5.0,780,0.328,21.4,26.2,1
15.93,679,0.524,7.0,45.22,0
16.55,676,0.633,18.1,16.85,0
16.23,621,0.063,2.8,14.31,1
14.23,576,0.705,13.7,40.4,0
29.85,538,0.051,8.0,18.23,1
15.62,615,0.737,17.6,28.59,0
15.38,730,0.485,21.4,31.09,0
13.81,598,0.052,0.4,15.43,0
3.87,548,0.307,2.9,18.43,0
18.6,603,0.208,23.1,2.99,1
8.38,647,0.603,6.0,14.7,0
19.85,651,0.185,18.3,16.98,1
3.42,669,0.623,20.3,1.82,0
29.48,768,0.248,18.5,41.34,0
15.13,786,0.742,0.8,44.38,0
27.11,850,0.217,18.4,9.69,1
15.32,542,0.52,24.0,30.67,0
3.69,607,0.604,9.2,22.66,0
25.02,739,0.178,17.8,7.26,1
20.15,641,0.075,6.9,2.22,1
23.89,753,0.422,24.9,33.51,1
13.99,698,0.514,5.2,4.9,1
19.86,814,0.617,7.6,44.66,1
25.97,769,0.219,4.2,39.69,1
19.67,770,0.657,23.9,36.49,0
11.73,645,0.689,14.3,42.3,0
20.55,672,0.589,6.2,6.22,1
20.81,654,0.026,3.4,31.72,0
28.9,552,0.084,21.9,11.11,1
12.39,805,0.748,1.6,26.47,0
13.9,743,0.556,16.1,18.57,0
24.74,651,0.478,15.3,7.0,1
16.16,791,0.678,19.3,36.99,0
22.62,626,0.049,17.0,15.79,1
14.87,524,0.573,20.9,7.02,0
8.03,766,0.498,1.0,44.09,0
22.87,571,0.639,10.8,7.6,1
5.67,663,0.588,2.0,11.07,0
7.56,698,0.374,10.1,2.16,1
19.55,713,0.072,14.0,26.41,1
22.92,752,0.684,14.8,41.44,0
27.05,729,0.577,23.1,42.71,1
9.63,727,0.28,23.0,37.45,1
5.1,613,0.738,7.7,24.1,0
28.77,705,0.247,17.5,44.58,1
6.32,552,0.291,17.8,38.59,0
7.53,813,0.732,23.9,44.57,0
10.16,561,0.508,2.1,12.73,0
16.82,651,0.662,15.4,30.46,0
26.72,568,0.668,10.2,2.06,1
23.3,618,0.412,8.7,26.55,0
21.83,681,0.215,15.4,43.97,0
6.91,635,0.639,7.0,37.18,0
12.02,777,0.386,0.9,39.03,0
15.4,699,0.432,19.4,16.54,1
6.13,641,0.415,2.2,20.51,1
9.66,669,0.027,8.2,49.33,0
10.63,784,0.053,14.9,14.1,1
5.56,757,0.47,15.6,5.23,1
17.41,583,0.6,16.7,20.06,0
21.74,622,0.354,24.9,38.59,0
3.96,720,0.159,10.0,26.66,1
15.47,710,0.317,3.4,3.14,1
23.9,591,0.581,3.4,33.57,0
22.94,744,0.099,12.8,37.04,1
24.82,604,0.429,9.6,30.54,0
14.55,791,0.533,22.8,9.4,1
24.98,725,0.324,12.8,10.36,1
8.74,584,0.459,11.3,20.96,0
12.1,635,0.665,21.6,18.55,1
6.94,634,0.175,19.9,5.99,1
15.09,694,0.119,17.8,43.11,1
12.98,663,0.064,13.2,46.31,1
8.75,583,0.55,5.9,8.05,0
23.05,561,0.677,14.2,28.55,0
10.79,727,0.524,2.9,22.06,0
9.64,704,0.733,13.4,21.04,0
5.66,689,0.537,21.3,29.44,0
14.29,703,0.231,12.9,23.29,1
10.48,627,0.207,1.7,23.12,1
12.34,696,0.507,0.8,8.04,0
8.61,850,0.513,21.5,35.82,1
23.37,780,0.402,5.6,29.42,1
28.04,655,0.405,13.1,3.74,1
15.94,636,0.324,19.4,19.4,0
20.0,437,0.275,6.3,11.67,0
26.28,771,0.483,18.4,20.11,0
29.97,747,0.566,1.9,6.82,1
19.18,634,0.614,18.7,30.92,0
26.91,558,0.245,1.6,29.49,0
27.44,582,0.646,6.9,30.05,0
24.16,718,0.241,6.4,18.94,0
14.91,672,0.243,22.3,36.38,0
4.27,739,0.608,13.4,42.29,0
2.44,687,0.728,21.1,21.4,0
15.36,762,0.701,14.6,22.22,0
15.84,711,0.101,20.2,45.02,1
13.41,750,0.231,13.8,30.65,1
17.91,502,0.575,11.2,25.97,0
17.46,575,0.609,16.4,37.12,0
25.43,649,0.388,7.2,16.2,1
5.04,772,0.032,23.0,2.61,1
8.3,840,0.386,22.7,35.39,1
24.2,666,0.043,1.8,32.66,0
25.74,628,0.225,22.9,22.0,1
29.86,514,0.5,4.5,3.25,1
26.44,753,0.118,17.0,47.06,1
26.92,633,0.54,20.6,36.81,0
10.8,850,0.474,6.0,19.89,1
13.25,617,0.334,2.8,10.85,0
9.51,850,0.292,18.9,28.21,0
18.98,744,0.688,11.1,2.04,0
28.29,593,0.424,12.2,23.4,0
11.65,700,0.669,19.0,49.43,0
17.6,746,0.321,6.3,37.22,0
10.3,661,0.454,2.4,49.26,0
6.75,751,0.717,23.9,20.4,0
7.47,749,0.111,17.5,5.27,1
3.62,731,0.212,16.3,48.29,0
28.58,679,0.689,8.3,43.4,1
13.28,580,0.328,24.9,28.56,1
25.36,673,0.219,5.6,12.26,1
21.08,695,0.748,4.5,37.2,0
7.37,521,0.095,8.0,1.94,0
6.91,694,0.466,18.5,45.81,0
24.74,672,0.595,5.9,35.16,0
9.41,570,0.594,7.8,9.61,0
27.57,652,0.343,13.2,9.06,1
5.92,653,0.052,16.2,3.84,1
20.98,844,0.634,3.7,38.75,0
24.81,699,0.606,16.4,7.26,1
8.59,768,0.193,9.5,26.48,1
9.73,670,0.269,8.7,18.55,0
29.01,521,0.394,2.0,27.9,1
9.41,737,0.103,24.3,35.05,1
14.04,624,0.619,17.3,11.29,0
14.11,651,0.693,2.5,10.82,0
9.08,590,0.245,9.2,17.54,0
23.72,686,0.695,2.0,46.82,0
23.61,771,0.605,13.5,22.76,1
12.59,759,0.551,17.5,13.59,1
25.38,815,0.727,1.4,26.46,1
7.97,827,0.257,23.1,9.84,1
2.12,506,0.688,9.4,38.49,0
17.99,579,0.092,5.9,16.64,1
29.83,526,0.369,3.2,49.15,0
3.08,734,0.423,3.6,31.86,1
7.82,621,0.11,21.2,30.97,0
16.53,638,0.558,12.0,15.24,0
24.68,662,0.367,20.0,9.74,1
4.49,713,0.353,5.7,4.81,1
13.07,554,0.444,7.9,42.93,0
22.92,573,0.118,10.3,49.0,1
12.4,680,0.166,11.4,11.55,0
7.29,782,0.152,2.4,49.68,0
7.47,678,0.715,1.1,31.18,0
13.48,613,0.584,24.9,39.55,0
15.42,497,0.406,16.7,49.43,0
26.13,761,0.501,1.4,48.79,0
19.98,617,0.494,19.3,28.83,0
21.33,582,0.212,9.0,26.83,0
29.52,534,0.083,19.9,34.11,0
13.53,558,0.425,23.7,11.77,1
13.29,598,0.212,0.7,20.05,0
27.85,660,0.658,24.1,41.55,0
8.88,577,0.192,4.1,6.38,0
22.43,696,0.438,7.4,23.49,1
23.13,659,0.327,15.7,16.47,1
4.74,850,0.562,17.9,29.54,0
15.11,535,0.714,4.3,10.28,0
7.62,694,0.32,3.4,46.47,0
7.19,695,0.052,7.2,39.79,0
14.99,592,0.503,8.1,4.98,0
10.1,688,0.114,8.0,16.97,0
24.29,745,0.096,4.3,3.12,0
27.41,688,0.503,24.3,7.04,1
24.48,798,0.095,20.0,21.76,1
9.45,495,0.114,24.5,17.14,0
9.68,608,0.341,2.6,26.51,0
9.13,805,0.35,1.9,15.25,1
5.78,758,0.687,13.4,17.28,0
28.43,726,0.222,15.4,47.95,1
13.26,785,0.313,15.9,43.87,0
8.29,517,0.536,2.3,1.66,0
25.71,748,0.624,21.1,30.51,0
13.18,770,0.275,12.2,7.97,1
2.98,624,0.481,9.2,39.68,0
6.53,850,0.476,12.6,41.96,1
19.9,697,0.241,1.0,33.36,0
23.92,494,0.107,5.4,33.99,0
7.91,712,0.518,25.0,42.72,0
27.69,619,0.216,13.8,5.99,0
25.83,779,0.252,2.0,35.68,0
25.75,727,0.438,7.3,6.88,1
8.37,629,0.137,4.6,3.07,0
3.42,808,0.196,23.1,32.29,0
26.29,760,0.346,20.2,14.33,1
10.56,610,0.661,13.7,3.25,0
19.33,667,0.584,23.8,4.09,0
23.28,724,0.252,9.3,49.0,0
5.59,649,0.241,21.6,11.93,1
23.86,652,0.741,11.7,20.98,0
28.28,683,0.497,21.2,14.06,1
22.39,589,0.52,22.5,46.83,0
14.35,490,0.06,11.6,4.62,0
26.55,700,0.097,4.5,27.62,1
16.77,511,0.235,4.8,24.41,0
22.85,596,0.635,7.2,34.91,0
24.97,529,0.685,5.6,45.02,0
22.98,540,0.159,9.7,1.02,1
10.06,716,0.541,12.7,1.81,0
5.3,661,0.658,2.2,19.49,0
8.67,658,0.662,22.7,20.68,0
16.08,568,0.355,0.1,44.63,0
16.15,624,0.209,3.5,14.66,0
18.31,712,0.718,0.2,42.57,1
13.06,676,0.222,24.7,5.37,1
24.03,750,0.204,10.3,4.79,1
27.57,762,0.17,4.9,37.51,1
8.91,659,0.409,3.0,38.37,0
22.62,523,0.098,9.3,5.63,1
20.98,616,0.437,24.4,49.66,0
16.65,672,0.709,13.7,4.94,0
7.28,614,0.389,8.9,44.32,0
24.27,590,0.725,9.1,10.5,1
28.9,686,0.681,2.9,2.08,1
22.21,850,0.598,12.9,42.88,1
27.7,639,0.464,10.6,10.03,1
29.56,680,0.663,18.2,26.94,1
11.86,568,0.425,4.8,41.51,0
19.87,786,0.171,3.4,8.58,1
15.27,754,0.695,14.5,37.31,0
29.63,748,0.387,18.6,27.05,1
4.63,796,0.683,12.4,13.54,0
13.55,644,0.307,19.8,3.04,1
26.52,654,0.265,21.0,13.88,1
9.95,825,0.579,22.9,21.81,0
24.06,734,0.483,9.5,19.03,1
12.72,491,0.341,22.6,36.13,0
29.44,719,0.661,17.7,21.08,1
26.74,631,0.397,15.6,19.64,1
10.44,756,0.029,13.8,40.8,1
23.57,715,0.526,0.5,23.73,0
11.43,532,0.066,14.0,49.29,0
18.98,703,0.371,19.5,29.15,0
20.44,698,0.16,24.7,46.92,1
25.23,711,0.197,10.8,44.23,0
2.68,729,0.735,24.8,21.29,1
8.16,807,0.103,4.3,31.02,1
21.93,715,0.573,24.0,7.9,1
17.78,682,0.485,14.7,26.82,0
15.88,778,0.162,16.6,21.77,1
3.55,850,0.703,14.3,24.7,0
11.75,758,0.167,24.6,10.03,1
26.22,698,0.396,1.1,43.44,1
2.86,717,0.597,10.3,4.92,0
13.1,702,0.577,21.9,39.28,1
28.46,682,0.253,4.2,47.26,0
3.42,850,0.633,14.2,6.21,1
22.99,616,0.722,13.1,22.25,0
9.21,778,0.366,20.2,29.66,1
26.27,669,0.496,23.0,49.58,0
22.89,554,0.286,6.5,43.4,0
26.8,664,0.278,17.3,21.3,0
8.05,634,0.363,13.7,48.43,0
16.88,729,0.164,16.6,17.23,1
23.82,688,0.523,5.0,17.66,1
8.88,593,0.141,6.8,25.81,0
8.46,805,0.024,13.7,39.2,1
2.76,773,0.341,0.1,10.42,1
28.84,815,0.076,17.9,37.38,1
21.88,700,0.431,4.0,1.13,1
19.8,677,0.4,23.3,13.86,1
22.83,740,0.12,21.5,48.75,1
16.89,631,0.2,15.6,33.17,0
15.33,691,0.038,22.3,23.67,1
14.59,665,0.454,24.7,36.86,1
19.93,556,0.234,19.4,22.33,0
7.64,691,0.54,15.7,6.23,1
26.87,643,0.48,11.2,25.38,1
24.73,659,0.293,20.3,47.81,1
11.79,711,0.036,17.6,14.36,1
18.2,788,0.254,11.8,3.59,1
5.95,608,0.257,12.5,37.33,1
29.23,651,0.263,5.7,23.27,1
27.28,615,0.716,19.7,17.4,0
27.81,609,0.14,22.0,24.89,1
11.3,629,0.217,0.4,46.57,0
6.74,663,0.628,2.8,13.26,0
7.93,730,0.695,24.8,10.83,0
4.52,707,0.362,4.5,27.16,0
5.36,590,0.414,18.4,23.7,0
4.0,790,0.059,12.0,8.34,1
29.72,760,0.61,13.0,29.45,1
4.07,603,0.454,2.7,29.15,0
5.71,784,0.37,3.4,30.67,0
25.16,708,0.241,14.4,21.26,1
18.25,667,0.344,9.4,15.21,0
23.68,710,0.557,19.9,17.09,1
19.67,678,0.079,24.3,41.88,1
26.7,726,0.39,20.3,31.63,1
19.88,696,0.045,10.1,20.5,0
16.62,651,0.584,12.1,31.05,0
21.96,508,0.174,3.9,18.13,1
14.53,725,0.679,17.4,43.27,0
11.69,648,0.368,11.2,36.65,0
15.09,746,0.354,21.4,5.95,0
6.75,721,0.283,16.3,3.75,1
24.3,650,0.397,4.3,2.64,1
9.3,767,0.267,10.3,2.35,1
6.3,697,0.283,16.9,25.35,0
8.9,694,0.163,21.4,9.86,1
25.58,668,0.272,8.8,34.05,1
11.25,823,0.613,16.7,24.66,0
21.21,619,0.199,4.3,5.58,0
25.98,653,0.62,22.6,1.29,0
4.18,575,0.649,14.4,2.8,0
23.42,742,0.506,19.2,27.13,1
10.61,631,0.042,9.9,29.74,1
8.07,640,0.43,23.5,18.3,1
21.29,636,0.628,18.0,4.87,0
27.47,685,0.287,3.8,46.8,0
10.26,574,0.226,13.8,20.88,0
17.93,489,0.255,6.8,22.04,0
10.12,719,0.329,20.8,19.69,1
17.52,500,0.071,19.6,3.91,1
19.41,753,0.194,12.4,35.81,1
19.09,812,0.492,7.5,33.58,0
19.46,666,0.365,21.3,9.06,0
5.78,790,0.201,21.3,14.16,1
21.42,678,0.7,12.6,27.8,1
20.89,816,0.236,17.9,19.46,1
21.11,641,0.114,7.1,49.9,0
4.07,479,0.166,8.7,25.33,0
14.51,673,0.237,23.6,44.23,1
13.45,825,0.401,18.4,11.03,1
4.43,725,0.068,1.8,28.25,0
8.23,636,0.644,11.4,16.77,0
14.35,708,0.661,9.9,46.79,0
22.8,763,0.252,5.8,28.01,0
8.64,673,0.586,24.9,33.04,0
25.23,850,0.458,3.4,4.73,1
17.28,636,0.637,7.9,24.9,1
23.29,765,0.222,21.2,29.39,1
15.23,745,0.465,3.3,15.23,0
15.98,621,0.073,9.4,37.05,0
19.35,644,0.027,15.9,23.86,1
27.98,767,0.659,8.4,28.5,1
15.77,692,0.235,10.2,18.69,0
16.8,709,0.345,13.8,34.15,1
18.86,541,0.189,23.8,6.06,0
22.65,736,0.66,21.8,25.81,1
4.01,704,0.301,2.8,44.89,0
16.44,675,0.151,14.2,12.52,1
15.48,711,0.464,16.3,43.55,0
27.81,645,0.17,8.1,44.37,1
15.82,630,0.21,6.6,12.29,0
15.11,659,0.511,14.9,4.96,0
28.94,641,0.72,10.4,38.46,0
14.62,850,0.571,22.6,47.97,0
7.06,758,0.111,4.1,13.53,0
8.07,598,0.248,1.0,45.74,0
4.67,850,0.601,22.5,11.2,1
2.02,643,0.221,22.4,18.61,0
14.09,683,0.56,10.4,44.41,0
23.54,756,0.364,18.8,15.9,1
22.54,513,0.666,21.1,38.03,0
2.9,660,0.282,6.4,8.2,0
17.96,631,0.702,16.4,19.56,0
6.32,697,0.317,18.4,47.1,0
28.35,711,0.55,8.9,12.09,0
6.69,673,0.162,23.6,35.38,1
19.55,669,0.407,24.2,46.06,1
11.13,771,0.246,12.2,39.46,1
19.96,706,0.029,1.9,47.45,1
13.54,684,0.339,23.0,47.24,0
23.27,693,0.146,13.1,6.57,1
8.46,836,0.72,3.5,30.48,0
27.36,695,0.61,18.3,21.92,1
16.01,636,0.56,17.2,34.45,0
23.17,518,0.351,3.5,37.38,0
25.79,558,0.209,6.9,13.02,0
29.97,640,0.257,21.6,40.19,0
8.27,671,0.169,24.2,21.05,0
10.03,633,0.423,10.1,33.18,0
9.01,710,0.612,3.4,21.96,0
9.36,632,0.157,8.8,17.96,0
18.31,602,0.023,12.7,35.0,0
29.82,732,0.112,7.5,27.55,1
29.73,796,0.356,15.3,42.79,1
16.75,586,0.034,0.2,39.51,0
19.89,701,0.314,20.4,43.55,1
26.08,518,0.101,21.1,38.52,0
28.12,555,0.099,19.6,45.93,1
7.71,630,0.54,7.6,8.68,0
16.8,776,0.75,15.8,32.38,0
25.32,614,0.162,9.1,5.04,1
10.49,611,0.188,9.7,25.48,0
14.31,683,0.236,17.7,43.21,1
29.6,683,0.593,21.1,36.55,1
29.58,613,0.389,20.8,29.56,1
27.37,849,0.437,5.8,35.01,1
24.36,657,0.419,16.5,9.49,1
9.54,690,0.704,6.7,46.61,0
10.98,646,0.045,15.7,11.41,1
17.32,717,0.135,9.2,9.18,0
17.7,785,0.299,19.7,7.86,1
16.15,821,0.376,23.4,46.87,0
19.83,615,0.103,7.2,23.58,0
13.43,774,0.672,21.7,27.12,0
22.98,727,0.515,18.5,19.57,1
11.34,763,0.701,14.2,2.34,1
11.26,672,0.707,13.1,4.27,0
5.56,664,0.394,8.0,1.77,1
7.28,760,0.643,5.1,27.41,0
25.81,761,0.558,2.1,10.48,0
14.5,813,0.283,17.8,20.7,1
8.38,697,0.5,5.6,23.56,0
23.26,671,0.716,12.4,27.1,0
17.51,471,0.578,22.2,44.75,0
2.59,543,0.538,16.8,3.12,0
10.86,646,0.182,4.2,25.22,0
6.96,586,0.627,18.4,7.46,0
20.36,749,0.304,5.4,46.4,1
9.7,569,0.476,19.5,45.96,0
3.82,637,0.515,1.9,7.86,0
3.54,641,0.396,3.5,6.75,0
18.29,782,0.141,23.4,6.38,1
2.61,628,0.529,7.0,5.81,0
25.77,718,0.2,3.8,8.75,1
6.35,697,0.214,5.4,8.63,0
18.98,757,0.113,9.0,9.01,1
14.45,752,0.473,20.9,8.28,1
14.4,677,0.106,3.8,19.52,1
4.01,536,0.272,0.4,13.44,0
24.48,660,0.669,21.6,21.44,0
27.01,678,0.351,7.5,44.79,0
2.31,704,0.673,1.9,18.25,0
7.0,617,0.38,0.7,15.04,0
27.31,777,0.151,22.5,45.8,1
17.39,681,0.574,13.1,16.76,1
6.2,602,0.278,15.3,6.98,0
7.68,641,0.725,15.4,31.33,0
20.48,844,0.211,13.1,14.81,1
22.29,736,0.62,19.2,26.48,1
18.78,769,0.381,22.7,38.63,1
28.69,591,0.635,16.0,28.71,0
15.83,621,0.154,21.1,40.63,0
10.41,622,0.483,0.2,17.89,0
15.36,696,0.103,12.0,9.27,1
12.07,665,0.608,15.1,20.34,1
8.28,638,0.192,5.0,21.18,1
3.29,649,0.332,4.0,36.08,0
11.86,613,0.499,3.4,34.66,0
21.92,665,0.369,7.1,16.16,0
2.52,775,0.589,20.6,46.54,0
14.3,551,0.522,0.7,14.5,0
20.03,709,0.115,15.1,49.83,1
19.09,797,0.585,1.7,2.6,0
23.75,664,0.329,14.8,34.01,0
24.69,635,0.456,6.3,31.39,1
21.93,759,0.178,3.9,29.66,1
4.88,596,0.329,11.6,39.18,0
15.3,678,0.617,5.8,29.95,0
18.9,592,0.696,9.5,30.89,0
8.88,521,0.705,15.8,43.99,0
3.19,667,0.531,23.4,10.15,0
8.26,573,0.078,15.4,27.03,1
14.74,679,0.343,12.7,35.89,0
13.59,775,0.161,13.9,16.09,1
6.95,838,0.529,11.8,11.75,0
25.08,688,0.138,14.1,7.32,1
27.92,767,0.734,14.3,13.87,1
7.64,714,0.162,12.3,33.64,1
28.03,647,0.058,19.7,31.13,1
2.5,516,0.636,9.8,9.42,0
27.9,818,0.168,2.7,25.07,1
28.65,591,0.038,16.1,11.47,1
2.34,798,0.42,19.9,46.86,0
23.36,726,0.728,19.5,36.48,0
29.17,597,0.215,6.3,9.49,1
27.37,707,0.318,16.2,15.2,1
29.18,850,0.193,25.0,42.8,1
17.41,811,0.427,2.6,28.3,1
4.19,636,0.256,13.1,18.44,1
25.79,619,0.452,7.6,30.32,1
19.19,689,0.369,19.8,20.08,1
19.21,666,0.698,8.1,45.66,0
13.68,782,0.509,18.3,43.8,0
18.01,743,0.518,4.0,8.86,0
6.3,536,0.375,1.7,34.19,0
22.71,719,0.241,2.6,42.04,0
4.1,665,0.249,6.5,11.35,1
22.43,683,0.388,21.2,43.7,0
25.77,701,0.16,3.8,21.56,0
15.23,782,0.117,0.8,16.08,1
16.28,763,0.292,21.3,49.22,1
10.74,616,0.115,9.4,34.71,0
29.14,675,0.188,14.7,15.23,1
22.53,642,0.411,2.1,26.95,1
12.33,537,0.597,22.7,32.53,0
6.89,671,0.184,12.6,35.88,0
8.15,837,0.598,2.2,11.26,0
14.99,534,0.031,15.8,31.21,0
28.39,678,0.748,9.1,42.52,0
22.56,675,0.397,8.8,40.38,0
8.03,704,0.367,10.2,15.42,0
26.07,598,0.495,12.7,48.54,0
12.59,559,0.367,15.5,1.62,0
25.85,563,0.318,3.7,39.17,0
8.77,793,0.291,18.9,16.54,1
19.32,596,0.734,0.7,47.12,0
27.95,638,0.649,17.5,43.19,0
9.22,850,0.387,4.6,44.18,0
21.4,618,0.631,11.2,13.34,1
29.64,709,0.129,14.0,40.02,1
6.22,770,0.406,16.2,17.3,1
4.48,766,0.349,19.8,22.91,1
20.88,567,0.257,12.9,45.31,0
11.51,619,0.69,22.0,36.3,0
3.99,706,0.628,23.9,32.39,0
15.31,844,0.682,24.4,7.32,1
23.11,615,0.484,8.0,27.38,1
9.98,638,0.295,0.8,7.05,0
11.38,716,0.572,17.9,4.68,0
25.68,733,0.099,6.3,47.38,0
16.56,738,0.643,19.2,30.03,1
25.6,608,0.041,0.1,1.3,0
14.5,635,0.617,19.4,23.98,0
28.68,698,0.534,1.8,15.05,0
20.22,787,0.085,22.0,8.54,1
5.25,660,0.127,16.3,41.14,0
26.78,678,0.35,4.0,8.53,1
15.7,593,0.239,12.7,9.15,1
5.97,838,0.653,12.6,12.4,0
6.28,693,0.161,22.0,35.91,1
21.25,772,0.324,13.3,10.35,1
3.33,683,0.21,13.8,16.75,0
10.02,687,0.113,8.0,45.21,1
5.91,552,0.21,18.2,28.69,0
14.35,497,0.648,1.3,9.48,0
13.6,786,0.542,24.2,43.14,0
16.61,687,0.687,15.2,26.1,0
9.83,698,0.316,21.1,41.88,0
2.9,574,0.196,19.5,4.86,0
19.2,603,0.039,5.5,8.93,0
12.46,770,0.381,7.2,5.5,1
20.24,828,0.049,7.0,24.58,1
5.04,627,0.023,5.6,19.98,0
2.39,737,0.461,0.4,21.38,0
8.95,696,0.14,20.7,18.96,1
14.78,670,0.429,13.4,21.78,0
13.03,837,0.439,14.8,19.68,0
24.69,641,0.548,12.3,8.82,0
12.58,785,0.3,3.1,28.89,1
16.85,712,0.535,10.9,43.59,0
18.62,679,0.287,7.3,49.71,0
2.61,797,0.091,22.3,6.75,1
16.42,705,0.246,17.5,21.15,1
11.66,672,0.026,4.1,12.81,0
13.8,797,0.358,17.5,28.78,0
4.81,786,0.56,13.7,18.66,0
23.92,782,0.593,2.0,44.01,1
28.39,350,0.189,1.7,46.83,0
2.62,717,0.097,3.7,16.93,0
18.84,698,0.155,20.3,18.46,1
23.39,677,0.738,20.7,27.21,0
9.97,732,0.248,15.2,32.14,0
24.05,702,0.333,0.4,37.87,1
19.71,738,0.075,7.9,5.9,1
28.02,657,0.596,10.0,3.5,0
29.47,807,0.347,7.1,34.23,1
3.19,746,0.084,14.5,24.46,0
14.46,726,0.365,1.6,33.96,0
17.32,722,0.541,0.5,15.78,1
6.11,778,0.365,14.7,9.44,1
11.42,767,0.727,6.6,6.45,1
29.65,670,0.656,17.2,39.53,0
2.45,764,0.396,19.4,20.75,0
14.67,695,0.707,15.3,5.06,1
25.59,843,0.612,24.7,13.09,1
11.07,773,0.289,16.1,43.21,1
15.43,627,0.583,19.3,24.6,0
29.39,850,0.389,16.0,42.81,1
15.3,501,0.414,20.1,47.32,0
5.67,734,0.4,9.8,4.28,1
3.45,621,0.607,10.9,47.22,0
28.47,840,0.691,8.4,19.18,1
9.44,701,0.253,14.4,35.22,1
16.11,613,0.489,9.4,20.75,0
4.54,657,0.479,24.7,31.12,1
13.86,619,0.668,15.1,33.82,0
28.04,654,0.346,8.4,7.52,1
16.07,652,0.159,12.7,22.13,1
29.19,616,0.168,19.5,11.12,1
9.25,703,0.057,20.2,6.85,1
16.13,713,0.094,15.9,30.01,1
26.07,595,0.24,0.1,34.33,0
14.55,539,0.095,21.7,13.62,0
9.83,706,0.656,22.7,1.36,1
25.95,725,0.284,21.8,48.57,1
12.92,742,0.289,16.8,24.27,1
16.86,727,0.573,0.7,32.94,0
29.34,814,0.24,23.8,4.69,1
7.22,765,0.542,1.7,31.39,0
10.44,850,0.62,3.7,38.37,1
2.87,850,0.283,15.7,3.32,1
12.97,531,0.369,11.5,26.66,0
7.61,493,0.255,18.9,7.96,1
21.04,679,0.329,15.8,8.2,0
7.08,723,0.444,0.1,31.13,0
20.89,674,0.275,16.1,31.34,0
9.38,740,0.359,21.5,28.13,0
11.95,657,0.382,21.3,26.0,0
11.77,621,0.038,3.9,24.03,0
22.07,634,0.139,8.7,24.58,1
15.06,663,0.415,3.0,17.39,0
12.12,752,0.022,18.8,13.61,1
25.87,639,0.534,15.7,14.02,1
18.01,655,0.681,12.1,45.5,0
7.99,728,0.571,7.5,14.07,0
27.2,663,0.249,19.7,19.35,1
11.59,775,0.348,19.8,25.7,1
3.09,602,0.495,12.3,37.39,0
15.85,583,0.517,3.1,39.08,0
5.47,706,0.734,11.6,36.36,0
8.68,714,0.38,22.4,15.85,0
22.92,606,0.202,14.6,8.99,1
5.66,794,0.284,18.9,41.03,0
24.59,844,0.693,7.4,43.85,0
28.23,627,0.482,8.6,45.73,0
18.98,806,0.651,2.9,43.06,0
21.89,478,0.549,8.6,18.71,1
21.98,771,0.725,4.2,8.52,1
29.8,607,0.386,13.5,33.85,0
11.56,763,0.713,9.8,32.82,0
6.56,598,0.667,20.9,13.15,0
16.54,674,0.635,9.6,31.39,1
16.93,611,0.706,5.3,49.91,0
6.98,662,0.404,2.1,9.26,0
19.17,836,0.562,6.3,19.55,0
2.4,671,0.425,17.4,20.16,0
27.97,850,0.587,15.7,11.46,1
9.41,647,0.578,15.5,39.62,0
3.11,807,0.574,21.5,35.66,1
5.03,542,0.333,6.3,11.63,0
8.73,656,0.601,11.8,43.03,0
9.67,634,0.66,4.2,21.86,0
2.92,811,0.484,5.5,27.99,0
9.82,696,0.352,9.3,34.56,0
7.4,503,0.643,17.7,43.83,0
12.6,569,0.588,20.8,12.11,0
12.78,594,0.363,7.7,30.02,0
11.49,759,0.443,9.9,33.91,0
11.18,748,0.521,22.2,44.43,0
4.51,654,0.522,19.5,38.84,0
2.71,633,0.247,17.3,45.81,0
7.66,741,0.234,10.2,4.69,0
23.19,584,0.668,8.5,21.85,0
29.74,719,0.704,18.1,16.01,1
28.0,712,0.314,2.3,25.36,1
16.12,657,0.687,13.6,40.73,0
16.89,714,0.364,1.5,25.14,0
10.81,689,0.142,15.6,2.72,1
23.67,722,0.555,14.2,33.87,1
23.41,567,0.053,1.5,1.5,1
25.64,732,0.103,10.5,5.79,1
27.07,767,0.707,4.8,36.66,0
14.16,707,0.398,20.0,41.72,1
23.47,731,0.214,22.8,16.59,1
24.58,671,0.371,7.9,28.88,0
10.64,756,0.442,0.7,27.81,0
28.02,686,0.486,22.4,3.72,1
4.64,582,0.274,21.1,27.7,1
29.84,750,0.303,19.9,1.54,1
23.56,541,0.421,8.9,41.18,0
4.61,704,0.477,2.0,37.66,0
20.37,647,0.693,24.4,14.9,1
2.96,642,0.306,12.3,13.85,0
23.57,695,0.659,8.9,10.32,1
24.38,620,0.745,19.4,47.69,1
18.87,724,0.267,16.8,42.44,0
25.99,685,0.04,1.0,42.05,1
4.74,628,0.461,24.0,23.84,0
9.73,794,0.68,13.9,40.76,1
13.6,697,0.059,4.7,29.99,0
3.19,734,0.164,0.4,15.67,0
14.55,800,0.514,13.8,22.09,0
9.43,799,0.611,14.9,21.05,1
13.0,729,0.083,2.5,18.24,1
13.9,654,0.286,13.6,12.87,0
26.62,558,0.194,10.8,20.51,0
9.57,698,0.724,10.9,30.37,0
27.02,773,0.518,24.4,10.61,1
13.93,710,0.367,7.4,7.95,0
11.18,387,0.65,22.1,34.82,0
16.07,754,0.412,8.6,26.79,0
13.7,759,0.685,4.5,18.26,1
9.21,654,0.194,3.8,45.49,0
16.08,764,0.04,23.5,23.6,1
6.25,733,0.333,0.6,17.26,0
11.85,622,0.169,5.5,11.6,0
17.84,788,0.63,8.5,16.84,1
13.58,572,0.409,16.4,14.41,0
25.07,675,0.231,9.4,43.47,1
9.19,667,0.585,0.5,44.71,0
29.15,610,0.405,12.9,21.22,1
23.97,706,0.387,22.1,13.79,1
29.09,791,0.152,22.2,7.39,1
25.47,786,0.747,24.8,36.09,1
5.98,742,0.501,8.6,44.08,0
16.74,536,0.644,3.1,21.14,0
6.76,566,0.575,1.7,43.87,0
24.91,694,0.387,21.7,13.13,1
18.36,677,0.027,18.7,30.83,1
9.38,638,0.507,15.7,4.97,0
28.03,842,0.094,12.4,28.59,1
5.23,689,0.722,11.4,32.3,0
17.79,726,0.202,12.3,32.57,1
22.19,764,0.288,9.1,39.16,1
3.65,685,0.423,11.9,5.64,1
18.74,850,0.387,5.3,14.65,1
24.85,600,0.498,2.9,34.96,0
3.89,628,0.592,5.3,30.01,0
16.34,600,0.573,24.3,47.52,0
9.24,813,0.683,24.8,39.42,1
20.56,748,0.363,18.8,24.08,1
5.32,634,0.41,20.9,27.15,0
28.24,607,0.658,2.6,33.33,1
27.05,798,0.226,3.1,1.5,1
7.21,711,0.2,2.3,18.85,1
11.05,800,0.027,1.6,6.97,1
18.45,675,0.559,18.7,12.73,0
22.11,723,0.522,1.4,41.65,0
14.39,706,0.222,23.7,27.88,0
6.38,627,0.115,16.4,43.16,0
4.92,668,0.051,4.3,44.55,1
29.99,579,0.376,20.4,40.49,0
14.75,722,0.161,20.6,38.34,1
26.43,745,0.599,14.1,9.14,1
15.51,764,0.714,2.3,14.2,0
27.83,737,0.587,10.0,35.5,1
4.46,669,0.642,13.7,15.75,0
5.19,812,0.743,18.6,19.38,0
28.03,756,0.561,7.5,46.88,0
28.53,798,0.434,21.8,35.59,0
10.81,803,0.611,6.3,6.23,0
11.94,669,0.432,25.0,36.34,1
14.67,713,0.336,2.9,39.9,0
13.65,746,0.044,20.8,45.75,0
7.32,582,0.489,3.3,34.57,0
27.15,584,0.675,19.0,5.69,0
9.09,570,0.526,21.6,38.5,0
21.75,671,0.315,7.8,33.16,1
3.88,652,0.47,2.5,23.35,0
3.09,558,0.613,25.0,38.27,0
20.3,693,0.578,24.3,26.73,1
11.49,672,0.379,18.9,46.68,0
20.35,780,0.284,9.7,46.65,0
4.63,850,0.31,3.4,12.05,1
28.6,719,0.683,10.5,22.59,1
22.96,621,0.144,18.0,10.73,1
26.54,735,0.65,3.8,17.21,1
5.82,681,0.163,0.4,11.93,0
10.96,660,0.736,22.6,26.08,0
12.31,607,0.347,17.5,1.03,1
17.04,641,0.555,17.3,39.78,0
10.31,665,0.552,23.7,8.79,0
3.7,748,0.584,13.0,14.43,1
12.33,723,0.596,8.0,9.57,0
9.13,835,0.049,22.7,18.34,1
12.81,737,0.22,24.6,4.77,1
7.51,716,0.188,0.5,43.09,0
9.33,654,0.53,8.3,21.33,1
19.55,592,0.519,9.1,46.29,0
12.87,632,0.237,2.8,3.3,1
11.67,621,0.599,5.5,9.46,0
16.95,462,0.247,0.6,41.96,0
23.61,594,0.27,17.4,23.73,0
12.61,816,0.311,2.7,3.91,1
18.45,711,0.564,22.2,3.29,0
29.05,648,0.029,14.6,44.85,0
16.62,714,0.682,8.9,13.82,0
27.47,514,0.525,20.2,21.13,1
24.22,704,0.448,16.3,44.95,0
3.64,789,0.193,18.8,33.71,0
14.01,670,0.593,21.9,38.75,0
21.55,529,0.657,20.2,24.1,1
29.63,645,0.386,19.5,35.07,1
14.83,789,0.233,18.2,29.63,0
4.6,702,0.298,9.4,9.34,0
17.74,559,0.324,16.3,29.06,0
5.54,850,0.243,14.1,46.35,0
23.04,573,0.54,24.1,17.92,0
16.21,659,0.27,12.5,25.2,0
22.26,592,0.619,5.5,21.39,0
26.34,592,0.358,11.4,34.74,0
19.61,642,0.479,10.4,31.72,0
19.15,734,0.712,11.7,24.38,1
23.13,790,0.346,14.5,3.32,1
25.59,647,0.144,23.7,13.96,1
26.33,594,0.421,7.0,16.41,0
3.02,721,0.383,24.2,36.89,0
17.57,723,0.591,19.5,20.42,1
8.06,700,0.648,4.6,19.54,0
26.09,703,0.54,7.0,22.85,1
20.16,670,0.729,22.7,22.17,1
13.77,688,0.217,20.0,36.17,1
7.27,665,0.195,3.6,33.85,1
11.49,771,0.233,14.6,38.38,1
21.71,850,0.51,6.9,11.16,1
7.72,695,0.19,15.7,37.33,1
4.62,679,0.085,4.3,15.51,0
26.86,702,0.734,8.8,1.0,0
23.4,624,0.25,9.7,32.34,0
7.59,745,0.182,13.4,1.58,1
10.18,717,0.282,6.0,5.8,0
29.22,644,0.136,18.2,3.02,1
21.83,757,0.046,20.2,30.71,1
19.09,682,0.243,16.0,11.19,1
10.61,598,0.267,22.6,40.65,1
10.38,710,0.612,19.8,18.46,1
3.11,700,0.338,1.1,17.42,0
22.4,762,0.558,2.1,26.22,0
3.21,751,0.557,16.5,38.98,0
2.14,671,0.596,18.0,35.12,0
22.43,640,0.691,24.2,11.12,1
28.57,680,0.384,0.1,38.41,0
23.18,711,0.096,5.9,25.83,1
15.21,721,0.048,20.8,49.38,1
15.61,706,0.156,22.3,26.32,1
14.21,672,0.625,11.6,15.02,0
11.09,765,0.439,12.1,38.3,0
16.61,623,0.122,21.3,2.44,1
14.07,850,0.117,11.5,36.51,1
18.75,745,0.671,19.7,27.62,0
27.15,584,0.4,23.7,9.61,0
29.86,696,0.145,6.5,2.18,1
4.2,746,0.675,6.9,3.28,0
12.77,650,0.546,23.5,5.01,0
7.06,553,0.369,10.6,24.9,0
11.86,592,0.359,0.4,35.67,0
10.05,726,0.511,12.6,7.56,1
6.89,531,0.267,15.4,8.79,1
23.39,557,0.75,6.1,40.89,0
15.9,726,0.593,18.2,12.17,0
27.74,661,0.488,5.8,41.57,0
2.91,621,0.522,3.0,5.66,0
3.88,638,0.747,6.2,42.01,0
13.29,555,0.028,13.3,36.9,0
4.25,721,0.037,21.4,8.24,1
9.36,611,0.593,13.2,17.56,0
29.61,634,0.173,21.2,17.32,1
7.85,709,0.52,1.6,7.56,0
7.55,658,0.387,9.3,19.48,0
18.06,620,0.253,10.9,34.21,0
15.94,511,0.189,20.0,36.8,0
18.25,711,0.587,15.3,10.94,0
12.55,687,0.145,19.6,36.37,1
25.15,636,0.136,8.5,14.07,1
5.88,592,0.343,23.4,3.08,0
13.99,681,0.107,20.3,10.54,1
21.31,721,0.488,22.9,17.77,1
26.31,688,0.744,6.6,2.76,0
12.35,819,0.566,0.2,5.67,1
17.9,740,0.46,15.4,18.46,1
3.94,671,0.308,12.3,46.3,0
6.77,743,0.741,19.5,32.15,0
3.94,684,0.662,2.4,46.78,0
22.38,684,0.619,14.9,2.82,1
10.07,790,0.188,5.0,43.54,1
22.26,604,0.11,12.9,7.65,0
3.86,682,0.15,4.0,12.61,0
26.15,781,0.209,22.8,5.92,1
25.39,706,0.08,4.6,21.15,1
4.49,649,0.669,14.4,10.92,0
2.67,535,0.155,0.1,37.23,0
3.58,487,0.185,3.9,37.99,0
25.9,850,0.668,12.5,15.23,1
8.57,706,0.719,1.0,40.19,0
17.35,630,0.182,13.6,9.02,1
13.93,710,0.235,4.6,2.97,0
24.27,599,0.604,18.2,9.09,1
15.69,652,0.728,21.7,13.04,1
16.02,600,0.494,19.0,3.47,1
29.69,560,0.343,1.6,6.38,0
6.2,501,0.512,12.4,15.83,0
25.26,544,0.59,2.8,42.77,0
3.45,767,0.102,10.2,42.92,0
15.37,596,0.338,21.0,49.69,0
26.82,725,0.646,1.0,5.8,1
20.63,761,0.535,6.3,1.09,1
21.19,681,0.132,20.7,28.71,1
9.37,655,0.571,10.1,30.56,0
13.72,691,0.507,5.9,12.57,0
12.26,645,0.213,23.7,40.06,0
16.6,782,0.271,3.9,47.84,0
14.94,840,0.25,19.7,17.25,1
11.15,803,0.745,4.5,47.35,0
10.55,497,0.154,24.1,6.11,1
9.02,643,0.625,19.7,24.31,1
12.22,680,0.407,6.9,10.66,0
6.2,719,0.663,24.6,29.64,0
26.42,533,0.737,2.9,4.49,0
18.86,532,0.722,21.5,25.71,0
5.75,791,0.644,17.5,9.49,1
21.43,632,0.322,4.3,21.46,0
25.73,554,0.218,13.7,34.71,0
8.65,586,0.253,0.3,17.36,0
6.22,713,0.497,14.3,27.48,0
2.24,610,0.27,14.6,48.6,0
3.32,701,0.337,10.2,43.89,0
23.34,597,0.078,20.6,49.85,1
29.64,532,0.583,23.3,9.68,0
3.26,801,0.101,13.3,25.21,0
22.95,714,0.266,16.8,39.43,1
4.01,652,0.451,3.6,46.52,0
18.58,636,0.408,25.0,12.8,1
23.17,805,0.672,21.4,49.4,0
12.06,730,0.501,23.7,22.63,1
2.31,777,0.596,19.5,38.83,0
18.67,630,0.242,8.1,26.4,0
29.75,684,0.117,5.5,15.58,1
9.21,714,0.563,12.8,6.34,0
7.31,633,0.132,2.1,8.93,0
5.47,672,0.629,13.8,32.72,0
17.55,630,0.708,9.2,28.14,0
18.7,714,0.227,18.2,22.21,1
24.18,568,0.576,15.6,31.68,0
23.09,729,0.339,6.2,25.86,0
26.99,706,0.238,18.3,7.92,1
24.56,663,0.335,7.8,13.82,1
8.92,718,0.492,6.2,22.16,0
17.56,649,0.741,10.5,20.49,0
10.33,623,0.239,3.9,45.22,0
11.23,726,0.535,8.1,47.15,0
28.09,730,0.264,6.5,27.17,1
21.09,637,0.204,0.5,14.02,0
29.29,630,0.481,7.5,40.14,1
13.67,664,0.576,11.7,9.91,1
17.05,633,0.544,20.7,25.12,1
15.64,810,0.708,4.5,49.72,0
5.0,707,0.098,8.2,43.86,1
8.63,681,0.415,0.7,46.55,0
16.77,601,0.232,1.9,5.8,0
3.89,743,0.616,8.9,23.65,0
28.08,628,0.065,12.5,38.69,1
5.47,625,0.148,18.7,8.64,1
7.54,746,0.584,19.1,38.68,0
23.43,713,0.279,22.8,17.75,1
4.71,467,0.518,22.7,44.47,0
27.21,667,0.749,2.5,21.46,1
22.32,691,0.356,2.8,13.26,0
3.92,651,0.409,12.4,45.93,0
21.37,694,0.732,14.7,35.93,0
19.69,526,0.565,14.9,23.69,1
23.21,439,0.164,12.2,48.09,0
25.19,597,0.607,24.5,30.52,0
22.11,704,0.397,12.7,29.77,0
18.41,406,0.595,23.4,18.7,0
11.03,608,0.457,24.7,41.9,0
21.52,517,0.186,11.1,29.68,0
28.8,659,0.615,3.3,31.46,0
18.45,846,0.021,8.1,46.87,1
20.6,662,0.668,9.0,14.23,0
14.24,671,0.618,22.2,39.75,1
23.17,751,0.728,24.0,40.73,1
29.93,682,0.046,4.2,4.11,1
6.49,662,0.339,0.5,36.39,0
7.67,759,0.143,20.8,41.69,0
17.1,720,0.293,14.0,27.28,0
15.48,705,0.283,18.8,6.45,1
18.0,668,0.456,8.3,4.87,0
3.37,651,0.339,4.0,2.15,1
13.32,758,0.725,6.6,18.94,0
18.32,651,0.223,1.2,31.44,0
18.39,785,0.326,9.6,28.94,1
20.41,591,0.531,2.5,25.98,0
22.17,802,0.222,11.6,21.45,1
19.96,720,0.548,20.0,34.36,0
24.13,598,0.537,1.2,44.28,0
19.49,723,0.54,22.4,41.5,0
17.05,625,0.513,3.1,36.04,0
18.97,683,0.617,16.4,15.32,0
4.83,639,0.746,6.0,47.08,0
9.65,669,0.06,21.1,43.2,0
16.77,760,0.383,0.3,47.44,1
26.44,724,0.614,10.5,31.33,1
21.01,584,0.02,24.0,17.32,1
4.53,589,0.418,2.8,23.16,0
18.58,703,0.502,19.0,17.04,0
8.21,709,0.16,18.2,18.2,1
22.55,623,0.313,8.0,21.85,1
25.17,815,0.596,1.5,46.82,1
18.62,749,0.069,20.8,25.38,1
18.56,627,0.118,22.6,20.81,1
11.48,619,0.617,3.2,32.33,0
14.5,661,0.611,21.2,15.03,0
26.2,652,0.451,20.8,1.43,1
22.25,787,0.324,14.4,36.76,1
16.55,764,0.097,19.6,17.29,1
12.31,683,0.612,1.0,12.64,0
3.41,738,0.196,12.4,27.22,1
6.0,750,0.687,24.2,8.89,1
7.4,685,0.586,19.4,14.62,0
12.45,714,0.079,6.7,26.1,0
28.44,731,0.484,15.6,48.75,0
16.14,721,0.692,5.3,12.95,1
8.58,614,0.662,5.6,23.88,0
4.96,622,0.468,4.7,26.87,0
11.47,655,0.146,4.7,35.93,1
24.84,620,0.517,12.5,26.58,0
12.73,555,0.506,7.7,36.94,0
23.63,737,0.45,19.4,43.35,0
24.48,709,0.214,22.4,14.86,1
5.1,566,0.677,12.2,41.95,0
19.04,660,0.387,4.8,13.87,1
28.85,664,0.237,24.9,40.66,1
13.26,695,0.206,1.2,32.2,0
3.43,588,0.225,13.7,28.86,1
27.85,565,0.357,5.5,23.73,0
26.74,724,0.189,23.4,27.73,1
16.62,550,0.398,8.1,12.49,0
17.46,660,0.16,24.0,25.41,1
7.93,652,0.218,24.3,30.82,1
24.94,670,0.107,23.6,19.7,1
15.96,701,0.281,19.8,19.71,1
2.95,816,0.316,18.5,18.02,1
21.12,544,0.315,23.8,41.08,1
28.61,755,0.549,5.6,19.84,0
25.22,466,0.373,20.2,29.44,0
9.76,798,0.526,2.8,48.64,0
3.49,506,0.044,9.0,2.47,0
28.33,850,0.339,10.0,11.78,1
28.24,647,0.086,24.9,46.34,1
16.91,790,0.357,8.0,36.12,1
19.98,772,0.469,13.9,19.45,0
14.95,643,0.602,15.8,5.4,0
13.75,649,0.422,16.9,26.18,0
5.34,609,0.297,3.0,39.41,0
4.71,747,0.213,14.0,21.72,1
8.52,644,0.719,15.9,42.36,0
25.43,610,0.165,22.6,15.23,1
6.08,726,0.051,23.9,25.26,1
8.35,604,0.112,5.9,5.42,1
17.36,652,0.748,5.3,26.75,0
8.02,689,0.681,17.1,43.19,0
6.57,625,0.254,12.2,8.46,0
17.77,638,0.023,18.6,30.87,0
12.31,810,0.58,21.2,16.4,0
19.53,663,0.239,0.3,18.32,0
27.54,649,0.036,22.0,1.42,1
6.23,665,0.353,6.6,27.12,0
27.58,719,0.33,24.2,49.28,0
27.27,592,0.284,10.8,8.2,0
25.21,716,0.497,21.3,12.48,1
19.68,702,0.55,5.0,12.09,0
19.36,528,0.428,13.1,28.54,1
19.9,833,0.03,1.6,10.31,1
21.33,804,0.036,18.4,47.63,1
2.46,612,0.664,23.6,35.12,0
28.83,585,0.156,21.1,31.64,1
18.4,699,0.311,17.0,1.19,1
23.88,559,0.096,3.0,24.06,0
12.56,796,0.187,24.6,40.66,1
2.35,640,0.374,8.6,25.84,0
16.27,818,0.192,15.8,37.18,1
16.2,610,0.501,6.8,34.42,0
14.24,670,0.288,20.7,46.54,1
11.51,788,0.596,9.5,18.97,0
9.0,653,0.459,9.8,41.44,0
16.77,703,0.205,0.1,13.76,1
12.51,773,0.61,14.4,28.32,0
29.16,633,0.7,6.3,31.28,0
6.84,573,0.108,23.0,22.69,1
10.95,556,0.509,19.6,6.02,0
10.23,730,0.48,23.8,22.28,1
17.21,713,0.509,9.7,10.65,1
15.98,770,0.043,16.5,24.88,1
20.02,657,0.041,11.3,2.01,1
28.6,558,0.235,22.7,24.69,1
9.99,480,0.079,8.1,19.49,0
21.4,850,0.287,8.2,1.66,1
2.7,725,0.657,9.1,31.52,0
9.35,692,0.279,12.4,16.34,1
14.98,704,0.307,22.2,29.54,0
2.87,558,0.215,5.2,44.41,0
19.29,612,0.328,16.3,43.36,0
20.99,828,0.602,7.6,25.67,0
22.91,736,0.627,2.1,24.09,0
16.46,615,0.327,23.8,27.13,0
18.91,576,0.31,19.6,20.13,0
13.09,636,0.162,23.8,15.46,0
3.16,653,0.732,10.0,8.72,0
4.8,850,0.247,18.9,45.84,1
20.34,664,0.27,16.3,4.02,1
29.88,579,0.334,15.5,17.91,0
2.44,675,0.079,1.0,9.16,0
17.61,702,0.26,1.8,3.97,0
23.03,571,0.699,4.9,9.46,0
25.15,714,0.074,18.7,23.34,1
17.27,783,0.196,20.0,28.39,1
19.36,692,0.179,16.2,44.82,0
21.51,612,0.192,4.8,34.51,0
26.05,635,0.717,19.4,40.3,0
5.42,539,0.537,2.8,28.11,0
27.93,669,0.691,22.4,10.86,0
2.73,706,0.646,9.6,42.64,0
25.41,604,0.476,18.2,24.25,1
4.15,845,0.429,4.2,38.79,0
7.45,747,0.392,7.9,1.31,0
2.11,528,0.523,12.4,22.84,0
14.47,529,0.532,12.4,17.61,0
11.36,596,0.458,2.4,15.56,0
6.65,814,0.348,13.7,34.07,0
14.63,756,0.513,1.9,41.4,1
13.27,818,0.134,23.1,43.33,1
23.49,681,0.423,10.5,40.24,1
27.01,662,0.399,11.0,40.77,0
20.27,574,0.41,14.4,41.92,0
5.48,710,0.393,19.5,34.98,1
10.27,663,0.568,1.7,38.24,0
27.57,660,0.573,17.6,11.84,0
4.48,818,0.261,22.8,47.91,1
13.39,669,0.276,11.0,25.65,1
28.39,793,0.032,0.3,13.88,1
28.62,545,0.103,6.2,23.27,1
13.51,850,0.211,23.5,41.34,1
20.69,648,0.579,3.0,34.93,0
14.79,740,0.602,0.3,8.48,0
23.1,754,0.201,23.4,22.49,1
2.88,638,0.655,21.6,38.0,0
6.04,750,0.294,11.5,35.0,0
19.2,754,0.603,0.1,10.29,1
8.51,619,0.361,14.6,37.4,0
20.65,620,0.54,20.4,34.07,1
11.83,684,0.28,7.2,12.97,0
26.83,670,0.072,4.3,16.07,1
24.94,798,0.205,22.6,21.55,1
15.8,740,0.529,19.2,34.01,1
23.64,674,0.69,11.2,47.62,0
9.59,732,0.479,22.6,49.74,0
15.84,506,0.581,15.2,34.77,0
7.53,628,0.03,23.6,21.21,0
26.1,704,0.575,2.6,4.35,1
25.05,775,0.63,10.9,30.06,1
27.26,697,0.321,17.0,24.6,1
26.57,804,0.381,10.2,33.87,1
28.87,754,0.058,8.7,48.26,1
8.39,638,0.147,17.4,9.17,0
28.09,668,0.061,15.1,19.16,1
17.99,715,0.554,7.1,29.23,0
13.83,642,0.604,11.1,18.18,1
17.69,810,0.099,17.7,9.63,1
11.59,586,0.693,15.7,30.33,0
10.08,707,0.633,11.3,2.93,0
8.76,743,0.441,6.5,19.48,0
4.31,653,0.734,2.9,48.66,0
15.9,634,0.664,21.0,24.43,0
26.86,674,0.183,20.5,5.98,1
19.64,749,0.716,15.3,41.88,0
16.59,638,0.343,14.3,9.77,1
14.0,589,0.133,3.4,13.29,0
15.0,778,0.166,11.2,48.16,1
7.86,714,0.519,12.1,38.98,0
25.04,766,0.741,11.5,16.77,1
7.55,745,0.345,6.1,32.72,0
22.07,850,0.438,3.1,24.9,1
23.28,775,0.239,23.3,44.73,1
18.1,618,0.637,13.9,28.45,0
26.16,720,0.104,21.6,33.38,1
10.15,633,0.445,16.8,8.31,0
26.69,641,0.448,20.5,13.24,1
22.42,560,0.021,5.4,2.3,1
24.36,656,0.707,2.7,29.82,0
20.61,726,0.731,15.3,28.56,1
25.7,674,0.361,13.7,16.08,1
29.81,587,0.55,2.4,12.37,0
13.76,551,0.64,15.3,23.2,0
24.79,850,0.105,4.5,6.09,1
22.85,708,0.082,2.7,42.79,0
14.68,610,0.523,24.6,41.76,0
27.95,719,0.428,13.9,30.21,1
13.04,850,0.516,8.2,45.18,0
17.83,733,0.438,2.5,31.06,0
4.97,443,0.55,22.9,25.05,0
8.32,850,0.133,23.6,30.4,1
25.54,523,0.177,6.4,5.19,1
13.1,662,0.193,10.9,11.66,1
13.03,584,0.324,16.1,28.36,0
8.89,617,0.574,2.8,6.5,0
15.77,704,0.627,13.4,40.67,1
24.56,504,0.313,5.5,9.34,0
27.06,672,0.459,5.6,21.5,1
3.96,778,0.235,15.1,24.74,1
18.09,608,0.367,7.8,8.74,0
15.08,562,0.707,13.8,12.87,0
19.2,668,0.217,6.6,24.74,0
14.52,651,0.595,12.2,6.23,0
13.16,629,0.051,23.3,10.17,1
15.21,579,0.272,12.1,2.14,0
18.3,724,0.501,12.5,25.82,0
16.03,731,0.586,12.3,41.29,0
15.22,589,0.452,21.4,40.73,0
24.9,601,0.655,17.0,18.39,0
22.88,692,0.619,0.8,34.68,0
11.56,598,0.471,2.9,49.51,0
24.42,695,0.274,14.4,21.75,1
25.9,805,0.286,19.0,45.78,1
6.3,675,0.469,2.9,39.15,0
18.32,577,0.499,12.6,9.66,1
9.99,713,0.308,16.1,22.77,1
22.7,665,0.31,10.0,46.61,0
8.69,667,0.149,17.3,9.21,1
20.8,720,0.02,8.6,3.82,1
9.14,739,0.357,15.6,14.1,1
16.31,683,0.627,19.1,1.24,1
28.56,675,0.58,23.9,7.23,1
12.68,850,0.746,16.0,21.89,0
26.52,782,0.509,8.8,38.46,0
29.63,751,0.191,18.0,11.47,1
26.5,691,0.514,20.1,42.63,1
6.64,595,0.625,10.4,49.41,0
24.95,776,0.488,9.1,23.74,1
2.9,692,0.372,3.8,49.61,0
13.01,631,0.472,16.9,29.31,0
26.38,659,0.039,11.1,3.95,1
21.29,598,0.214,3.3,6.42,1
16.92,770,0.135,14.0,26.13,1
12.86,738,0.322,24.7,46.17,1
24.74,695,0.672,1.3,5.83,1
21.87,676,0.157,12.9,29.01,0
15.12,622,0.072,23.4,40.74,0
26.99,499,0.587,24.0,49.17,0
8.44,560,0.654,8.5,45.49,0
6.77,617,0.408,4.3,6.2,0
20.0,604,0.295,10.5,4.76,1
29.22,705,0.334,8.0,11.06,1
8.92,749,0.501,12.1,14.71,0
8.99,669,0.627,14.9,43.42,0
5.91,800,0.158,19.2,32.62,0
26.1,613,0.679,15.9,47.17,0
8.34,668,0.5,22.3,21.52,0
16.09,676,0.559,18.4,21.1,0
29.74,773,0.083,13.0,14.7,0
2.34,689,0.69,3.0,22.44,0
17.58,691,0.406,20.1,39.75,0
16.34,539,0.284,17.9,35.14,0
24.61,604,0.311,8.4,39.7,0
11.95,773,0.234,5.8,41.7,0
13.49,504,0.139,16.5,1.21,1
6.7,794,0.045,2.1,12.63,1
22.74,722,0.213,19.7,33.06,0
23.97,616,0.383,5.7,22.86,0
5.83,609,0.507,14.8,6.76,0
13.02,841,0.555,7.6,4.17,0
27.0,800,0.455,11.9,47.22,1
2.08,670,0.105,20.0,42.57,0
10.37,691,0.335,7.2,16.63,0
17.54,625,0.507,0.8,32.33,0
11.35,691,0.563,1.9,8.19,0
9.62,623,0.257,1.9,7.61,1
14.88,673,0.698,11.5,17.35,0
7.08,834,0.601,2.1,14.78,1
16.83,672,0.642,10.3,48.99,0
21.79,591,0.507,17.4,2.19,1
18.11,564,0.322,22.0,27.82,0
4.61,691,0.702,5.5,42.85,0
25.64,615,0.678,21.9,2.27,1
6.9,701,0.625,24.5,28.13,0
23.41,542,0.671,15.6,19.62,0
12.1,739,0.689,18.4,11.58,1
23.92,590,0.565,12.1,12.53,0
7.78,684,0.166,1.9,40.91,0
7.23,651,0.413,24.0,23.76,1
15.92,826,0.47,23.6,3.25,1
2.92,695,0.585,8.1,21.03,0
8.31,845,0.381,4.9,41.02,0
22.27,728,0.394,1.6,34.77,0
25.45,801,0.747,12.4,47.79,0
4.26,662,0.35,23.1,38.88,0
26.7,709,0.115,1.0,9.38,1
24.33,784,0.538,15.3,4.27,1
26.35,757,0.285,20.9,23.67,1
21.56,725,0.201,9.5,22.8,1
20.88,652,0.479,15.3,27.84,1
16.7,667,0.717,11.1,33.91,0
20.28,777,0.248,1.6,13.46,1
27.74,794,0.292,12.6,49.43,1
4.81,630,0.36,2.2,25.24,0
10.84,617,0.522,17.1,36.03,0
4.03,603,0.309,7.8,21.01,0
28.45,751,0.33,20.1,34.54,1
14.47,601,0.532,14.7,49.19,0
20.91,749,0.739,23.4,8.53,1
25.55,726,0.251,18.4,22.36,1
29.75,634,0.447,18.1,35.15,0
6.53,813,0.6,7.6,42.99,0
24.39,556,0.175,11.0,32.22,0
26.85,821,0.617,18.6,12.33,1
3.37,707,0.279,18.1,32.61,0
23.11,504,0.101,17.3,31.51,1
11.93,815,0.038,0.2,3.14,1
20.16,763,0.044,0.4,30.74,1
16.39,644,0.602,1.7,27.1,0
9.27,598,0.513,0.8,15.18,0
5.79,547,0.599,19.3,12.71,0
5.27,850,0.57,13.7,38.63,0
4.89,602,0.298,12.6,4.18,0
19.86,573,0.701,2.1,14.94,0
11.84,703,0.661,19.4,35.35,0
8.07,541,0.274,2.3,11.25,0
21.37,597,0.584,5.5,6.76,0
21.23,765,0.618,20.5,49.16,0
17.1,719,0.377,17.3,28.72,0
28.18,647,0.108,2.3,14.17,1
12.79,682,0.264,1.8,8.54,1
25.4,642,0.742,10.2,1.35,0
4.1,675,0.543,15.1,37.74,0
22.72,615,0.586,6.2,18.52,0
29.68,631,0.686,14.6,10.53,0
25.7,628,0.168,9.0,45.27,0
18.23,618,0.727,14.7,35.12,0
19.55,769,0.398,18.1,40.71,1
11.89,745,0.564,21.1,33.13,1
21.03,601,0.252,4.9,45.92,0
23.57,578,0.26,2.1,17.88,0
29.95,667,0.283,3.0,8.66,1
15.79,850,0.274,4.1,1.33,1
3.72,593,0.066,8.1,2.66,0
18.68,666,0.246,0.7,42.84,0
5.33,688,0.493,20.8,31.13,1
8.85,671,0.678,21.2,3.23,0
11.21,641,0.05,17.8,6.23,1
22.47,778,0.032,8.9,35.13,1
7.15,719,0.452,17.7,19.86,0
6.64,752,0.531,14.4,38.95,0
3.26,730,0.464,16.6,46.89,0
26.45,756,0.73,2.2,38.04,1
21.42,815,0.187,21.9,9.9,1
3.12,793,0.371,8.7,32.83,0
2.79,850,0.689,6.7,30.17,0
17.64,783,0.471,9.8,42.55,0
9.91,623,0.441,6.2,10.81,0
18.71,752,0.701,24.9,36.23,0
14.17,740,0.267,16.2,30.39,0
27.85,843,0.135,22.4,24.4,1
10.06,598,0.114,23.8,15.26,1
21.02,727,0.62,14.5,2.28,1
3.51,622,0.646,20.0,40.47,0
28.76,724,0.191,22.6,6.26,1
29.46,662,0.354,3.8,19.49,0
22.69,721,0.447,6.7,25.31,0
15.03,560,0.121,10.0,17.16,1
8.16,747,0.64,15.6,33.46,0
24.75,698,0.326,19.2,17.1,1
22.62,693,0.65,8.6,26.3,0
8.21,846,0.575,21.1,5.66,1
14.63,647,0.235,16.4,22.29,0
14.96,709,0.543,9.3,29.57,0
25.14,689,0.561,17.0,43.23,0
21.15,697,0.247,21.3,9.9,1
20.01,850,0.205,8.4,17.59,1
20.2,685,0.621,9.7,13.71,1
9.57,632,0.515,17.3,8.48,1
12.41,839,0.56,10.7,19.9,1
3.28,654,0.249,4.4,45.51,0
24.03,544,0.547,21.4,19.27,0
14.12,617,0.541,5.0,14.34,0
14.27,574,0.263,6.2,47.94,0
8.87,527,0.217,21.7,36.06,0
7.86,649,0.335,16.0,19.11,0
18.46,674,0.56,10.8,37.72,0
8.51,780,0.161,9.5,32.29,1
3.8,733,0.658,4.6,42.89,0
23.49,730,0.206,1.7,6.44,1
12.54,604,0.633,22.7,27.45,0
12.65,755,0.134,1.1,35.4,0
14.08,798,0.56,1.5,49.89,0
24.82,714,0.43,18.8,30.49,1
10.98,716,0.503,22.3,7.89,0
23.23,573,0.731,17.7,48.61,0
28.31,770,0.058,6.1,23.48,1
20.5,831,0.129,6.8,24.92,1
14.09,707,0.078,24.0,13.4,1
22.94,629,0.399,17.5,40.87,1
14.82,666,0.606,20.7,26.94,1
13.6,644,0.06,11.2,48.72,0
16.71,649,0.589,19.4,26.43,1
10.9,735,0.336,24.5,9.85,1
4.92,704,0.707,8.9,38.75,0
13.62,765,0.299,8.0,8.24,1
5.47,712,0.739,1.1,14.88,0
13.49,607,0.426,18.4,47.03,0
17.59,637,0.743,6.0,48.84,0
28.06,632,0.481,6.3,39.06,1
3.01,664,0.273,15.8,11.14,0
19.4,833,0.606,18.5,37.35,1
14.82,846,0.375,10.2,30.11,0
2.57,751,0.245,23.6,22.89,0
8.99,690,0.369,4.0,22.86,0
5.32,564,0.656,13.2,23.2,0
8.07,699,0.555,15.4,16.8,0
9.69,613,0.147,15.4,27.36,0
13.24,819,0.632,16.4,2.79,1
16.81,543,0.335,15.8,42.58,0
2.03,713,0.08,19.8,44.96,0
6.53,606,0.127,20.4,20.15,0
4.62,679,0.068,24.4,47.48,0
17.39,737,0.514,23.5,39.03,0
11.21,767,0.208,13.0,42.55,0
17.36,675,0.09,17.6,44.67,1
8.21,745,0.287,10.1,17.68,1
2.68,624,0.653,16.3,40.82,0
28.36,701,0.479,0.2,8.11,1
5.03,765,0.375,9.2,48.87,0
5.55,708,0.555,22.9,30.17,1
6.1,635,0.075,16.9,35.01,0
29.48,656,0.664,0.4,16.01,1
19.29,766,0.15,13.1,2.56,1
19.09,587,0.036,9.1,8.99,1
29.63,600,0.285,20.2,7.96,1
4.48,731,0.063,2.9,22.68,1
29.29,643,0.142,15.1,15.33,1
7.71,556,0.559,17.8,47.27,0
19.45,795,0.315,14.9,42.23,1
13.76,587,0.025,6.9,27.45,1
12.75,663,0.49,19.8,42.77,0
28.07,627,0.536,19.8,29.67,1
6.18,655,0.678,9.0,46.08,0
29.92,605,0.133,6.7,37.51,1
12.62,741,0.646,16.6,37.02,1
20.17,689,0.537,9.2,14.47,0
29.1,764,0.431,8.6,39.93,1
3.61,628,0.211,11.3,38.85,0
27.84,850,0.354,11.5,4.97,1
17.9,518,0.165,20.7,3.84,0
21.72,545,0.544,23.8,44.18,0
6.18,829,0.534,17.8,48.96,0
16.93,720,0.16,2.2,30.63,0
20.86,709,0.204,8.4,9.37,1
14.77,717,0.678,4.7,21.64,0
6.34,729,0.364,16.6,2.03,0
8.84,705,0.422,15.0,41.26,0
25.92,598,0.72,24.6,6.05,0
2.97,750,0.171,11.2,17.42,0
21.85,736,0.478,2.6,28.57,1
29.98,801,0.585,15.0,35.21,0
2.21,830,0.253,9.2,45.45,1
6.51,708,0.245,4.4,21.67,1
20.88,576,0.675,9.3,10.36,0
3.68,831,0.093,6.0,6.34,1
18.51,593,0.135,4.9,33.27,0
21.15,709,0.32,12.1,7.31,1
18.47,658,0.603,20.3,33.25,0
12.23,643,0.352,22.1,23.36,0
21.52,745,0.218,6.5,21.41,1
18.64,701,0.327,11.2,13.78,1
7.81,724,0.345,21.1,45.19,1
17.77,611,0.551,24.7,36.09,1
26.69,665,0.654,21.2,26.71,1
20.67,615,0.255,12.4,21.77,1
15.21,663,0.537,21.8,18.66,1
11.0,670,0.532,17.7,20.56,0
4.4,837,0.58,2.8,42.83,0
8.85,658,0.44,2.1,21.65,0
2.31,499,0.031,23.4,1.22,0
29.63,799,0.499,23.1,46.24,1
8.23,718,0.467,11.5,30.05,0
24.82,669,0.466,16.5,9.12,1
6.72,643,0.225,7.6,7.2,1
9.94,600,0.091,17.5,19.45,0
13.71,845,0.158,11.2,31.0,1
11.08,684,0.178,8.7,47.02,0
24.35,532,0.147,11.0,3.67,0
28.82,708,0.199,11.4,18.29,1
26.51,783,0.07,23.6,13.6,1
6.3,693,0.217,22.1,21.64,0
23.75,603,0.748,4.9,39.81,0
6.14,596,0.393,7.0,8.77,1
27.57,602,0.271,7.5,46.81,0
16.5,809,0.546,0.3,13.57,1
11.42,674,0.363,13.3,37.88,0
6.4,537,0.042,12.1,32.33,0
2.33,713,0.42,3.1,27.84,0
8.94,692,0.242,24.8,42.35,1
27.59,642,0.437,19.0,30.75,0
24.32,593,0.146,4.6,39.34,0
29.15,590,0.372,17.6,29.87,1
4.82,772,0.161,8.5,36.3,0
18.58,701,0.238,15.8,3.33,1
9.2,721,0.522,11.8,32.61,0
17.2,701,0.186,3.5,44.56,0
10.97,708,0.325,11.5,32.87,0
9.94,640,0.073,24.0,41.09,1
18.07,663,0.522,18.7,49.56,1
7.13,779,0.413,15.7,8.66,1
15.14,800,0.614,21.1,34.77,0
20.22,576,0.411,20.7,44.96,0
5.59,662,0.746,22.2,2.41,0
28.06,751,0.196,2.7,9.51,1
16.16,840,0.562,3.2,13.23,1
24.95,831,0.336,20.0,44.13,1
20.31,612,0.294,24.9,48.88,0
21.88,788,0.554,14.1,45.76,0
22.05,685,0.718,24.1,24.23,0
26.5,769,0.572,16.6,33.72,0
19.18,747,0.261,2.1,6.09,1
9.79,573,0.392,23.2,48.97,0
4.79,727,0.179,21.0,47.26,0
18.98,765,0.473,13.4,30.22,1
3.86,678,0.314,18.6,8.01,0
8.76,659,0.187,8.8,47.42,0
3.7,546,0.035,15.4,44.89,0
17.37,738,0.695,10.3,49.54,1
6.49,698,0.078,13.2,25.88,0
19.09,602,0.26,15.9,18.06,0
24.14,652,0.159,1.3,19.48,1
25.01,693,0.381,2.4,25.36,0
10.67,633,0.162,2.1,45.7,0
17.37,680,0.557,14.9,7.31,1
17.76,531,0.184,10.3,32.78,1
15.24,795,0.155,12.5,45.84,1
20.34,681,0.178,12.5,14.41,1
7.88,587,0.237,1.0,26.74,0
29.42,471,0.489,19.9,39.93,0
4.75,767,0.173,17.5,26.22,1
25.22,727,0.529,17.2,26.85,1
18.63,698,0.334,0.9,38.56,1
8.86,753,0.164,16.3,9.07,1
22.88,753,0.195,12.5,36.03,1
4.37,697,0.405,19.0,45.78,0
23.68,658,0.296,2.4,5.99,0
18.52,645,0.395,18.7,3.95,1
5.1,716,0.613,24.0,5.29,1
4.23,799,0.053,21.3,37.03,1
23.02,671,0.307,22.4,20.17,1
10.2,806,0.323,1.9,23.76,1
26.9,712,0.203,13.2,36.69,1
23.34,712,0.343,6.2,26.63,0
21.55,850,0.434,13.6,30.41,0
9.8,820,0.447,17.7,42.68,0
21.85,823,0.509,18.7,23.11,1
28.55,612,0.076,24.8,43.87,1
4.56,850,0.356,23.9,26.64,1
11.13,673,0.573,6.2,20.69,0
8.57,661,0.352,22.9,13.79,1
13.01,496,0.499,22.1,36.79,0
22.79,708,0.451,18.1,31.48,1
15.28,588,0.359,6.4,40.6,0
17.98,715,0.078,4.7,27.79,1
10.8,581,0.482,10.9,43.48,0
5.96,833,0.41,1.0,15.08,1
9.47,727,0.024,7.1,36.79,0
26.07,850,0.171,1.8,20.27,1
18.87,593,0.065,13.1,6.58,1
12.58,812,0.436,15.4,26.89,0
24.12,527,0.031,2.8,12.34,1
3.8,698,0.635,21.8,4.03,0
9.11,626,0.712,2.4,18.8,0
8.44,642,0.732,9.9,48.9,0
29.59,636,0.185,12.5,44.81,1
21.77,602,0.381,14.6,49.01,0
19.3,573,0.671,8.0,2.4,0
2.14,642,0.522,17.8,8.49,0
7.16,690,0.238,8.5,12.52,1
19.8,779,0.629,6.3,37.1,1
12.63,705,0.439,11.3,48.93,0
27.88,779,0.553,2.8,20.91,1
23.41,554,0.728,24.2,29.6,0
14.53,643,0.748,13.8,5.33,0
22.99,740,0.389,3.6,31.83,0
29.31,709,0.134,19.9,45.1,1
14.91,607,0.472,18.0,33.3,0
19.99,759,0.49,10.8,33.01,1
27.72,635,0.438,24.6,24.89,0
8.96,614,0.328,12.5,23.05,0
26.82,721,0.445,5.3,19.12,1
4.73,681,0.41,19.8,41.19,0
20.16,636,0.71,23.2,32.59,0
23.92,633,0.631,6.6,15.68,1
19.21,589,0.307,0.2,26.38,0
15.87,646,0.437,15.2,6.67,1
19.29,774,0.433,18.3,3.24,1
6.25,701,0.393,6.5,7.68,1
8.04,761,0.062,24.1,43.51,1
9.56,724,0.54,4.2,13.6,0
18.74,628,0.554,20.0,48.19,0
14.37,540,0.373,21.9,17.58,0
8.85,601,0.678,4.3,21.08,0
26.72,623,0.738,12.5,40.79,0
12.47,616,0.613,0.7,11.97,0
14.49,763,0.697,16.0,45.56,0
13.47,763,0.376,13.7,33.02,1
7.09,850,0.687,19.5,4.04,1
22.49,615,0.703,12.5,47.87,0
14.56,816,0.475,8.8,15.09,0
2.46,815,0.13,3.4,12.37,1
28.99,660,0.131,1.3,45.01,0
24.84,720,0.365,13.2,16.94,1
22.26,785,0.557,23.0,36.41,1
26.33,675,0.386,19.2,2.67,1
27.39,668,0.604,9.8,46.13,0
11.45,627,0.582,24.6,21.05,1
19.11,479,0.169,4.6,9.75,0
19.05,686,0.117,24.9,49.08,1
9.48,620,0.535,5.8,37.35,0
8.21,589,0.254,4.2,39.88,0
5.19,716,0.7,21.5,25.54,0
20.46,557,0.654,11.7,34.74,0
23.87,749,0.349,22.3,15.25,1
23.31,721,0.444,18.7,26.39,1
10.86,646,0.638,3.9,19.65,0
7.75,675,0.656,3.0,21.83,0
14.7,579,0.427,11.2,1.21,1
17.31,744,0.729,14.0,40.73,0
27.73,696,0.4,10.6,11.68,1
26.5,702,0.05,5.3,24.2,1
27.65,723,0.431,5.4,33.29,1
25.81,625,0.587,12.7,2.69,0
29.01,551,0.739,0.4,17.78,0
15.03,761,0.097,11.0,13.93,1
3.33,739,0.342,0.8,7.51,0
4.34,634,0.448,21.8,40.86,0
12.93,715,0.663,15.5,27.54,0
9.22,787,0.543,4.0,23.36,0
6.76,777,0.189,19.2,7.49,0
28.69,632,0.647,12.3,26.19,0
7.47,553,0.505,12.8,14.1,0
28.86,568,0.673,6.4,7.2,0
23.3,654,0.629,9.8,26.81,1
19.95,804,0.114,22.0,34.41,1
20.93,618,0.721,3.7,3.78,0
11.28,629,0.352,15.6,3.75,1
20.1,628,0.737,5.4,37.19,0
7.23,635,0.157,11.1,11.13,0
28.26,679,0.599,13.3,8.53,0
10.45,571,0.243,3.0,48.14,0
9.15,772,0.053,2.0,9.82,1
21.91,668,0.746,12.1,34.55,0
20.38,850,0.242,10.2,40.93,1
14.64,580,0.079,23.0,17.11,1
19.71,815,0.648,17.4,23.69,0
6.47,798,0.335,22.4,28.15,0
20.85,645,0.441,23.2,10.83,1
9.58,646,0.739,0.5,15.5,0
9.64,602,0.371,22.0,48.19,0
6.54,603,0.069,24.0,14.4,0
11.31,680,0.525,11.3,40.8,0
11.28,682,0.539,15.9,27.22,1
14.72,544,0.162,8.6,32.64,0
7.33,850,0.418,2.5,23.41,0
7.4,658,0.29,6.6,29.83,0
17.17,686,0.056,2.0,27.46,0
5.61,627,0.247,12.2,24.61,0
21.29,657,0.684,16.3,40.34,0
28.43,650,0.239,0.1,44.13,0
13.95,680,0.183,5.7,13.52,1
27.23,679,0.707,1.8,7.66,0
4.75,748,0.299,24.1,40.75,0
3.2,699,0.707,20.1,11.38,0
22.2,740,0.663,0.8,43.45,0
23.31,679,0.363,20.3,6.03,1
25.61,700,0.301,20.7,5.46,1
3.59,659,0.121,20.1,9.9,0
23.75,765,0.159,22.0,1.58,1
12.54,707,0.19,11.7,37.63,1
10.49,667,0.363,6.0,20.46,0
6.84,664,0.292,21.8,47.32,0
29.89,671,0.604,20.9,18.9,1
3.78,683,0.237,6.9,35.45,0
25.16,675,0.33,14.5,34.47,0
19.91,632,0.11,13.9,16.91,1
22.58,745,0.218,12.2,44.74,1
21.93,750,0.592,15.2,20.5,1
26.04,832,0.536,2.1,28.02,1
7.15,629,0.314,11.4,20.51,0
2.02,737,0.442,7.0,22.33,0
18.76,518,0.355,0.1,3.68,0
11.91,750,0.674,13.0,16.2,1
5.47,556,0.308,9.1,47.47,0
7.21,596,0.547,10.8,41.74,0
11.29,708,0.18,2.8,44.13,0
3.97,627,0.337,12.6,35.93,0
3.59,616,0.406,6.8,33.01,1
27.65,639,0.096,0.0,45.03,1
10.74,742,0.449,19.5,27.36,0
29.5,601,0.44,15.7,45.88,0
29.0,675,0.136,13.2,21.34,1
5.99,648,0.749,15.6,30.28,0
22.02,750,0.088,8.1,24.11,1
18.82,752,0.674,3.1,1.93,0
21.34,524,0.379,8.9,10.75,1
4.69,769,0.183,19.7,46.47,0
7.28,628,0.102,15.2,30.31,0
4.15,700,0.531,19.8,3.28,1
18.92,600,0.571,22.6,48.39,0
29.62,712,0.512,6.2,46.47,0
20.82,850,0.327,22.9,35.89,1
21.9,691,0.146,16.6,14.87,1
29.57,641,0.596,14.0,15.45,1
20.98,660,0.656,12.6,43.4,0
3.13,555,0.306,11.7,3.97,1
26.28,803,0.634,1.8,12.63,1
12.21,707,0.484,1.4,9.15,1
2.12,591,0.405,8.3,36.1,0
16.2,594,0.466,5.1,19.71,0
28.24,681,0.099,2.2,45.88,1
9.21,759,0.112,0.6,40.34,0
15.76,582,0.55,24.5,49.25,0
6.87,775,0.728,5.3,15.65,0
3.62,672,0.391,24.6,24.27,1
4.26,601,0.059,13.6,33.33,1
22.36,640,0.07,4.8,48.76,1
26.19,829,0.361,3.6,17.89,1
6.01,562,0.5,5.0,17.02,0
10.07,618,0.133,9.1,31.71,1
7.46,761,0.044,5.1,33.6,0
2.75,698,0.553,20.7,10.26,0
17.5,613,0.127,9.2,23.27,0
21.6,762,0.34,13.2,19.49,1
20.14,766,0.556,12.5,21.64,1
12.87,708,0.111,16.5,7.88,1
17.54,628,0.343,24.9,32.76,1
4.63,641,0.101,11.1,10.19,0
6.32,704,0.274,8.1,2.25,0
28.09,568,0.686,24.4,25.3,0
23.32,793,0.521,24.9,2.89,1
27.84,825,0.037,19.5,33.64,1
27.67,660,0.118,19.9,30.12,1
20.18,710,0.234,10.2,28.77,0
27.99,781,0.674,13.5,5.67,1
13.67,846,0.565,8.8,7.07,1
2.1,812,0.471,15.5,33.6,0
3.75,532,0.131,20.6,2.58,1
5.07,653,0.698,9.4,6.68,0
4.67,723,0.61,13.4,38.42,0
11.85,638,0.195,19.4,9.18,0
21.64,832,0.315,5.2,25.29,1
24.14,818,0.333,15.3,5.83,1
18.53,611,0.449,19.4,12.52,0
6.1,666,0.294,1.3,44.09,0
22.94,616,0.173,6.3,37.91,0
11.93,663,0.507,0.6,10.24,0
2.36,661,0.515,0.2,11.51,0
9.86,761,0.343,11.9,24.22,1
11.26,604,0.375,17.5,31.98,0
9.68,458,0.057,9.6,29.53,0
24.73,544,0.353,15.5,14.95,1
23.28,593,0.604,4.8,47.39,0
21.48,624,0.452,20.9,41.92,0
5.89,696,0.692,9.1,32.93,0
24.62,588,0.543,17.7,45.49,0
20.96,577,0.588,3.2,15.41,0
7.46,601,0.355,20.5,15.69,0
20.15,585,0.147,13.0,16.14,0
15.54,633,0.686,24.3,8.86,1
14.3,629,0.501,10.1,7.86,1
5.14,739,0.684,21.8,45.55,0
16.51,596,0.471,10.3,43.03,0
4.8,650,0.352,2.7,27.9,0
6.6,634,0.118,17.2,33.37,0
5.71,749,0.31,4.6,12.69,0
28.72,667,0.456,20.0,2.12,1
9.98,769,0.699,8.4,22.64,0
11.95,582,0.625,18.9,33.81,0
11.02,676,0.395,12.0,34.31,0
27.15,631,0.347,13.4,30.61,1
17.76,576,0.044,18.4,46.34,0
27.74,674,0.276,16.6,11.26,1
10.4,827,0.736,16.6,13.92,1
5.22,608,0.561,16.5,4.9,0
17.57,669,0.403,14.6,46.88,0
11.68,568,0.649,20.2,23.28,0
24.45,556,0.037,7.5,20.68,1
26.62,613,0.719,4.5,49.3,0
15.23,642,0.531,18.4,21.96,0
29.2,646,0.03,13.5,17.41,1
17.48,661,0.535,22.5,11.23,1
9.59,540,0.081,24.1,22.55,0
15.69,627,0.487,21.7,34.6,0
3.04,723,0.24,13.7,45.79,0
24.51,565,0.175,18.9,10.37,0
4.84,650,0.478,8.4,34.92,0
10.64,705,0.337,0.4,1.32,0
17.83,614,0.067,19.5,40.24,0
3.2,709,0.62,19.5,14.73,0
4.22,551,0.214,0.2,2.92,0
21.49,756,0.471,21.6,20.32,1
4.01,711,0.465,22.0,44.73,0
15.36,685,0.061,8.0,12.41,0
11.48,776,0.748,0.4,15.08,0
8.39,652,0.347,21.9,9.22,0
7.29,627,0.17,1.8,49.1,0
23.38,797,0.339,5.8,22.2,1
28.64,836,0.46,13.6,47.44,1
5.93,621,0.022,20.4,5.5,0
28.87,670,0.239,19.5,22.98,1
18.65,769,0.412,17.0,24.24,1
19.97,673,0.527,20.7,13.54,1
21.88,731,0.249,17.1,25.37,1
21.72,746,0.315,15.9,18.18,1
24.95,632,0.181,4.2,13.08,0
15.54,716,0.234,11.0,18.9,1
16.93,679,0.522,11.3,32.12,0
11.07,577,0.266,0.5,23.94,0
4.95,596,0.224,10.1,21.05,0
20.61,625,0.238,5.7,42.82,0
2.94,759,0.467,2.2,32.6,0
9.72,762,0.429,13.7,32.21,0
4.64,744,0.317,5.9,11.89,0
7.34,717,0.482,4.8,37.75,0
19.88,715,0.489,19.7,2.81,0
19.6,704,0.03,20.3,11.47,1
13.79,715,0.268,16.5,21.23,0
4.52,720,0.198,4.7,44.57,0
14.13,561,0.625,15.8,2.37,0
11.88,613,0.221,17.8,22.8,0
22.17,593,0.252,5.8,6.87,1
18.21,774,0.413,3.3,12.27,1
15.76,821,0.42,10.8,20.86,1
15.64,496,0.612,10.6,5.83,1
29.06,813,0.303,3.8,41.64,1
23.18,687,0.225,4.8,5.06,1
15.92,766,0.464,12.5,29.68,1
15.42,723,0.552,13.2,9.0,1
2.74,802,0.745,13.4,6.22,0
28.39,698,0.471,24.6,23.67,1
10.94,564,0.378,1.0,17.93,0
9.17,671,0.117,19.7,3.22,1
29.98,724,0.74,8.8,4.18,1
22.12,662,0.52,18.8,15.66,0
3.33,736,0.14,18.4,39.36,0
3.73,674,0.356,15.5,42.72,0
2.71,629,0.429,15.8,4.25,0
18.79,588,0.178,16.6,9.41,1
4.0,647,0.555,18.7,17.62,0
28.13,697,0.495,3.3,32.85,1
28.23,513,0.191,9.0,14.97,1
17.29,614,0.743,21.1,11.87,0
19.27,510,0.713,13.7,29.83,0
10.17,628,0.214,3.4,34.39,0
3.79,782,0.343,24.0,24.89,1
22.65,579,0.673,24.7,33.75,0
4.85,740,0.317,12.8,1.2,0
4.4,850,0.717,13.3,17.07,0
10.71,804,0.166,7.3,30.86,0
2.35,691,0.549,12.9,32.9,0
14.15,753,0.458,24.2,10.53,1
21.82,564,0.273,6.4,17.27,0
24.44,546,0.544,7.6,12.09,0
18.92,682,0.038,22.4,45.03,1
25.71,714,0.189,9.6,15.51,1
13.38,773,0.211,24.3,44.22,1
25.77,632,0.106,8.7,44.3,0
16.18,696,0.045,0.1,26.76,0
8.25,694,0.278,23.8,43.67,0
28.44,669,0.179,5.9,4.76,0
9.7,674,0.117,17.4,7.18,1
2.73,607,0.135,1.2,20.93,0
8.79,704,0.623,18.7,34.9,1
12.27,697,0.089,5.5,48.56,0
11.84,643,0.549,20.0,23.88,0
16.69,737,0.059,24.2,1.36,1
26.73,767,0.05,1.1,9.89,1
10.19,738,0.343,9.2,22.46,0
16.58,591,0.299,17.9,34.81,1
11.52,688,0.418,24.9,29.74,1
25.01,603,0.533,9.1,43.93,0
6.41,688,0.246,24.9,14.01,1
4.9,603,0.162,22.5,27.46,0
16.08,789,0.62,18.0,8.07,1
20.81,747,0.141,9.5,32.62,1
24.27,778,0.603,13.4,38.36,1
18.51,769,0.449,18.0,26.16,1
23.67,657,0.231,17.1,22.96,1
13.0,644,0.249,7.2,10.11,0
2.92,828,0.291,13.9,46.77,1
5.25,666,0.451,20.9,30.7,0
3.08,565,0.735,11.9,40.94,0
11.21,766,0.252,14.2,2.19,1
15.87,692,0.708,8.2,13.31,0
11.98,808,0.17,4.0,24.64,0
17.7,701,0.102,1.6,27.28,0
15.46,678,0.408,10.2,20.84,1
20.98,810,0.733,15.8,17.53,1
20.67,549,0.374,19.0,23.07,1
10.91,630,0.604,2.1,18.93,0
11.69,605,0.365,8.0,2.96,0
18.38,493,0.641,20.2,34.94,0
18.7,754,0.613,2.8,38.79,1
10.81,633,0.521,24.8,16.25,1
11.25,757,0.469,15.8,48.33,0
21.43,713,0.398,23.5,49.36,1
20.13,732,0.718,18.3,28.86,0
5.78,641,0.427,24.1,39.91,1
14.35,615,0.266,16.6,27.73,1
27.0,688,0.664,6.7,13.79,0
3.02,758,0.502,20.0,4.43,1
25.94,676,0.427,5.7,17.88,0
6.57,620,0.518,14.1,10.08,0
16.2,578,0.275,9.3,46.19,0
13.88,697,0.327,20.0,48.59,1
2.28,633,0.163,19.0,27.05,0
27.63,674,0.644,21.6,28.6,0
14.74,660,0.506,6.2,46.59,0
28.72,642,0.622,24.9,37.63,0
10.03,705,0.252,20.1,8.94,1
26.26,727,0.747,9.7,47.65,0
27.83,847,0.281,3.2,29.0,1
17.59,744,0.278,8.7,2.01,0
7.67,815,0.721,2.7,10.61,0
21.19,610,0.498,15.4,40.04,1
17.37,544,0.701,2.8,7.26,0
28.45,679,0.475,10.8,42.71,0
14.3,753,0.2,16.7,39.53,1
9.52,740,0.305,11.3,2.73,1
5.87,783,0.647,22.0,17.22,0
21.56,464,0.377,6.0,25.84,0
29.28,787,0.538,13.1,4.73,1
2.79,709,0.142,22.8,29.4,1
22.73,549,0.312,8.8,49.03,0
27.95,741,0.633,11.8,30.41,0
4.09,694,0.707,23.3,25.19,0
5.08,712,0.257,12.5,43.48,0
21.37,765,0.146,21.6,48.23,1
20.14,717,0.037,23.5,45.16,1
3.93,555,0.113,6.4,2.81,0
25.36,668,0.63,19.6,5.88,1
16.66,543,0.353,16.3,31.16,0
27.4,735,0.233,24.7,12.11,1
26.58,799,0.586,14.6,26.53,1
24.75,574,0.599,19.8,42.09,0
16.45,623,0.284,8.6,46.98,0
9.05,605,0.678,15.2,17.35,0
16.17,641,0.358,19.5,42.59,0
4.82,715,0.211,24.2,25.7,1
20.45,642,0.677,6.3,33.27,0
5.75,735,0.132,2.0,7.15,1
16.31,771,0.747,24.4,4.1,1
3.52,774,0.468,15.1,39.24,1
10.39,585,0.688,0.4,30.32,0
8.5,798,0.151,13.0,41.37,1
19.36,805,0.304,23.4,6.67,1
24.03,812,0.657,24.6,9.42,1
3.6,667,0.631,8.1,4.09,0
25.81,616,0.656,19.5,32.86,0
26.1,596,0.225,11.5,31.16,1
11.58,586,0.471,10.0,21.85,0
20.45,681,0.304,19.0,7.63,1
13.27,752,0.254,6.7,2.17,1
6.32,791,0.4,10.7,13.69,1
16.8,639,0.542,6.2,1.14,1
4.42,677,0.399,3.6,47.49,0
26.6,671,0.188,9.5,9.34,1
27.88,626,0.609,24.0,14.01,1
25.01,743,0.734,10.5,40.13,1
17.75,711,0.285,17.1,49.75,0
17.61,692,0.64,7.1,31.41,0
29.57,710,0.651,21.6,13.41,1
8.94,732,0.21,15.6,23.19,1
4.13,731,0.535,23.8,3.92,0
17.73,609,0.705,8.1,6.34,0
11.21,756,0.56,13.5,35.77,0
11.03,702,0.042,4.8,41.64,0
2.2,643,0.461,3.4,14.24,0
18.69,700,0.588,14.6,37.18,0
9.39,709,0.471,20.1,32.38,0
7.26,772,0.041,5.0,25.97,0
3.13,591,0.108,17.6,15.17,1
12.2,793,0.605,16.8,49.28,0
26.61,682,0.376,12.1,13.15,1
11.43,637,0.719,19.2,11.23,0
21.01,634,0.323,14.8,6.39,1
23.18,595,0.62,23.7,33.29,1
11.19,532,0.046,19.1,45.16,0
25.01,738,0.634,22.2,7.57,1
21.37,848,0.647,9.0,6.12,1
17.66,543,0.284,20.3,45.32,0
2.03,599,0.246,24.8,33.37,0
2.98,744,0.684,4.1,48.48,0
29.74,676,0.588,12.8,35.8,0
23.9,751,0.457,21.6,38.81,1
28.25,671,0.339,9.9,23.62,1
27.26,631,0.686,12.7,12.68,0
2.57,661,0.565,18.7,28.89,0
24.17,478,0.324,20.6,18.55,0
14.63,583,0.383,5.0,24.02,0
24.11,761,0.092,9.8,26.27,1
2.19,781,0.612,9.9,2.3,0
10.07,800,0.634,3.8,30.82,0
23.04,717,0.28,2.3,18.57,0
24.2,488,0.246,18.6,40.79,0
19.35,626,0.204,21.3,3.76,1
10.44,793,0.147,23.8,28.25,1
10.69,818,0.712,23.9,18.64,1
29.07,796,0.574,24.9,5.57,1
14.3,660,0.336,2.1,21.27,0
14.52,569,0.1,9.9,21.05,0
17.47,677,0.122,2.1,37.91,0
13.47,681,0.538,16.9,8.45,1
17.47,813,0.168,24.3,41.69,1
14.11,699,0.274,0.9,3.35,1
25.15,681,0.719,13.2,26.27,0
27.45,686,0.444,13.3,32.8,1
28.1,714,0.61,4.1,1.7,1
17.8,733,0.096,20.8,4.39,1
14.38,618,0.261,9.9,14.4,1
21.75,590,0.674,10.5,19.69,0
25.47,796,0.612,24.0,17.98,1
17.76,541,0.548,6.2,48.59,0
21.6,819,0.449,9.6,9.18,1
22.99,518,0.216,19.3,44.65,0
20.94,630,0.447,12.0,47.28,0
22.89,763,0.057,15.1,9.6,1
7.84,680,0.168,11.9,38.17,0
15.95,568,0.398,7.1,49.91,0
18.47,716,0.021,4.1,13.14,1
2.07,686,0.19,21.3,25.63,1
25.97,662,0.131,6.9,38.18,1
19.08,627,0.272,24.9,37.0,1
5.62,677,0.647,0.3,41.83,0
24.86,631,0.712,22.0,18.06,1
22.08,850,0.14,23.7,6.91,1
23.23,660,0.189,1.5,34.14,0
12.98,648,0.638,15.7,17.64,0
25.92,634,0.146,19.6,32.66,1
13.59,831,0.561,15.4,24.2,1
17.97,541,0.082,22.0,23.47,1
2.02,711,0.493,3.3,44.19,0
20.06,660,0.214,23.7,32.38,0
22.11,559,0.567,13.8,31.6,0
17.88,610,0.399,8.6,48.57,0
15.9,707,0.151,13.1,14.22,1
24.68,607,0.314,8.5,34.74,0
21.08,702,0.395,11.4,18.42,1
9.79,827,0.747,3.9,30.35,0
28.85,695,0.371,21.1,41.04,1
21.8,556,0.13,9.7,46.22,1
29.66,608,0.425,11.7,21.93,0
29.2,656,0.181,22.7,41.77,1
27.73,650,0.662,22.7,17.42,1
23.15,693,0.629,19.7,33.39,1
19.06,707,0.114,0.8,44.0,1
6.82,827,0.45,22.7,34.59,0
17.21,680,0.528,4.7,35.58,0
23.43,582,0.204,11.0,42.04,0
16.58,778,0.477,22.6,13.37,1
26.31,787,0.358,2.4,37.6,1
5.07,700,0.372,3.3,32.24,0
12.67,659,0.422,14.4,27.75,0
16.17,733,0.436,11.7,48.78,1
14.11,662,0.538,9.7,21.21,0
5.04,505,0.35,20.2,12.51,0
6.3,728,0.548,22.4,42.12,0
25.45,756,0.375,24.8,10.07,1
15.56,802,0.504,3.1,37.52,1
3.36,618,0.212,16.9,46.48,0
2.46,699,0.415,21.8,41.26,0
15.26,701,0.362,6.0,32.02,1
6.6,687,0.241,12.0,46.23,0
21.74,690,0.065,0.2,24.96,1
24.27,683,0.392,3.4,4.71,1
8.39,698,0.027,3.1,37.01,0
18.58,743,0.305,17.7,36.13,1
6.32,784,0.291,15.6,43.4,0
10.5,616,0.483,1.0,20.9,0
26.89,665,0.741,14.9,8.11,0
17.23,644,0.646,1.7,6.03,0
26.8,632,0.732,5.1,17.92,0
8.31,543,0.714,22.5,39.86,0
11.24,682,0.074,11.2,26.55,1
15.19,721,0.226,19.5,9.35,1
15.44,667,0.237,7.9,12.85,0
29.93,679,0.072,2.8,18.07,1
5.2,716,0.638,22.2,24.53,0
25.86,800,0.674,4.1,42.13,0
26.18,644,0.462,8.7,49.62,0
17.49,580,0.67,17.5,30.36,0
11.63,672,0.541,14.8,20.07,0
16.54,840,0.342,23.2,9.99,1
10.19,581,0.129,24.7,26.04,0
24.38,735,0.72,3.7,31.04,0
15.95,778,0.525,5.7,17.02,0
27.92,479,0.279,16.0,16.87,1
19.44,715,0.114,3.7,41.6,0
16.4,731,0.603,13.6,33.34,0
21.91,657,0.605,9.3,23.06,1
16.11,625,0.416,22.2,28.33,1
27.33,630,0.75,23.0,25.73,0
7.16,652,0.302,6.5,9.54,1
29.25,654,0.708,2.4,43.65,0
24.74,638,0.48,24.8,5.46,1
26.1,651,0.558,3.7,11.44,1
15.52,781,0.689,4.3,28.52,0
25.44,577,0.627,6.3,23.6,0
10.59,531,0.231,8.5,30.17,0
23.33,783,0.653,3.7,46.07,0
5.93,664,0.414,8.1,15.01,0
10.6,647,0.053,0.6,8.38,0
14.48,671,0.512,20.0,6.94,1
11.02,698,0.385,6.6,3.89,0
12.84,635,0.412,20.4,39.75,1
24.96,723,0.32,16.2,23.42,1
9.19,598,0.067,12.0,13.53,1
22.87,654,0.152,24.3,34.03,1
4.06,492,0.572,9.7,39.09,0
23.44,780,0.191,4.5,46.92,0
24.18,665,0.478,14.4,20.57,0
13.25,737,0.416,3.5,34.78,0
22.23,721,0.182,6.9,14.26,1
27.62,727,0.225,22.7,43.41,1
24.42,679,0.3,22.3,45.53,0
12.93,713,0.663,11.6,31.88,1
15.56,598,0.707,12.0,33.29,0
23.82,580,0.302,14.2,33.32,1
10.19,671,0.054,2.1,29.99,1
24.51,622,0.459,6.3,22.5,1
11.19,801,0.325,14.5,37.28,1
24.57,712,0.379,8.0,48.85,0
4.43,619,0.343,5.3,37.54,0
3.24,657,0.498,16.2,16.17,0
29.93,691,0.242,14.2,25.52,1
26.34,674,0.672,8.2,30.26,0
26.72,703,0.328,23.4,5.03,1
28.64,686,0.269,19.4,25.11,1
14.27,562,0.694,14.9,6.02,0
10.03,497,0.281,5.2,26.02,0
5.64,648,0.081,16.2,5.26,0
16.03,728,0.133,17.2,18.71,1
8.16,649,0.541,14.5,47.77,0
28.2,785,0.43,15.9,1.37,1
2.11,676,0.41,4.1,14.44,0
6.01,795,0.08,8.4,19.22,1
8.9,778,0.14,22.3,29.91,1
7.57,769,0.309,3.4,48.31,0
8.32,578,0.347,14.7,32.35,0
20.37,681,0.295,22.4,44.8,0
11.17,784,0.387,0.4,8.97,1
19.22,703,0.555,24.2,15.14,0
26.93,727,0.484,22.1,44.47,1
18.87,562,0.466,17.9,1.25,0
21.45,843,0.427,17.7,23.24,1
12.23,613,0.167,21.7,23.19,0
6.47,510,0.461,4.3,47.37,0
10.98,650,0.136,17.5,23.01,0
29.0,472,0.54,8.6,45.41,1
19.41,588,0.35,21.9,29.68,1
9.77,850,0.444,13.3,15.7,1
14.63,648,0.65,19.1,8.27,0
25.39,559,0.292,4.2,25.02,0
20.72,682,0.093,6.1,1.86,1
17.7,604,0.671,21.0,17.43,0
26.78,753,0.286,9.9,26.63,1
20.83,604,0.317,13.2,28.36,0
20.0,703,0.236,18.1,22.75,1
7.31,582,0.327,4.2,48.23,0
4.98,850,0.4,7.6,8.26,1
29.02,723,0.636,8.1,49.88,0
18.77,668,0.546,22.9,34.88,1
13.64,655,0.395,3.4,41.42,0
18.49,633,0.578,9.3,32.08,1
3.73,615,0.639,24.0,11.53,0
25.02,613,0.062,20.9,37.78,0
8.07,823,0.452,16.8,42.56,1
24.53,633,0.052,13.7,37.84,1
16.96,499,0.245,21.0,43.82,0
9.74,581,0.577,23.7,4.11,0
2.85,759,0.598,23.1,48.14,1
24.84,659,0.665,16.0,47.02,0
6.94,669,0.384,18.2,44.95,1
3.45,779,0.081,19.4,32.23,1
23.16,614,0.113,20.2,42.49,1
11.8,734,0.198,18.3,30.64,1
12.9,623,0.292,4.5,25.12,1
8.92,729,0.404,19.0,46.62,1
26.06,647,0.492,9.8,11.17,0
10.33,659,0.139,5.0,42.73,0
7.89,750,0.158,2.6,22.59,0
10.66,744,0.146,6.0,15.31,0
7.69,666,0.571,12.7,25.8,0
10.89,640,0.241,6.2,32.23,0
4.32,816,0.142,16.6,9.95,1
6.44,730,0.335,24.1,37.81,0
13.68,647,0.201,1.1,20.34,0
26.63,624,0.29,3.3,35.48,0
3.6,767,0.622,6.2,8.7,0
7.95,690,0.264,20.1,3.74,0
27.43,666,0.148,6.8,8.92,0
26.92,690,0.19,4.8,9.85,1
21.02,709,0.045,3.8,38.32,1
8.73,675,0.678,3.7,25.14,0
13.75,782,0.529,18.0,38.44,0
7.91,787,0.358,17.7,37.6,1
5.6,725,0.429,7.8,13.02,0
12.64,797,0.205,11.2,45.63,1
18.12,681,0.315,15.7,38.68,0
12.08,739,0.253,24.4,5.18,1
19.1,765,0.622,18.6,29.04,1
10.3,767,0.563,20.1,21.22,1
11.68,758,0.227,24.4,23.51,0
24.14,734,0.576,9.5,18.99,0
26.59,846,0.089,1.7,25.32,1
11.02,634,0.168,18.7,18.42,1
18.0,667,0.098,3.0,23.68,0
9.79,662,0.194,11.0,27.69,0
3.49,649,0.185,18.5,36.8,0
22.66,511,0.677,14.0,8.42,0
6.79,797,0.259,9.2,7.54,0
13.92,593,0.279,12.9,25.4,0
15.64,694,0.093,6.1,24.27,1
7.17,559,0.068,1.9,28.63,0
4.65,733,0.18,10.3,31.06,0
11.74,613,0.118,1.5,14.43,0
28.66,583,0.272,24.5,32.74,1
19.22,697,0.156,11.2,25.29,1
12.68,620,0.15,22.1,25.3,1
3.09,631,0.493,23.8,30.1,1
18.81,695,0.708,11.2,30.99,1
4.58,748,0.029,10.5,31.23,0
17.19,610,0.535,22.3,41.7,1
23.05,596,0.501,0.9,25.48,0
13.86,682,0.447,12.2,47.11,0
10.38,726,0.525,6.7,47.37,0
3.33,804,0.391,18.8,17.43,1
2.69,589,0.697,20.9,44.18,0
14.04,653,0.136,15.5,21.63,1
26.73,780,0.366,10.2,48.74,1
8.83,848,0.497,13.9,46.44,1
18.07,596,0.683,14.4,22.54,0
21.16,617,0.376,15.9,18.12,0
3.7,712,0.733,23.1,34.62,0
6.29,631,0.499,6.2,19.01,0
11.28,615,0.53,5.0,33.36,0
20.76,701,0.617,4.8,21.65,0
14.29,812,0.556,17.4,25.59,1
22.56,569,0.402,22.6,19.56,1
26.29,807,0.584,8.2,40.04,1
23.23,631,0.046,10.5,30.47,1
29.78,709,0.701,24.2,34.48,1
23.12,815,0.621,3.6,41.23,1
25.86,708,0.485,22.0,40.02,0
25.31,655,0.07,24.0,25.97,1
22.45,741,0.235,20.0,13.46,1
24.45,665,0.205,8.4,18.81,0
28.17,724,0.208,16.3,28.05,1
15.31,663,0.511,7.3,12.7,1
19.87,753,0.66,3.0,39.26,0
16.42,561,0.518,2.7,12.24,0
25.83,594,0.304,0.2,17.42,0
14.08,560,0.728,24.5,32.0,0
24.95,675,0.65,16.4,35.19,1
24.38,550,0.52,8.0,20.34,0
28.93,621,0.31,14.5,38.03,0
8.97,586,0.519,15.5,45.2,0
21.87,806,0.318,4.6,9.06,1
23.19,596,0.133,7.2,45.88,1
28.22,571,0.472,13.7,27.37,0
27.39,701,0.53,21.0,22.99,0
18.06,823,0.275,3.2,40.0,0
18.22,670,0.698,21.5,39.42,1
6.68,677,0.644,15.2,34.44,0
29.3,790,0.445,12.2,21.02,1
9.14,755,0.064,3.6,14.1,1
22.29,716,0.033,13.7,18.66,1
24.28,631,0.487,8.8,29.09,1
14.35,719,0.614,4.7,28.63,0
7.91,564,0.385,22.0,46.27,0
7.29,627,0.037,11.5,23.38,0
25.98,802,0.126,2.0,33.67,1
16.3,791,0.174,7.6,33.34,1
4.52,717,0.478,4.5,36.85,0
22.08,516,0.375,23.5,49.58,0
9.0,577,0.095,6.1,40.3,0
26.54,622,0.386,12.7,2.94,1
10.67,665,0.655,18.6,40.77,0
7.61,574,0.341,4.0,49.99,0
4.38,659,0.129,10.9,2.86,0
16.32,830,0.442,16.3,30.26,1
14.62,714,0.698,22.0,30.37,0
23.04,699,0.105,16.4,26.72,1
15.01,594,0.134,2.0,43.89,0
11.63,541,0.434,8.0,40.9,0
9.33,576,0.268,8.8,9.43,0
9.79,537,0.674,9.7,6.05,0
27.98,686,0.54,23.5,9.16,1
6.62,713,0.127,0.9,44.45,0
29.67,598,0.656,7.6,5.82,0
11.15,693,0.489,12.3,32.66,0
4.47,805,0.38,2.2,34.48,1
8.96,846,0.207,12.1,11.69,0
3.64,745,0.494,2.7,12.26,0
24.12,665,0.676,20.9,41.95,0
16.35,743,0.048,6.8,21.58,0
11.44,795,0.294,13.1,25.47,1
20.54,509,0.703,15.5,20.46,0
19.66,806,0.3,7.6,9.98,1
28.32,634,0.046,8.8,22.53,1
28.92,635,0.094,12.8,14.2,0
21.06,650,0.524,20.1,15.71,1
24.9,707,0.531,11.3,10.88,0
24.19,586,0.104,12.3,31.7,1
15.76,656,0.18,14.9,15.06,1
21.72,725,0.432,10.6,9.12,0
4.19,699,0.521,18.2,40.61,0
23.22,712,0.134,0.1,29.22,0
28.93,652,0.353,12.1,43.09,0
4.38,739,0.43,23.1,39.29,0
25.41,770,0.056,15.4,19.22,1
28.12,765,0.183,12.2,28.52,1
8.33,716,0.691,19.3,49.36,0
16.69,760,0.662,9.8,18.54,0
27.98,754,0.255,11.7,12.74,1
28.89,850,0.654,4.9,9.0,1
5.58,784,0.482,3.1,47.06,0
11.77,672,0.737,0.6,13.23,0
21.55,603,0.725,18.3,46.45,0
8.2,658,0.47,11.7,30.0,0
11.09,652,0.362,23.5,29.91,0
2.65,723,0.124,4.4,20.61,1
6.3,620,0.407,6.1,20.4,1
17.75,781,0.311,16.0,16.72,1
20.29,562,0.491,1.4,36.74,0
20.17,541,0.085,12.6,37.2,0
23.79,669,0.629,3.1,27.03,0
13.63,608,0.726,4.0,23.0,0
9.66,573,0.173,12.8,32.15,1
2.44,626,0.482,14.2,25.08,1
7.79,615,0.605,5.3,41.38,0
10.75,681,0.425,6.8,4.19,0
6.99,627,0.703,7.1,45.23,0
2.56,634,0.394,3.5,26.7,0
6.41,680,0.217,24.1,25.95,1
20.65,766,0.364,17.3,20.16,1
19.63,805,0.376,2.8,27.08,1
28.2,693,0.205,8.9,11.8,1
24.35,699,0.594,4.3,25.37,1
17.9,664,0.471,5.9,20.51,0
5.85,721,0.29,23.5,15.41,0
17.79,713,0.328,3.4,11.4,0
3.72,793,0.291,22.0,43.15,1
14.06,519,0.347,21.0,42.66,0
12.93,660,0.406,18.6,24.77,0
13.98,709,0.262,12.4,12.34,1
9.84,678,0.617,6.5,23.07,0
21.2,600,0.698,20.8,46.36,0
25.55,570,0.402,20.9,39.19,1
23.52,749,0.539,13.1,40.57,1
19.58,616,0.699,1.2,35.43,0
17.07,531,0.16,4.8,36.48,0
2.87,753,0.158,1.4,8.33,1
22.24,719,0.073,4.5,18.0,1
17.26,670,0.343,12.7,41.77,0
9.58,602,0.262,21.4,9.69,1
11.18,670,0.429,16.3,4.68,0
28.2,783,0.349,15.0,42.47,1
19.48,543,0.159,18.7,39.26,0
15.33,547,0.306,16.0,8.75,0
19.39,627,0.041,11.1,26.88,0
13.58,678,0.412,20.4,3.04,1
15.17,638,0.218,7.8,8.28,1
10.13,735,0.102,23.2,13.61,1
14.32,773,0.068,2.9,35.5,1
21.2,704,0.542,15.9,15.94,1
3.12,728,0.201,12.5,40.71,0
24.26,703,0.501,10.6,2.15,0
9.92,681,0.615,10.7,1.21,0
21.11,570,0.385,1.1,15.69,0
20.0,593,0.117,18.8,36.82,1
20.27,565,0.469,8.8,47.63,0
19.03,667,0.072,11.9,16.46,0
28.85,700,0.617,21.2,28.29,1
16.23,557,0.576,14.4,3.03,1
22.5,686,0.314,21.3,1.06,1
21.75,606,0.216,3.4,1.77,1
8.62,589,0.538,7.0,5.77,0
9.93,627,0.434,5.7,43.84,0
13.87,585,0.126,22.2,32.43,0
9.78,732,0.574,19.5,45.02,0
12.27,666,0.264,20.9,41.91,0
12.95,749,0.673,14.2,38.49,0
18.91,642,0.626,5.5,18.33,1
8.16,646,0.221,9.4,7.57,0
24.52,839,0.206,13.8,6.06,1
14.25,542,0.31,0.5,2.23,0
21.77,789,0.607,16.0,9.71,1
4.28,821,0.115,21.4,1.94,1
15.16,745,0.251,8.1,34.7,0
2.79,652,0.501,17.0,20.05,0
20.93,801,0.044,12.1,26.88,0
11.62,653,0.061,0.1,24.46,0
28.58,620,0.576,7.1,14.89,1
11.08,647,0.401,13.2,6.61,0
17.79,632,0.427,18.1,27.57,0
9.21,600,0.202,10.1,43.32,1
19.36,774,0.408,4.7,37.74,1
15.08,614,0.418,1.5,46.64,0
12.38,677,0.322,17.9,18.44,0
7.7,557,0.724,9.1,42.44,0
5.12,683,0.056,16.2,36.41,0
5.36,582,0.323,5.5,47.21,0
29.97,580,0.646,18.9,15.1,0
13.54,671,0.171,8.6,40.38,1
2.05,770,0.703,1.3,25.9,0
28.68,717,0.331,12.8,22.4,1
2.56,723,0.134,18.3,23.82,0
13.72,669,0.088,23.3,22.2,1
22.09,651,0.259,24.3,43.98,0
27.61,747,0.691,11.4,47.28,1
21.96,632,0.706,15.3,33.49,0
14.98,751,0.431,13.9,10.45,1
29.28,785,0.106,13.3,21.61,1
3.1,608,0.353,2.9,18.42,0
29.63,621,0.325,16.8,33.88,1
25.78,634,0.189,24.1,4.45,1
28.01,555,0.076,3.2,33.05,0
9.13,640,0.299,7.8,23.87,0
5.99,791,0.291,1.9,13.79,1
20.57,591,0.534,10.1,4.11,0
16.44,793,0.308,12.0,3.6,1
16.65,643,0.03,9.0,44.72,1
27.89,850,0.035,11.9,29.26,1
19.36,622,0.522,20.1,28.03,1
10.71,668,0.502,5.3,1.86,1
13.2,603,0.137,18.9,38.78,0
5.74,622,0.652,19.8,11.32,0
7.38,794,0.504,14.5,19.79,0
6.01,720,0.132,7.9,32.68,0
24.69,767,0.23,23.4,7.59,1
21.74,568,0.731,9.1,40.04,0
16.85,736,0.318,1.2,41.93,0
12.48,597,0.193,3.4,26.46,0
20.72,566,0.403,22.3,18.91,0
24.76,700,0.17,3.7,13.34,1
26.67,699,0.598,11.2,36.47,0
17.32,685,0.6,17.3,17.69,1
24.96,741,0.605,14.3,40.67,0
16.32,754,0.471,16.3,36.89,0
15.29,805,0.527,8.7,18.29,1
26.23,579,0.255,16.6,12.22,1
12.82,808,0.662,0.2,18.53,0
13.09,840,0.125,6.6,17.77,0
10.54,649,0.206,3.1,47.88,0
16.52,538,0.745,11.4,31.74,0
17.26,562,0.721,3.6,33.22,0
20.49,641,0.391,13.7,14.89,0
14.05,850,0.384,4.5,18.85,1
8.1,681,0.105,10.4,23.84,1
26.27,628,0.502,1.9,48.86,0
11.69,622,0.043,11.0,33.71,1
27.84,568,0.249,20.2,8.55,0
7.81,754,0.325,7.9,49.56,0
17.68,672,0.673,17.7,14.2,0
17.03,850,0.727,10.6,31.46,1
25.2,733,0.731,5.9,43.88,0
5.89,751,0.603,7.6,31.17,0
27.48,659,0.232,7.6,46.37,0
16.88,587,0.053,18.6,42.56,1
18.41,606,0.331,5.0,2.72,1
16.28,564,0.237,24.4,34.65,0
3.01,757,0.498,17.2,36.32,0
15.92,647,0.291,10.0,19.22,0
9.38,761,0.67,25.0,45.57,0
11.6,692,0.293,5.4,40.25,0
20.17,655,0.296,19.1,18.99,1
15.94,581,0.574,6.8,11.93,0
4.61,706,0.451,13.6,11.42,0
4.05,661,0.206,1.4,11.81,0
7.2,757,0.514,21.2,29.87,0
7.34,619,0.431,9.2,32.5,0
19.03,732,0.096,14.6,8.29,1
6.98,819,0.361,23.2,27.88,1
26.69,703,0.691,0.8,13.26,0
7.87,747,0.175,24.2,45.61,0
4.55,729,0.323,13.1,42.96,0
26.52,841,0.221,19.5,6.67,1
10.27,712,0.412,11.8,13.36,1
13.91,739,0.732,20.4,47.28,0
28.85,677,0.246,22.0,15.65,1
28.44,614,0.628,9.5,40.98,1
22.02,577,0.632,18.1,3.47,0
3.93,788,0.209,25.0,20.0,1
18.61,594,0.584,18.9,31.12,0
29.69,743,0.741,23.9,20.58,0
28.51,715,0.716,18.4,39.74,1
4.97,758,0.462,8.2,49.02,0
13.09,636,0.131,20.7,26.16,0
10.84,613,0.107,16.7,23.72,1
5.63,712,0.215,0.8,35.52,0
21.45,655,0.459,4.3,37.93,0
9.67,575,0.302,6.5,3.93,0
11.66,845,0.53,18.6,22.44,1
4.53,613,0.595,19.9,25.49,0
15.94,596,0.152,20.7,16.06,1
6.43,659,0.681,1.7,38.2,0
14.1,786,0.064,1.8,44.46,0
6.01,496,0.213,7.5,42.42,0
28.71,779,0.615,17.0,32.06,1
6.06,603,0.154,21.1,39.92,0
16.61,702,0.181,21.7,12.4,1
7.52,623,0.732,5.2,2.26,0
4.14,849,0.686,19.2,26.16,0
7.66,691,0.613,16.0,21.09,0
3.53,620,0.147,23.2,44.2,1
5.9,654,0.206,19.3,39.67,0
15.82,688,0.192,13.2,19.71,1
20.25,695,0.158,19.6,1.85,1
4.45,717,0.728,7.7,14.47,0
14.35,680,0.141,19.7,18.66,1
18.27,563,0.565,19.5,34.12,0
8.56,651,0.057,21.4,45.26,0
12.42,732,0.417,6.1,11.83,1
4.01,623,0.072,21.2,39.51,0
8.16,737,0.065,4.2,36.7,0
15.07,683,0.188,19.3,18.3,0
29.73,661,0.696,23.2,1.79,1
29.9,782,0.486,0.9,2.6,1
29.43,532,0.496,15.7,31.34,0
13.85,623,0.237,16.5,42.51,0
4.26,785,0.548,20.4,31.97,1
11.06,836,0.518,2.6,38.91,0
8.66,850,0.357,22.7,25.64,1
2.4,684,0.518,24.8,13.88,0
4.67,719,0.653,16.8,2.95,0
14.69,749,0.721,10.7,41.05,0
11.51,788,0.748,15.9,24.24,0
7.05,707,0.376,1.4,43.95,0
22.05,759,0.044,18.8,19.14,1
12.0,719,0.187,1.7,14.52,1
25.85,724,0.164,8.1,33.69,1
8.75,602,0.239,3.5,30.61,0
17.08,652,0.283,18.2,35.51,0
7.16,636,0.508,14.9,5.46,0
15.87,579,0.404,17.5,5.08,1
6.27,540,0.494,1.6,28.98,0
6.52,644,0.729,9.3,27.87,0
19.14,658,0.056,10.2,5.55,1
9.39,689,0.031,15.1,22.08,1
6.83,727,0.506,2.6,32.05,0
28.03,696,0.419,16.2,27.56,1
3.2,658,0.372,9.9,10.14,0
17.82,602,0.643,22.6,46.46,0
17.35,755,0.136,11.2,2.68,1
9.02,671,0.439,2.6,14.36,0
14.68,643,0.7,2.6,4.31,0
4.46,664,0.345,6.4,14.89,0
22.2,618,0.443,6.0,34.58,0
8.21,635,0.071,19.9,2.17,1
7.41,632,0.275,18.1,2.9,1
10.82,656,0.05,1.9,11.09,1
27.27,736,0.438,21.3,2.36,1
24.3,715,0.451,2.4,20.11,0
28.51,811,0.714,19.6,12.28,1
20.25,783,0.486,2.8,16.79,1
20.56,846,0.022,9.4,42.02,0
15.44,728,0.628,18.8,22.18,0
27.35,726,0.261,6.3,1.74,1
16.3,639,0.541,2.8,27.79,0
11.94,750,0.213,19.7,6.36,1
19.93,624,0.575,17.3,3.91,0
17.29,555,0.697,22.3,17.04,0
5.47,810,0.078,16.0,14.33,1
13.0,574,0.417,1.8,6.47,0
10.77,717,0.414,16.0,15.62,1
25.71,605,0.229,20.6,24.72,0
12.61,776,0.269,2.1,13.31,1
25.0,787,0.514,3.4,2.58,1
14.39,725,0.234,16.9,44.74,0
23.1,786,0.042,19.8,32.92,1
5.79,681,0.582,8.8,35.63,0
27.89,850,0.476,18.4,21.0,1
15.46,743,0.203,4.2,29.09,0
9.27,603,0.722,11.1,35.45,0
8.76,686,0.676,18.7,18.48,0
9.42,667,0.724,5.0,41.73,0
12.27,659,0.394,8.7,38.85,0
22.09,539,0.192,15.7,15.07,0
28.59,713,0.147,8.6,17.31,1
20.73,562,0.712,21.9,10.01,0
17.32,465,0.67,23.9,25.63,0
14.56,651,0.561,16.1,40.75,0
25.19,616,0.393,19.6,28.64,1
25.79,607,0.301,22.7,18.38,0
10.21,416,0.534,17.5,21.1,0
28.7,608,0.027,19.3,34.94,1
13.06,665,0.403,2.0,26.2,0
24.4,626,0.515,20.6,28.08,0
29.07,713,0.57,6.9,30.87,1
21.7,798,0.349,1.8,37.19,0
6.52,724,0.564,14.7,31.66,0
18.41,767,0.09,5.7,34.53,1
5.33,774,0.19,2.0,33.64,0
24.1,593,0.126,15.2,46.4,1
9.88,717,0.268,2.5,37.09,0
21.47,765,0.271,22.2,27.78,1
27.48,643,0.293,24.2,45.0,1
7.07,613,0.36,18.5,45.12,0
13.0,725,0.339,7.2,18.22,1
20.12,554,0.378,14.1,40.46,0
13.75,588,0.569,0.8,49.14,0
6.89,623,0.124,15.5,11.14,1
2.81,718,0.276,6.6,20.45,0
13.38,699,0.02,11.4,21.36,0
20.18,768,0.041,4.5,30.92,1
18.07,602,0.463,24.7,48.17,1
6.37,597,0.659,5.2,15.97,0
14.62,725,0.243,10.4,37.93,0
12.35,612,0.313,6.4,39.15,0
9.68,629,0.173,13.5,35.11,0
22.42,522,0.124,22.6,29.83,1
10.67,705,0.665,4.1,29.01,0
17.12,811,0.438,3.5,14.82,1
27.85,593,0.535,1.9,7.73,0
17.1,767,0.664,14.7,17.37,1
19.28,675,0.45,15.1,12.25,0
4.05,530,0.152,20.5,32.98,0
6.99,604,0.541,20.9,42.8,0
4.83,599,0.566,2.5,8.78,0
23.41,653,0.322,22.8,33.31,0
25.41,716,0.47,20.7,6.97,1
7.22,837,0.374,16.2,19.62,1
8.14,558,0.263,8.7,9.49,0
11.05,639,0.511,18.6,15.68,1
18.55,604,0.201,15.5,43.07,0
19.41,572,0.259,8.8,21.57,0
21.23,688,0.316,0.3,6.32,1
27.35,680,0.469,14.8,10.75,1
10.26,526,0.642,14.4,42.34,0
20.45,682,0.469,3.9,21.1,0
17.67,578,0.55,22.7,46.86,0
10.56,681,0.234,4.0,28.5,0
27.41,788,0.449,7.2,25.85,0
4.67,719,0.096,9.3,23.35,0
21.94,695,0.358,17.1,38.9,0
22.38,635,0.524,2.0,41.95,0
27.63,686,0.151,17.6,7.23,1
16.52,728,0.679,10.4,21.01,0
11.01,719,0.325,4.6,14.86,1
25.18,672,0.51,2.8,45.07,0
23.58,698,0.363,10.3,37.0,0
16.01,568,0.555,11.1,15.32,0
23.5,618,0.447,3.4,21.01,0
9.5,740,0.109,12.1,21.54,1
18.51,752,0.695,12.6,46.66,0
26.23,688,0.502,24.5,24.21,1
10.9,806,0.365,17.8,1.9,0
15.54,723,0.514,0.3,36.77,0
28.63,660,0.21,11.9,5.73,1
24.35,576,0.581,0.5,31.91,0
26.84,802,0.32,12.8,26.16,1
12.79,745,0.608,8.4,38.37,0
29.9,833,0.22,22.6,27.96,1
6.27,850,0.597,12.3,9.59,1
16.53,571,0.682,21.2,44.8,0
15.42,571,0.736,14.6,45.26,0
24.36,437,0.587,9.9,21.61,0
27.44,758,0.534,5.7,30.86,0
22.47,736,0.4,4.6,28.07,1
19.55,688,0.097,19.9,27.18,1
13.97,576,0.429,22.1,5.42,0
16.29,672,0.431,8.1,25.21,1
16.26,696,0.067,12.4,12.03,1
2.57,747,0.524,7.2,40.09,0
16.09,703,0.129,11.4,42.59,0
25.97,736,0.456,21.7,1.92,1
21.86,669,0.365,3.4,37.1,1
24.28,780,0.659,7.3,6.63,0
12.93,734,0.19,17.4,1.48,1
16.81,579,0.145,7.8,1.67,1
2.94,798,0.422,2.0,23.83,0
12.72,784,0.356,9.4,40.89,1
15.28,720,0.138,16.9,16.26,1
9.15,704,0.468,24.6,46.31,0
2.87,821,0.681,22.3,21.64,1
21.33,541,0.56,14.0,10.24,0
14.18,786,0.173,19.4,23.49,1
13.64,640,0.194,14.3,31.72,1
9.0,773,0.427,12.3,25.78,0
17.06,690,0.515,4.3,22.59,1
14.26,574,0.735,7.3,10.23,0
15.27,638,0.097,11.3,35.27,1
18.26,767,0.419,24.6,18.17,1
2.18,662,0.741,15.2,48.56,0
27.42,627,0.101,23.6,20.63,1
3.99,627,0.73,6.5,11.86,0
14.63,735,0.357,1.7,43.12,0
7.81,829,0.544,24.5,11.23,1
16.67,498,0.33,8.2,9.24,0
9.85,850,0.634,13.4,36.21,0
26.08,697,0.683,1.8,15.61,1
13.1,729,0.142,21.5,21.45,1
19.89,643,0.565,0.0,23.1,0
8.97,680,0.035,22.7,39.39,1
2.54,696,0.222,4.1,29.14,0
13.32,591,0.423,4.6,37.33,0
17.02,612,0.46,20.6,49.39,1
14.87,781,0.287,9.7,35.84,0
28.94,548,0.217,6.4,14.66,1
21.79,717,0.145,14.9,38.58,0
29.88,649,0.195,6.4,42.65,0
10.26,598,0.115,7.2,22.11,1
24.09,848,0.211,1.1,33.32,1
17.56,599,0.62,13.5,25.03,0
19.13,584,0.23,3.2,7.25,0
29.6,664,0.683,20.9,36.71,0
20.31,615,0.199,18.8,22.74,1
27.17,681,0.379,7.1,17.97,1
22.32,693,0.142,13.3,23.92,1
5.57,700,0.032,14.4,29.52,1
21.58,669,0.477,16.7,38.09,0
15.56,620,0.267,10.5,45.53,0
27.73,735,0.272,16.3,34.53,1
24.59,671,0.318,4.2,49.72,1
4.92,638,0.588,11.8,8.72,0
5.75,806,0.312,2.4,8.56,1
3.95,670,0.083,23.5,39.73,1
15.81,773,0.223,10.0,32.04,1
4.26,784,0.441,15.4,43.24,0
22.26,789,0.745,12.2,34.27,1
17.47,739,0.124,0.7,1.62,1
25.4,680,0.256,1.6,33.96,0
9.83,675,0.374,6.6,11.37,1
16.54,659,0.71,16.9,22.9,1
5.29,496,0.099,16.0,34.88,0
26.77,741,0.599,4.7,33.16,1
6.9,701,0.548,12.2,19.74,1
4.87,750,0.244,9.2,35.94,1
7.74,670,0.585,14.2,47.26,0
24.57,737,0.44,8.4,12.31,1
4.96,563,0.145,22.4,6.85,0
19.2,581,0.229,11.8,7.62,1
22.89,470,0.26,10.7,23.42,1
23.03,669,0.256,17.6,15.61,1
7.32,614,0.565,19.5,23.91,1
3.73,603,0.502,10.9,5.13,0
14.57,708,0.618,2.7,13.1,0
7.67,644,0.393,2.1,18.01,0
21.58,558,0.276,8.2,46.76,0
11.99,850,0.069,18.3,15.55,1
14.58,677,0.6,16.3,3.36,0
5.18,588,0.075,7.2,16.24,0
17.89,623,0.24,0.1,46.91,0
7.19,665,0.508,16.1,21.93,0
21.01,665,0.578,14.1,41.11,0
3.99,791,0.07,19.3,14.1,1
29.33,673,0.464,17.2,7.65,1
21.17,838,0.12,6.2,25.34,1
7.09,643,0.573,18.3,35.39,0
2.39,716,0.553,12.2,42.41,0
11.36,767,0.566,14.4,12.81,1
6.28,782,0.067,8.9,49.35,0
8.12,792,0.428,19.8,24.97,0
26.44,657,0.196,4.9,25.61,1
18.89,680,0.382,5.1,43.07,0
6.94,469,0.742,5.9,20.96,0
17.59,663,0.086,19.7,38.11,0
9.16,773,0.454,18.2,28.82,0
29.33,756,0.14,6.7,7.63,1
2.92,673,0.392,3.6,2.61,0
22.5,824,0.4,0.7,46.78,0
23.64,647,0.353,17.1,43.46,0
3.88,619,0.487,13.5,49.19,0
6.81,640,0.731,17.6,34.04,1
12.76,585,0.608,17.7,32.64,0
26.31,733,0.72,21.1,11.22,0
17.04,705,0.158,10.4,32.47,1
20.35,732,0.745,20.7,24.93,1
23.92,645,0.243,10.9,19.49,0
25.19,675,0.045,17.7,34.44,0
15.34,495,0.338,13.8,5.16,0
16.25,712,0.2,23.0,25.69,1
22.1,688,0.576,9.3,38.15,0
9.37,586,0.083,17.2,41.67,0
25.93,671,0.42,15.0,25.01,0
2.58,658,0.231,25.0,18.28,1
7.48,830,0.171,1.9,29.05,0
24.41,590,0.659,15.0,7.28,0
11.53,708,0.396,5.8,5.48,1
6.2,587,0.258,22.1,41.14,1
7.23,633,0.565,19.9,7.2,1
16.86,704,0.643,16.5,21.45,1
25.69,662,0.343,12.0,21.18,1
3.98,679,0.153,17.0,49.17,0
2.85,708,0.746,13.9,35.55,0
15.02,638,0.282,7.2,38.56,0
28.77,755,0.17,20.5,33.83,1
9.81,654,0.095,12.8,14.35,1
28.86,672,0.11,6.4,18.7,1
26.86,711,0.708,16.6,9.98,0
9.93,699,0.711,0.5,27.56,0
24.87,735,0.391,18.0,4.82,1
21.2,707,0.525,11.8,45.29,0
16.33,720,0.628,15.9,10.63,0
13.84,652,0.427,3.9,11.46,1
24.83,589,0.507,18.0,24.74,1
24.21,559,0.726,18.1,16.67,1
23.19,538,0.146,18.5,9.16,1
29.95,830,0.121,11.7,49.3,1
15.4,492,0.57,16.0,14.7,0
24.59,781,0.533,13.7,37.24,1
26.15,610,0.156,5.8,36.58,0
7.92,781,0.241,0.6,12.98,0
3.18,493,0.52,10.3,14.61,0
13.33,660,0.381,20.4,27.2,0
25.99,804,0.672,8.1,43.19,1
10.09,741,0.631,18.7,37.24,0
21.6,651,0.376,16.0,15.85,0
2.21,515,0.507,8.8,3.12,0
11.95,568,0.49,0.0,30.76,0
19.23,798,0.087,10.8,24.31,1
5.63,650,0.331,9.8,17.85,0
27.1,674,0.341,3.5,32.66,1
6.38,704,0.675,20.5,47.63,0
27.47,569,0.666,23.9,45.27,0
8.06,715,0.062,3.0,33.62,1
29.84,644,0.637,5.8,48.0,0
18.93,705,0.467,15.8,20.39,1
4.36,631,0.032,23.8,5.95,1
3.83,546,0.299,23.3,23.16,0
4.1,644,0.668,23.3,33.36,0
18.52,734,0.282,11.0,40.27,0
24.67,713,0.514,24.6,46.96,1
13.28,683,0.433,9.1,26.34,0
14.46,756,0.451,2.2,19.28,0
18.5,663,0.371,17.6,14.8,1
16.93,685,0.372,13.9,30.74,0
21.27,639,0.679,20.0,34.95,1
15.21,761,0.322,15.5,31.99,1
21.99,705,0.16,20.5,10.56,0
29.92,633,0.326,8.6,22.86,1
11.81,553,0.555,7.2,4.64,0
2.34,774,0.367,18.9,26.5,0
5.52,617,0.554,12.4,11.5,1
17.5,686,0.195,4.5,44.57,0
11.64,850,0.445,9.4,40.6,0
28.32,748,0.651,20.0,36.84,1
19.57,817,0.406,23.1,6.51,1
16.57,634,0.485,19.0,22.89,1
24.35,771,0.516,18.0,9.83,1
9.24,682,0.56,20.3,3.14,0
24.95,711,0.276,5.0,20.72,0
2.09,850,0.478,14.5,16.37,1
19.35,656,0.324,14.9,45.99,0
28.17,682,0.305,23.6,46.38,1
24.06,603,0.367,0.4,46.81,0
25.9,756,0.318,24.3,1.7,1
13.11,632,0.039,18.2,26.43,0
25.08,767,0.562,0.6,1.89,1
17.42,540,0.447,13.0,30.62,0
19.32,727,0.12,1.7,25.91,1
3.65,625,0.211,15.1,22.09,1
7.64,742,0.466,11.3,3.58,1
17.43,679,0.398,19.3,6.14,0
3.65,634,0.548,14.5,16.34,0
22.76,647,0.377,19.7,12.86,1
25.52,608,0.637,9.2,9.76,1
27.77,751,0.077,21.4,42.71,1
4.85,591,0.468,21.7,2.4,0
28.31,657,0.291,16.4,11.68,1
3.89,709,0.244,6.6,45.93,0
15.27,817,0.709,24.8,43.71,0
25.53,679,0.651,20.4,18.41,0
3.97,659,0.154,21.3,40.42,0
2.51,703,0.062,0.3,8.46,1
2.7,504,0.653,20.7,32.38,0
16.32,578,0.144,5.4,44.28,0
24.72,648,0.698,12.7,24.13,0
5.57,619,0.222,17.6,9.18,0
5.49,544,0.321,10.3,29.36,0
17.92,753,0.053,6.1,37.66,1
8.56,702,0.412,12.5,43.42,0
22.45,692,0.158,7.5,19.58,1
28.59,621,0.335,15.4,14.92,1
23.45,687,0.691,2.7,34.59,0
26.56,724,0.204,10.2,13.24,1
16.55,657,0.483,14.8,12.9,1
25.3,718,0.167,24.8,9.94,1
7.12,612,0.465,12.4,19.01,0
3.91,688,0.231,10.6,22.52,0
20.37,777,0.518,24.7,36.52,1
3.45,785,0.583,23.1,6.28,1
26.99,793,0.663,16.8,21.87,1
21.36,704,0.691,13.6,33.23,1
28.66,683,0.196,6.8,27.7,0
10.79,642,0.114,15.6,39.61,0
15.61,526,0.055,20.8,44.72,0
22.77,566,0.546,24.5,11.42,1
8.8,666,0.156,4.3,45.52,0
17.17,671,0.604,6.9,44.38,0
20.47,800,0.724,22.1,18.83,0
29.41,792,0.128,21.5,40.85,1
22.85,622,0.227,17.9,26.25,1
5.31,750,0.403,2.6,40.73,0
15.31,639,0.334,17.7,37.65,0
18.49,738,0.331,11.7,48.16,0
6.11,749,0.178,9.3,11.83,1
14.1,786,0.669,6.3,37.07,0
9.95,638,0.518,7.9,1.68,1
5.33,766,0.132,13.4,46.17,0
16.34,521,0.023,4.0,10.75,1
6.64,790,0.577,12.7,19.3,0
18.54,678,0.032,1.2,42.31,0
6.75,680,0.663,10.3,24.4,0
22.26,507,0.406,24.0,33.53,0
7.47,647,0.699,18.5,18.71,0
27.1,795,0.583,1.7,28.21,0
2.73,644,0.673,17.2,42.43,0
16.62,741,0.563,4.9,44.73,0
10.96,683,0.441,11.9,23.36,1
8.3,770,0.146,7.4,36.29,1
15.2,696,0.551,23.4,23.89,1
25.58,601,0.452,1.4,47.04,0
27.63,685,0.352,22.0,36.65,1
10.49,816,0.428,17.5,22.13,0
6.32,722,0.19,9.1,25.41,1
22.16,670,0.315,22.0,9.97,0
18.3,850,0.111,10.2,47.11,1
7.63,779,0.319,17.5,13.5,1
23.29,749,0.361,19.7,9.89,1
16.53,707,0.646,7.2,23.15,0
20.3,742,0.405,1.8,36.58,0
12.06,745,0.683,21.7,34.45,0
14.29,494,0.727,5.8,13.47,0
7.05,714,0.056,23.3,13.98,1
23.18,666,0.456,7.9,12.55,0
6.4,638,0.238,10.4,30.56,0
23.79,663,0.641,10.8,47.9,0
24.34,548,0.381,11.7,44.58,0
22.9,527,0.077,24.1,25.72,1
2.54,786,0.177,6.1,19.51,1
9.65,719,0.512,15.2,20.39,1
15.11,475,0.078,7.4,40.5,0
18.68,631,0.297,3.3,32.88,1
27.74,755,0.656,7.2,3.02,1
12.52,656,0.041,13.8,4.71,1
26.5,786,0.528,15.2,24.59,0
6.58,769,0.513,6.6,27.08,0
12.4,565,0.254,24.7,48.07,0
3.46,668,0.102,9.1,7.91,0
22.79,642,0.095,20.8,40.58,0
6.22,562,0.728,0.9,44.88,0
9.2,556,0.514,17.4,19.5,1
23.71,611,0.294,7.6,8.93,1
16.97,626,0.628,13.4,13.07,0
2.39,704,0.095,20.9,33.48,1
2.06,769,0.113,18.1,4.42,1
16.3,724,0.164,9.0,44.39,1
10.54,744,0.577,18.3,38.07,0
7.05,657,0.318,10.3,39.93,0
19.18,731,0.489,1.6,37.28,0
8.4,667,0.19,16.6,7.31,0
18.58,642,0.587,23.4,36.81,1
12.62,841,0.605,2.1,30.36,1
7.23,482,0.322,17.2,3.5,0
5.87,521,0.173,21.0,14.95,0
8.63,713,0.48,14.9,21.73,0
2.84,657,0.207,12.1,27.6,0
10.63,558,0.128,5.9,9.85,1
27.25,590,0.47,4.8,26.83,0
25.28,601,0.394,9.9,47.92,0
12.42,756,0.592,16.0,18.38,1
18.12,783,0.233,7.9,8.42,1
17.89,819,0.184,12.2,23.97,1
25.2,545,0.488,15.0,23.08,0
8.62,564,0.532,5.2,45.94,0
10.3,558,0.322,18.5,23.66,0
10.45,790,0.343,15.7,12.92,1
3.14,715,0.11,14.8,12.0,1
10.81,687,0.363,12.0,2.69,1
26.58,700,0.722,9.1,37.33,0
27.54,675,0.103,13.7,14.12,1
5.07,585,0.435,19.1,39.61,0
14.83,724,0.033,17.7,27.97,1
12.68,664,0.258,18.4,35.87,0
15.7,578,0.576,5.2,10.96,0
17.53,729,0.434,19.5,8.59,0
2.57,644,0.079,8.4,21.49,1
25.58,699,0.35,5.8,18.48,1
29.26,669,0.078,3.0,25.8,1
20.3,756,0.293,20.8,37.67,1
20.49,699,0.581,15.6,45.53,0
16.78,605,0.209,21.0,30.12,1
11.36,707,0.351,14.0,12.07,1
6.17,710,0.385,21.5,15.48,0
18.35,723,0.643,13.9,45.38,0
3.26,768,0.109,16.1,11.27,1
25.09,628,0.422,1.4,5.65,1
13.79,737,0.042,16.7,46.14,1
13.61,533,0.088,14.9,2.31,0
11.16,670,0.181,6.1,37.7,1
29.14,657,0.545,2.8,8.13,1
6.9,803,0.05,8.7,33.65,1
6.24,667,0.71,1.5,10.14,0
6.63,732,0.332,15.0,44.96,0
20.44,530,0.632,13.6,3.44,0
29.77,650,0.182,22.9,15.92,1
8.59,608,0.267,12.9,39.37,0
27.36,850,0.551,18.2,28.8,1
9.8,623,0.297,16.6,21.67,0
20.14,686,0.39,17.5,22.34,0
3.13,691,0.611,7.8,25.61,0
15.88,545,0.495,10.4,49.75,0
20.33,635,0.63,3.0,34.01,0
17.02,714,0.083,16.3,24.87,0
8.66,687,0.464,7.6,16.77,0
25.2,484,0.459,13.7,25.69,0
29.16,632,0.463,23.0,46.21,0
14.86,767,0.45,17.1,11.73,1
19.81,730,0.548,6.7,17.93,0
24.13,784,0.636,12.9,4.18,1
8.76,596,0.188,15.1,31.83,0
26.2,789,0.096,21.3,38.58,1
9.85,676,0.074,19.8,31.97,1
23.72,815,0.136,7.9,40.78,1
5.14,680,0.499,23.0,38.77,0
10.07,506,0.324,3.7,48.65,0
16.94,752,0.275,6.9,23.17,1
16.7,642,0.684,0.8,5.12,0
25.81,648,0.677,7.8,27.23,0
29.89,556,0.413,10.4,38.78,0
5.0,818,0.355,6.0,20.94,1
9.6,636,0.217,0.3,23.01,1
12.01,814,0.356,0.3,37.13,0
15.41,643,0.32,23.1,1.83,1
15.83,601,0.025,18.4,33.21,0
25.97,792,0.574,17.5,35.65,1
23.58,674,0.34,19.6,48.56,0
2.53,675,0.183,17.4,36.77,0
14.74,571,0.506,1.5,7.41,0
19.31,641,0.347,23.1,25.42,1
14.89,716,0.249,10.7,20.89,1
5.66,570,0.188,11.3,20.65,0
13.13,634,0.063,22.2,39.47,1
13.53,644,0.387,5.1,29.47,0
7.26,686,0.294,7.8,36.81,1
23.18,806,0.049,21.4,37.54,1
11.0,655,0.613,13.0,34.73,0
18.49,621,0.61,10.5,38.13,1
16.44,850,0.378,23.9,11.71,1
26.57,643,0.632,22.2,5.84,0
5.42,664,0.371,22.2,8.9,0
5.2,650,0.143,5.3,40.63,0
10.41,656,0.398,21.1,47.85,0
14.07,687,0.248,16.4,46.9,1
10.36,758,0.35,17.3,1.63,1
23.37,714,0.729,1.2,49.76,0
8.87,772,0.28,13.9,44.44,1
4.37,769,0.178,5.5,10.74,1
13.59,698,0.114,23.2,28.31,1
23.65,712,0.665,14.0,49.25,0
25.82,774,0.031,15.4,24.08,1
22.53,586,0.682,6.1,47.72,0
17.62,850,0.065,10.5,27.65,1
22.28,636,0.569,13.2,17.87,0
21.08,650,0.234,20.3,8.87,0
8.56,577,0.202,15.3,6.1,0
17.42,580,0.151,2.8,35.63,0
23.58,763,0.118,11.3,17.05,1
10.88,850,0.068,7.4,20.98,1
20.31,632,0.133,13.5,46.92,1
15.48,710,0.45,11.7,10.79,0
16.09,699,0.436,0.6,19.29,0
4.52,765,0.225,5.2,45.57,0
20.65,850,0.516,16.5,47.09,1
26.24,809,0.582,13.6,40.33,0
5.96,660,0.736,1.3,19.77,1
12.25,725,0.341,14.9,7.15,1
3.36,733,0.293,12.6,39.68,1
2.83,678,0.73,3.8,42.11,0
29.71,587,0.708,0.0,36.03,0
15.82,612,0.697,8.4,17.53,0
11.95,778,0.464,19.5,32.97,1
9.7,786,0.471,3.3,35.41,0
29.44,662,0.697,23.6,44.48,0
9.06,702,0.37,13.6,7.82,1
22.32,782,0.176,19.0,13.93,1
9.95,535,0.739,24.4,20.78,0
3.97,642,0.635,6.6,40.77,0
21.13,850,0.061,14.6,44.79,1
2.05,705,0.102,8.5,14.64,0
20.92,584,0.664,2.1,25.7,0
9.01,690,0.24,19.8,30.78,1
22.89,767,0.528,0.3,9.11,1
23.55,464,0.106,21.7,39.83,0
22.28,695,0.144,19.9,24.07,0
2.69,648,0.566,16.0,44.84,0
21.7,540,0.735,14.8,27.87,0
29.72,687,0.387,21.1,41.82,0
8.79,668,0.051,1.4,3.41,0
9.68,678,0.191,18.4,22.5,0
24.78,650,0.175,4.5,21.54,1
6.49,593,0.703,0.5,10.5,0
20.5,556,0.326,7.8,28.52,1
23.14,621,0.712,8.2,37.77,0
3.04,753,0.647,4.8,25.17,1
17.51,700,0.349,17.8,41.77,0
18.12,674,0.038,14.0,15.36,1
10.5,592,0.73,23.0,15.62,0
26.54,648,0.027,19.0,9.17,1
6.56,743,0.645,20.7,39.42,0
12.2,723,0.322,22.6,8.25,0
25.76,639,0.24,20.2,8.34,1
7.34,458,0.318,3.0,1.34,0
25.0,623,0.281,4.6,20.03,1
4.21,639,0.523,10.0,22.41,0
15.7,603,0.438,8.3,23.1,0
4.11,645,0.208,22.1,38.54,1
20.98,749,0.405,13.1,21.32,0
24.14,677,0.316,21.9,1.21,1
25.8,764,0.692,9.7,30.86,0
29.48,552,0.671,22.7,9.39,0
20.82,654,0.471,1.8,2.23,1
23.53,515,0.725,11.1,39.09,0
16.16,644,0.294,22.5,13.05,1
27.56,591,0.084,11.2,38.01,0
20.03,789,0.055,18.3,32.44,1
26.74,715,0.628,9.0,44.28,1
8.59,766,0.3,20.7,18.55,1
15.91,644,0.648,15.8,32.85,1
22.43,593,0.355,20.3,28.84,1
7.68,591,0.028,13.4,39.36,0
7.92,703,0.406,15.9,17.14,1
29.39,834,0.454,13.2,30.37,1
14.17,715,0.35,14.2,27.5,0
7.09,648,0.632,17.2,3.14,0
11.28,664,0.49,3.0,2.67,0
13.13,677,0.286,19.2,45.25,1
19.45,850,0.545,8.9,32.4,0
27.84,785,0.253,0.3,31.04,0
29.62,702,0.632,16.1,37.41,0
20.25,689,0.224,15.3,1.77,1
21.6,705,0.507,18.1,12.37,0
11.01,722,0.323,25.0,32.86,0
26.0,645,0.094,11.5,36.2,1
8.1,608,0.48,24.3,31.85,0
4.98,768,0.3,14.4,21.14,1
29.25,682,0.483,8.9,29.85,1
26.2,761,0.414,16.9,35.29,1
10.5,820,0.05,4.9,20.91,0
20.9,724,0.17,24.2,28.64,1
15.08,710,0.531,11.0,4.87,0
11.05,850,0.361,0.3,9.31,1
10.03,698,0.361,16.4,38.86,1
5.81,587,0.022,3.0,19.62,0
17.38,656,0.241,2.2,39.12,0
14.5,812,0.509,0.6,34.04,0
16.34,570,0.668,22.1,18.77,0
8.03,616,0.439,0.8,38.77,0
28.28,774,0.415,13.4,7.19,1
19.88,657,0.363,12.2,8.87,1
27.19,671,0.515,22.8,21.05,1
5.06,771,0.603,22.8,33.13,0
19.44,619,0.181,23.0,15.59,1
25.78,555,0.541,10.0,16.84,0
11.27,562,0.198,11.8,43.22,0
7.46,729,0.043,20.6,45.09,0
9.42,702,0.075,3.0,45.71,1
9.64,621,0.054,2.9,2.08,1
14.52,582,0.225,23.0,40.12,0
11.13,657,0.113,0.7,38.33,0
9.6,775,0.082,9.6,13.65,1
20.16,609,0.128,4.9,12.1,1
3.48,624,0.048,2.1,2.71,0
11.53,579,0.271,24.3,41.28,0
21.31,649,0.621,4.1,30.77,0
6.92,709,0.424,10.8,1.78,0
8.19,850,0.067,6.4,12.04,1
7.62,699,0.294,12.3,41.71,0
2.03,675,0.334,19.2,30.5,1
15.27,753,0.146,16.5,42.93,1
3.09,739,0.292,14.3,8.19,1
9.64,631,0.266,12.8,47.68,0
29.85,850,0.38,3.3,11.16,1
27.72,678,0.529,10.1,15.87,0
8.02,700,0.37,22.6,46.38,0
10.68,727,0.074,20.5,16.33,1
14.98,709,0.06,1.6,30.16,1
25.64,810,0.668,21.0,17.86,1
24.47,630,0.527,20.7,37.24,0
5.53,747,0.5,20.0,16.26,0
5.48,694,0.687,20.4,22.62,1
13.67,764,0.415,24.6,5.11,1
26.36,662,0.074,1.4,46.13,1
26.7,650,0.542,9.6,45.4,0
5.01,742,0.138,24.2,40.41,1
18.08,710,0.506,13.8,43.78,0
6.36,610,0.313,17.1,30.53,1
21.21,794,0.041,9.0,5.19,1
27.66,742,0.061,5.3,4.46,1
14.73,674,0.307,24.5,39.52,1
4.33,640,0.454,9.0,26.34,0
18.22,711,0.145,14.0,14.57,1
13.44,736,0.098,6.1,2.84,1
24.71,545,0.295,24.2,49.22,0
11.53,712,0.607,6.5,5.74,0
26.5,735,0.592,22.8,18.85,1
9.66,480,0.519,7.3,34.33,0
6.41,697,0.331,23.7,31.53,0
10.58,739,0.343,9.2,7.19,1
2.98,729,0.185,21.8,31.4,0
9.87,748,0.12,15.0,17.48,1
20.48,652,0.032,2.8,9.36,0
5.98,592,0.648,7.4,31.24,0
5.12,527,0.382,19.0,45.12,0
5.71,773,0.022,16.7,37.82,0
4.17,740,0.406,8.9,8.96,1
26.49,779,0.209,4.9,9.53,1
28.44,618,0.332,20.7,24.0,1
3.3,748,0.511,15.6,2.04,1
23.28,552,0.611,17.0,2.02,0
22.64,606,0.531,12.0,13.34,1
29.91,691,0.674,8.8,6.23,1
11.74,736,0.191,9.6,27.79,0
9.99,823,0.503,0.8,3.13,0
14.69,660,0.67,23.6,12.93,1
25.98,606,0.245,9.2,3.85,1
22.4,602,0.604,12.1,26.99,0
15.21,622,0.706,8.9,18.28,0
8.85,850,0.49,8.9,5.07,1
22.36,744,0.14,17.1,18.36,1
25.93,775,0.21,16.8,1.03,1
13.2,660,0.516,20.3,41.45,0
20.72,680,0.652,1.8,18.82,1
13.21,739,0.037,21.9,33.63,1
15.4,637,0.258,23.9,35.73,0
16.7,655,0.191,24.7,28.19,1
23.72,623,0.328,3.2,29.85,1
29.37,642,0.581,12.2,22.0,0
14.44,684,0.387,23.5,20.96,0
11.58,610,0.398,19.0,15.99,0
12.46,704,0.465,1.5,4.49,0
5.75,704,0.396,21.8,18.12,1
10.31,665,0.522,21.0,23.66,0
4.42,610,0.098,19.5,7.55,0
13.98,689,0.037,10.3,45.49,0
6.69,637,0.624,15.8,1.41,0
11.7,684,0.37,17.9,11.97,0
24.22,773,0.238,9.9,34.31,1
8.89,574,0.352,19.6,41.35,0
19.13,850,0.495,6.8,24.21,1
27.23,674,0.109,4.6,29.84,1
17.87,715,0.402,21.5,14.38,1
7.43,616,0.101,8.5,47.76,0
11.65,777,0.647,1.4,32.56,0
18.53,669,0.431,20.8,7.44,1
16.19,646,0.612,20.0,37.08,0
6.16,631,0.546,20.1,7.26,0
14.51,657,0.615,8.5,20.76,0
17.21,716,0.27,15.1,25.07,1
9.49,695,0.122,0.3,36.4,0
19.15,677,0.671,0.1,49.82,0
3.96,620,0.666,6.5,19.2,0
11.42,615,0.665,13.1,34.11,0
24.52,641,0.742,15.0,33.95,0
9.26,719,0.455,3.3,10.03,0
18.94,736,0.394,21.7,32.5,0
13.48,748,0.602,24.0,44.09,0
10.86,680,0.1,3.0,28.23,1
27.65,713,0.592,20.6,24.51,1
11.61,666,0.613,15.4,32.73,0
8.63,532,0.441,12.6,40.54,0
27.46,662,0.303,12.2,12.04,1
22.89,648,0.499,18.7,8.99,1
21.09,592,0.688,5.2,32.91,1
3.39,632,0.135,15.2,2.69,1
5.67,691,0.247,6.5,41.44,0
19.87,584,0.51,2.1,15.8,0
7.86,620,0.628,13.8,6.44,0
8.32,812,0.496,6.7,38.47,1
23.82,544,0.451,18.6,11.92,1
10.01,664,0.083,16.3,20.67,0
4.0,581,0.337,5.6,21.28,0
3.02,616,0.67,21.5,41.19,0
14.41,663,0.284,8.7,13.96,1
19.28,596,0.298,17.7,32.03,0
26.33,729,0.281,6.7,49.93,1
5.1,795,0.285,4.9,30.37,0
7.51,752,0.315,21.5,7.91,1
16.83,767,0.585,23.0,14.88,0
12.2,563,0.352,8.8,27.22,0
15.51,659,0.463,7.9,16.79,0
27.88,720,0.343,17.6,26.31,0
17.26,754,0.658,5.7,27.62,0
13.62,829,0.15,21.6,37.04,1
29.7,771,0.11,0.2,31.52,1
3.83,756,0.318,3.6,35.2,0
28.1,850,0.731,3.0,11.7,1
16.05,688,0.531,7.9,21.74,0
16.11,655,0.47,21.7,41.43,0
27.82,695,0.305,16.0,37.86,1
16.21,602,0.235,2.7,9.92,1
14.28,686,0.718,2.0,4.13,0
9.63,533,0.332,7.2,33.01,0
20.45,635,0.539,15.5,22.76,1
17.95,670,0.612,14.8,21.11,0
8.0,761,0.5,2.9,2.23,0
21.86,774,0.19,19.0,19.7,1
20.03,598,0.23,15.8,9.76,1
13.13,850,0.037,24.6,2.68,1
2.12,693,0.728,13.8,20.55,1
14.5,700,0.629,8.2,41.42,0
2.17,542,0.315,3.0,44.68,0
4.1,627,0.671,23.0,12.67,0
14.06,769,0.132,0.9,14.47,1
4.29,694,0.051,8.7,5.83,0
9.72,689,0.119,13.3,45.56,1
20.35,699,0.665,14.2,4.2,1
10.64,557,0.137,14.6,46.93,0
29.93,672,0.07,17.9,32.43,1
27.66,800,0.155,3.2,39.54,1
18.39,772,0.323,18.0,11.78,1
29.07,669,0.382,22.2,30.77,1
26.3,813,0.192,0.8,6.33,1
10.93,573,0.608,0.9,33.27,0
22.99,597,0.721,24.8,30.42,0
5.83,838,0.232,7.8,41.37,1
21.17,729,0.7,11.4,32.6,0
15.75,655,0.617,7.8,48.6,0
2.47,675,0.667,13.9,25.03,0
9.68,611,0.064,17.8,28.04,0
28.75,704,0.629,19.0,4.72,1
10.84,697,0.448,8.9,6.3,1
7.08,682,0.048,6.5,9.5,0
7.25,581,0.57,13.7,6.8,0
15.42,703,0.196,9.6,7.73,0
25.59,635,0.602,15.6,13.76,1
23.22,596,0.477,15.3,14.64,0
14.23,788,0.379,22.4,35.08,1
7.84,850,0.037,0.1,24.84,1
3.29,845,0.669,2.5,46.43,0
14.95,735,0.128,19.7,17.8,1
24.81,657,0.626,14.6,4.11,1
22.43,674,0.522,1.6,42.37,0
13.44,714,0.071,23.6,42.29,1
18.65,644,0.416,16.3,18.8,0
14.21,792,0.722,12.1,4.45,0
18.21,507,0.694,19.5,44.16,0
16.49,655,0.127,14.9,46.74,0
21.07,748,0.146,9.3,49.86,1
16.22,608,0.132,7.4,20.16,0
28.34,660,0.572,11.3,7.23,1
13.98,730,0.137,11.9,19.51,0
2.45,809,0.067,17.8,29.69,0
8.62,570,0.305,11.8,3.12,0
16.02,564,0.726,0.5,14.44,0
17.14,600,0.245,17.1,47.16,0
17.47,549,0.549,1.7,3.17,0
22.01,555,0.125,21.2,8.4,1
9.69,597,0.473,17.7,29.47,0
20.62,785,0.444,14.9,47.93,1
21.71,653,0.68,11.4,47.08,0
13.52,683,0.543,4.3,13.62,0
13.26,599,0.108,16.4,31.07,0
7.01,734,0.316,2.7,48.29,0
13.59,839,0.02,15.1,31.85,1
24.03,605,0.196,4.6,11.86,0
27.45,827,0.729,14.9,34.99,1
18.62,711,0.353,3.8,26.05,0
10.38,681,0.653,2.4,25.2,0
21.1,714,0.037,11.8,24.93,1
22.72,713,0.662,17.7,6.51,1
11.3,838,0.669,6.0,39.68,0
25.14,724,0.497,12.4,18.0,0
4.06,726,0.105,20.0,10.05,1
2.3,644,0.659,13.7,22.6,0
5.44,751,0.677,14.9,32.51,0
6.37,599,0.167,5.5,28.12,0
26.61,689,0.706,3.1,41.14,1
13.9,850,0.663,3.7,42.32,1
9.7,467,0.17,24.3,31.41,0
14.01,700,0.307,2.2,28.03,0
13.06,703,0.266,3.8,28.77,0
10.44,661,0.384,5.1,20.26,0
5.86,663,0.669,19.7,23.99,0
20.37,688,0.658,9.9,26.81,1
5.82,659,0.148,19.8,40.24,0
23.71,699,0.422,10.5,37.55,0
7.65,639,0.41,19.9,10.58,0
22.48,850,0.349,22.4,48.91,0
24.56,659,0.542,11.2,48.3,0
5.51,728,0.492,24.7,14.68,1
4.43,623,0.221,23.3,49.94,0
28.59,759,0.274,0.4,26.73,1
14.97,742,0.669,14.1,12.11,1
19.65,716,0.258,16.4,36.3,1
2.65,593,0.344,21.1,3.35,1
9.8,616,0.73,16.8,34.69,0
16.15,823,0.646,17.2,41.92,0
26.81,615,0.53,7.2,18.18,0
9.6,734,0.242,20.5,17.4,1
23.71,600,0.479,1.6,14.35,1
20.54,766,0.489,16.4,20.97,0
5.23,622,0.32,5.1,29.1,0
10.21,598,0.046,19.1,38.34,0
8.66,619,0.288,19.8,44.44,0
14.39,633,0.391,4.4,27.88,1
19.79,714,0.714,19.8,24.27,1
14.14,686,0.551,20.9,19.36,1
8.85,587,0.099,1.3,30.17,0
21.48,678,0.24,10.8,8.1,1
18.37,583,0.401,4.8,23.88,0
16.54,735,0.349,3.2,25.93,1
17.52,750,0.024,20.1,31.84,1
8.21,678,0.703,7.3,4.36,0
21.05,703,0.68,16.1,22.05,0
12.85,829,0.694,0.1,38.33,0
12.18,667,0.333,2.0,39.42,0
6.19,600,0.628,15.3,27.62,0
18.71,729,0.537,9.3,43.72,1
18.87,584,0.394,22.0,37.98,1
11.53,662,0.076,2.1,40.07,1
26.08,629,0.143,15.6,39.86,1
25.67,620,0.194,17.6,36.7,0
5.05,659,0.674,15.3,42.96,0
21.46,756,0.506,17.0,5.75,1
13.03,774,0.738,6.2,25.68,0
29.99,759,0.433,19.2,41.45,1
8.3,709,0.082,13.9,6.36,1
9.85,658,0.369,19.7,8.6,1
14.38,480,0.102,3.0,20.68,0
9.52,711,0.678,3.2,28.64,0
21.38,486,0.223,9.9,36.47,0
15.47,517,0.164,9.7,28.48,0
8.18,666,0.393,3.2,11.61,0
16.18,702,0.609,2.0,42.55,0
26.89,642,0.393,2.0,13.98,1
24.19,811,0.048,1.3,43.04,1
15.97,719,0.562,0.8,25.26,1
10.08,659,0.045,20.2,2.98,1
7.04,798,0.461,23.4,24.5,0
26.59,813,0.47,10.6,33.05,1
21.88,724,0.172,4.7,44.12,0
18.02,614,0.346,8.2,29.52,1
26.62,633,0.025,20.5,49.58,1
5.41,557,0.227,23.2,19.66,0
21.11,676,0.472,6.0,13.04,0
8.07,591,0.227,0.8,22.72,0
5.38,652,0.055,7.7,33.26,0
15.04,702,0.512,9.6,5.65,1
12.85,511,0.562,0.1,5.41,0
28.35,573,0.65,17.0,31.59,0
11.07,637,0.659,3.1,19.81,0
24.82,676,0.382,2.0,39.38,0
22.97,638,0.317,18.0,13.92,1
20.7,657,0.448,19.3,22.24,1
27.77,620,0.599,4.6,26.24,0
13.42,557,0.367,19.2,47.18,0
12.91,635,0.746,7.4,1.36,0
6.51,662,0.485,7.7,11.63,0
9.72,654,0.245,3.1,5.51,1
26.63,690,0.599,5.7,49.57,0
15.28,716,0.13,1.0,7.48,1
11.56,738,0.703,16.8,41.34,0
8.05,626,0.268,21.3,26.48,0
15.58,546,0.52,1.2,39.34,0
22.07,788,0.476,6.4,15.78,1
10.03,713,0.09,8.7,24.3,1
23.22,599,0.547,9.8,48.92,0
19.63,704,0.248,20.6,5.66,1
24.05,771,0.298,1.1,31.41,1
9.03,827,0.09,15.4,47.96,0
19.67,701,0.611,13.3,7.21,1
6.3,770,0.648,21.0,42.16,0
12.19,577,0.118,7.6,14.53,1
22.28,677,0.613,2.5,10.83,0
19.69,652,0.676,3.3,9.16,0
7.26,709,0.091,15.8,37.05,0
26.03,817,0.748,13.6,2.75,1
3.49,701,0.023,14.8,21.61,1
18.67,600,0.635,3.4,35.15,0
29.55,573,0.428,1.1,7.84,1
16.88,820,0.719,14.2,11.98,1
24.42,724,0.267,2.0,8.47,1
18.67,718,0.283,23.2,2.28,1
23.93,651,0.633,20.1,23.37,1
20.36,703,0.539,4.5,25.34,0
21.35,596,0.458,14.9,47.34,0
8.38,713,0.49,3.3,36.68,1
22.77,580,0.518,23.4,48.54,1
8.66,649,0.055,14.7,38.09,1
29.46,625,0.106,7.9,48.96,0
8.38,403,0.152,17.0,13.16,1
8.63,651,0.149,0.1,9.21,0
26.04,604,0.635,7.2,20.17,0
8.8,662,0.308,5.9,25.1,0
12.11,680,0.377,8.7,41.41,0
22.01,830,0.085,2.1,27.53,1
6.44,706,0.656,24.2,47.67,0
6.45,708,0.027,11.7,15.14,0
15.62,722,0.081,21.4,29.37,1
8.82,754,0.613,1.5,32.93,0
8.6,719,0.115,21.1,8.64,1
2.26,704,0.599,16.3,39.49,0
12.37,740,0.276,17.0,32.33,0
10.91,474,0.587,20.2,10.4,0
2.87,850,0.057,13.2,21.26,1
19.39,815,0.269,15.9,32.4,1
19.55,698,0.371,22.5,36.94,1
3.98,560,0.477,3.1,21.45,0
10.88,783,0.63,1.4,36.4,0
26.44,621,0.198,24.6,13.77,1
18.3,725,0.501,22.0,15.95,1
13.54,571,0.131,12.8,1.58,0
15.02,850,0.6,19.5,24.89,1
7.83,557,0.701,22.0,10.23,0
24.73,686,0.055,11.7,30.5,1
27.59,500,0.078,2.4,48.32,0
27.5,676,0.595,12.0,49.98,0
8.27,644,0.663,8.8,19.35,0
10.7,777,0.493,0.6,36.95,1
6.5,644,0.357,24.0,48.07,0
10.6,777,0.581,17.9,26.65,0
11.32,593,0.239,19.6,17.36,0
19.73,656,0.744,14.9,8.63,0
7.31,658,0.639,6.7,9.63,0
27.74,722,0.668,14.6,42.85,0
4.89,711,0.644,17.0,13.69,0
2.19,741,0.701,14.9,14.26,1
25.94,703,0.067,3.2,37.59,0
21.71,736,0.683,20.3,42.0,1
11.95,604,0.201,7.4,11.21,0
18.67,713,0.282,9.9,34.74,1
8.26,817,0.291,13.8,22.88,1
6.71,537,0.19,24.4,14.56,1
15.19,722,0.34,7.8,26.49,0
11.89,738,0.389,1.0,39.1,0
19.23,804,0.129,24.3,5.88,1
8.11,742,0.282,23.9,4.49,1
20.56,689,0.274,5.0,45.67,0
23.47,717,0.513,20.7,48.21,1
6.67,618,0.444,23.0,26.9,1
3.23,647,0.543,0.3,8.04,0
14.31,566,0.592,18.9,4.85,0
23.67,806,0.507,4.5,8.64,1
20.22,718,0.196,20.7,14.85,1
21.65,602,0.387,0.5,34.51,0
13.28,703,0.361,17.3,6.4,1
8.58,779,0.074,20.4,7.71,1
16.89,764,0.673,0.9,35.94,0
7.72,601,0.087,18.9,13.61,1
22.33,414,0.733,3.0,11.59,0
7.52,714,0.043,2.0,29.55,0
10.16,605,0.553,23.0,4.86,1
16.18,733,0.23,23.1,31.83,0
15.63,761,0.68,18.5,1.94,1
18.82,775,0.622,22.3,12.42,1
14.25,828,0.038,0.4,23.07,1
27.75,785,0.036,12.8,31.92,0
25.52,829,0.46,21.8,10.99,1
26.62,797,0.129,22.3,44.08,1
19.63,805,0.03,9.2,46.03,1
19.78,677,0.726,8.1,24.56,0
19.06,570,0.482,17.5,14.35,0
14.18,850,0.028,1.5,6.41,1
11.02,685,0.378,19.5,47.0,0
18.58,784,0.135,6.2,7.55,1
2.71,633,0.608,13.0,15.64,0
2.21,762,0.041,4.8,17.12,0
25.85,472,0.291,18.4,14.15,1
3.3,645,0.194,23.9,1.1,0
16.69,672,0.736,13.5,11.15,0
19.22,719,0.077,23.8,37.68,1
7.55,771,0.546,10.1,11.06,1
27.08,587,0.369,7.2,38.44,0
7.32,736,0.616,21.0,21.38,0
26.77,784,0.176,0.9,4.97,1
23.36,850,0.644,7.0,41.52,0
8.74,740,0.714,17.3,32.12,0
6.22,641,0.176,4.7,30.99,0
10.85,572,0.197,22.3,8.36,0
13.14,835,0.723,12.1,31.54,1
8.88,743,0.337,6.1,40.03,0
29.97,678,0.63,9.3,49.82,0
8.43,542,0.635,7.1,33.87,0
25.26,601,0.247,17.5,22.18,1
6.46,734,0.151,2.7,41.12,0
29.45,710,0.288,21.3,3.47,1
8.31,515,0.452,3.7,21.55,0
13.81,734,0.383,7.1,36.88,1
17.64,547,0.558,15.7,18.61,1
5.37,795,0.421,8.9,3.89,1
24.87,698,0.608,12.8,6.44,0
9.69,641,0.096,14.2,9.19,0
17.38,764,0.341,6.5,41.73,1
17.39,710,0.032,13.4,36.32,1
18.87,793,0.108,23.5,38.43,1
3.55,687,0.262,0.1,45.56,0
6.72,692,0.678,14.9,15.83,0
6.51,656,0.298,8.0,37.41,0
10.46,702,0.22,21.6,18.86,1
6.06,824,0.51,2.4,39.5,0
27.81,637,0.534,1.5,35.1,0
16.36,735,0.371,10.1,49.5,1
19.46,605,0.231,16.8,38.1,0
12.01,504,0.24,0.2,1.29,0
9.73,698,0.155,20.3,35.29,1
16.09,711,0.285,8.4,5.98,1
10.24,671,0.143,23.0,27.76,1
11.62,553,0.489,22.6,8.71,0
14.68,706,0.673,19.1,25.24,1
16.16,703,0.206,18.4,39.84,1
29.56,604,0.197,15.0,15.17,1
8.25,565,0.676,19.9,8.48,1
15.66,659,0.435,4.5,16.41,0
6.19,735,0.553,20.4,9.51,1
11.8,715,0.669,14.1,9.99,1
22.08,605,0.505,19.5,35.16,0
6.88,692,0.562,12.3,35.51,0
18.28,755,0.302,15.8,26.93,1
13.67,580,0.705,8.5,13.36,0
3.44,685,0.534,10.6,26.95,0
28.13,794,0.072,9.1,47.48,1
13.58,572,0.455,18.5,19.8,0
23.95,778,0.089,5.0,21.75,1
13.66,818,0.401,23.3,25.22,1
28.25,661,0.085,20.7,9.74,1
10.13,651,0.478,21.5,12.99,1
13.54,768,0.353,22.8,34.86,0
23.25,664,0.424,10.9,8.92,0
11.62,480,0.494,22.3,30.62,0
12.2,672,0.203,11.1,19.91,1
29.86,720,0.253,2.5,16.01,1
17.56,743,0.372,1.2,27.94,1
21.3,605,0.433,1.6,12.06,1
20.02,657,0.694,4.7,16.17,0
25.18,763,0.277,9.0,26.7,1
26.13,675,0.452,24.5,33.21,1
17.77,550,0.693,6.0,41.98,0
10.25,785,0.544,22.8,41.41,0
2.64,662,0.26,20.3,25.39,0
19.2,773,0.323,21.5,4.64,1
25.11,561,0.662,19.6,10.22,0
14.62,670,0.34,24.3,1.02,1
6.61,723,0.204,3.0,10.09,0
10.07,673,0.402,12.0,2.51,0
16.28,579,0.156,8.6,36.02,1
25.43,477,0.445,7.1,27.76,0
6.81,809,0.744,11.2,2.75,1
19.14,701,0.728,12.0,31.26,0
23.09,779,0.468,24.6,40.89,1
28.21,759,0.667,6.6,2.4,1
5.27,731,0.615,22.8,7.23,0
27.94,653,0.714,4.2,24.09,0
18.84,722,0.657,16.6,3.07,1
23.47,802,0.677,7.6,2.04,1
3.51,687,0.188,24.0,29.54,0
16.17,842,0.135,15.9,28.57,1
19.43,553,0.052,1.6,40.53,1
10.59,543,0.501,23.1,4.82,0
14.09,764,0.701,7.3,44.96,0
17.52,610,0.746,23.2,1.91,1
17.47,850,0.642,0.3,15.77,1
3.17,794,0.627,5.5,3.38,0
14.31,815,0.399,7.0,12.97,1
7.99,755,0.35,17.2,40.94,0
27.67,602,0.487,19.9,7.13,1
29.34,539,0.037,15.8,10.89,1
10.39,807,0.6,1.6,30.96,0
6.91,553,0.5,10.8,2.06,0
8.15,815,0.144,12.3,30.52,1
15.38,737,0.484,9.0,44.82,1
26.49,674,0.458,10.5,4.41,1
16.0,718,0.595,12.1,1.29,0
3.55,720,0.631,13.9,20.89,0
3.12,663,0.205,15.8,42.6,0
8.37,801,0.615,5.3,46.82,0
25.6,798,0.153,22.5,40.26,1
19.4,693,0.308,20.7,32.82,1
17.76,629,0.38,19.7,21.9,1
10.93,791,0.608,20.1,39.66,0
28.02,508,0.678,13.1,38.08,0
11.27,718,0.033,23.8,10.0,1
25.38,743,0.558,9.1,36.07,0
27.09,610,0.661,10.5,39.84,0
15.53,763,0.717,20.4,45.14,1
27.04,678,0.216,21.7,36.75,0
9.75,634,0.146,11.2,36.89,0
20.44,762,0.384,21.2,45.18,1
4.46,588,0.678,15.8,10.52,0
15.27,754,0.25,9.7,27.95,1
8.09,512,0.389,22.6,44.78,0
3.76,704,0.747,12.6,31.95,0
2.1,684,0.353,21.2,46.64,0
11.09,634,0.479,20.3,3.47,0
18.51,713,0.747,2.4,11.48,0
14.75,673,0.288,21.8,11.85,1
10.45,770,0.219,4.1,4.85,1
29.75,728,0.226,20.3,31.51,1
28.31,718,0.47,18.9,20.67,0
5.52,705,0.139,18.4,12.88,1
13.62,640,0.14,23.0,36.66,0
20.17,654,0.21,15.0,34.13,1
22.54,701,0.415,8.5,2.92,1
12.26,665,0.636,14.8,22.54,1
22.9,774,0.406,17.4,36.29,1
5.48,688,0.591,9.1,6.07,0
11.29,712,0.719,6.4,39.95,0
22.06,561,0.56,12.2,31.19,0
19.52,760,0.489,22.5,36.19,1
25.44,631,0.026,15.8,13.27,1
3.31,591,0.347,22.4,37.64,0
6.88,820,0.216,11.9,9.51,1
3.36,739,0.394,23.7,43.16,0
7.38,763,0.714,19.8,11.09,1
2.12,719,0.254,8.9,14.14,1
16.12,672,0.137,11.2,33.87,0
16.79,656,0.623,24.9,17.34,0
20.42,746,0.743,23.8,16.14,1
12.78,776,0.589,10.3,4.06,0
2.09,674,0.121,20.8,41.19,0
20.87,850,0.422,22.7,23.51,1
3.52,663,0.316,6.3,20.26,1
26.25,562,0.482,12.9,13.03,1
2.63,534,0.508,18.9,28.21,0
16.85,537,0.609,1.9,28.42,0
27.06,645,0.195,20.1,1.12,1
18.03,660,0.724,5.3,5.19,1
19.04,738,0.177,12.0,31.03,1
21.09,678,0.111,9.4,14.91,1
5.43,752,0.625,18.5,49.21,0
20.9,684,0.358,5.8,13.18,1
26.65,681,0.378,11.7,8.45,0
29.28,631,0.253,6.6,3.19,1
14.41,801,0.054,1.4,34.64,1
11.65,550,0.161,21.1,15.24,1
23.09,706,0.576,5.6,14.42,0
17.2,665,0.184,5.8,6.41,1
9.2,746,0.745,1.2,3.57,0
6.82,678,0.594,12.6,12.29,0
6.77,681,0.639,6.7,20.43,0
14.86,657,0.657,14.1,33.44,0
6.76,798,0.545,18.1,5.96,1
2.55,680,0.36,1.1,18.94,0
3.46,847,0.689,5.0,49.63,0
28.04,703,0.331,9.8,34.38,1
4.04,682,0.09,22.0,49.96,0
4.05,668,0.455,2.7,4.89,0
14.63,728,0.097,18.6,20.84,1
8.86,630,0.498,23.8,12.28,1
28.96,692,0.748,1.9,47.14,0
27.51,681,0.513,8.3,45.36,0
13.33,708,0.174,19.2,28.88,1
14.56,710,0.121,23.4,16.05,1
12.5,714,0.28,6.2,27.7,1
3.06,688,0.126,16.0,43.68,0
10.2,813,0.436,18.3,29.12,0
5.43,716,0.592,10.1,38.5,0
4.87,850,0.5,16.7,34.7,0
17.7,684,0.471,13.7,5.78,0
4.77,762,0.338,23.4,38.14,1
4.88,618,0.146,13.5,11.22,0
15.45,799,0.486,12.9,43.66,1
14.38,620,0.326,16.7,16.17,1
5.85,719,0.243,3.8,28.65,0
2.12,658,0.501,13.3,15.0,1
7.4,718,0.296,1.3,1.42,0
8.6,660,0.143,15.7,39.23,1
24.41,613,0.373,13.4,36.03,1
27.63,657,0.231,21.0,46.26,1
13.37,811,0.555,19.9,29.05,1
13.34,720,0.054,10.8,10.22,1
21.95,570,0.643,16.5,9.37,0
19.55,773,0.357,7.6,20.08,1
7.16,604,0.032,9.7,17.2,0
5.02,743,0.117,2.0,20.99,0
14.25,727,0.71,2.5,12.02,0
17.82,732,0.412,20.5,49.44,0
5.88,838,0.581,24.3,5.2,1
10.21,610,0.664,12.2,37.22,0
10.57,732,0.254,3.2,28.81,1
9.32,787,0.419,2.2,28.23,0
14.9,625,0.495,1.1,31.05,0
20.29,617,0.634,22.0,45.3,1
16.26,656,0.327,11.1,34.08,1
7.64,708,0.715,22.0,14.27,0
4.88,560,0.463,9.1,14.19,0
25.01,727,0.658,14.7,41.58,1
15.42,560,0.081,16.8,24.43,0
3.74,790,0.358,1.3,35.54,1
9.23,724,0.151,17.0,19.42,1
24.51,843,0.686,20.0,37.17,1
23.05,737,0.192,0.6,21.78,1
26.52,654,0.54,1.5,25.16,0
18.86,612,0.066,13.1,46.49,1
13.84,700,0.167,24.3,25.25,1
13.95,677,0.253,24.3,12.02,1
7.43,781,0.591,2.7,27.04,0
20.22,601,0.203,19.0,1.42,0
18.38,850,0.616,19.8,14.67,1
6.34,788,0.596,21.9,30.6,0
26.8,663,0.744,1.1,4.48,0
12.32,833,0.514,24.3,23.31,1
3.39,613,0.485,20.5,30.34,0
11.18,697,0.459,15.2,12.1,0
26.36,571,0.1,1.7,11.67,1
27.67,837,0.395,6.0,33.77,1
15.73,540,0.642,8.7,48.74,0
28.78,558,0.035,21.4,16.06,1
26.51,626,0.112,19.0,11.18,0
25.11,792,0.458,23.5,49.22,0
26.07,761,0.638,10.6,41.9,1
12.69,690,0.244,22.9,46.86,1
23.18,767,0.656,22.4,3.26,0
18.17,670,0.266,0.5,46.75,0
22.15,716,0.36,6.0,42.08,0
6.98,820,0.716,20.0,15.68,0
22.48,659,0.325,16.6,31.59,0
28.81,615,0.458,5.6,9.44,1
10.47,720,0.703,19.5,21.47,0
29.61,743,0.213,7.9,30.52,1
12.59,689,0.087,15.1,6.41,1
7.59,765,0.719,23.4,48.36,0
5.14,663,0.429,6.0,46.53,0
23.98,691,0.725,1.4,43.5,0
17.54,712,0.653,16.5,7.3,1
10.6,704,0.454,18.2,33.79,1
19.04,817,0.364,7.8,44.63,0
11.3,711,0.371,11.7,7.74,1
14.55,654,0.141,12.5,32.72,0
26.15,725,0.351,20.4,11.0,1
20.71,766,0.62,17.3,34.8,0
23.35,746,0.742,6.8,32.73,0
18.34,741,0.721,6.8,43.71,0
29.76,553,0.722,8.1,24.8,0
8.76,468,0.034,3.6,38.18,0
9.34,788,0.397,3.4,10.4,0
4.59,717,0.166,20.4,32.49,1
17.51,678,0.469,20.8,43.97,0
19.17,739,0.71,6.5,36.43,0
22.33,844,0.66,21.3,44.05,1
11.39,800,0.653,14.3,31.86,0
2.34,762,0.287,17.8,28.02,0
19.7,605,0.386,22.0,45.84,0
29.96,616,0.226,7.7,16.85,0
10.25,477,0.424,16.6,37.67,0
7.15,734,0.241,7.7,34.96,1
9.89,774,0.61,22.6,40.9,0
13.91,781,0.359,7.5,25.38,1
9.03,737,0.531,15.6,25.19,0
11.71,667,0.657,4.8,2.68,0
19.87,632,0.239,9.2,46.64,0
11.66,610,0.474,8.8,19.98,0
13.09,666,0.637,18.8,28.05,0
3.12,597,0.714,7.2,10.71,0
27.7,829,0.139,8.2,31.19,1
13.39,569,0.517,0.2,17.96,0
11.19,663,0.338,7.9,29.67,1
4.42,515,0.228,6.8,37.03,0
19.76,705,0.135,13.6,30.89,1
26.19,680,0.447,10.0,2.5,1
3.15,650,0.264,24.5,40.5,0
6.07,601,0.508,13.7,28.48,0
6.1,680,0.225,1.8,12.68,1
18.86,634,0.02,20.2,16.86,1
27.79,668,0.58,1.3,40.74,0
14.26,846,0.138,20.9,46.88,1
11.63,695,0.204,10.1,40.86,1
23.44,725,0.192,1.5,44.43,1
22.79,641,0.27,24.4,25.0,1
8.91,613,0.374,12.4,21.42,1
6.5,678,0.613,21.4,41.12,0
12.02,850,0.495,10.5,20.33,1
23.72,656,0.127,11.5,35.59,0
21.46,711,0.154,9.1,31.04,1
20.64,610,0.638,9.2,8.49,0
25.22,446,0.202,19.8,16.12,1
9.76,613,0.18,0.8,11.41,0
11.51,850,0.023,12.2,7.15,1
3.19,731,0.585,6.6,21.59,0
26.32,819,0.559,13.9,10.72,1
18.31,650,0.274,5.4,4.5,1
10.35,480,0.025,8.7,11.14,1
3.94,586,0.593,13.3,31.33,1
22.26,714,0.093,18.5,40.61,1
22.96,700,0.356,23.6,23.68,1
20.65,679,0.633,6.1,30.86,0
7.71,635,0.198,12.1,32.87,0
27.57,760,0.297,8.7,32.92,1
23.09,637,0.502,15.2,49.36,0
20.42,706,0.511,9.2,30.84,0
20.23,697,0.358,2.4,27.77,1
27.32,649,0.337,15.4,43.47,1
27.99,605,0.326,0.9,31.43,0
18.68,644,0.375,1.1,23.45,0
13.67,839,0.273,22.1,37.38,1
12.18,775,0.207,21.8,11.99,0
24.93,767,0.251,14.1,33.95,1
20.05,613,0.369,0.5,38.59,0
4.16,558,0.299,8.6,32.29,0
5.98,773,0.447,8.7,10.2,1
27.21,757,0.481,18.0,26.24,1
26.77,692,0.747,20.3,40.69,0
28.65,649,0.469,8.9,20.73,0
13.98,556,0.556,10.5,46.46,0
23.95,754,0.092,5.6,3.36,1
25.19,781,0.575,18.2,33.59,1
10.84,622,0.391,8.7,12.41,0
6.07,615,0.653,17.6,32.79,0
29.92,785,0.729,17.7,47.52,0
2.85,625,0.188,3.9,29.17,0
18.73,831,0.698,22.1,22.41,1
20.21,671,0.51,20.6,43.07,0
21.09,647,0.56,14.6,23.72,0
9.16,684,0.365,2.2,28.65,0
22.2,647,0.279,4.2,16.05,0
8.06,776,0.604,2.3,27.92,0
25.21,755,0.036,11.6,36.07,1
8.14,772,0.415,6.6,25.96,0
21.51,696,0.074,20.8,11.33,1
23.94,641,0.206,10.9,1.96,1
7.29,679,0.549,11.3,11.68,0
8.66,644,0.571,23.0,42.66,1
23.81,805,0.669,14.4,48.0,1
4.41,765,0.542,9.7,28.56,0
7.34,672,0.513,24.6,41.62,0
14.75,601,0.71,11.6,3.3,0
28.05,811,0.412,14.5,42.83,1
17.73,692,0.497,9.6,15.07,0
12.85,669,0.654,16.7,9.6,1
29.39,812,0.577,19.4,14.58,1
14.98,637,0.582,15.7,25.4,0
14.14,653,0.412,6.2,29.79,0
13.53,660,0.405,23.6,1.34,0
10.74,568,0.494,12.8,17.81,0
11.12,707,0.531,20.7,35.52,0
21.26,615,0.419,0.2,37.77,0
3.14,631,0.155,12.9,12.48,0
21.09,620,0.201,23.4,13.08,1
7.63,630,0.38,17.2,34.3,0
12.76,609,0.169,2.9,30.87,0
6.1,701,0.329,17.7,25.36,0
17.48,667,0.127,0.4,27.78,0
22.42,684,0.127,9.2,25.47,0
11.93,850,0.636,5.9,20.95,0
6.58,667,0.416,6.3,39.61,0
8.34,731,0.59,1.0,44.54,0
24.91,741,0.028,15.4,32.35,1
9.49,675,0.229,18.5,14.22,1
23.69,703,0.033,7.3,48.75,0
11.27,682,0.022,14.7,5.32,1
7.28,697,0.043,12.4,47.65,1
22.36,630,0.401,24.8,28.24,1
15.12,638,0.086,20.3,35.8,0
2.88,681,0.603,23.7,21.75,0
28.88,512,0.397,20.6,18.5,0
6.14,807,0.199,16.4,11.94,1
11.9,850,0.632,1.8,6.5,1
12.77,694,0.392,21.4,16.33,0
15.7,737,0.276,19.0,13.47,1
23.99,772,0.435,7.1,27.15,1
2.17,567,0.511,6.7,43.0,0
28.11,759,0.428,13.1,5.1,0
20.09,644,0.701,7.1,37.6,0
28.62,850,0.278,24.3,14.11,1
24.89,664,0.319,4.8,32.41,0
27.98,757,0.647,3.8,31.74,1
18.83,665,0.485,1.1,37.14,0
12.0,850,0.725,13.8,1.75,1
14.4,636,0.598,18.5,1.07,1
20.42,779,0.394,14.7,9.27,1
13.95,733,0.483,5.2,49.04,0
22.49,714,0.316,23.1,17.74,1
4.57,699,0.113,9.5,31.64,0
25.24,623,0.317,3.5,16.09,0
7.72,460,0.225,4.8,24.9,0
28.43,771,0.515,11.0,22.46,1
6.36,638,0.509,13.6,10.21,0
5.62,779,0.704,15.0,18.55,0
24.73,710,0.078,1.8,10.34,1
24.92,782,0.361,21.7,14.7,1
22.69,748,0.311,8.4,21.45,0
28.89,471,0.405,6.5,39.98,0
9.58,732,0.107,17.2,10.62,1
25.15,651,0.379,15.3,10.59,1
11.86,779,0.5,24.8,13.12,1
17.05,730,0.249,10.3,39.68,1
14.48,731,0.495,4.6,13.12,1
2.16,657,0.214,24.3,41.15,1
18.08,602,0.29,12.1,16.81,0
22.93,643,0.682,16.5,15.84,0
6.89,527,0.038,1.1,19.54,0
28.09,630,0.219,8.4,22.96,1
16.85,556,0.703,24.7,21.57,0
6.99,558,0.127,24.1,20.32,1
20.09,690,0.31,24.6,49.89,0
7.37,725,0.351,20.6,34.96,1
3.78,677,0.496,12.5,44.2,0
21.19,638,0.467,14.3,44.79,0
5.1,599,0.478,1.9,21.92,1
4.97,653,0.706,19.8,38.99,0
22.72,610,0.307,18.7,24.07,1
3.55,675,0.378,17.7,30.14,1
24.67,551,0.724,9.6,36.99,0
24.29,740,0.114,6.6,29.51,1
5.96,632,0.712,20.2,25.85,0
16.51,712,0.712,24.4,1.58,1
4.71,755,0.716,10.6,48.52,0
19.71,708,0.069,1.4,2.86,1
3.76,748,0.442,22.5,6.89,1
28.45,504,0.632,17.2,3.08,0
7.82,638,0.249,16.8,31.68,1
21.12,774,0.451,23.6,15.83,1
5.59,723,0.207,16.8,44.79,0
7.87,837,0.115,15.4,30.04,1
14.63,825,0.642,17.8,39.29,0
18.05,705,0.736,12.1,8.12,1
29.97,659,0.071,7.2,21.12,1
2.73,599,0.109,6.3,31.6,0
2.01,640,0.45,18.2,10.2,0
11.81,645,0.083,6.1,19.72,1
12.25,630,0.481,23.3,37.97,0
26.75,602,0.545,10.1,34.43,0
27.55,714,0.323,15.8,45.19,1
26.65,824,0.572,1.1,28.35,1
6.01,759,0.103,11.2,11.14,1
13.54,653,0.24,10.0,44.06,0
22.88,766,0.61,18.9,48.14,0
10.75,709,0.084,1.4,24.79,0
20.57,677,0.228,10.1,5.14,1
8.64,671,0.473,21.5,13.39,0
11.06,663,0.201,16.7,37.86,0
26.09,735,0.371,19.4,1.01,1
9.01,692,0.631,19.1,15.44,1
29.0,618,0.217,16.5,19.08,1
10.58,614,0.338,9.8,39.63,0
2.66,706,0.033,10.0,22.42,0
9.14,716,0.537,1.3,26.75,1
6.79,653,0.279,4.9,33.91,0
16.19,584,0.648,14.0,39.46,0
5.16,786,0.085,22.4,17.57,1
19.53,768,0.591,15.3,9.42,1
26.5,511,0.614,9.7,9.92,1
12.15,794,0.587,20.8,8.85,1
6.72,662,0.556,11.2,6.61,0
13.2,696,0.194,6.5,22.6,0
24.01,777,0.324,2.0,9.97,1
18.56,820,0.302,20.7,39.34,1
4.83,765,0.196,15.4,1.0,1
17.04,700,0.379,14.5,47.72,0
15.11,563,0.529,18.0,1.65,0
11.16,508,0.369,15.1,16.94,1
5.08,755,0.731,8.8,37.95,0
29.47,794,0.537,15.4,43.73,0
6.93,611,0.343,3.5,5.27,0
7.4,657,0.315,7.4,40.25,0
6.08,633,0.446,13.4,37.82,0
17.97,630,0.335,1.7,23.53,0
14.42,771,0.182,20.5,31.72,1
8.99,699,0.4,1.1,18.99,0
14.02,661,0.511,9.3,16.28,1
20.86,850,0.282,11.4,2.62,1
9.89,558,0.227,17.0,1.33,0
27.63,727,0.179,3.9,26.78,1
10.58,591,0.285,20.5,1.57,1
7.55,667,0.198,10.7,7.02,1
28.73,693,0.577,6.3,5.73,1
24.7,752,0.486,2.5,32.02,1
11.61,658,0.229,23.1,33.78,1
25.56,649,0.744,10.1,37.96,1
16.53,656,0.491,9.5,48.69,0
11.71,588,0.124,4.5,49.01,0
25.51,734,0.625,12.7,11.17,1
23.06,704,0.57,8.0,18.23,0
10.34,717,0.385,4.1,28.51,0
18.99,674,0.19,18.8,3.17,1
12.34,664,0.612,22.5,10.43,0
2.03,780,0.111,8.8,42.83,0
28.93,767,0.325,7.2,21.0,1
17.39,800,0.617,9.3,24.75,1
18.76,712,0.605,23.1,37.09,1
18.8,795,0.48,14.6,40.63,1
17.42,645,0.026,4.1,43.38,1
10.12,663,0.263,15.8,44.85,0
29.2,782,0.643,10.0,15.43,1
19.41,752,0.547,0.4,32.8,0
20.79,655,0.612,24.2,6.45,0
14.73,591,0.066,2.9,48.48,0
10.06,663,0.707,10.3,14.11,0
3.8,622,0.187,16.4,20.13,0
11.81,827,0.263,14.7,46.6,1
6.93,745,0.634,0.1,31.88,0
20.54,615,0.317,15.2,15.13,1
26.61,591,0.489,18.2,5.23,1
10.48,614,0.423,21.2,24.95,0
11.32,632,0.652,4.6,29.95,0
20.77,666,0.134,0.9,33.75,0
6.18,775,0.091,23.6,9.07,1
28.02,598,0.482,17.0,35.59,0
12.19,850,0.637,11.4,18.77,1
4.83,600,0.694,18.1,47.26,0
6.89,560,0.312,3.9,33.02,0
28.12,824,0.556,24.0,45.99,1
8.92,792,0.305,16.4,2.48,1
20.54,665,0.253,21.9,45.27,1
6.37,712,0.038,13.9,44.02,1
7.43,715,0.203,20.0,26.03,1
26.62,692,0.144,8.2,48.84,1
6.14,570,0.216,3.3,37.71,0
2.53,469,0.231,8.8,49.76,0
16.03,608,0.647,22.4,38.06,0
26.16,834,0.168,17.5,45.84,1
11.13,838,0.618,11.4,10.66,0
5.59,658,0.647,5.9,10.65,0
29.5,599,0.359,15.0,25.88,1
20.95,704,0.549,14.8,36.73,0
25.82,717,0.253,13.3,13.98,1
23.06,731,0.033,18.4,21.43,0
21.55,465,0.538,6.1,9.45,0
12.77,850,0.463,12.8,46.35,0
11.08,776,0.357,7.7,37.48,1
22.07,663,0.676,5.1,2.88,0
22.07,619,0.551,8.3,2.1,1
28.62,764,0.331,20.1,49.7,1
17.92,722,0.059,2.8,20.41,1
10.25,688,0.66,6.9,30.51,0
15.71,719,0.739,13.3,47.44,0
19.18,670,0.483,10.0,47.83,0
13.95,714,0.581,20.7,5.7,1
24.15,742,0.389,19.5,32.14,1
18.37,709,0.193,16.9,49.65,0
2.26,705,0.686,7.1,9.8,0
17.96,798,0.522,0.5,33.48,0
19.74,544,0.42,7.8,38.93,0
27.63,612,0.518,15.0,4.7,1
13.58,682,0.394,2.5,19.96,1
18.09,618,0.063,20.6,11.06,1
15.3,646,0.502,24.7,3.78,0
16.89,789,0.024,18.4,5.87,1
3.88,667,0.181,10.4,17.75,1
27.12,525,0.134,19.9,29.38,0
27.49,644,0.268,6.8,47.73,0
17.35,685,0.683,23.9,46.85,0
17.58,683,0.078,9.2,43.75,0
3.61,727,0.281,17.2,38.8,0
18.74,720,0.574,0.5,2.99,0
14.02,668,0.65,15.8,20.88,1
21.85,579,0.557,7.4,39.19,0
3.32,643,0.725,2.6,48.41,0
21.9,627,0.528,10.8,23.65,0
10.03,656,0.564,2.6,35.36,0
20.25,739,0.328,4.6,49.77,0
19.56,714,0.24,22.4,31.53,1
8.35,750,0.357,1.6,39.16,0
14.33,647,0.581,15.6,48.35,0
25.4,808,0.495,1.5,35.79,0
18.96,737,0.583,18.0,7.46,1
3.92,690,0.478,24.4,48.98,0
14.4,731,0.555,10.7,40.39,0
10.73,623,0.134,24.2,13.96,1
19.97,501,0.256,16.0,49.38,0
19.21,628,0.43,14.9,4.9,1
2.29,744,0.032,4.3,47.05,0
19.02,687,0.686,23.8,42.21,0
22.58,668,0.195,21.5,14.47,1
23.52,608,0.085,3.3,43.16,0
3.65,514,0.505,0.7,3.96,0
10.5,801,0.161,9.0,47.66,1
13.8,662,0.43,4.0,30.64,0
7.03,643,0.202,8.4,26.53,1
13.78,623,0.141,24.0,49.56,0
3.99,787,0.557,21.5,2.29,1
5.17,755,0.304,11.0,26.11,1
20.72,598,0.439,6.9,37.03,0
9.35,779,0.178,14.4,6.5,1
21.92,668,0.423,23.4,1.73,1
3.35,628,0.327,19.8,31.15,0
17.76,655,0.057,21.7,17.56,1
12.96,613,0.55,19.0,24.61,0
24.32,568,0.423,12.6,31.49,1
23.95,746,0.697,3.5,19.92,1
12.52,661,0.61,20.5,11.51,1
19.44,732,0.437,16.3,12.69,1
8.37,704,0.051,19.3,10.18,1
18.25,727,0.569,18.4,36.08,1
4.28,506,0.421,6.2,7.58,0
14.17,606,0.63,7.1,48.64,1
7.12,728,0.442,21.4,1.23,1
26.73,572,0.021,10.2,15.88,0
14.46,712,0.615,4.4,40.33,0
18.54,562,0.603,16.1,5.41,0
12.09,681,0.093,7.5,29.81,1
10.08,817,0.519,16.1,15.24,1
7.68,746,0.404,14.8,48.31,1
27.53,523,0.451,16.6,11.73,0
24.39,752,0.669,24.8,4.48,1
5.73,835,0.202,6.9,31.07,0
22.91,850,0.03,24.4,19.43,1
13.72,720,0.172,19.1,45.29,1
2.43,564,0.688,21.4,45.83,0
16.79,717,0.174,20.1,39.96,1
5.64,816,0.512,0.6,7.3,0
7.88,664,0.596,12.6,33.25,0
21.49,769,0.614,2.6,5.52,0
9.2,609,0.028,16.8,2.24,0
26.97,712,0.027,1.5,10.66,1
20.4,468,0.742,0.8,25.23,0
25.3,599,0.405,22.7,23.1,1
19.23,679,0.067,22.9,39.02,1
26.33,649,0.04,15.6,26.65,1
12.13,569,0.612,11.5,13.95,0
17.38,638,0.681,20.7,7.85,1
16.44,708,0.403,24.1,28.92,1
27.31,673,0.291,1.4,34.07,1
6.62,685,0.533,2.6,11.43,0
18.19,742,0.036,22.6,31.96,1
23.12,651,0.676,2.5,43.15,0
12.36,796,0.207,17.9,12.87,1
26.29,596,0.159,13.8,41.15,0
12.44,844,0.247,13.0,47.57,1
6.85,775,0.067,2.4,46.89,0
18.35,650,0.304,18.2,7.92,1
13.78,655,0.542,15.1,3.4,0
2.43,698,0.384,23.2,36.6,0
3.96,731,0.508,12.0,19.72,0
7.47,773,0.176,22.8,9.71,1
23.54,566,0.31,4.6,22.91,0
26.98,717,0.399,5.1,27.59,1
17.28,500,0.438,23.7,8.93,0
4.96,665,0.156,2.5,2.85,1
16.96,804,0.61,5.9,39.31,0
25.96,560,0.086,3.5,23.35,0
22.99,544,0.092,17.7,12.97,1
10.15,699,0.202,19.5,47.8,0
5.47,798,0.498,22.5,38.19,1
27.22,708,0.076,3.7,20.73,1
25.91,518,0.026,8.0,14.37,1
3.5,537,0.365,7.9,36.73,0
25.06,688,0.273,24.3,36.49,1
4.72,580,0.134,14.6,44.32,0
3.77,692,0.499,8.4,1.64,1
23.24,697,0.488,7.5,31.85,0
17.02,638,0.109,8.0,14.81,1
13.61,834,0.188,17.8,48.76,1
27.31,730,0.286,13.7,2.22,1
25.5,783,0.743,15.6,24.88,1
3.61,758,0.581,11.8,35.83,0
19.25,667,0.266,0.7,37.81,0
23.62,663,0.725,17.2,32.02,0
17.41,655,0.352,18.1,24.13,1
29.52,738,0.298,4.5,45.56,1
21.21,625,0.709,16.2,29.26,0
4.92,827,0.557,21.9,26.54,0
7.55,617,0.42,15.1,43.0,0
25.13,698,0.459,16.7,22.72,1
29.91,661,0.73,17.5,30.79,1
4.75,642,0.132,8.1,17.12,0
4.81,850,0.273,3.9,11.4,1
23.37,643,0.327,11.8,23.56,1
3.8,654,0.739,5.8,17.47,0
3.92,624,0.081,17.2,2.85,1
26.89,683,0.102,17.9,24.85,1
24.41,671,0.338,0.2,33.16,0
26.68,585,0.144,23.9,3.55,1
20.21,644,0.52,23.1,28.8,0
11.03,732,0.283,3.3,16.19,0
27.38,767,0.638,11.9,3.0,1
10.36,682,0.566,5.2,5.75,1
9.71,685,0.364,24.1,36.1,0
26.82,649,0.637,14.2,27.42,0
21.06,637,0.094,17.5,47.84,1
27.08,602,0.444,24.4,34.4,0
6.37,548,0.462,16.8,48.17,0
28.66,620,0.2,21.8,14.97,1
19.16,757,0.056,6.0,29.54,0
20.7,644,0.411,5.7,28.37,1
27.59,651,0.395,11.0,26.66,0
12.66,649,0.497,22.0,44.97,0
22.15,786,0.175,1.0,26.86,1
19.93,601,0.151,11.0,13.92,1
24.06,704,0.734,20.6,35.4,1
27.11,674,0.103,4.4,13.98,1
21.04,686,0.75,15.4,5.08,0
3.89,701,0.546,1.7,29.84,0
7.13,685,0.479,0.3,7.74,0
28.71,747,0.268,8.0,36.0,1
29.12,678,0.653,20.1,22.47,1
29.09,828,0.684,1.0,43.44,1
3.03,684,0.547,9.1,20.83,0
12.71,535,0.538,18.2,20.41,0
23.27,734,0.38,9.2,22.01,0
23.08,713,0.077,12.0,35.97,1
4.41,683,0.749,12.5,8.6,0
19.07,658,0.031,22.7,17.72,1
6.0,500,0.382,21.9,14.13,0
15.81,515,0.288,1.6,20.01,0
8.71,820,0.587,17.3,45.67,0
3.49,630,0.557,13.6,31.93,0
4.24,762,0.478,8.9,25.66,0
27.51,544,0.075,12.3,7.32,1
22.85,591,0.193,22.0,29.24,0
28.09,738,0.089,19.3,40.14,1
15.16,671,0.735,14.2,18.69,1
13.57,726,0.113,4.4,45.24,1
12.04,679,0.726,15.5,18.22,1
19.26,662,0.102,12.5,8.86,1
11.84,622,0.649,11.2,41.56,0
22.9,579,0.439,23.6,28.71,0
24.44,799,0.627,24.8,26.32,1
26.52,813,0.483,23.8,46.36,1
8.8,592,0.581,18.5,41.41,0
16.76,586,0.553,15.0,49.64,0
8.26,650,0.21,8.0,34.89,0
3.05,709,0.703,23.7,29.4,1
21.82,665,0.49,11.4,27.4,1
17.37,722,0.168,5.0,18.44,0
22.27,676,0.243,2.8,9.87,1
4.45,670,0.409,20.9,41.43,0
29.87,850,0.664,8.2,1.33,1
29.84,635,0.602,19.2,44.5,0
15.02,819,0.24,15.7,13.86,1
26.25,803,0.523,7.1,12.73,0
8.82,723,0.021,21.3,1.35,1
22.65,516,0.263,21.1,18.64,0
26.62,683,0.633,4.3,5.35,1
24.81,636,0.13,3.0,10.04,1
24.73,682,0.278,15.0,34.73,1
14.96,590,0.021,5.8,21.35,1
24.96,744,0.037,8.3,1.54,1
21.34,764,0.127,23.4,16.53,1
5.71,779,0.094,4.4,1.3,1
5.2,648,0.378,11.8,45.84,0
23.61,590,0.677,7.4,43.16,0
19.51,710,0.082,8.7,18.31,1
16.54,829,0.655,9.3,12.78,1
27.4,686,0.508,6.5,6.24,0
20.47,718,0.143,19.1,35.55,1
13.09,660,0.232,20.3,6.9,1
13.59,637,0.162,13.5,33.81,0
18.95,736,0.596,22.5,13.66,0
23.29,671,0.549,3.4,36.74,0
17.8,714,0.242,12.7,20.27,1
16.25,723,0.06,20.7,7.71,1
22.35,710,0.143,15.5,14.59,0
21.75,727,0.48,24.6,34.81,1
25.25,607,0.086,14.9,34.57,1
3.75,602,0.412,24.0,30.27,0
23.14,676,0.467,2.5,16.84,0
16.39,678,0.522,1.1,32.13,0
4.09,636,0.112,8.9,3.07,0
21.01,700,0.356,21.0,30.61,0
22.06,757,0.358,1.3,39.28,0
16.66,781,0.63,6.3,7.77,0
24.23,800,0.362,24.6,41.01,1
10.41,568,0.317,16.0,45.35,0
7.65,581,0.11,9.8,47.99,0
11.82,655,0.527,1.9,2.47,0
13.48,687,0.472,18.9,44.89,0
21.49,660,0.543,23.1,4.11,1
25.67,633,0.499,18.5,19.59,1
22.19,654,0.659,2.9,27.87,0
6.87,721,0.66,13.3,11.86,0
12.25,567,0.245,10.1,17.88,0
6.44,850,0.153,22.6,45.5,1
21.23,682,0.696,19.1,9.58,0
8.95,769,0.541,20.0,27.4,0
16.71,631,0.729,10.3,41.52,1
24.17,729,0.383,0.6,12.81,1
20.79,689,0.722,19.0,46.82,0
10.35,753,0.11,15.8,49.03,0
11.32,663,0.451,3.5,14.04,0
20.29,812,0.383,18.9,24.18,1
17.39,553,0.022,3.7,1.55,1
4.7,761,0.161,18.5,48.08,1
26.47,690,0.132,17.8,7.73,1
16.35,593,0.064,0.2,21.96,1
15.25,846,0.712,19.4,33.96,1
7.56,837,0.725,10.2,32.88,0
12.56,504,0.671,12.7,32.98,0
11.32,695,0.742,24.1,1.84,0
9.58,740,0.626,23.0,36.97,0
17.89,718,0.7,9.6,37.55,0
14.94,809,0.164,17.7,27.72,1
26.9,791,0.208,12.8,36.84,1
28.36,703,0.649,20.6,1.03,1
8.15,850,0.37,8.0,9.14,1
4.8,760,0.543,11.8,4.64,1
23.99,650,0.43,2.8,16.33,1
29.86,633,0.243,23.2,10.98,1
26.18,786,0.228,22.5,10.12,1
2.66,613,0.566,6.9,21.56,0
9.04,645,0.408,14.6,31.56,1
3.21,660,0.282,9.5,27.63,0
24.98,710,0.47,3.9,42.01,0
18.28,664,0.327,1.1,20.3,1
16.38,568,0.367,20.6,20.98,0
17.52,779,0.515,7.2,1.52,0
9.07,646,0.354,12.9,38.25,0
18.85,850,0.713,22.6,30.51,1
2.86,706,0.374,0.5,7.16,0
20.09,788,0.722,13.7,10.39,1
22.56,734,0.639,23.9,9.39,1
20.84,792,0.67,20.2,20.97,1
11.3,728,0.577,5.5,2.86,0
25.14,700,0.461,5.0,39.15,0
22.04,773,0.409,19.1,16.59,1
5.59,850,0.423,2.0,46.02,0
7.46,657,0.167,15.0,14.31,1
19.84,748,0.177,5.9,18.95,0
10.1,680,0.045,21.0,46.13,1
5.34,723,0.564,9.5,9.25,0
6.34,684,0.111,10.4,42.44,1
6.64,497,0.445,19.9,8.42,1
15.38,663,0.121,2.2,25.28,1
19.01,765,0.069,15.0,43.83,1
6.94,615,0.41,24.1,8.83,0
21.95,758,0.657,16.3,2.83,1
9.87,696,0.28,2.0,12.73,1
10.72,664,0.691,22.7,13.84,0
8.26,757,0.028,3.2,20.95,1
23.99,738,0.36,9.2,37.45,1
28.87,716,0.127,4.5,3.35,1
15.79,766,0.251,18.0,29.02,1
3.18,697,0.037,6.6,36.54,0
9.3,540,0.046,6.5,40.55,0
6.43,648,0.54,10.3,48.36,0
25.6,527,0.498,7.2,41.44,0
4.38,736,0.172,19.6,6.06,1
29.06,756,0.678,13.2,9.61,1
18.48,760,0.522,13.9,36.31,0
16.5,722,0.265,4.0,11.38,1
25.73,762,0.318,22.8,13.1,1
2.77,546,0.234,8.7,42.61,0
23.76,671,0.626,9.4,23.62,0
5.26,560,0.381,6.1,20.45,0
25.54,650,0.119,24.0,24.0,1
16.82,817,0.167,15.2,13.58,1
3.71,773,0.237,1.5,5.29,0
25.33,736,0.314,4.8,48.88,1
2.76,665,0.453,12.0,15.31,0
5.87,596,0.724,4.7,26.09,0
24.34,696,0.211,15.1,3.87,1
15.02,774,0.26,7.7,8.31,1
26.68,715,0.037,8.7,6.01,1
19.79,545,0.292,19.7,3.51,1
19.46,689,0.513,13.1,32.9,0
10.18,517,0.723,2.8,1.83,0
5.74,748,0.56,9.3,23.39,0
28.91,621,0.106,22.4,33.58,0
4.93,576,0.67,21.2,18.79,0
16.81,750,0.632,19.0,8.36,1
9.63,728,0.158,21.1,11.95,0
9.4,700,0.702,2.3,8.53,1
18.65,850,0.541,3.1,15.47,0
24.34,734,0.591,0.5,18.46,1
23.76,625,0.355,3.1,20.44,0
26.33,724,0.166,20.6,11.93,1
10.2,656,0.603,0.9,12.48,0
15.04,788,0.369,11.6,32.33,1
2.26,704,0.726,6.2,2.13,0
22.91,712,0.132,20.8,22.63,1
10.47,557,0.279,20.1,46.53,0
17.72,685,0.557,19.1,38.31,0
6.74,675,0.438,9.5,17.31,1
24.94,593,0.336,23.1,27.88,0
24.88,661,0.532,22.4,49.11,0
26.57,717,0.555,16.3,36.1,0
3.29,680,0.441,15.3,29.89,0
29.79,560,0.253,8.4,28.4,1
8.94,657,0.472,18.4,44.82,0
10.66,640,0.418,23.5,10.54,0
8.98,696,0.602,7.9,29.36,1
9.49,687,0.497,7.1,18.16,0
17.47,645,0.383,6.6,23.94,1
8.71,642,0.034,24.6,2.96,1
13.03,686,0.142,13.5,39.87,1
20.36,762,0.266,24.2,10.03,1
25.41,704,0.459,15.4,28.57,1
21.4,801,0.598,7.3,46.24,0
18.64,776,0.721,14.7,13.62,1
6.14,807,0.458,3.9,17.06,0
24.85,796,0.552,11.2,20.9,1
3.04,813,0.474,11.1,27.66,0
9.4,582,0.334,14.4,12.28,0
3.6,735,0.465,9.7,37.18,0
20.69,784,0.312,11.4,31.86,0
12.31,799,0.351,21.9,5.57,0
20.26,614,0.685,4.5,25.97,0
11.72,736,0.432,23.1,18.63,1
14.76,686,0.093,13.5,18.18,1
14.82,837,0.402,15.7,49.17,1
3.28,562,0.716,2.6,20.87,0
14.05,615,0.093,3.6,2.18,1
19.95,526,0.729,18.3,18.39,0
17.29,692,0.741,22.5,30.38,0
4.11,850,0.429,13.0,26.86,0
20.71,676,0.263,4.2,4.78,1
10.65,689,0.026,19.9,9.24,1
2.4,727,0.031,22.9,38.7,1
6.36,670,0.303,16.8,1.35,1
15.93,711,0.592,4.6,12.3,1
10.69,713,0.708,10.3,49.06,0
21.44,608,0.133,23.5,33.13,0
8.74,672,0.376,4.8,13.03,1
23.64,743,0.386,4.3,10.51,1
10.02,759,0.298,17.5,21.41,1
19.38,790,0.414,13.6,32.63,1
24.38,709,0.695,5.1,9.38,0
12.8,710,0.34,15.4,37.65,0
3.31,744,0.121,23.4,3.05,1
16.99,629,0.506,21.4,10.51,1
29.87,626,0.043,0.2,29.92,0
29.13,669,0.706,21.9,35.6,0
8.19,572,0.706,15.7,33.94,0
23.16,715,0.087,6.7,13.83,1
11.66,769,0.422,2.3,19.89,1
6.49,620,0.602,24.3,2.84,0
20.65,717,0.359,0.7,1.02,1
16.02,627,0.37,4.6,21.41,0
17.1,594,0.728,16.8,27.62,0
25.17,850,0.188,18.9,41.24,1
11.42,595,0.404,6.7,48.17,0
20.68,571,0.104,18.4,30.36,0
12.25,698,0.241,19.1,41.01,1
3.2,703,0.641,20.1,7.39,0
12.58,737,0.543,18.8,41.02,0
28.6,850,0.467,0.8,13.42,1
15.53,614,0.103,22.3,21.08,1
5.03,631,0.641,14.1,2.04,0
21.26,817,0.238,10.8,23.93,1
28.97,760,0.411,0.6,32.91,1
27.42,748,0.19,14.8,13.35,1
18.01,630,0.4,4.1,40.62,1
12.54,776,0.43,13.7,46.38,0
18.26,748,0.269,4.7,28.96,1
24.85,696,0.389,17.2,12.96,1
26.11,630,0.316,2.2,35.56,1
24.93,689,0.529,15.0,15.44,0
14.75,820,0.417,16.1,8.98,1
5.33,587,0.661,9.9,14.97,0
17.94,612,0.056,22.9,22.51,1
6.38,627,0.039,13.2,12.06,1
3.71,645,0.158,18.8,17.53,0
15.96,679,0.107,11.1,20.39,1
20.35,761,0.404,19.8,37.94,1
25.92,719,0.166,22.4,43.02,1
23.92,685,0.032,10.3,41.42,1
26.0,704,0.226,24.2,10.47,1
23.28,733,0.392,3.8,40.68,1
21.69,537,0.541,21.2,32.39,1
2.28,771,0.34,13.1,12.65,0
19.53,610,0.723,3.5,19.42,0
5.37,642,0.166,15.6,17.93,0
3.64,709,0.395,3.3,22.32,0
6.38,674,0.205,22.2,42.4,0
25.05,721,0.609,20.4,21.17,1
22.83,692,0.157,16.4,3.68,1
28.57,655,0.722,5.8,37.13,0
29.41,810,0.543,24.1,39.56,1
27.01,740,0.427,21.3,29.04,1
5.72,706,0.409,17.9,24.28,0
26.59,739,0.285,9.1,38.83,0
25.48,620,0.035,12.1,2.08,1
26.39,850,0.688,8.5,29.63,1
6.25,588,0.6,21.2,47.64,0
5.27,690,0.118,7.7,39.92,0
27.87,656,0.109,6.0,14.5,1
6.87,652,0.245,5.4,45.97,0
12.32,641,0.577,10.0,10.92,0
14.77,614,0.387,15.6,27.8,0
5.48,781,0.498,20.8,31.62,1
2.58,578,0.025,23.1,2.67,1
29.83,764,0.694,2.0,7.23,1
26.55,735,0.141,1.2,27.67,0
27.55,648,0.253,9.1,9.86,0
9.97,725,0.711,20.3,21.54,1
8.16,667,0.555,22.7,35.58,0
13.92,586,0.393,4.2,31.64,0
14.69,587,0.65,7.1,43.84,0
2.16,736,0.065,22.5,46.14,1
23.82,731,0.076,14.4,46.4,1
29.91,701,0.133,10.2,20.23,1
16.8,647,0.213,6.1,6.97,0
12.87,664,0.538,2.8,33.69,0
13.0,652,0.409,2.7,46.03,0
4.69,532,0.331,16.9,38.69,0
9.45,685,0.591,18.0,35.15,0
16.06,724,0.252,9.1,40.33,0
14.09,686,0.082,15.2,21.08,0
17.26,830,0.31,3.9,25.59,0
25.77,595,0.579,0.5,10.79,0
8.31,624,0.366,2.5,33.91,0
2.77,691,0.733,2.6,18.05,0
3.07,701,0.645,24.6,14.11,0
5.76,518,0.597,5.9,13.28,0
17.97,731,0.584,3.4,26.02,0
24.63,701,0.444,19.9,27.46,1
26.83,500,0.678,9.2,41.49,0
19.78,670,0.451,5.2,45.9,0
13.29,611,0.292,5.5,16.15,0
6.33,641,0.163,3.5,17.26,1
13.24,566,0.614,2.0,14.78,0
11.31,715,0.291,17.0,15.8,0
26.36,830,0.597,11.0,36.7,1
15.63,703,0.738,3.7,31.83,0
8.33,496,0.311,19.8,4.81,1
10.09,704,0.269,0.5,29.05,0
5.82,663,0.144,10.8,42.54,0
27.72,586,0.367,3.2,3.95,0
3.41,710,0.497,0.7,45.37,0
2.36,755,0.248,13.8,13.58,1
7.12,623,0.375,3.9,17.06,0
24.7,540,0.412,1.7,20.58,0
16.66,509,0.221,12.0,7.97,0
19.52,623,0.037,21.1,5.83,1
12.02,667,0.177,12.1,12.79,0
3.92,636,0.606,2.0,1.26,0
25.97,622,0.223,7.6,29.29,1
7.37,728,0.03,11.2,7.59,1
2.93,719,0.33,7.0,5.57,1
18.04,697,0.518,8.4,28.6,0
4.33,749,0.569,12.5,30.04,1
4.68,624,0.322,23.6,33.33,0
24.41,587,0.437,20.1,25.68,0
15.77,636,0.564,5.1,44.33,0
8.76,630,0.669,19.6,7.12,1
11.76,506,0.487,9.9,39.53,0
22.42,634,0.524,20.4,21.15,1
3.86,774,0.092,15.4,45.27,0
5.26,748,0.327,17.0,12.49,1
19.26,725,0.669,9.1,47.44,0
19.0,691,0.137,17.8,43.49,1
29.23,803,0.246,14.1,9.49,1
12.49,590,0.515,15.5,22.31,0
3.82,598,0.679,13.7,12.91,0
17.05,776,0.063,1.4,7.96,1
19.87,682,0.655,11.9,20.01,1
5.91,623,0.181,1.3,27.22,0
17.48,727,0.648,4.2,20.68,0
7.54,643,0.669,11.9,17.25,0
25.65,609,0.586,10.2,17.07,0
25.38,606,0.694,1.2,8.89,0
14.03,707,0.722,3.4,11.91,0
29.07,697,0.695,11.6,26.94,1
29.43,809,0.395,24.2,8.79,1
5.62,655,0.358,12.2,41.64,0
12.3,654,0.097,19.3,37.07,1
18.81,802,0.178,11.1,49.45,0
4.38,764,0.496,4.8,16.52,1
12.71,692,0.113,0.5,9.94,1
9.31,547,0.708,9.4,4.7,0
28.66,611,0.186,23.0,18.15,0
13.52,590,0.084,8.1,46.13,0
23.35,683,0.192,9.2,29.97,1
12.83,637,0.056,17.3,47.97,0
5.69,816,0.141,18.4,45.79,0
26.17,546,0.449,15.2,19.61,0
2.01,581,0.231,8.5,22.46,1
3.57,701,0.605,23.6,15.67,0
12.2,724,0.315,8.8,37.35,0
21.23,460,0.541,7.3,28.9,0
11.57,532,0.537,21.1,4.11,0
3.86,658,0.119,23.4,46.02,1
10.9,795,0.061,23.9,39.49,1
8.86,840,0.635,13.3,46.72,0
2.15,645,0.532,21.7,13.22,0
16.97,665,0.148,4.6,37.9,1
5.27,609,0.516,22.2,32.06,0
10.05,734,0.261,19.0,7.04,1
19.95,810,0.061,10.0,13.72,1
22.3,787,0.187,6.1,10.4,1
9.38,678,0.572,19.0,8.52,0
11.22,609,0.305,10.8,32.82,0
8.91,681,0.418,24.5,43.44,0
28.79,797,0.12,21.4,49.41,1
7.33,646,0.088,19.8,11.54,0
7.13,526,0.195,8.3,34.04,0
14.46,649,0.365,17.8,4.84,1
7.3,656,0.638,18.9,12.71,0
6.39,525,0.577,10.2,42.52,0
4.68,700,0.137,2.4,47.13,0
19.92,723,0.072,18.4,48.56,1
19.14,838,0.185,7.4,23.76,1
20.2,567,0.642,3.3,37.05,0
23.65,742,0.397,1.1,19.09,0
11.14,762,0.609,8.2,35.35,0
27.72,724,0.29,12.7,8.46,1
22.53,594,0.451,1.0,6.98,0
24.53,589,0.454,14.1,49.21,0
22.19,688,0.478,22.4,16.26,1
12.04,688,0.363,14.9,44.96,0
9.92,632,0.195,13.1,2.11,1
13.83,790,0.333,5.8,41.74,0
4.72,646,0.732,11.0,46.9,0
14.64,519,0.219,15.0,1.76,1
3.21,661,0.549,21.6,20.07,0
2.11,721,0.71,22.0,40.61,0
28.08,709,0.433,11.3,1.22,1
21.3,708,0.377,4.6,15.94,1
17.73,807,0.108,17.7,13.65,1
11.55,585,0.57,23.8,7.55,0
17.98,644,0.685,23.9,5.31,1
26.96,811,0.736,24.9,13.2,1
20.27,513,0.167,6.3,10.8,0
18.87,675,0.692,20.9,48.75,0
14.89,784,0.29,1.3,2.08,1
11.68,783,0.472,0.4,7.35,0
21.56,736,0.183,16.8,40.55,1
29.47,738,0.201,3.0,38.36,1
13.89,592,0.472,9.7,23.94,1
12.98,797,0.374,0.3,19.88,0
13.99,578,0.724,2.2,17.97,0
13.92,583,0.213,5.2,48.7,0
29.74,713,0.661,13.9,43.48,1
21.79,638,0.356,8.3,13.83,0
12.06,698,0.118,14.1,23.6,1
12.4,717,0.195,16.2,37.55,0
14.06,831,0.572,0.1,41.42,0
3.03,717,0.623,21.2,6.98,0
16.78,627,0.049,1.4,47.83,0
24.72,738,0.319,21.8,41.15,0
20.5,609,0.381,24.4,25.67,0
7.56,758,0.469,22.6,25.53,0
22.38,685,0.495,13.6,25.85,0
22.14,714,0.626,19.2,40.97,0
9.35,529,0.22,4.3,27.78,0
19.44,489,0.102,23.4,40.81,0
19.11,552,0.156,0.6,43.31,0
25.51,828,0.704,13.8,35.42,0
5.81,582,0.419,11.5,3.3,0
7.46,742,0.18,19.9,22.94,1
15.61,625,0.594,18.6,13.53,0
3.24,660,0.449,8.3,3.13,0
13.64,676,0.288,4.1,32.78,0
24.07,820,0.033,19.9,26.13,1
6.16,730,0.591,24.4,3.99,0
14.88,713,0.544,2.4,31.47,0
29.71,790,0.211,18.3,10.31,1
16.17,626,0.214,12.9,46.93,1
15.95,771,0.218,7.8,35.16,1
17.65,757,0.509,0.4,1.18,0
7.21,756,0.235,18.1,43.7,0
6.12,667,0.247,3.3,4.19,1
20.97,643,0.295,21.3,1.57,1
13.08,606,0.736,6.6,20.37,0
10.12,611,0.356,14.8,8.63,0
2.88,602,0.295,7.1,41.08,0
25.69,711,0.363,17.6,47.29,1
2.91,661,0.545,2.9,39.39,0
23.0,717,0.665,8.6,19.04,1
12.7,721,0.743,12.7,15.31,0
18.76,590,0.375,14.6,17.79,0
8.93,587,0.356,14.5,5.24,0
6.35,661,0.261,2.0,45.28,0
16.93,614,0.589,0.8,12.96,0
21.48,605,0.499,5.9,13.26,0
7.47,824,0.285,0.9,36.08,0
14.22,550,0.399,5.5,31.27,0
14.45,850,0.17,1.5,47.98,0
8.05,705,0.527,13.2,49.08,0
17.82,764,0.204,2.6,21.45,1
6.09,754,0.275,10.4,46.13,0
16.27,732,0.07,19.2,47.8,0
5.18,821,0.181,19.3,42.95,0
15.6,588,0.162,14.1,46.69,0
10.72,667,0.557,0.8,30.4,0
14.66,608,0.527,13.4,6.6,0
14.14,536,0.413,6.3,43.12,0
27.42,624,0.303,14.2,16.07,1
15.72,839,0.669,22.7,46.33,0
24.92,665,0.665,15.0,26.44,0
8.32,849,0.46,23.5,25.0,0
11.86,850,0.5,5.2,41.73,0
4.1,850,0.601,6.7,20.03,0
13.78,842,0.548,3.7,6.2,1
20.72,850,0.184,2.0,39.4,1
25.47,708,0.387,0.3,15.24,0
17.85,699,0.131,23.2,42.45,0
19.92,705,0.611,11.3,45.87,0
6.96,680,0.497,23.5,20.2,0
3.04,693,0.735,21.6,33.85,0
24.17,744,0.12,18.6,1.86,1
6.68,640,0.392,22.9,39.91,0
4.55,563,0.549,6.6,23.51,0
28.25,711,0.653,21.4,13.95,1
28.98,621,0.643,17.0,43.89,1
19.26,630,0.167,15.0,21.06,1
12.6,668,0.737,15.5,41.35,0
25.33,648,0.736,22.7,21.61,0
7.73,774,0.727,23.2,47.53,0
14.02,666,0.468,4.4,33.85,0
12.0,779,0.627,2.0,33.69,0
27.56,698,0.076,6.8,7.06,1
27.75,672,0.206,20.3,37.63,1
20.22,693,0.087,2.4,26.49,0
5.1,570,0.389,16.5,36.2,0
15.5,709,0.724,10.0,43.51,0
8.87,752,0.494,22.8,35.46,0
26.78,764,0.357,20.5,25.46,1
5.88,565,0.599,12.7,42.75,0
3.52,551,0.422,9.5,37.17,0
21.72,634,0.354,20.9,38.47,0
14.69,798,0.479,6.1,45.66,1
25.47,699,0.394,13.6,7.77,1
4.09,614,0.488,23.3,25.45,0
24.43,557,0.606,15.1,7.07,1
3.05,622,0.358,23.3,37.73,0
2.79,616,0.323,11.1,22.17,0
14.92,760,0.428,15.7,36.3,1
8.2,766,0.68,23.5,6.97,1
18.62,591,0.329,18.4,31.39,1
2.72,744,0.639,22.6,6.53,0
2.99,735,0.471,20.8,18.3,1
22.36,580,0.029,1.9,27.25,0
7.88,673,0.368,6.5,34.89,1
20.38,709,0.174,18.5,25.55,1
23.0,694,0.13,22.3,36.81,1
3.66,535,0.191,20.1,9.52,0
23.55,691,0.54,7.8,32.46,0
9.52,734,0.478,15.5,19.9,1
12.91,814,0.412,16.5,8.56,1
4.43,623,0.382,10.9,42.82,0
25.48,634,0.304,14.7,48.82,0
17.7,662,0.667,24.6,12.74,0
16.13,705,0.701,13.6,8.72,1
29.12,688,0.578,4.9,38.46,0
11.37,731,0.23,12.6,49.54,1
26.94,584,0.687,4.4,21.51,0
22.15,714,0.618,17.2,39.75,0
28.0,617,0.111,22.5,8.21,1
27.42,668,0.269,16.9,12.17,0
29.75,825,0.259,21.9,7.9,1
5.69,561,0.553,18.2,33.64,0
24.29,656,0.402,10.9,29.79,0
24.53,572,0.215,13.5,33.43,0
20.04,693,0.188,13.3,9.28,1
9.81,769,0.354,9.8,4.98,1
29.02,694,0.506,2.3,27.16,1
7.72,670,0.391,17.5,26.96,0
15.99,793,0.211,1.2,21.66,0
16.6,708,0.473,5.1,34.47,0
6.53,750,0.749,11.3,21.52,0
22.23,741,0.149,24.7,42.97,1
4.49,436,0.406,7.7,39.11,0
21.41,673,0.294,19.9,17.45,1
25.76,588,0.179,10.5,44.82,1
11.78,610,0.659,5.5,25.11,1
21.86,805,0.719,0.7,23.76,0
6.39,648,0.276,2.2,36.33,0
25.69,841,0.274,10.4,47.86,1
28.66,560,0.087,10.0,2.63,1
6.28,588,0.471,15.7,9.59,0
21.37,745,0.039,1.6,40.46,1
16.16,651,0.382,7.1,22.65,0
16.88,706,0.132,0.6,43.08,1
21.78,670,0.511,21.8,18.22,0
15.68,668,0.698,9.9,48.8,0
18.81,654,0.085,14.6,11.58,1
8.47,695,0.588,17.8,47.5,0
12.6,735,0.626,6.7,39.7,0
26.23,817,0.149,3.4,48.73,1
5.08,663,0.694,14.5,8.93,1
18.73,647,0.473,22.6,18.31,0
7.16,636,0.411,22.3,10.68,0
25.7,805,0.51,7.7,41.66,0
18.21,739,0.23,6.7,14.15,0
13.29,519,0.039,8.8,26.76,0
9.0,515,0.343,6.1,10.47,0
14.23,609,0.563,24.1,35.66,0
28.81,700,0.691,0.9,37.41,0
16.26,677,0.334,4.8,6.64,0
15.15,724,0.212,0.7,34.61,0
22.9,665,0.116,21.3,9.11,1
12.61,799,0.703,11.8,47.76,0
13.97,746,0.189,5.7,44.12,0
11.43,687,0.685,9.9,10.88,1
6.23,777,0.154,2.7,17.66,1
21.99,540,0.033,2.7,30.19,0
26.44,673,0.184,23.7,40.53,1
27.36,692,0.38,17.4,47.22,0
26.66,731,0.275,16.0,21.53,0
14.65,534,0.683,11.8,24.95,0
9.95,658,0.418,12.2,8.67,0
19.86,714,0.106,19.3,18.12,1
28.73,721,0.476,1.3,49.61,1
22.36,781,0.304,16.7,46.93,1
15.86,745,0.516,13.8,21.28,0
21.29,675,0.594,7.7,11.94,0
23.63,737,0.739,5.4,29.07,0
27.74,663,0.441,21.5,21.74,1
23.37,692,0.288,23.3,37.88,1
14.13,748,0.337,2.4,31.87,0
9.66,676,0.314,4.2,33.38,1
16.0,711,0.349,16.7,19.34,0
11.19,762,0.042,19.4,31.24,1
28.4,741,0.201,12.3,34.79,1
16.22,785,0.741,23.2,32.75,0
15.22,850,0.697,21.8,35.08,1
11.75,740,0.055,3.2,44.62,0
19.9,641,0.735,3.6,14.14,0
16.56,724,0.598,2.1,8.66,1
5.61,720,0.022,21.9,2.7,1
26.34,732,0.687,13.9,35.3,0
12.05,807,0.721,23.5,17.44,1
14.11,537,0.479,18.2,25.79,0
7.76,809,0.595,18.3,4.59,0
17.5,837,0.263,3.1,46.42,0
21.66,728,0.438,2.7,29.84,0
26.67,730,0.554,23.3,7.11,1
3.45,659,0.43,12.1,20.91,0
29.25,681,0.242,24.8,16.33,1
21.71,739,0.494,8.1,43.47,0
9.96,734,0.632,15.5,43.93,0
7.73,741,0.63,14.3,39.73,0
10.29,733,0.116,1.7,20.02,1
26.52,756,0.345,13.0,47.22,1
10.16,747,0.048,23.1,14.49,1
14.96,593,0.482,11.3,33.41,0
21.76,751,0.197,11.8,26.65,1
26.42,838,0.699,17.5,22.45,1
20.44,678,0.471,19.5,10.24,1
23.09,807,0.312,20.7,12.76,1
6.85,602,0.554,11.3,41.27,0
26.57,677,0.171,11.1,33.77,1
9.72,626,0.087,11.8,46.63,0
5.59,797,0.084,24.2,34.38,1
29.33,819,0.445,23.2,3.98,1
7.65,672,0.669,15.6,6.7,0
5.83,780,0.183,7.1,36.45,0
19.53,820,0.575,22.5,13.3,1
10.93,677,0.047,4.3,13.18,0
5.73,691,0.278,2.7,20.91,0
18.83,742,0.497,10.4,37.52,0
23.25,608,0.623,17.1,32.3,1
24.21,689,0.709,1.3,10.52,0
6.35,850,0.482,7.8,44.92,0
17.59,637,0.358,19.6,48.64,1
24.78,753,0.064,16.5,39.81,1
6.51,725,0.221,2.1,10.46,1
7.82,666,0.694,5.0,39.89,0
2.07,699,0.446,18.1,26.56,0
16.69,829,0.27,2.9,2.4,1
7.45,727,0.202,0.2,33.71,0
22.28,740,0.103,24.8,48.87,0
28.94,816,0.569,15.3,22.15,0
7.85,655,0.321,10.7,4.1,1
20.17,591,0.704,14.9,12.3,0
7.93,830,0.352,16.8,28.36,1
2.5,692,0.617,12.4,39.76,0
23.24,756,0.115,16.5,10.09,1
14.15,615,0.13,17.7,11.75,1
28.51,713,0.219,4.5,46.19,0
16.96,587,0.16,10.6,44.2,0
6.41,685,0.733,7.6,45.87,0
14.59,625,0.61,19.9,9.61,0
7.68,605,0.274,19.2,46.7,0
26.58,654,0.399,20.3,17.66,1
21.35,485,0.409,10.9,26.33,1
11.55,581,0.463,14.4,23.36,0
16.78,747,0.096,17.6,48.91,1
20.75,710,0.275,8.1,13.87,1
23.92,589,0.083,24.4,47.93,1
4.24,727,0.691,9.5,48.0,0
2.63,605,0.315,13.4,45.95,0
5.2,741,0.551,20.7,18.5,0
13.06,670,0.692,18.7,19.38,0
15.07,652,0.246,12.5,11.0,1
5.82,672,0.084,10.2,24.3,0
13.51,850,0.265,15.9,13.18,1
14.37,616,0.51,10.9,31.73,0
5.05,699,0.385,14.8,43.52,0
27.67,746,0.075,20.0,47.53,1
18.78,598,0.071,3.0,22.44,0
12.88,544,0.531,17.4,22.15,1
16.19,629,0.558,1.3,26.21,0
10.8,745,0.1,18.4,45.67,0
25.92,651,0.6,5.2,4.86,1
18.1,660,0.272,12.3,16.01,0
15.86,757,0.07,6.7,10.66,1
27.5,611,0.264,8.0,38.98,1
25.46,672,0.553,15.7,19.54,1
24.76,551,0.499,10.8,48.25,0
8.32,707,0.371,12.2,48.98,0
6.29,700,0.224,25.0,44.16,1
21.32,748,0.325,3.0,25.94,1
15.12,583,0.299,9.6,46.62,0
21.14,664,0.305,13.3,19.47,1
23.3,571,0.377,20.3,20.25,1
10.27,659,0.352,7.1,24.17,0
9.97,806,0.095,9.8,35.16,0
15.74,653,0.232,20.5,4.11,1
9.66,564,0.114,13.3,27.26,0
20.68,622,0.46,21.4,48.33,0
22.91,543,0.329,1.6,4.3,0
15.22,570,0.511,7.2,5.23,1
22.27,737,0.084,13.9,47.25,0
16.29,557,0.272,3.0,41.73,0
21.96,707,0.152,12.0,1.03,1
8.3,682,0.087,0.4,23.12,0
22.69,635,0.585,12.6,16.17,0
22.02,699,0.116,23.0,9.21,1
9.46,600,0.148,23.7,3.56,1
17.57,751,0.288,8.0,13.25,1
25.95,621,0.234,0.1,32.98,0
8.99,647,0.691,22.8,15.89,0
22.61,637,0.742,14.2,16.07,1
28.71,739,0.328,14.5,13.86,0
26.25,726,0.167,20.4,5.76,1
13.24,457,0.384,9.8,30.06,0
19.0,702,0.382,10.5,36.84,0
29.77,532,0.36,21.3,49.02,0
17.92,651,0.035,12.3,12.1,1
5.22,671,0.114,18.4,8.98,1
3.27,650,0.123,22.6,35.66,1
24.13,723,0.277,9.8,16.84,1
13.86,741,0.444,22.2,25.92,1
8.91,614,0.661,8.2,35.72,0
11.73,611,0.183,23.2,21.56,0
23.21,677,0.583,7.6,19.2,1
15.03,549,0.185,5.9,22.54,1
26.32,639,0.044,18.0,23.39,1
22.58,795,0.494,23.0,1.04,1
29.27,552,0.177,19.2,10.24,1
26.88,651,0.691,18.5,30.86,1
9.13,630,0.701,24.3,1.85,0
20.45,850,0.097,13.9,14.55,1
2.58,634,0.162,22.2,22.58,1
29.75,639,0.174,0.9,22.65,1
9.31,592,0.685,3.3,3.34,0
20.61,681,0.077,6.8,43.89,0
25.78,703,0.568,23.7,5.43,1
6.49,605,0.23,4.9,43.91,0
25.74,764,0.445,9.6,49.55,1
2.34,703,0.149,0.9,9.75,1
14.38,752,0.609,2.0,4.46,1
15.22,652,0.51,14.6,6.93,1
12.47,701,0.035,2.4,42.77,1
18.42,662,0.193,22.5,48.65,0
27.62,804,0.36,22.1,29.98,1
11.16,690,0.408,15.6,47.42,0
18.22,681,0.624,9.9,38.71,0
26.57,641,0.302,22.2,28.87,1
23.64,636,0.697,12.2,45.8,0
3.14,700,0.162,4.8,23.94,1
28.4,750,0.646,8.6,21.17,0
3.31,622,0.68,9.1,36.28,0
18.49,691,0.477,14.5,37.68,0
18.11,696,0.726,10.0,18.37,1
24.02,710,0.32,20.5,24.3,1
6.16,535,0.53,15.7,11.58,0
7.02,601,0.027,6.3,6.87,1
23.06,564,0.221,10.1,18.24,1
6.19,683,0.433,18.1,25.15,1
15.14,603,0.659,6.1,8.71,0
22.49,638,0.716,2.3,8.99,1
20.23,578,0.443,17.8,7.07,0
7.9,646,0.645,10.2,43.91,0
10.51,584,0.603,3.1,35.01,0
29.13,744,0.585,12.0,8.13,0
14.56,721,0.101,14.0,33.4,1
3.24,693,0.369,0.6,24.81,0
8.15,654,0.375,19.8,28.71,0
11.59,507,0.595,12.3,41.6,0
29.99,641,0.448,0.6,24.32,0
10.48,615,0.618,21.5,15.12,0
2.74,701,0.718,14.6,39.23,0
16.36,733,0.425,24.1,8.81,1
4.34,708,0.598,7.0,46.31,0
9.67,787,0.429,10.3,47.13,0
29.79,632,0.477,16.6,17.9,1
21.73,628,0.367,22.8,38.84,1
3.42,768,0.721,19.8,46.18,0
14.56,694,0.617,16.1,46.04,0
6.81,659,0.569,19.9,6.6,0
5.44,837,0.261,2.4,9.22,1
18.44,729,0.374,18.1,25.03,1
16.16,664,0.65,14.5,28.05,1
22.8,622,0.704,6.9,17.86,1
26.98,793,0.748,6.0,4.75,0
8.91,698,0.556,7.2,22.04,0
27.84,682,0.554,3.1,14.78,1
16.5,737,0.089,6.8,22.94,1
9.25,755,0.569,1.8,14.39,0
25.68,727,0.273,16.8,22.36,1
2.99,755,0.651,12.8,29.82,0
17.67,718,0.028,3.2,18.66,1
22.21,727,0.702,17.4,11.32,1
9.84,618,0.373,4.5,20.43,0
26.18,834,0.113,12.4,13.76,1
8.73,575,0.459,23.0,4.15,1
25.52,706,0.525,19.0,32.06,1
4.2,566,0.589,14.6,32.06,0
6.48,672,0.532,14.6,16.58,1
12.67,631,0.424,1.6,48.0,0
25.91,692,0.08,10.7,39.66,1
6.05,709,0.65,7.7,45.22,0
26.51,599,0.738,11.9,24.0,0
8.43,677,0.588,23.8,26.67,0
14.67,798,0.045,19.7,34.88,1
11.88,568,0.572,15.2,29.82,0
5.31,607,0.217,17.6,33.74,1
28.44,753,0.722,18.3,22.19,1
14.27,687,0.066,11.4,7.51,1
21.33,693,0.087,21.7,40.79,1
18.11,767,0.152,15.4,19.98,1
16.05,613,0.57,18.5,30.81,0
19.26,636,0.496,0.3,19.08,1
27.15,625,0.551,13.4,24.63,0
21.58,650,0.278,9.1,32.31,1
16.91,794,0.662,1.4,29.35,0
20.07,535,0.346,16.2,7.91,0
18.98,578,0.118,23.2,12.54,1
14.13,564,0.58,18.3,9.52,0
19.49,799,0.407,2.0,29.22,0
14.42,628,0.453,1.4,20.33,0
23.21,652,0.301,8.6,13.07,1
29.13,543,0.539,6.0,3.16,0
28.88,658,0.046,0.7,38.61,1
24.98,754,0.379,1.0,3.65,1
18.85,702,0.332,8.6,19.66,1
22.98,671,0.565,3.3,23.33,1
6.99,547,0.214,4.9,23.2,0
15.41,652,0.191,21.7,7.79,1
9.2,692,0.253,24.8,35.76,0
2.1,596,0.371,20.1,12.13,0
29.07,736,0.173,5.8,31.82,1
26.19,755,0.519,4.4,19.52,1
16.38,635,0.262,14.5,26.54,1
9.12,742,0.328,19.6,23.16,1
21.4,671,0.427,16.4,47.81,0
14.17,778,0.295,20.1,17.98,1
24.49,850,0.532,12.2,8.5,1
29.99,587,0.499,24.7,18.68,1
11.77,745,0.572,19.7,25.45,1
8.84,791,0.402,1.3,4.25,0
9.49,597,0.288,9.1,46.0,0
4.61,631,0.167,14.0,10.74,0
13.03,630,0.339,5.6,46.6,0
2.49,669,0.657,10.1,20.8,0
5.2,650,0.108,15.7,28.22,0
9.61,663,0.177,13.8,34.47,1
6.48,751,0.506,21.5,4.18,1
22.5,519,0.44,6.6,21.28,0
4.96,597,0.689,23.0,14.8,0
26.25,737,0.041,8.1,9.26,0
8.19,727,0.661,23.0,33.78,0
5.04,590,0.55,6.2,9.12,1
2.28,728,0.586,12.7,29.56,0
22.03,793,0.296,23.3,20.13,1
9.19,676,0.244,6.9,48.84,0
16.27,594,0.03,21.2,45.42,1
5.13,754,0.595,12.5,1.37,0
29.59,826,0.138,10.5,40.73,1
5.51,605,0.185,16.6,9.26,0
13.53,683,0.222,5.0,24.05,0
25.85,773,0.655,16.5,40.79,0
8.86,690,0.23,4.4,15.09,1
9.48,531,0.331,17.8,36.96,0
24.64,718,0.566,15.3,12.81,1
9.65,597,0.671,3.5,43.78,0
2.08,572,0.598,2.5,22.51,0
13.98,533,0.411,15.2,10.77,0
2.35,781,0.022,3.0,3.62,1
27.47,609,0.135,15.6,30.72,1
19.97,708,0.205,25.0,34.46,1
18.32,729,0.322,3.1,34.35,1
7.64,694,0.284,11.8,25.38,0
21.6,705,0.396,23.1,20.74,1
20.96,712,0.321,23.4,31.33,1
3.69,692,0.55,0.7,2.63,0
26.66,615,0.058,20.2,12.73,1
18.22,608,0.746,6.0,13.52,0
24.19,671,0.635,18.7,39.14,0
9.36,669,0.265,8.9,22.63,0
5.42,716,0.31,5.6,3.24,1
21.67,774,0.724,11.8,44.86,0
24.23,709,0.703,4.4,19.88,0
12.81,611,0.307,10.6,4.77,1
2.66,495,0.064,9.9,21.5,0
24.91,615,0.741,24.1,47.53,0
7.77,566,0.497,13.6,40.27,0
11.49,618,0.526,17.4,30.08,0
19.59,701,0.22,4.4,38.2,1
4.8,687,0.618,24.9,26.31,1
4.02,838,0.427,12.4,40.4,0
2.72,721,0.363,1.9,42.17,0
27.67,842,0.561,15.2,17.53,1
10.72,741,0.291,8.0,22.82,0
20.5,772,0.333,7.3,12.1,0
29.7,649,0.496,7.9,34.57,1
20.74,589,0.487,11.3,7.71,0
16.7,642,0.729,7.2,24.13,0
16.59,679,0.431,19.5,48.36,1
12.55,627,0.254,4.5,23.83,0
18.79,595,0.23,3.5,4.35,0
28.85,715,0.41,2.6,1.9,1
24.07,595,0.107,10.3,47.56,1
13.88,550,0.449,2.8,35.65,0
11.31,585,0.305,0.6,35.77,0
26.74,660,0.277,7.4,19.13,1
5.8,596,0.161,24.5,25.56,0
25.79,661,0.382,0.3,28.36,0
9.14,731,0.047,1.6,38.58,0
22.04,729,0.463,14.6,25.96,1
24.57,624,0.228,12.4,16.03,1
15.36,569,0.681,2.6,27.1,0
7.38,631,0.404,22.4,34.38,0
25.65,736,0.59,16.9,3.84,1
12.29,756,0.641,12.4,24.21,0
10.98,710,0.662,13.6,17.88,0
16.28,782,0.656,19.9,44.91,0
14.18,827,0.185,2.5,20.03,0
21.13,639,0.241,23.3,31.82,1
5.84,806,0.537,2.8,23.32,1
14.2,658,0.412,11.5,40.85,0
26.97,767,0.465,6.2,46.56,1
3.01,740,0.515,16.6,5.1,0
14.81,512,0.103,21.0,1.96,0
20.49,598,0.143,15.4,35.53,0
26.86,576,0.486,5.6,31.94,0
18.63,529,0.477,19.5,28.17,0
25.09,755,0.617,23.6,22.11,1
8.24,850,0.526,4.0,37.74,0
11.88,658,0.172,6.3,35.48,1
28.38,753,0.071,13.2,21.41,1
26.81,806,0.305,18.5,16.92,1
17.62,698,0.291,3.2,48.13,0
15.31,678,0.58,1.3,20.88,1
14.63,659,0.51,14.2,11.24,0
3.65,726,0.657,19.9,48.05,0
26.99,754,0.388,7.4,35.61,1
24.91,719,0.231,14.6,28.36,1
14.78,716,0.388,20.1,38.62,1
9.82,676,0.177,0.7,11.88,1
11.6,545,0.064,8.4,28.34,0
5.45,756,0.385,7.6,14.4,1
22.21,571,0.322,18.1,43.29,0
17.59,733,0.044,16.7,7.7,1
8.55,744,0.547,20.7,11.66,1
19.44,583,0.49,13.7,12.95,0
29.42,628,0.074,5.7,22.44,1
5.43,850,0.538,10.8,7.52,1
14.84,673,0.08,9.9,27.68,1
15.84,576,0.398,16.7,36.91,0
6.67,748,0.474,23.8,1.4,1
16.88,614,0.384,11.4,44.47,0
18.97,517,0.566,16.0,42.76,0
6.41,724,0.301,4.4,3.49,1
6.33,602,0.175,14.4,4.35,1
25.98,707,0.375,18.2,29.12,1
10.72,611,0.27,19.1,16.36,0
19.65,740,0.13,24.3,25.03,1
19.55,696,0.364,24.7,28.81,1
25.5,460,0.167,12.9,32.25,0
22.72,712,0.363,21.5,36.85,1
25.54,655,0.453,18.4,43.0,1
19.51,800,0.591,13.1,30.73,0
14.58,714,0.643,0.8,6.15,0
13.02,744,0.508,24.4,7.67,0
12.61,620,0.672,24.1,31.07,0
13.72,613,0.427,13.0,35.73,0
5.62,678,0.539,8.6,37.95,0
13.87,649,0.582,2.8,26.41,0
12.9,794,0.622,1.4,30.42,0
2.97,667,0.569,20.1,48.75,1
9.7,576,0.679,10.2,18.06,0
23.05,610,0.365,14.1,11.49,1
18.18,762,0.716,7.5,48.48,0
24.57,666,0.312,15.3,46.02,1
17.2,661,0.071,19.0,1.35,1
25.91,770,0.153,22.3,20.69,1
24.29,602,0.428,12.4,37.01,0
4.75,490,0.031,7.5,9.7,0
29.36,608,0.135,1.9,2.56,1
2.41,701,0.293,21.4,2.78,1
18.71,659,0.476,21.3,28.67,1
24.19,547,0.141,8.8,12.28,1
11.29,766,0.44,5.2,13.64,1
18.76,694,0.504,16.8,1.74,1
12.14,713,0.577,18.9,36.57,0
3.7,716,0.502,18.0,42.34,0
2.24,570,0.203,1.8,36.94,0
4.66,706,0.748,24.6,7.68,0
4.76,757,0.668,13.6,47.9,0
19.1,777,0.293,15.2,48.14,0
16.72,741,0.041,1.1,13.7,1
14.75,724,0.406,0.3,49.17,1
21.37,532,0.652,3.2,22.77,0
2.47,679,0.62,9.8,3.04,0
9.59,599,0.675,23.6,29.19,0
23.77,789,0.728,18.2,26.81,1
27.48,776,0.541,25.0,43.06,1
14.27,599,0.139,17.0,18.43,0
4.28,676,0.047,2.5,38.57,0
24.36,701,0.131,17.4,39.55,1
26.78,757,0.167,16.0,2.71,1
13.58,538,0.065,22.2,33.98,0
8.81,492,0.351,13.6,24.49,0
3.23,683,0.592,6.1,10.92,0
18.55,465,0.023,18.3,21.43,1
27.48,693,0.607,18.8,43.0,0
20.98,730,0.695,12.9,34.8,1
10.88,785,0.131,2.4,31.73,1
20.0,627,0.036,10.3,4.99,1
25.3,694,0.37,21.0,33.67,1
15.32,735,0.654,7.6,38.17,0
24.95,580,0.558,18.3,47.55,0
12.97,758,0.045,6.3,40.1,1
11.76,703,0.511,8.2,4.92,0
18.32,629,0.617,8.4,47.23,0
15.01,692,0.218,3.4,39.8,0
29.36,668,0.497,8.8,1.16,1
16.46,746,0.381,18.1,35.92,0
12.78,649,0.17,10.0,15.89,1
13.06,699,0.678,7.5,30.65,1
17.34,627,0.183,17.5,14.86,1
11.94,600,0.634,12.9,36.77,0
22.24,695,0.532,10.9,10.15,1
12.66,604,0.181,19.9,41.89,0
12.76,748,0.539,9.5,4.57,1
19.28,730,0.039,13.6,2.18,1
3.7,615,0.192,0.8,7.46,0
20.35,698,0.228,8.5,19.84,1
16.14,615,0.669,5.9,33.18,0
14.68,544,0.688,22.1,24.55,0
22.14,629,0.218,0.5,24.31,0
23.23,676,0.367,17.5,43.41,0
25.7,724,0.737,18.9,28.4,0
12.49,693,0.506,8.3,25.87,0
11.16,757,0.071,6.4,21.55,1
22.0,597,0.306,4.1,48.94,0
18.29,648,0.328,6.9,12.9,1
19.69,820,0.244,22.8,8.62,1
17.55,516,0.4,1.1,25.13,0
23.64,642,0.557,11.4,34.21,0
7.32,589,0.525,6.6,2.06,0
17.56,663,0.277,17.4,42.99,0
6.43,643,0.558,8.3,14.87,0
13.4,731,0.41,8.6,32.62,1
20.59,702,0.582,1.5,9.49,0
15.81,569,0.103,22.8,43.72,0
12.63,630,0.315,13.0,18.59,1
26.78,680,0.308,1.7,10.16,0
23.64,743,0.277,18.8,1.97,1
16.74,850,0.53,19.5,16.13,1
28.6,740,0.427,11.5,19.58,1
13.88,594,0.302,24.5,2.72,0
24.07,672,0.412,5.7,28.21,1
6.7,695,0.534,21.1,23.28,0
10.0,636,0.513,21.2,25.16,1
11.47,720,0.575,13.0,7.54,0
4.96,487,0.642,13.5,19.77,0
16.05,727,0.56,2.8,48.42,0
7.38,640,0.152,3.3,18.51,1
19.76,671,0.638,10.6,39.86,0
7.32,805,0.262,23.0,7.08,0
5.46,573,0.506,5.4,7.02,0
29.13,703,0.743,11.9,49.95,1
20.43,747,0.235,1.6,32.77,1
28.22,694,0.217,7.5,33.58,1
15.72,543,0.153,9.3,21.87,0
2.94,795,0.738,24.1,38.3,0
18.08,662,0.332,4.8,46.48,0
17.63,635,0.592,2.5,5.02,0
2.42,654,0.056,1.3,9.45,0
26.11,648,0.152,13.1,43.44,1
19.36,579,0.066,13.0,4.88,1
22.85,694,0.615,4.9,18.6,0
15.83,629,0.098,6.2,5.08,1
19.32,737,0.694,8.0,20.99,0
9.21,724,0.505,0.2,22.91,0
29.27,818,0.684,20.4,9.83,1
13.22,662,0.318,19.3,5.0,1
6.55,612,0.404,8.0,21.45,0
3.57,555,0.04,14.4,26.21,0
19.81,850,0.36,8.2,37.11,1
29.53,736,0.451,0.7,36.57,0
27.08,621,0.093,14.7,4.43,1
21.66,824,0.736,18.0,22.46,1
29.74,795,0.023,8.3,42.34,1
22.24,565,0.215,6.0,30.25,0
11.5,616,0.469,6.6,42.89,0
18.83,669,0.383,8.7,47.59,1
4.23,589,0.195,11.7,17.38,0
8.21,672,0.74,18.9,7.51,1
13.69,741,0.158,5.0,5.11,1
7.65,563,0.435,17.7,7.19,0
28.7,705,0.105,24.1,34.44,1
29.88,779,0.061,4.5,6.86,1
12.39,714,0.376,12.7,47.67,1
21.86,674,0.607,9.0,33.29,1
13.42,623,0.408,15.0,47.82,0
5.91,751,0.234,22.0,28.61,0
11.43,580,0.032,22.2,10.91,0
8.53,701,0.707,11.1,9.24,0
11.19,682,0.175,18.9,38.63,1
8.02,776,0.439,12.8,1.01,1
5.15,630,0.031,19.3,43.89,0
8.09,638,0.091,22.1,2.45,1
27.36,574,0.144,17.8,30.62,1
4.39,717,0.102,1.5,20.05,0
11.09,644,0.407,6.1,30.97,1
16.8,607,0.31,19.6,39.33,0
11.93,615,0.605,0.5,6.49,0
16.49,726,0.105,12.9,47.37,1
3.22,586,0.335,15.3,30.19,0
20.16,594,0.333,20.5,19.72,0
17.78,756,0.188,20.2,48.97,1
21.07,666,0.09,1.8,40.77,0
17.88,761,0.028,17.0,8.94,1
14.26,649,0.034,19.8,5.34,1
11.8,680,0.311,2.6,46.22,0
8.34,693,0.06,12.1,29.66,1
16.0,798,0.308,16.2,23.71,1
2.73,791,0.339,8.6,4.79,0
11.19,778,0.345,9.3,27.55,0
20.98,627,0.16,2.6,14.3,1
5.04,596,0.384,19.4,10.46,0
3.76,745,0.306,5.9,20.16,1
20.26,797,0.742,10.9,2.75,1
13.14,779,0.053,12.9,30.3,0
24.45,681,0.059,2.2,31.43,0
28.24,742,0.622,10.8,35.05,1
28.8,743,0.214,3.8,2.12,1
13.92,693,0.154,5.8,9.6,1
9.4,696,0.658,8.9,38.85,0
19.04,688,0.409,12.2,29.16,0
19.59,613,0.47,10.9,1.44,1
19.43,622,0.026,1.8,36.8,0
11.01,620,0.21,8.8,21.41,0
3.79,544,0.209,1.0,13.89,0
7.88,692,0.575,6.3,37.96,0
6.32,677,0.301,2.1,18.66,0
5.47,745,0.442,4.2,23.23,1
27.94,787,0.7,12.6,43.18,0
2.39,793,0.739,23.2,8.33,0
18.85,801,0.113,4.9,28.72,1
28.53,616,0.426,18.3,6.09,1
12.08,558,0.53,1.1,48.91,0
16.76,759,0.591,8.4,16.28,1
21.48,797,0.692,10.0,45.6,0
10.88,812,0.552,2.7,18.98,0
15.37,721,0.524,15.9,42.46,0
24.88,510,0.059,3.6,38.47,1
22.87,711,0.418,20.0,12.39,1
24.64,727,0.457,14.8,32.7,1
29.65,786,0.528,18.5,12.43,1
12.37,802,0.446,4.1,1.93,1
22.92,757,0.319,7.9,15.72,1
18.88,630,0.376,17.6,35.82,0
20.66,593,0.726,11.3,9.75,0
22.72,725,0.26,15.8,31.76,1
22.99,613,0.593,10.3,38.48,1
26.8,805,0.463,16.8,16.21,1
11.78,535,0.344,16.0,6.0,1
20.3,728,0.322,7.5,30.23,1
9.85,707,0.412,22.0,7.44,1
18.65,662,0.604,18.3,1.13,1
23.03,601,0.109,1.7,7.41,0
24.15,505,0.685,0.9,14.07,1
13.76,635,0.585,17.9,34.19,0
16.24,636,0.275,15.8,17.3,1
11.35,774,0.027,23.1,46.01,1
6.73,613,0.097,16.9,37.37,0
9.29,718,0.125,5.2,49.39,0
27.54,570,0.096,1.1,33.6,0
10.65,721,0.095,13.3,2.05,1
29.29,490,0.721,12.4,8.3,0
8.76,850,0.501,23.4,14.21,1
22.25,668,0.619,17.7,35.46,0
18.07,442,0.431,22.5,32.62,0
21.51,619,0.472,18.9,11.06,1
20.03,606,0.663,16.5,35.2,0
21.79,624,0.211,14.1,14.67,1
27.36,649,0.527,14.5,33.75,1
17.78,624,0.676,12.7,16.23,0
3.9,611,0.703,21.0,11.31,1
9.58,582,0.344,5.9,25.25,0
21.83,750,0.645,22.9,49.06,1
15.83,782,0.388,14.0,32.68,0
17.36,658,0.208,10.9,18.23,1
18.7,679,0.203,5.3,26.4,0
12.71,584,0.35,6.9,22.49,0
23.67,686,0.208,14.6,2.54,0
22.26,700,0.042,3.8,34.04,1
22.0,661,0.097,0.1,11.07,1
22.03,714,0.64,6.5,27.18,0
26.93,706,0.664,7.6,4.47,1
18.67,590,0.657,23.5,39.72,0
29.08,781,0.424,14.5,1.85,1
5.34,662,0.703,10.1,16.75,0
19.69,822,0.384,24.6,19.78,1
22.07,716,0.358,9.2,38.85,0
15.36,848,0.366,24.0,48.71,1
10.07,780,0.206,23.5,10.38,1
17.4,699,0.468,17.2,7.81,1
12.21,619,0.348,13.1,31.46,0
27.46,620,0.732,20.5,11.65,1
11.99,725,0.146,8.1,2.19,1
6.92,692,0.076,9.2,12.36,0
18.14,630,0.276,5.2,12.49,1
13.09,751,0.177,6.4,28.03,1
4.69,683,0.744,3.4,23.05,0
17.82,751,0.428,21.3,17.34,1
17.06,597,0.283,0.0,15.17,1
6.85,765,0.489,10.6,14.13,1
18.73,723,0.351,9.1,43.23,0
17.89,782,0.172,9.7,23.58,1
23.66,763,0.308,21.1,42.89,0
12.12,673,0.229,20.5,49.79,0
8.97,666,0.485,16.6,25.28,0
28.63,832,0.616,17.2,46.5,1
17.71,655,0.212,20.1,9.55,1
2.76,744,0.474,9.6,16.18,1
24.98,648,0.537,11.3,33.29,0
7.51,522,0.29,6.1,12.66,0
24.01,576,0.376,6.0,30.0,1
21.74,715,0.282,23.4,45.05,1
29.13,740,0.292,19.0,48.71,1
29.04,715,0.346,11.3,27.21,1
9.68,777,0.236,1.0,37.1,1
23.46,713,0.376,18.6,30.56,0
10.87,614,0.569,23.7,21.58,0
19.62,731,0.308,23.2,18.47,1
18.74,694,0.71,17.9,31.09,0
3.53,631,0.179,16.2,17.94,0
2.15,720,0.348,3.0,37.7,0
3.62,687,0.459,2.1,7.18,0
5.58,629,0.417,6.6,36.21,0
9.21,665,0.711,14.1,26.04,0
27.39,800,0.257,22.8,5.01,1
16.52,797,0.296,21.8,42.14,1
24.31,696,0.455,7.7,27.94,1
25.47,685,0.455,9.2,37.01,1
22.58,558,0.595,7.8,7.06,0
12.96,826,0.6,13.3,8.6,0
26.19,768,0.028,20.2,44.05,1
22.78,744,0.578,19.6,23.87,1
22.81,487,0.544,22.2,15.5,0
27.24,683,0.448,13.0,26.43,1
18.76,669,0.251,16.5,19.2,0
16.8,738,0.682,23.8,48.72,0
26.92,642,0.559,16.9,10.65,1
14.72,660,0.208,4.2,26.97,1
24.72,733,0.243,8.2,17.29,1
3.51,614,0.539,1.9,9.09,0
2.04,631,0.69,2.8,34.39,0
16.79,696,0.378,12.3,7.71,1
4.06,794,0.662,18.5,14.45,1
29.34,749,0.299,4.7,24.88,1
2.15,771,0.308,8.0,21.76,0
22.11,685,0.521,8.4,45.62,0
8.81,807,0.057,21.0,32.9,1
29.09,532,0.121,4.6,4.4,0
12.68,850,0.552,0.9,8.02,1
2.76,850,0.197,15.6,29.72,1
2.75,719,0.148,13.2,12.05,0
17.49,751,0.085,0.1,10.59,1
29.63,677,0.184,19.1,49.39,1
29.43,662,0.203,10.6,35.76,0
11.44,628,0.269,13.7,15.82,0
15.52,676,0.705,16.8,2.36,1
4.81,727,0.491,1.3,39.96,0
16.62,716,0.526,4.3,29.28,1
18.79,849,0.117,11.6,16.26,1
9.03,689,0.161,4.3,26.84,1
19.14,553,0.676,2.9,44.93,0
27.19,820,0.483,8.1,4.11,1
2.03,576,0.611,10.7,36.87,0
8.41,632,0.281,21.2,43.27,0
7.88,703,0.441,14.9,26.5,0
5.47,715,0.387,23.2,48.08,0
6.65,557,0.17,11.4,12.35,0
19.53,617,0.622,11.8,36.34,0
4.88,554,0.264,7.8,21.82,0
22.68,733,0.361,2.0,19.57,1
26.84,781,0.117,4.3,32.18,1
27.94,576,0.486,1.7,30.86,0
20.48,765,0.598,17.6,18.99,1
7.53,759,0.32,8.7,19.4,1
4.39,624,0.734,0.8,24.51,0
8.5,511,0.208,18.8,49.65,0
28.93,589,0.657,6.4,40.13,0
28.95,629,0.546,22.3,18.95,1
12.69,811,0.697,20.6,18.8,1
11.12,670,0.561,7.6,44.94,0
16.28,594,0.381,5.9,39.18,0
10.17,693,0.322,24.8,33.02,0
29.43,570,0.625,20.5,35.99,1
8.19,724,0.633,23.2,3.79,0
12.34,597,0.45,0.4,5.54,0
14.02,609,0.533,15.0,16.47,1
5.5,712,0.358,6.7,24.16,1
12.72,829,0.179,9.4,35.84,1
25.99,850,0.056,2.3,39.32,1
5.93,592,0.497,18.7,44.35,0
18.35,629,0.509,13.1,14.28,0
13.39,724,0.506,19.8,37.65,0
6.78,779,0.431,2.9,49.74,0
2.35,496,0.27,24.9,11.2,0
9.65,687,0.197,8.7,4.42,1
3.73,639,0.068,23.8,44.93,0
12.55,516,0.128,16.9,7.61,0
24.69,566,0.479,2.7,36.27,0
22.15,632,0.581,19.5,19.98,1
28.53,685,0.683,14.0,18.42,1
13.96,766,0.081,4.7,47.09,1
21.82,710,0.614,4.7,18.21,0
20.63,761,0.456,23.8,20.97,1
8.08,682,0.24,25.0,1.77,1
10.5,620,0.55,14.4,9.99,0
16.84,664,0.742,4.7,18.71,0
24.31,739,0.297,8.5,33.63,0
14.93,768,0.478,5.3,4.13,0
8.38,667,0.21,15.2,18.13,1
29.82,601,0.17,10.0,18.9,1
5.24,709,0.129,9.5,39.76,0
28.76,721,0.043,20.0,14.47,1
24.65,785,0.548,24.1,44.7,1
25.49,622,0.127,4.9,47.25,0
24.26,623,0.514,10.4,11.86,0
7.83,744,0.655,13.4,19.51,0
19.71,645,0.638,6.1,36.94,0
23.19,642,0.238,10.0,14.16,1
22.88,787,0.111,1.4,41.47,1
9.6,563,0.343,1.0,48.72,0
7.07,850,0.152,19.7,31.94,1
11.19,628,0.293,8.5,8.9,0
15.44,754,0.435,17.7,1.09,1
18.07,671,0.49,2.1,21.08,0
25.43,703,0.179,16.8,12.12,1
23.53,658,0.186,16.3,38.92,0
20.93,753,0.652,20.5,24.02,0
9.38,650,0.71,5.1,31.98,0
15.41,631,0.489,13.8,30.71,0
11.39,834,0.426,22.5,2.78,1
8.58,682,0.5,5.5,35.69,0
2.29,623,0.114,3.1,41.46,0
11.5,553,0.675,8.6,24.09,0
9.17,839,0.172,24.1,29.52,1
18.01,633,0.509,3.9,8.05,0
3.74,850,0.182,3.0,33.28,0
9.57,714,0.535,24.9,47.04,0
3.25,692,0.57,9.8,35.89,0
19.96,694,0.561,3.7,1.71,0
17.91,850,0.333,14.0,16.16,1
11.45,494,0.463,0.3,47.74,0
6.13,698,0.457,10.6,33.74,0
28.82,657,0.546,0.9,16.91,0
18.36,662,0.384,14.1,30.42,0
21.02,693,0.39,15.6,9.0,1
16.88,657,0.52,0.1,46.31,0
24.58,696,0.144,12.8,20.11,1
27.1,678,0.496,23.6,10.41,1
12.72,568,0.128,10.0,4.67,0
21.32,712,0.549,23.9,2.71,1
8.44,741,0.304,24.1,32.61,0
20.25,634,0.633,6.0,34.39,0
13.18,839,0.085,14.4,33.27,1
2.19,794,0.356,20.8,16.39,0
28.75,752,0.142,17.7,39.83,1
26.32,751,0.654,19.0,42.16,1
10.14,683,0.111,6.5,30.55,0
29.94,777,0.374,23.0,31.16,1
10.88,814,0.097,5.9,10.43,1
14.85,749,0.602,16.1,43.05,0
25.84,632,0.226,22.1,5.15,1
10.53,677,0.454,9.0,40.31,0
14.62,729,0.144,13.8,21.51,1
20.64,751,0.277,17.3,5.81,1
5.65,673,0.103,23.2,4.01,1
13.83,632,0.422,11.2,49.44,0
10.66,815,0.023,15.1,28.88,0
20.95,589,0.745,3.5,22.78,1
5.81,600,0.324,1.6,46.35,0
8.52,567,0.479,0.5,23.69,0
21.92,600,0.229,11.9,42.5,0
6.37,786,0.205,13.6,42.83,1
13.82,789,0.638,2.2,37.75,0
21.96,674,0.573,4.5,5.66,0
23.43,722,0.49,6.7,47.78,0
4.66,679,0.569,22.3,31.74,0
25.86,579,0.148,2.5,21.02,0
22.27,850,0.702,12.2,38.56,0
11.5,797,0.352,19.7,4.62,0
23.39,710,0.654,21.8,9.75,1
22.39,607,0.557,17.3,34.2,0
18.82,661,0.229,6.6,31.85,1
17.64,621,0.436,3.0,26.7,0
22.57,688,0.726,3.9,34.06,0
29.98,706,0.047,19.3,47.55,1
18.2,651,0.331,7.4,7.38,1
24.64,556,0.473,8.4,17.8,0
22.84,850,0.268,4.4,15.38,0
25.96,700,0.252,10.9,46.83,0
28.73,719,0.567,8.4,10.17,1
7.41,644,0.689,8.9,19.02,0
6.63,547,0.412,0.8,45.39,0
18.42,673,0.712,11.6,33.83,0
14.58,653,0.094,2.8,2.53,1
17.98,740,0.186,13.4,48.05,0
24.35,757,0.084,16.7,3.95,1
28.09,745,0.338,13.7,26.57,1
13.69,764,0.478,3.7,12.86,1
22.1,833,0.166,15.4,31.96,1
7.51,713,0.347,10.3,14.9,1
16.97,773,0.52,9.0,41.06,1
2.61,722,0.487,3.7,28.69,0
16.11,518,0.479,24.9,16.33,1
17.27,667,0.462,9.8,43.42,0
22.59,606,0.74,11.4,39.08,0
20.19,700,0.541,2.4,25.16,1
12.04,613,0.683,16.9,25.07,0
2.16,731,0.715,7.1,23.93,1
5.23,763,0.648,18.5,27.46,0
29.25,782,0.089,1.7,43.05,1
27.83,818,0.406,7.4,4.61,1
11.1,538,0.299,18.6,20.03,0
9.25,578,0.091,9.9,37.76,0
14.22,850,0.432,0.9,48.24,0
21.32,766,0.175,19.7,8.5,1
11.99,699,0.445,24.1,3.13,1
3.88,683,0.617,9.4,40.45,0
13.28,675,0.308,15.5,48.55,0
9.3,516,0.713,9.3,36.02,0
11.1,614,0.58,13.9,28.15,0
6.56,670,0.607,18.5,12.44,0
20.45,619,0.102,15.8,47.96,0
16.75,630,0.708,7.9,36.39,0
9.58,850,0.045,4.9,35.01,1
17.51,659,0.636,13.6,44.22,0
15.8,704,0.042,16.5,43.91,1
24.29,701,0.139,14.4,4.95,1
28.77,730,0.25,3.2,1.98,1
5.66,639,0.559,8.9,11.91,0
26.75,786,0.677,18.6,45.6,1
21.73,718,0.507,3.7,27.15,0
21.39,571,0.551,22.1,32.73,0
12.48,671,0.232,11.7,17.95,0
11.63,665,0.732,19.8,21.82,0
2.16,661,0.318,8.5,15.7,1
29.5,723,0.686,9.0,47.08,0
18.98,734,0.589,24.2,21.19,1
13.27,724,0.288,14.2,41.96,1
17.23,709,0.27,2.5,8.62,0
3.13,687,0.516,23.9,16.54,0
6.86,497,0.707,9.4,9.89,0
19.45,746,0.511,17.8,15.38,1
16.4,722,0.646,3.2,33.71,1
24.04,596,0.725,21.4,7.93,1
20.44,704,0.261,24.0,27.26,0
18.84,735,0.413,9.6,1.15,1
24.83,780,0.465,3.6,49.17,1
3.91,723,0.179,13.9,2.74,1
21.34,707,0.602,4.0,37.97,0
22.04,760,0.211,11.1,43.59,1
9.7,654,0.536,15.6,49.82,0
7.48,715,0.402,3.5,32.86,0
7.99,627,0.631,23.7,30.72,0
7.55,774,0.393,17.6,28.32,0
16.67,543,0.448,9.0,38.47,0
5.8,749,0.152,10.4,43.67,0
20.46,682,0.61,21.2,26.86,0
4.94,762,0.314,11.9,36.29,0
2.75,614,0.443,24.7,48.16,0
10.94,688,0.638,1.6,6.48,0
7.37,685,0.37,6.8,29.9,0
29.68,717,0.22,13.0,4.3,1
10.48,591,0.214,3.4,22.35,0
8.22,734,0.433,8.9,36.58,0
7.51,523,0.233,13.0,19.63,0
12.47,623,0.267,6.5,5.91,1
18.96,547,0.191,4.1,41.67,0
23.89,750,0.346,6.7,12.96,1
12.21,714,0.36,2.1,25.61,1
19.53,719,0.404,4.9,8.34,1
15.5,805,0.453,1.5,49.48,0
25.7,653,0.449,23.8,19.75,0
17.93,732,0.288,4.0,41.26,1
10.12,686,0.677,0.0,19.84,1
21.7,673,0.394,23.9,18.13,1
24.96,791,0.627,19.0,12.78,1
15.03,850,0.427,6.7,20.82,1
29.64,643,0.291,22.0,43.89,1
26.61,751,0.559,21.8,33.42,1
7.51,707,0.149,18.5,3.6,1
24.03,708,0.728,14.8,27.51,0
18.83,701,0.438,14.6,25.39,1
16.97,652,0.096,24.2,34.66,0
16.39,375,0.328,11.6,38.01,0
25.9,810,0.54,20.2,28.72,1
19.1,621,0.07,2.8,43.92,0
17.06,659,0.211,17.5,32.46,1
3.37,661,0.695,24.7,17.56,0
14.55,613,0.28,0.2,19.44,1
27.43,700,0.136,6.4,43.07,1
21.93,676,0.092,19.6,13.73,1
3.43,619,0.472,18.3,7.98,1
26.75,693,0.427,18.4,37.86,1
25.15,677,0.493,24.6,21.95,1
17.31,759,0.719,2.4,12.11,0
2.63,566,0.064,16.9,41.65,0
17.75,612,0.164,16.0,10.06,1
3.53,742,0.191,5.1,36.89,0
10.97,626,0.332,5.3,17.67,0
19.61,603,0.108,16.3,35.91,1
27.56,630,0.319,16.4,38.87,1
12.02,671,0.616,15.0,8.71,0
26.08,672,0.139,11.5,41.42,0
27.71,662,0.689,17.2,31.3,0
2.59,593,0.685,8.0,43.09,0
8.7,746,0.394,5.9,2.54,1
21.88,793,0.648,14.9,38.09,0
23.19,518,0.539,15.4,49.31,0
12.99,548,0.28,20.3,35.44,0
20.39,765,0.43,10.4,45.97,1
19.14,813,0.105,19.1,21.32,1
22.71,499,0.382,22.9,35.38,0
22.12,749,0.626,10.6,28.79,0
4.4,819,0.447,13.6,17.43,0
6.43,607,0.299,22.8,31.54,0
5.72,814,0.504,7.5,18.68,0
28.11,665,0.733,18.1,47.52,1
27.58,707,0.069,14.4,40.08,1
24.33,619,0.261,10.3,43.67,0
5.27,765,0.134,21.6,32.15,1
18.08,751,0.719,3.9,42.18,0
7.24,827,0.419,0.9,18.97,0
12.31,802,0.115,5.2,33.41,1
9.48,679,0.467,21.9,17.36,0
25.21,850,0.385,8.6,30.13,1
6.04,795,0.063,17.1,4.5,1
20.09,726,0.651,5.8,39.81,0
29.55,595,0.538,12.3,21.66,1
21.24,550,0.024,13.1,49.21,0
4.22,557,0.721,6.1,43.05,0
27.42,601,0.136,9.7,31.1,0
20.01,797,0.02,6.5,14.03,1
14.78,721,0.332,2.5,31.86,0
20.47,628,0.123,10.8,38.08,0
26.61,668,0.436,14.1,24.14,1
15.36,658,0.247,2.3,30.03,1
16.88,748,0.155,8.9,43.94,1
14.67,605,0.739,11.6,7.72,0
4.03,710,0.263,23.3,25.47,0
24.04,706,0.323,15.3,43.43,1
5.54,608,0.235,23.6,20.17,1
13.05,815,0.631,13.1,44.32,0
12.83,655,0.164,20.1,28.35,1
9.84,596,0.113,2.4,20.67,0
13.27,752,0.663,14.1,49.59,0
19.3,685,0.154,8.8,8.93,0
10.72,715,0.646,18.2,18.02,1
6.83,579,0.442,21.9,11.77,0
26.34,749,0.621,17.8,49.17,0
29.18,850,0.071,2.2,8.36,1
14.84,573,0.723,15.5,6.85,0
11.16,710,0.239,18.6,13.93,1
3.33,613,0.063,0.7,30.82,0
3.03,850,0.578,4.2,13.97,1
13.0,785,0.15,17.0,17.03,1
28.05,704,0.276,7.9,27.17,1
22.46,576,0.454,1.6,32.17,0
11.78,596,0.07,22.2,29.41,0
29.11,743,0.167,23.8,31.13,1
14.01,564,0.377,9.3,33.87,0
9.75,567,0.328,24.8,43.99,0
13.94,681,0.427,21.4,34.08,0
7.92,691,0.552,13.9,36.33,0
26.8,712,0.278,18.7,20.43,1
12.11,643,0.315,23.4,47.29,0
20.42,758,0.219,18.2,40.6,1
12.89,607,0.268,8.4,29.56,1
27.25,733,0.057,4.8,22.97,1
19.99,698,0.443,10.8,1.93,1
15.67,731,0.146,4.7,49.34,0
5.7,780,0.543,0.5,7.93,0
27.25,641,0.051,11.4,25.95,1
17.31,624,0.064,8.2,17.75,1
9.98,536,0.228,2.4,16.98,0
26.58,508,0.34,21.8,21.55,0
3.52,665,0.526,3.1,29.05,0
10.79,671,0.525,15.8,1.49,0
17.03,588,0.731,14.2,8.55,0
11.51,606,0.277,24.5,31.05,1
15.35,809,0.063,6.3,37.23,1
9.4,754,0.649,5.9,34.08,0
5.64,573,0.553,15.7,49.56,0
3.03,642,0.07,14.0,3.34,0
6.41,715,0.081,20.3,26.24,0
28.68,627,0.368,4.3,21.51,1
18.11,611,0.269,7.5,10.75,0
15.69,651,0.455,0.1,44.63,0
12.76,773,0.18,18.0,8.03,1
21.84,780,0.72,8.1,25.73,1
5.96,617,0.394,5.9,10.41,0
9.73,719,0.568,15.1,22.39,1
20.37,679,0.112,6.3,39.74,0
15.41,594,0.47,1.4,35.33,0
23.56,655,0.652,5.9,35.32,0
27.12,573,0.037,21.2,11.54,0
25.05,779,0.414,14.9,2.12,1
7.16,812,0.2,11.8,36.28,1
4.56,645,0.369,12.3,6.2,1
6.74,625,0.616,24.9,20.12,0
23.94,770,0.524,0.8,42.35,0
27.59,783,0.571,4.0,21.06,1
27.91,585,0.175,21.6,23.81,1
10.35,667,0.628,13.4,47.94,0
25.53,675,0.468,24.9,45.54,1
17.01,614,0.071,17.1,5.45,1
25.04,713,0.65,18.1,43.48,0
17.35,621,0.061,14.5,25.24,1
6.09,634,0.041,0.4,40.1,1
4.22,671,0.629,22.7,18.25,0
28.8,553,0.03,13.1,47.9,1
13.92,505,0.085,0.2,40.03,0
11.81,758,0.032,5.2,23.02,1
11.98,617,0.663,8.8,18.68,0
12.61,850,0.053,7.2,11.34,1
28.46,848,0.292,0.7,14.49,1
3.76,637,0.178,7.0,22.66,0
5.33,850,0.269,22.4,18.36,1
24.11,760,0.232,14.7,32.56,1
17.38,625,0.668,8.2,32.14,0
5.6,461,0.581,2.2,10.48,0
2.96,738,0.666,18.8,13.78,0
8.28,683,0.546,18.0,3.21,1
9.3,717,0.261,0.1,19.74,0
2.4,661,0.156,24.8,24.2,1
8.05,583,0.407,6.6,6.15,0
22.67,644,0.28,6.6,5.17,1
25.95,740,0.49,7.5,14.12,0
27.15,650,0.048,24.0,25.08,1
12.92,649,0.54,21.0,49.19,0
10.94,551,0.239,15.9,45.84,0
30.0,688,0.357,12.4,20.52,1
23.54,585,0.734,8.2,28.25,0
17.05,758,0.177,8.4,28.42,1
9.13,618,0.106,8.1,17.81,0
11.0,655,0.173,21.6,42.99,0
16.43,850,0.277,17.0,15.29,1
17.18,654,0.411,10.2,21.93,0
2.38,643,0.736,24.8,45.44,0
28.86,730,0.655,4.4,17.95,1
18.12,528,0.542,1.9,26.04,0
18.5,786,0.546,9.2,43.66,1
7.92,764,0.227,24.5,17.05,1
23.42,725,0.697,0.6,48.12,0
22.64,393,0.414,2.0,10.97,0
4.66,658,0.139,8.5,34.52,0
18.66,572,0.714,24.7,3.94,0
20.43,776,0.39,8.6,27.32,1
25.4,769,0.134,17.0,8.81,1
7.77,713,0.557,21.6,31.8,0
26.57,578,0.191,16.8,31.22,1
14.92,807,0.157,2.2,21.41,1
4.7,658,0.215,3.7,46.32,0
4.96,833,0.442,6.5,44.68,0
7.54,703,0.234,19.9,37.01,0
9.92,723,0.05,20.0,36.26,1
15.9,641,0.303,4.3,4.34,0
22.97,800,0.191,9.5,16.85,1
7.23,732,0.393,3.5,10.95,0
29.79,803,0.355,11.8,20.04,1
6.52,695,0.077,9.1,6.35,1
18.78,676,0.199,24.8,16.59,1
28.01,731,0.225,9.7,28.98,1
25.31,803,0.374,1.3,9.14,1
20.14,766,0.62,13.0,6.18,1
22.03,692,0.18,22.7,35.63,1
5.76,522,0.135,9.2,13.1,0
2.27,749,0.021,20.5,24.43,0
14.16,558,0.463,10.4,42.08,0
4.51,683,0.258,14.2,19.55,0
12.02,670,0.509,12.6,5.83,1
8.26,559,0.524,21.9,39.48,0
27.66,712,0.053,14.2,37.19,1
26.64,850,0.325,9.5,30.9,1
24.93,653,0.727,19.2,27.36,0
21.99,745,0.221,1.3,37.86,0
6.31,850,0.407,6.8,18.31,1
3.35,753,0.413,7.2,17.15,0
20.31,625,0.21,14.2,31.74,1
19.98,700,0.589,20.9,9.16,0
12.34,721,0.023,13.8,32.03,1
15.24,802,0.186,11.5,43.49,0
15.7,783,0.453,1.6,26.24,1
8.72,445,0.69,24.3,5.06,0
10.8,607,0.027,7.4,33.48,1
13.71,674,0.459,3.2,43.6,0
18.89,594,0.022,20.8,10.65,1
28.76,365,0.475,22.3,31.0,0
17.08,618,0.32,7.5,10.66,0
22.47,680,0.337,13.7,41.17,0
24.6,635,0.726,19.6,13.39,1
5.18,595,0.518,0.5,31.84,0
20.29,684,0.163,24.7,29.88,1
15.5,709,0.748,8.1,19.36,0
18.03,640,0.207,12.0,45.12,1
3.08,797,0.521,1.3,45.16,0
27.37,685,0.517,1.2,17.66,0
28.68,606,0.64,2.8,18.06,0
2.1,584,0.311,8.0,33.09,0
7.96,662,0.528,23.0,14.92,0
7.05,775,0.477,12.9,15.89,0
23.88,610,0.339,8.1,2.01,1
18.75,731,0.689,11.3,5.6,0
6.97,688,0.204,6.6,33.24,0
24.79,849,0.184,15.6,16.72,1
11.9,713,0.48,12.7,4.98,0
14.9,621,0.159,9.5,46.58,1
12.84,743,0.626,17.2,15.49,1
16.6,745,0.268,9.8,11.25,1
15.44,646,0.327,20.2,26.59,1
9.69,581,0.518,15.0,41.7,0
13.89,726,0.666,5.1,43.76,0
27.43,685,0.524,4.1,15.95,1
16.08,551,0.089,6.4,37.37,1
27.66,702,0.267,23.0,26.64,1
17.4,626,0.568,20.6,30.17,0
23.53,551,0.683,24.3,22.56,0
10.22,650,0.483,18.6,9.69,0
24.13,789,0.455,22.9,41.2,1
9.4,783,0.297,8.9,27.66,1
2.55,760,0.369,15.5,20.69,1
6.5,703,0.336,9.8,34.09,0
2.61,731,0.06,21.6,21.86,0
28.52,688,0.036,24.9,42.61,0
30.0,586,0.471,18.6,7.65,1
23.34,603,0.392,19.5,2.47,0
5.03,628,0.199,22.0,28.9,0
27.17,799,0.672,2.4,13.59,1
22.83,772,0.171,12.0,6.79,1
11.3,588,0.531,18.3,2.49,0
16.06,685,0.596,15.1,38.75,0
20.53,646,0.633,13.5,48.03,0
2.67,667,0.633,9.6,31.17,0
16.04,634,0.6,5.5,38.86,0
22.51,799,0.354,23.1,42.09,1
7.27,678,0.475,18.4,40.47,0
14.43,698,0.646,15.3,17.01,0
16.91,699,0.327,2.1,1.12,0
22.6,593,0.51,2.8,31.78,0
29.0,689,0.136,10.8,47.43,0
25.75,770,0.432,3.1,44.49,1
19.4,805,0.123,3.7,1.23,1
18.34,582,0.502,2.0,45.31,0
18.89,551,0.295,7.4,1.53,1
17.27,685,0.186,0.3,27.04,1
3.66,774,0.283,18.3,42.78,0
21.55,711,0.532,15.0,21.39,0
22.06,738,0.683,12.7,34.51,0
16.35,564,0.028,24.7,12.39,0
26.37,631,0.143,12.0,48.54,1
20.83,493,0.535,21.7,3.16,1
12.15,668,0.435,4.7,31.98,0
2.55,496,0.253,6.6,2.7,0
3.66,793,0.496,8.2,3.05,1
11.85,812,0.653,24.8,14.25,1
14.94,692,0.208,22.7,1.74,1
6.67,551,0.375,11.2,11.16,0
7.3,712,0.035,21.1,8.54,1
8.45,838,0.711,5.8,45.68,0
23.85,720,0.605,14.8,3.03,1
23.6,781,0.389,4.0,30.98,1
12.72,639,0.744,14.4,33.86,0
6.83,606,0.181,5.6,41.23,0
5.11,674,0.563,14.6,19.0,0
4.44,516,0.582,10.7,9.9,0
12.96,850,0.627,14.0,6.97,1
3.28,692,0.52,4.0,7.98,1
11.34,754,0.159,12.7,26.68,1
28.92,641,0.087,7.9,30.24,0
16.21,549,0.152,3.6,39.63,0
25.03,801,0.647,12.5,40.42,1
5.62,584,0.313,3.5,42.3,0
9.51,710,0.419,10.7,8.82,1
28.5,718,0.039,8.1,37.52,1
12.74,686,0.379,13.6,4.56,1
20.16,613,0.319,12.1,44.15,1
29.33,667,0.41,3.4,26.74,1
17.42,599,0.294,7.0,32.43,0
10.55,749,0.075,13.9,31.37,1
16.89,729,0.052,20.8,28.34,1
3.53,678,0.713,1.5,26.64,0
5.15,632,0.461,2.3,46.18,0
2.2,850,0.49,19.9,18.07,1
26.76,569,0.688,8.5,39.16,0
20.8,549,0.422,6.4,18.74,0
10.35,673,0.469,5.7,3.25,1
8.19,658,0.402,24.3,19.52,1
21.13,773,0.148,12.8,8.39,1
27.75,735,0.247,4.0,22.59,1
10.38,683,0.666,10.2,5.02,0
11.0,723,0.344,6.5,39.49,1
25.92,721,0.169,4.2,29.95,1
27.01,850,0.624,24.5,2.86,1
27.59,702,0.084,11.1,32.63,1
10.21,622,0.487,17.3,47.78,0
5.37,697,0.531,22.5,4.1,0
14.32,457,0.242,5.1,18.48,0
10.28,677,0.142,3.2,44.84,0
26.75,773,0.347,6.5,2.64,1
3.03,731,0.571,17.8,46.01,0
19.75,705,0.667,9.5,49.45,0
27.37,735,0.615,12.2,20.11,1
29.35,774,0.1,0.5,23.78,1
20.2,801,0.183,0.1,49.42,0
28.6,718,0.47,10.2,3.94,1
4.12,653,0.538,3.8,16.59,0
12.06,483,0.026,19.8,4.11,1
2.24,763,0.124,23.8,37.57,1
29.47,724,0.089,23.1,32.91,1
27.28,693,0.269,11.6,43.31,1
2.79,622,0.517,7.2,10.32,0
2.51,762,0.709,12.1,27.71,0
12.28,658,0.085,2.6,35.94,1
9.24,677,0.389,23.6,14.81,1
25.71,675,0.292,16.8,44.59,0
6.49,718,0.311,7.2,10.7,1
24.14,582,0.07,19.0,6.79,1
17.52,728,0.23,6.1,14.77,0
12.57,619,0.204,18.8,40.09,0
6.08,622,0.544,10.0,35.99,0
29.94,755,0.489,21.6,44.67,0
19.3,595,0.485,24.7,31.22,0
14.3,755,0.399,8.0,45.99,0
12.39,689,0.27,13.8,27.62,1
27.36,540,0.198,5.9,46.0,0
24.99,796,0.028,20.0,43.64,1
24.71,706,0.128,12.3,24.2,1
19.25,714,0.181,24.6,1.32,1
26.86,766,0.732,22.2,49.3,1
10.38,807,0.728,6.8,25.36,0
21.7,697,0.58,3.0,37.31,1
13.32,732,0.466,15.5,23.16,0
18.8,712,0.508,8.0,18.74,1
29.95,651,0.458,6.3,18.55,1
29.57,545,0.492,13.6,18.41,0
16.35,698,0.18,13.5,29.39,1
18.07,797,0.733,13.4,40.58,0
27.13,730,0.572,7.4,28.88,0
29.6,589,0.191,3.9,26.77,1
23.8,773,0.395,4.6,16.03,0
3.83,654,0.596,18.0,23.68,0
11.03,502,0.685,11.7,9.81,0
27.1,767,0.3,11.7,37.49,1
23.51,600,0.373,24.4,39.38,1
22.78,831,0.246,22.9,12.69,1
20.7,778,0.295,1.6,28.78,1
13.63,661,0.186,19.9,14.96,1
13.29,719,0.042,6.2,48.89,1
24.65,850,0.324,18.1,15.64,1
10.23,765,0.364,4.3,43.34,0
21.18,700,0.589,3.6,35.32,0
22.33,850,0.402,23.5,48.31,1
25.65,690,0.258,14.0,36.25,1
10.96,729,0.358,8.7,30.85,0
22.77,600,0.601,22.3,23.56,0
4.98,538,0.371,7.2,24.09,0
5.87,656,0.425,1.6,1.06,0
13.69,683,0.146,9.9,49.85,0
3.55,708,0.026,17.7,28.81,1
28.54,559,0.699,16.6,29.76,0
27.25,736,0.216,11.8,9.84,1
3.37,609,0.274,12.8,22.17,0
25.47,732,0.104,13.2,11.74,1
16.25,759,0.394,9.4,11.72,1
21.65,646,0.558,2.1,27.83,0
26.83,598,0.521,3.9,12.8,0
18.16,811,0.645,18.1,33.66,1
5.26,754,0.229,20.3,19.46,1
2.07,693,0.25,9.9,19.46,0
15.91,805,0.725,8.2,35.41,0
28.58,687,0.353,15.2,33.87,1
18.03,627,0.629,0.5,20.78,0
12.44,595,0.466,14.2,46.57,0
2.87,671,0.152,11.7,17.08,0
27.62,746,0.719,11.0,36.2,1
11.16,798,0.257,0.0,39.89,0
21.73,682,0.489,23.6,11.7,1
21.44,783,0.206,4.3,24.24,1
9.11,662,0.44,2.8,2.03,1
3.79,614,0.415,9.6,17.17,1
12.78,569,0.211,19.5,14.23,0
10.88,637,0.742,19.1,38.8,0
21.61,572,0.123,12.8,11.82,1
24.95,850,0.343,13.7,2.25,1
8.23,717,0.043,11.4,2.16,1
16.79,672,0.518,0.6,38.42,0
3.14,826,0.357,6.9,8.03,1
8.0,569,0.429,9.7,32.56,0
23.33,668,0.53,13.9,10.88,1
24.22,850,0.578,16.5,11.86,1
23.74,668,0.725,24.7,40.52,1
5.99,850,0.651,12.7,34.42,0
17.43,747,0.256,16.8,33.07,1
13.84,791,0.551,24.0,46.51,0
29.76,793,0.075,7.0,43.64,1
20.31,680,0.119,11.3,42.49,1
28.19,639,0.356,18.0,7.67,1
6.07,670,0.356,14.1,9.13,1
14.62,596,0.389,22.3,49.12,0
23.61,674,0.367,14.2,29.25,1
12.3,680,0.488,23.1,27.92,0
19.71,824,0.717,3.7,25.78,1
16.33,730,0.146,20.1,37.05,1
29.77,850,0.281,5.3,30.14,1
6.87,496,0.074,1.2,8.34,0
28.19,577,0.166,2.8,6.02,0
13.24,650,0.741,14.5,15.84,0
15.1,807,0.049,7.3,43.63,1
16.8,671,0.176,3.6,20.71,0
9.43,555,0.331,15.7,43.74,0
28.98,659,0.234,12.2,29.07,1
27.52,578,0.418,9.5,46.55,0
29.24,562,0.743,13.4,44.34,0
29.91,850,0.534,21.5,19.42,0
20.75,650,0.316,18.1,28.01,1
14.65,695,0.519,12.4,35.78,0
25.82,672,0.657,20.6,3.24,1
2.67,659,0.187,21.6,8.84,1
25.36,609,0.543,9.4,36.77,1
15.92,654,0.468,3.7,45.81,0
20.85,709,0.556,2.9,15.88,0
12.47,801,0.081,16.0,20.31,1
12.32,761,0.555,23.4,43.85,0
2.89,576,0.595,1.0,14.04,0
13.87,764,0.522,12.4,46.38,0
13.43,720,0.164,4.9,7.91,1
8.29,627,0.138,13.3,13.35,1
8.93,695,0.559,21.4,2.74,1
18.36,729,0.493,19.7,5.58,1
10.9,684,0.738,24.3,13.5,0
25.25,721,0.352,12.1,33.1,1
5.12,607,0.187,16.6,10.84,1
18.17,849,0.582,22.5,47.03,1
6.48,516,0.566,17.4,18.08,0
16.79,729,0.402,24.1,26.41,1
17.47,711,0.565,6.1,33.58,0
19.98,735,0.247,3.4,7.68,1
13.97,620,0.177,3.7,34.7,0
16.27,779,0.112,21.3,6.91,1
7.07,671,0.232,1.3,41.49,0
14.96,579,0.498,20.2,24.92,1
12.44,587,0.209,11.6,5.38,0
20.65,691,0.665,17.3,35.67,1
14.18,544,0.202,18.6,4.75,0
23.82,833,0.52,10.6,48.75,1
13.93,769,0.405,3.7,23.23,0
8.6,835,0.174,15.4,19.76,1
9.66,826,0.426,23.9,16.41,1
3.27,650,0.717,0.6,23.05,0
17.12,606,0.709,5.7,39.28,0
25.26,452,0.233,21.9,26.49,1
23.54,645,0.412,1.7,32.52,1
14.26,830,0.13,0.3,3.81,1
7.49,610,0.362,21.9,42.73,0
26.18,662,0.255,19.2,26.89,1
3.59,633,0.699,6.3,26.67,0
13.18,712,0.482,24.2,13.37,1
25.99,789,0.155,17.8,4.79,1
13.01,549,0.744,3.0,17.47,0
5.3,565,0.527,11.5,41.11,0
9.45,806,0.118,21.6,27.8,1
18.8,742,0.604,16.7,13.92,1
6.26,658,0.427,14.6,30.06,0
20.34,825,0.312,10.4,18.21,1
14.27,564,0.163,6.2,11.96,0
11.36,759,0.223,15.3,37.25,0
8.75,674,0.142,3.8,9.2,0
25.05,732,0.606,20.2,29.66,0
13.11,477,0.219,5.2,36.95,0
22.68,658,0.363,3.0,4.02,1
14.33,743,0.727,1.8,35.09,0
4.57,675,0.746,20.4,1.56,0
14.33,787,0.598,11.7,40.78,0
16.22,784,0.603,10.0,14.63,1
14.82,599,0.71,13.0,8.53,0
24.85,750,0.602,14.7,7.39,0
27.5,596,0.349,22.0,22.35,1
24.03,685,0.064,8.6,15.12,1
18.32,736,0.172,4.7,23.97,0
17.16,609,0.345,21.7,42.43,0
20.05,747,0.214,12.0,6.14,1
10.06,637,0.26,14.5,13.77,0
24.73,631,0.063,4.0,6.55,1
25.99,740,0.423,21.6,32.22,1
9.48,609,0.277,23.5,31.53,0
27.28,605,0.209,11.2,42.58,0
25.76,768,0.466,0.5,36.75,1
13.89,689,0.222,0.7,35.27,0
27.45,556,0.368,7.6,8.87,0
5.37,753,0.2,12.3,41.14,1
2.78,645,0.517,10.8,1.36,1
11.74,561,0.644,14.2,36.03,0
17.83,467,0.08,6.4,40.91,0
11.84,757,0.618,5.2,12.1,1
28.38,607,0.642,24.4,16.28,1
9.13,574,0.724,7.0,12.86,0
9.87,734,0.624,23.7,41.16,0
19.78,748,0.423,14.3,21.62,1
2.11,613,0.071,1.7,18.81,0
22.37,758,0.074,14.9,25.61,1
12.57,850,0.164,24.6,36.8,0
29.38,794,0.346,21.0,33.36,1
21.36,781,0.717,7.6,35.68,1
3.46,707,0.148,2.4,47.43,0
4.59,642,0.413,11.5,13.5,0
4.47,675,0.749,2.5,11.14,0
28.67,717,0.03,7.4,32.84,1
21.15,573,0.054,23.0,8.16,1
13.97,615,0.217,16.3,32.53,0
7.61,559,0.184,19.6,47.84,0
26.46,700,0.384,13.5,23.46,1
7.64,687,0.327,4.2,11.52,0
21.79,625,0.446,3.8,49.75,0
23.37,750,0.127,19.1,19.76,1
10.25,591,0.521,10.7,6.58,0
16.14,621,0.177,12.5,21.39,1
8.24,746,0.35,4.5,5.3,1
12.61,759,0.044,9.0,5.08,1
29.02,612,0.602,3.3,3.33,1
21.41,700,0.478,5.1,23.26,1
25.71,614,0.172,22.2,23.49,1
17.14,663,0.459,17.9,36.94,0
8.69,692,0.339,21.3,27.66,1
21.96,728,0.623,21.9,43.15,0
16.02,707,0.738,14.7,43.77,1
6.95,703,0.111,7.6,9.38,1
13.55,588,0.378,12.3,3.02,1
19.78,713,0.208,0.5,35.61,1
22.59,727,0.567,20.4,1.49,1
8.81,739,0.045,20.1,20.3,1
26.53,619,0.418,12.7,3.65,0
12.63,758,0.646,9.4,23.48,1
9.59,568,0.304,4.3,23.03,0
7.46,643,0.632,1.9,42.44,0
24.52,657,0.127,8.1,32.63,1
11.92,573,0.69,23.4,20.72,0
15.54,655,0.598,1.7,25.96,0
8.24,699,0.306,23.7,27.91,0
21.21,525,0.115,13.2,12.08,0
23.87,646,0.4,11.0,38.99,1
11.5,531,0.509,3.1,23.89,0
28.46,850,0.114,1.8,32.25,1
2.86,698,0.701,13.6,2.56,1
5.72,691,0.577,15.0,6.43,0
18.49,700,0.715,10.9,29.89,1
21.64,731,0.238,7.2,37.47,0
9.02,763,0.336,0.3,16.72,1
17.51,547,0.195,6.7,47.34,0
10.91,791,0.22,17.9,42.62,0
17.51,786,0.126,15.2,26.7,1
20.46,674,0.111,4.0,32.36,1
29.24,670,0.51,19.8,30.07,1
14.76,416,0.135,3.7,15.98,0
20.15,574,0.117,19.9,4.07,1
18.19,724,0.41,12.8,40.42,1
10.89,782,0.534,17.9,23.57,0
9.09,742,0.588,2.1,42.25,0
29.66,674,0.444,18.5,19.35,0
7.79,844,0.167,18.0,1.7,1
24.13,765,0.438,4.4,7.22,0
6.1,647,0.477,3.4,8.7,0
24.52,850,0.208,18.7,36.82,1
7.2,587,0.125,10.4,2.57,0
29.08,555,0.696,16.2,41.15,0
21.21,644,0.09,0.2,34.84,0
4.52,616,0.222,4.6,16.84,0
21.41,649,0.189,18.6,26.58,1
18.9,748,0.671,5.0,46.68,0
11.45,677,0.386,2.0,4.42,1
9.3,679,0.718,4.4,18.8,0
22.13,685,0.625,20.8,20.16,0
22.76,483,0.571,8.7,48.2,0
11.16,551,0.149,13.3,48.79,0
26.53,647,0.271,14.4,42.23,0
9.53,608,0.619,9.3,19.72,0
3.96,660,0.738,2.3,44.58,0
18.8,799,0.661,6.4,24.72,0
5.0,674,0.712,3.9,32.56,0
9.75,568,0.489,22.7,46.47,0
16.2,613,0.372,18.5,13.16,0
10.02,825,0.396,20.6,43.18,1
8.02,810,0.355,20.3,20.56,1
21.69,731,0.133,0.1,43.69,0
17.32,547,0.243,18.7,27.87,0
25.51,706,0.086,12.1,13.12,1
18.27,713,0.085,19.4,38.51,1
15.54,682,0.248,24.0,6.64,1
9.32,632,0.506,8.9,8.03,0
24.18,649,0.468,15.1,8.26,1
7.51,626,0.428,7.6,42.18,0
8.78,583,0.567,22.3,43.69,0
25.56,796,0.329,6.4,29.06,1
22.75,755,0.343,8.8,14.69,1
19.16,656,0.398,22.2,20.32,0
3.09,710,0.069,2.5,10.0,0
5.56,713,0.445,12.4,1.19,1
16.0,850,0.568,14.5,42.14,1
22.9,754,0.212,14.5,10.54,1
14.99,751,0.644,3.0,4.88,0
2.48,683,0.214,1.0,7.46,1
7.16,643,0.395,10.4,46.38,0
18.49,798,0.658,11.3,18.8,1
21.44,735,0.559,23.6,32.76,1
2.94,609,0.441,18.9,2.53,0
3.21,719,0.475,15.0,26.93,0
9.32,751,0.099,5.3,37.59,0
4.34,502,0.531,22.5,4.21,0
17.17,602,0.467,4.8,15.65,0
5.46,711,0.082,23.7,16.78,1
20.15,516,0.111,23.6,44.48,0
23.76,530,0.729,24.4,33.59,0
29.17,657,0.15,7.1,43.4,0
28.56,722,0.674,3.4,19.4,0
9.65,726,0.221,15.7,29.97,0
2.82,815,0.309,10.6,26.37,1
11.22,687,0.426,9.7,14.53,0
21.84,648,0.477,13.9,21.7,1
3.67,569,0.383,17.2,13.0,0
12.07,647,0.274,8.3,1.79,1
10.34,740,0.384,8.4,48.44,0
8.14,744,0.532,15.3,47.95,1
21.77,702,0.309,1.8,41.39,1
20.45,727,0.418,17.5,9.55,1
16.99,788,0.297,20.0,1.99,1
27.5,686,0.261,22.0,10.6,1
4.89,796,0.238,18.8,43.71,0
6.19,618,0.183,12.7,8.51,0
12.74,674,0.575,21.8,12.44,1
20.36,639,0.738,12.3,34.87,0
18.35,747,0.041,19.7,24.39,1
4.07,594,0.163,1.6,33.05,0
28.84,653,0.724,17.7,28.59,1
10.54,522,0.269,2.1,29.05,0
12.05,731,0.304,0.7,43.76,0
19.46,786,0.504,12.6,11.67,1
28.46,757,0.277,3.0,7.82,1
20.56,749,0.38,8.1,20.84,1
28.73,751,0.678,19.4,27.2,1
7.25,739,0.432,13.8,25.03,0
19.33,732,0.507,18.3,27.45,1
25.21,738,0.178,19.6,24.82,1
16.25,624,0.211,12.0,26.38,1
12.14,663,0.671,24.6,46.66,0
29.57,686,0.69,5.1,3.44,0
5.95,651,0.609,2.1,47.14,0
13.51,547,0.109,8.0,29.77,0
26.45,575,0.618,19.1,3.34,0
27.21,700,0.034,2.4,3.62,1
29.45,757,0.455,11.7,29.0,1
26.78,681,0.513,14.3,34.76,0
3.43,850,0.331,20.2,26.49,1
28.03,602,0.37,21.1,22.99,0
13.99,718,0.562,6.0,14.58,1
20.25,790,0.673,6.9,30.72,0
13.04,771,0.158,17.1,44.98,1
24.78,736,0.121,21.5,21.7,1
18.13,771,0.48,4.2,35.09,0
25.68,685,0.188,18.1,1.85,1
7.43,821,0.162,5.9,23.05,0
7.18,789,0.169,4.5,38.32,1
14.33,608,0.164,8.4,42.25,0
2.13,707,0.368,19.9,27.32,0
21.4,548,0.724,18.6,28.76,0
10.29,809,0.624,12.0,7.78,1
17.6,699,0.417,17.9,15.48,1
3.96,795,0.079,10.1,33.7,0
6.78,671,0.511,5.3,38.58,0
19.44,522,0.349,21.1,5.01,1
10.56,850,0.588,1.3,48.09,0
8.01,691,0.381,22.5,47.72,0
8.41,595,0.508,19.7,10.19,0
8.01,777,0.166,18.1,3.21,1
19.44,850,0.628,14.2,17.71,1
6.7,663,0.589,20.3,47.98,0
12.16,672,0.293,0.7,22.71,0
21.26,700,0.723,14.8,16.37,0
16.38,586,0.137,6.5,44.84,0
18.72,621,0.035,16.0,7.58,1
9.03,831,0.577,16.9,47.11,1
28.12,669,0.458,5.4,40.64,0
13.59,609,0.101,3.9,19.8,0
10.03,642,0.136,14.7,39.58,0
27.32,771,0.116,23.5,38.05,1
20.35,512,0.142,16.6,29.41,0
19.19,702,0.357,12.1,39.29,1
26.83,850,0.057,23.4,25.5,1
3.64,850,0.399,20.5,42.28,0
25.46,729,0.462,18.3,39.87,1
20.98,792,0.551,10.9,45.41,1
12.08,791,0.711,12.3,40.08,0
9.18,669,0.08,6.6,46.13,0
4.93,759,0.046,20.4,9.73,1
28.35,832,0.122,7.1,14.59,1
5.97,573,0.266,17.6,23.17,0
9.26,729,0.404,21.9,12.9,0
21.35,711,0.023,13.8,44.94,0
21.88,689,0.525,3.9,9.81,1
6.5,681,0.719,0.6,23.49,0
24.8,700,0.202,16.8,26.56,1
16.29,707,0.026,5.6,43.78,0
25.76,775,0.57,1.0,13.7,1
4.44,721,0.582,8.6,48.51,0
3.2,665,0.052,14.6,15.31,1
19.84,609,0.471,13.8,8.99,0
6.2,640,0.197,4.2,13.43,0
16.7,702,0.482,15.1,44.17,0
2.4,620,0.55,10.3,8.47,0
23.84,760,0.183,11.9,2.56,1
27.19,717,0.21,21.9,15.29,1
25.49,777,0.466,2.0,27.68,0
28.83,626,0.445,13.2,18.48,0
27.29,609,0.667,4.3,8.88,0
14.43,777,0.393,4.6,18.85,1
13.15,691,0.604,15.3,34.94,0
27.09,663,0.554,16.7,22.37,0
27.95,739,0.506,15.2,29.06,1
29.24,736,0.16,23.1,47.41,0
23.51,573,0.222,19.9,37.66,0
7.66,798,0.434,5.0,40.39,0
28.46,645,0.068,15.9,15.11,1
28.52,825,0.053,15.5,26.06,1
20.65,567,0.056,16.2,17.89,1
26.0,707,0.693,10.7,24.74,0
17.71,664,0.523,23.7,6.48,0
28.44,512,0.631,11.6,26.41,1
4.63,736,0.723,19.7,26.76,0
26.19,516,0.532,12.0,29.17,0
3.55,655,0.396,19.7,12.5,0
11.49,774,0.37,9.9,11.85,1
5.79,635,0.565,0.0,19.02,0
15.42,603,0.654,12.5,27.35,0
8.5,748,0.626,13.7,17.5,0
28.66,659,0.38,2.9,35.6,0
17.66,646,0.585,16.6,29.67,0
27.14,788,0.368,21.3,6.53,1
9.79,581,0.301,21.7,11.97,0
2.73,641,0.237,9.4,30.63,1
23.72,754,0.06,10.3,27.07,1
21.67,575,0.167,21.5,17.62,0
17.27,831,0.553,25.0,9.42,1
24.83,662,0.145,1.3,46.1,0
25.52,754,0.678,1.5,23.02,1
18.46,754,0.077,1.4,11.41,1
29.05,667,0.057,11.6,36.32,1
22.15,639,0.371,19.6,13.54,0
20.95,676,0.183,2.3,14.02,1
12.12,741,0.095,17.2,41.53,1
2.06,596,0.064,4.3,45.48,0
8.75,578,0.405,0.8,23.94,0
23.39,806,0.209,14.9,31.98,1
21.88,618,0.426,14.8,18.69,1
11.27,710,0.128,7.1,32.05,0
19.52,663,0.038,8.1,36.67,0
7.47,667,0.04,8.8,36.33,0
9.38,802,0.102,23.2,2.99,1
28.53,673,0.601,21.7,5.83,1
13.57,650,0.347,13.2,35.69,0
8.86,657,0.475,24.1,27.06,1
15.64,637,0.659,14.5,47.22,0
12.84,623,0.175,2.5,6.07,1
22.43,638,0.656,12.2,49.49,0
28.94,821,0.564,22.4,7.54,1
18.57,740,0.552,16.6,2.54,1
18.55,651,0.656,23.8,45.05,0
12.22,763,0.112,13.3,25.7,0
17.81,545,0.415,22.8,15.05,1
10.94,797,0.373,19.2,29.02,0
2.03,790,0.505,20.6,19.5,0
26.25,850,0.194,24.8,49.44,1
14.02,766,0.113,7.6,38.93,0
15.78,717,0.731,15.7,33.14,0
4.34,790,0.36,6.4,16.78,0
25.44,627,0.189,21.3,2.27,1
6.77,646,0.114,14.6,40.07,0
13.5,675,0.453,4.4,3.34,0
25.53,796,0.128,10.5,6.54,1
14.82,607,0.154,4.5,29.86,0
28.07,598,0.715,11.4,38.09,0
7.86,700,0.041,1.9,21.04,0
22.03,741,0.156,24.1,29.86,1
29.38,620,0.51,14.9,48.71,1
17.39,737,0.178,24.8,14.78,1
21.38,796,0.153,4.3,3.15,1
13.01,782,0.426,9.6,11.87,1
23.04,710,0.528,23.3,22.88,1
27.45,672,0.334,17.3,39.09,1
21.69,828,0.59,1.8,21.54,1
28.21,681,0.615,22.1,29.86,0
18.48,760,0.475,4.7,28.72,0
18.16,846,0.442,6.5,24.9,1
10.53,751,0.616,18.3,8.79,0
21.87,595,0.031,17.8,4.33,1
26.69,575,0.393,16.5,10.95,1
20.1,655,0.114,0.1,14.24,1
8.53,740,0.182,6.2,10.19,1
17.24,718,0.713,8.6,10.43,0
23.17,850,0.023,10.0,30.81,1
28.3,717,0.244,1.8,23.27,1
6.38,652,0.133,16.9,13.26,0
5.57,584,0.436,22.3,12.55,1
13.56,780,0.636,24.7,8.02,1
5.52,679,0.305,19.9,34.9,0
29.45,552,0.631,5.1,24.32,0
13.88,682,0.341,12.8,33.56,1
16.94,595,0.684,22.9,19.54,0
8.36,644,0.638,1.7,5.17,0
14.58,681,0.151,5.7,41.33,1
29.57,603,0.666,6.6,3.04,0
15.68,639,0.161,15.2,19.01,0
2.25,617,0.378,23.8,29.67,1
8.79,619,0.163,12.1,33.56,0
29.4,594,0.302,14.1,24.61,1
29.69,639,0.739,16.0,40.15,0
7.89,604,0.579,21.3,24.5,0
19.23,730,0.424,7.2,41.96,0
4.15,697,0.703,15.7,13.1,0
18.17,782,0.283,23.1,24.15,1
5.53,840,0.146,23.5,2.52,1
24.92,738,0.625,9.6,29.33,1
28.31,718,0.029,2.8,20.73,1
6.84,743,0.607,23.1,34.38,0
14.96,720,0.036,23.0,37.37,1
4.86,684,0.228,2.4,22.22,0
11.5,678,0.28,2.0,30.81,0
3.82,593,0.253,4.6,36.87,0
9.41,751,0.198,16.2,42.0,1
29.73,677,0.099,7.6,6.15,1
3.25,803,0.022,6.0,27.85,1
26.05,758,0.586,20.0,46.32,1
4.17,627,0.354,6.1,14.92,0
16.81,786,0.138,24.0,31.8,1
14.66,462,0.08,11.0,14.83,0
28.08,844,0.223,10.6,40.39,1
7.57,566,0.279,23.6,37.43,1
7.03,722,0.357,3.0,47.53,0
22.96,716,0.094,2.9,35.25,0
22.32,776,0.735,10.8,24.97,1
21.58,652,0.216,14.7,27.51,0
2.73,498,0.342,12.7,39.19,0
9.28,652,0.538,23.9,37.16,0
25.52,661,0.246,24.8,6.77,1
18.82,506,0.08,1.0,15.66,1
18.86,684,0.295,4.1,34.44,1
10.29,589,0.424,13.8,5.94,0
9.28,735,0.634,23.8,33.33,0
28.5,659,0.289,7.0,43.31,1
22.38,847,0.669,9.2,19.02,1
5.55,658,0.419,5.8,11.68,0
28.26,717,0.544,24.2,42.85,1
18.31,662,0.042,3.8,24.59,0
11.33,542,0.674,14.1,41.78,0
13.12,663,0.176,0.6,4.83,1
22.31,744,0.258,15.0,11.38,1
12.54,731,0.402,9.8,1.05,1
18.2,655,0.721,14.1,22.96,0
21.89,556,0.272,2.0,44.22,0
7.47,735,0.181,2.3,32.62,0
28.44,716,0.721,2.3,1.87,0
11.97,752,0.61,20.9,2.21,1
13.74,657,0.504,18.1,36.3,0
21.56,537,0.319,3.2,5.55,0
19.05,725,0.327,7.9,11.79,1
14.32,679,0.714,10.9,35.22,0
20.19,798,0.07,2.5,13.19,1
27.28,682,0.573,21.0,25.02,1
24.41,676,0.459,9.1,20.37,0
25.08,715,0.727,16.8,17.85,0
9.24,629,0.428,16.0,13.38,1
13.74,625,0.225,22.9,20.97,0
17.51,672,0.589,18.5,9.96,0
3.24,602,0.74,0.9,47.78,0
23.55,661,0.682,3.9,16.5,0
11.06,845,0.235,11.1,36.72,1
9.91,769,0.273,2.3,15.34,0
9.26,706,0.571,9.8,13.85,0
9.93,812,0.457,24.4,24.65,1
11.46,610,0.028,5.1,36.89,0
18.94,850,0.124,17.6,1.19,1
18.34,641,0.082,6.5,9.38,1
9.16,850,0.15,0.9,38.94,1
7.78,850,0.243,2.5,18.3,1
25.14,531,0.726,2.6,42.91,0
4.6,805,0.514,7.5,7.53,0
16.36,656,0.06,24.0,40.84,1
16.58,632,0.463,15.5,31.48,0
18.08,725,0.339,3.1,9.26,1
26.8,594,0.57,1.8,1.6,1
19.47,723,0.665,24.3,44.19,0
29.26,600,0.068,4.3,15.16,1
26.4,695,0.735,6.8,12.83,1
8.01,794,0.062,21.0,10.01,1
8.75,713,0.555,13.9,18.4,1
11.65,649,0.679,5.7,26.67,1
12.96,726,0.569,16.6,24.41,0
17.48,560,0.13,9.3,42.71,0
8.51,609,0.172,14.5,10.67,1
8.23,643,0.05,2.4,37.58,0
12.68,747,0.116,22.0,45.55,1
20.82,714,0.065,14.9,2.81,1
21.27,725,0.059,0.1,37.81,0
29.33,678,0.43,14.0,14.45,1
7.67,613,0.076,9.1,22.94,0
13.0,806,0.33,22.6,3.99,1
29.01,621,0.538,3.5,15.42,1
21.32,716,0.031,8.3,6.49,1
18.58,670,0.486,19.1,12.41,1
17.11,728,0.573,5.6,2.61,1
4.11,629,0.412,7.8,47.01,0
27.01,769,0.367,19.3,44.87,1
19.51,797,0.554,17.8,32.9,1
18.01,764,0.407,9.0,16.94,0
17.11,693,0.392,11.7,47.22,0
12.97,643,0.605,13.8,48.62,0
9.13,850,0.631,22.2,39.93,1
23.15,596,0.289,16.5,34.4,0
16.27,755,0.323,14.8,17.11,1
2.95,708,0.605,20.3,44.28,0
13.17,675,0.418,7.6,25.5,0
28.0,696,0.521,11.1,31.99,0
12.47,637,0.075,17.2,9.49,1
13.57,716,0.09,10.1,2.05,1
19.47,707,0.408,12.0,49.39,0
24.45,850,0.618,4.0,31.45,0
20.72,771,0.251,15.3,34.58,1
25.8,724,0.721,16.0,3.47,1
5.19,729,0.575,21.4,21.65,0
27.89,836,0.591,2.1,14.93,0
27.31,598,0.629,22.5,41.95,0
16.54,664,0.206,2.1,24.79,1
19.49,518,0.261,18.6,19.84,1
7.96,727,0.106,14.7,8.24,1
14.54,752,0.298,10.2,19.79,1
7.68,595,0.046,23.1,18.74,1
2.62,802,0.569,11.4,39.56,0
29.47,619,0.606,0.6,42.53,0
9.26,651,0.176,13.0,19.58,0
18.61,690,0.378,13.3,21.1,0
10.41,816,0.511,18.6,48.79,0
12.38,607,0.562,9.0,19.53,0
13.14,705,0.728,1.8,31.8,0
11.38,746,0.166,8.7,7.6,1
19.85,728,0.2,15.1,22.02,1
28.91,731,0.643,13.6,12.84,1
14.0,745,0.091,21.2,12.9,1
29.25,633,0.594,6.8,12.47,0
20.7,823,0.117,14.2,24.26,1
19.0,671,0.359,24.4,15.41,0
8.64,659,0.452,7.8,41.02,0
3.76,795,0.581,10.9,22.99,0
25.85,626,0.104,24.9,3.69,1
18.07,707,0.622,3.6,22.49,0
13.6,619,0.641,14.3,5.86,0
24.74,850,0.599,9.3,8.21,1
10.7,850,0.704,1.2,7.63,0
23.94,671,0.657,19.0,39.85,0
11.18,724,0.581,5.0,22.05,0
27.78,680,0.443,22.3,1.05,1
9.5,650,0.61,10.4,26.07,0
5.85,690,0.732,3.6,10.86,0
21.55,677,0.485,6.2,36.15,0
6.56,551,0.197,20.8,47.14,0
28.58,702,0.201,9.3,9.35,1
20.36,676,0.601,6.4,14.55,0
8.46,707,0.742,6.2,35.9,0
7.85,673,0.174,14.6,31.99,0
27.87,649,0.728,6.4,41.59,1
19.02,754,0.216,23.4,32.81,1
27.02,725,0.321,1.2,10.36,1
5.09,799,0.683,3.9,41.93,0
27.91,722,0.722,10.7,8.88,0
16.56,663,0.434,5.2,5.11,0
20.72,732,0.714,19.5,47.04,0
12.44,512,0.635,22.9,29.61,0
3.66,850,0.652,15.0,17.23,1
28.82,703,0.654,21.4,13.56,0
29.85,850,0.302,20.0,5.15,1
12.21,606,0.042,4.0,28.44,0
28.43,585,0.14,2.0,43.64,1
6.7,711,0.074,15.7,34.32,0
6.33,711,0.197,24.6,38.34,1
4.05,709,0.06,20.8,30.32,1
12.96,696,0.222,15.4,1.48,1
3.46,627,0.45,2.8,22.81,0
13.05,554,0.123,19.5,2.75,0
5.87,704,0.25,17.1,4.98,1
22.45,571,0.184,23.3,9.61,1
25.33,563,0.089,17.7,44.58,1
21.26,648,0.514,2.6,11.54,0
7.61,717,0.672,15.2,23.14,0
23.47,849,0.543,10.1,43.95,1
8.99,763,0.519,10.5,34.23,0
23.27,802,0.738,15.8,7.5,0
17.89,736,0.554,22.5,23.65,1
12.27,711,0.054,19.0,38.78,1
4.34,850,0.179,0.6,22.75,1
25.17,568,0.485,3.7,11.65,0
28.31,645,0.487,9.1,32.53,0
20.65,652,0.628,17.1,20.97,0
29.01,756,0.136,15.9,26.17,1
28.16,597,0.736,12.6,7.12,1
7.45,745,0.397,10.8,45.35,1
22.47,729,0.692,19.7,46.13,0
11.78,749,0.406,2.4,15.86,0
15.65,748,0.156,14.9,15.34,1
6.4,811,0.276,20.2,9.36,1
29.29,676,0.181,6.8,29.71,1
22.33,725,0.213,5.1,10.75,1
9.47,617,0.67,16.8,31.11,0
12.4,598,0.295,4.4,47.34,0
13.83,830,0.153,12.2,9.86,1
22.93,611,0.286,23.1,12.07,1
27.92,735,0.471,1.5,5.47,1
11.0,725,0.167,22.7,16.43,1
15.23,780,0.057,4.8,44.2,0
18.61,539,0.657,12.1,1.78,0
13.01,756,0.195,3.3,32.18,0
16.12,675,0.704,17.7,19.82,0
4.96,629,0.054,24.9,16.56,1
6.69,659,0.495,7.6,9.44,0
13.23,768,0.506,23.1,41.8,0
27.62,742,0.134,18.2,41.32,1
11.78,669,0.506,24.1,3.0,1
8.99,583,0.303,16.8,29.25,0
22.8,589,0.299,17.1,21.33,0
28.58,744,0.661,23.6,1.31,1
14.86,571,0.715,18.2,15.96,0
2.24,670,0.144,21.2,10.21,0
21.27,850,0.519,7.1,38.41,0
13.62,719,0.133,4.2,22.92,0
20.86,743,0.046,16.0,40.1,1
9.78,590,0.129,6.3,48.47,0
2.07,576,0.483,10.7,20.67,0
11.65,748,0.55,21.4,28.21,0
21.73,656,0.39,15.8,48.67,0
13.01,780,0.715,23.6,9.15,1
8.14,692,0.578,8.9,3.65,0
14.99,850,0.138,7.0,24.01,1
23.07,640,0.172,5.3,24.91,0
5.34,713,0.455,24.4,46.52,0
21.37,612,0.263,10.7,23.33,0
20.69,776,0.021,23.0,22.75,1
12.38,726,0.038,8.6,25.41,1
29.17,607,0.318,7.2,22.84,1
27.05,662,0.402,19.3,45.04,0
10.85,805,0.497,15.5,31.27,0
2.87,795,0.577,13.1,40.02,1
10.63,568,0.727,11.0,8.58,0
7.73,649,0.632,11.7,43.92,0
17.32,843,0.28,20.9,48.53,1
27.72,674,0.41,3.8,47.89,0
26.37,704,0.178,1.3,49.16,1
10.56,776,0.727,0.1,35.17,0
14.0,575,0.411,12.4,33.9,0
3.02,609,0.202,20.5,4.3,1
17.24,661,0.549,16.8,14.86,0
3.77,791,0.376,24.8,39.57,1
28.28,775,0.748,15.2,18.69,1
26.27,750,0.075,12.7,31.41,1
8.0,677,0.265,14.5,29.74,0
21.58,785,0.708,22.1,29.45,1
17.9,676,0.357,0.4,19.15,1
24.44,738,0.248,11.7,44.36,1
15.32,766,0.462,10.3,13.2,0
7.37,833,0.505,23.8,38.75,1
19.92,684,0.088,4.7,2.24,1
4.25,658,0.209,0.6,42.08,0
18.37,799,0.246,15.8,38.15,1
7.96,805,0.199,15.6,48.97,1
21.18,642,0.3,8.0,6.92,1
25.19,595,0.264,13.5,40.38,0
5.07,792,0.554,14.9,16.14,0
13.21,549,0.457,8.8,13.15,0
22.54,545,0.333,10.5,11.05,0
6.58,666,0.166,3.5,36.2,0
17.86,689,0.327,19.3,47.18,0
20.81,590,0.152,9.7,32.96,0
11.93,699,0.715,16.1,14.02,0
25.3,703,0.147,10.7,20.59,1
16.3,639,0.647,4.1,12.81,0
19.56,850,0.469,17.5,4.42,1
5.94,717,0.612,10.4,38.6,0
2.65,776,0.669,4.6,6.12,0
3.42,556,0.607,23.3,32.82,0
27.31,555,0.45,22.3,21.99,0
26.71,719,0.215,18.2,4.56,1
24.61,838,0.502,14.4,15.77,0
7.59,594,0.024,15.6,4.7,0
16.71,692,0.296,9.0,31.83,0
24.29,575,0.646,6.6,33.69,0
20.89,619,0.444,14.8,44.84,0
5.23,696,0.21,18.5,15.02,1
27.08,638,0.671,12.4,9.63,1
6.5,569,0.031,22.4,24.25,0
6.81,567,0.665,9.7,40.91,0
27.23,520,0.574,9.4,28.73,1
15.57,721,0.127,10.6,47.25,0
12.44,731,0.066,17.6,5.35,1
17.5,730,0.714,0.7,36.24,0
29.48,603,0.069,8.8,33.49,1
5.35,766,0.731,18.6,12.93,0
23.19,740,0.327,13.9,11.19,1
11.36,681,0.278,7.7,19.72,0
5.28,667,0.495,16.4,16.8,1
13.81,625,0.382,22.5,17.41,0
17.37,696,0.305,12.6,36.39,0
7.77,817,0.487,18.5,5.43,1
13.35,777,0.276,5.0,37.67,0
19.8,658,0.045,11.8,25.47,1
18.14,726,0.622,7.3,9.53,0
22.25,586,0.396,24.8,33.8,1
25.42,742,0.521,5.5,19.32,1
13.46,609,0.44,23.7,7.51,0
13.84,739,0.468,10.2,29.8,0
15.91,850,0.18,12.5,16.68,1
17.86,632,0.702,13.1,14.9,0
5.03,850,0.347,6.0,24.41,0
10.75,722,0.692,6.0,26.47,0
6.81,616,0.609,9.4,35.44,0
12.8,612,0.546,18.6,25.12,1
29.25,850,0.356,17.5,27.14,0
18.32,722,0.037,24.9,28.95,1
14.02,632,0.25,2.2,46.44,0
17.85,663,0.505,19.0,5.96,1
20.73,717,0.261,4.9,33.51,0
14.18,679,0.092,12.8,2.83,1
14.54,709,0.398,4.9,13.7,0
21.64,831,0.133,23.4,39.76,1
3.7,584,0.244,12.7,18.71,1
17.12,735,0.386,11.7,2.31,1
17.33,674,0.105,7.7,26.15,1
23.19,638,0.102,11.2,22.45,0
29.51,771,0.173,2.8,46.41,1
24.28,556,0.452,17.1,47.17,0
16.11,479,0.701,14.3,14.66,0
6.74,699,0.194,2.5,41.2,1
18.47,668,0.545,2.6,26.22,0
25.36,565,0.158,7.3,27.47,0
28.11,535,0.484,11.8,6.59,0
25.11,844,0.121,5.6,41.99,1
7.29,719,0.637,3.3,30.69,0
21.95,682,0.562,2.4,47.8,0
26.64,850,0.517,7.6,39.36,1
21.07,767,0.031,15.7,23.86,1
21.2,830,0.631,17.0,43.01,1
16.0,580,0.13,7.1,16.59,0
19.84,577,0.409,11.0,43.29,0
10.24,732,0.587,15.7,6.68,0
4.49,715,0.481,9.0,17.49,0
25.18,786,0.618,24.5,43.54,1
28.41,541,0.537,17.3,2.17,0
25.99,740,0.572,14.5,43.56,0
11.35,764,0.238,12.4,2.96,1
4.62,760,0.297,12.3,33.29,0
9.84,645,0.386,7.3,32.27,0
25.6,724,0.448,1.9,3.82,1
20.36,614,0.525,20.9,42.07,0
29.07,655,0.426,22.6,5.21,1
11.6,591,0.539,24.4,42.72,0
17.44,616,0.13,10.1,49.17,0
24.12,660,0.308,23.7,33.93,1
8.55,638,0.687,17.6,46.58,0
28.99,616,0.178,10.6,31.64,0
18.59,570,0.125,23.0,49.07,1
2.22,847,0.564,24.2,40.05,1
2.7,637,0.162,13.3,34.28,0
26.7,708,0.354,19.5,49.46,1
20.07,530,0.54,19.4,24.71,0
23.37,795,0.374,15.2,24.7,1
23.95,694,0.678,10.6,42.73,0
13.77,642,0.661,3.4,34.04,0
24.36,643,0.387,24.9,8.07,1
28.25,754,0.721,1.8,16.09,1
6.82,429,0.233,3.4,29.65,0
23.4,610,0.191,9.4,1.78,1
10.62,670,0.509,10.0,26.01,0
11.0,669,0.438,6.7,12.46,0
13.56,850,0.203,2.0,12.6,1
26.18,651,0.291,22.5,44.87,1
2.62,764,0.19,12.8,14.83,0
14.15,834,0.193,24.2,45.01,1
21.04,737,0.288,21.9,27.15,0
5.09,623,0.695,12.4,46.47,0
24.18,571,0.629,9.7,36.73,0
28.37,743,0.394,6.4,21.29,1
4.55,820,0.369,24.8,2.72,1
6.28,726,0.043,15.1,44.69,0
29.27,785,0.357,21.0,35.66,1
7.54,850,0.475,24.6,7.6,0
4.21,751,0.588,5.6,46.82,0
28.66,586,0.28,23.1,24.94,1
26.99,684,0.691,19.9,2.45,1
20.36,796,0.633,11.4,15.5,1
17.44,659,0.08,23.7,43.13,0
27.74,808,0.679,14.7,21.54,1
20.35,674,0.183,9.8,40.58,0
20.44,708,0.694,4.0,20.74,0
25.62,650,0.48,18.2,7.56,1
20.29,694,0.321,19.4,10.54,1
16.1,698,0.339,5.2,44.18,0
12.91,543,0.431,9.3,9.88,0
16.09,642,0.636,1.4,46.84,0
16.63,575,0.631,13.9,15.14,0
12.1,645,0.323,15.0,48.61,0
14.55,612,0.64,21.2,5.74,1
24.45,766,0.365,0.7,27.87,0
13.66,767,0.325,3.0,2.74,1
2.72,728,0.198,0.8,13.57,1
9.92,572,0.624,23.6,42.91,0
8.49,672,0.473,12.8,10.16,1
24.22,565,0.335,6.1,44.68,0
14.58,667,0.504,0.5,29.9,0
9.85,735,0.649,2.4,36.6,0
24.7,764,0.164,18.0,18.61,1
2.54,720,0.306,12.0,49.26,0
6.88,787,0.298,18.4,41.5,0
25.15,702,0.075,6.6,45.68,1
17.42,660,0.264,11.0,8.15,0
23.66,754,0.576,15.6,14.07,1
25.47,757,0.205,5.3,42.21,1
28.37,635,0.612,7.2,33.81,0
3.78,712,0.717,3.5,19.86,0
24.38,655,0.183,17.8,23.75,1
21.85,509,0.319,14.6,22.49,0
7.8,717,0.116,11.1,28.33,0
28.09,570,0.525,14.2,24.96,1
13.32,708,0.372,4.2,23.28,0
26.85,549,0.45,20.3,17.06,0
18.94,619,0.588,18.9,22.99,0
16.75,643,0.587,4.6,9.7,0
6.47,782,0.397,22.1,10.35,1
27.6,635,0.664,9.8,34.73,1
17.59,589,0.7,11.6,48.26,0
2.17,711,0.48,13.3,11.41,0
2.51,662,0.048,19.8,45.73,0
23.77,747,0.586,4.1,31.65,0
6.53,594,0.671,6.6,47.69,0
18.76,698,0.426,23.4,20.37,1
21.07,850,0.531,23.4,34.83,1
9.82,660,0.28,20.2,27.65,1
17.94,696,0.387,4.2,48.9,0
8.73,539,0.603,14.9,3.96,0
28.5,607,0.659,11.1,3.88,0
26.08,719,0.104,2.0,43.34,0
10.07,652,0.033,1.9,3.62,0
16.81,732,0.293,21.4,45.46,1
16.02,716,0.305,2.3,5.61,1
28.88,568,0.585,6.8,6.51,0
13.03,766,0.026,3.8,17.21,1
17.74,574,0.578,14.4,36.61,0
28.0,615,0.412,19.0,29.27,1
6.56,700,0.529,6.6,45.54,0
17.41,813,0.392,19.6,31.85,1
4.96,595,0.597,4.4,30.19,0
19.29,693,0.339,8.9,28.95,1
12.24,693,0.272,6.1,20.9,0
29.09,736,0.485,11.4,32.32,1
13.63,781,0.344,24.5,48.68,1
5.81,646,0.242,18.4,48.64,1
25.35,766,0.687,5.1,6.43,1
24.98,793,0.548,24.2,23.32,1
21.46,832,0.164,17.0,30.02,1
22.97,723,0.56,11.4,36.08,0
9.41,693,0.204,22.9,15.73,1
19.98,640,0.335,19.1,49.16,0
3.06,556,0.179,18.2,21.35,0
7.51,656,0.103,5.0,14.98,1
28.1,690,0.311,3.2,39.22,0
22.7,671,0.425,21.6,29.81,1
8.46,731,0.241,17.0,45.32,0
5.12,556,0.075,20.4,6.21,1
28.57,665,0.202,19.1,3.68,1
5.14,850,0.199,22.6,47.21,0
9.2,765,0.451,9.4,22.85,0
7.11,732,0.226,8.8,11.59,1
2.21,713,0.41,5.9,37.41,0
10.8,649,0.363,2.6,49.87,0
29.28,531,0.214,12.1,49.94,0
11.57,719,0.561,12.5,48.2,0
16.12,472,0.507,2.9,8.67,0
22.89,652,0.517,15.1,42.67,0
17.43,680,0.337,9.1,7.09,1
22.82,642,0.251,11.4,18.48,1
20.53,850,0.451,12.8,9.74,1
19.04,835,0.72,7.8,18.45,1
20.19,768,0.337,17.1,13.15,1
24.38,601,0.506,12.7,44.94,0
21.89,843,0.343,11.0,49.4,1
24.17,733,0.701,10.2,9.52,1
6.08,600,0.213,0.6,7.35,0
20.97,683,0.355,19.3,9.05,1
22.64,761,0.38,24.2,28.72,1
10.4,629,0.552,3.3,44.22,0
26.49,692,0.547,7.2,37.53,0
10.53,707,0.56,21.2,21.68,1
8.83,586,0.555,17.7,47.99,0
26.28,657,0.363,7.8,27.39,0
8.92,593,0.134,16.2,39.46,0
13.63,754,0.655,22.9,25.5,0
12.3,603,0.257,5.5,33.65,0
27.15,705,0.101,17.0,19.44,1
14.75,562,0.114,20.3,3.57,1
21.44,584,0.381,2.4,31.02,0
24.23,580,0.331,23.4,15.15,1
19.58,655,0.504,24.0,27.98,0
28.42,695,0.467,18.3,32.92,1
24.47,711,0.098,12.9,23.13,1
13.21,529,0.237,15.1,8.7,1
28.62,666,0.674,16.2,40.45,0
16.69,616,0.58,3.9,9.45,0
2.63,725,0.655,7.4,7.34,0
9.28,657,0.036,2.5,16.55,1
19.41,673,0.686,9.3,3.85,0
6.39,617,0.649,18.6,18.31,0
18.35,827,0.35,22.1,38.12,1
12.12,571,0.512,9.3,39.72,0
16.96,646,0.219,15.4,23.38,1
2.05,689,0.501,14.9,10.0,0
25.76,659,0.603,11.8,48.71,1
12.13,615,0.373,17.4,41.37,1
5.92,526,0.041,3.8,1.26,0
14.26,621,0.324,1.9,30.74,0
15.61,598,0.549,8.7,47.32,0
19.85,823,0.534,24.2,46.53,1
16.69,850,0.375,23.8,20.57,1
3.22,676,0.74,15.8,30.96,0
26.4,561,0.105,14.5,31.2,0
14.78,743,0.136,15.8,36.77,0
4.16,597,0.209,10.7,47.13,0
23.64,633,0.607,7.2,23.86,0
20.48,627,0.577,0.1,4.02,1
20.18,637,0.584,0.5,36.38,0
13.95,650,0.662,24.3,47.36,0
13.49,568,0.343,18.6,43.66,0
17.02,620,0.253,17.3,2.2,1
3.42,767,0.458,21.1,44.25,0
10.37,677,0.319,15.2,8.22,1
29.66,691,0.402,16.7,48.96,1
20.54,490,0.122,19.8,37.32,0
13.73,761,0.309,3.1,7.18,1
8.23,622,0.365,4.7,5.94,1
22.87,776,0.084,13.9,14.62,1
9.29,693,0.746,2.4,12.24,0
6.55,632,0.048,16.5,1.2,1
6.33,537,0.691,20.8,44.63,0
22.42,850,0.079,20.9,7.2,1
20.0,748,0.647,8.1,49.48,0
3.95,753,0.42,5.1,13.93,0
5.22,835,0.163,24.0,29.15,1
19.75,699,0.189,22.8,35.22,1
17.99,795,0.277,7.8,15.76,1
21.21,639,0.6,22.4,23.34,0
6.99,743,0.127,22.0,38.87,1
22.34,626,0.197,8.5,4.17,1
28.21,637,0.526,9.1,18.72,0
18.83,688,0.468,23.3,39.71,1
7.49,572,0.327,18.5,17.27,0
21.03,708,0.064,15.4,3.9,1
11.61,653,0.428,23.8,10.2,0
3.38,511,0.187,21.6,34.18,0
10.47,641,0.467,1.9,48.41,0
27.36,651,0.22,12.5,12.21,1
13.51,752,0.736,22.4,26.36,0
26.21,704,0.451,2.8,12.79,0
16.24,803,0.437,1.8,46.24,0
16.48,724,0.631,21.5,45.11,0
2.15,633,0.745,19.4,20.17,1
19.84,675,0.589,4.2,2.82,0
5.02,650,0.454,4.5,30.77,0
15.4,721,0.65,20.8,31.76,0
9.29,685,0.152,5.2,31.27,0
12.99,627,0.578,3.6,15.5,0
17.04,681,0.516,22.7,2.17,1
2.4,719,0.431,20.1,2.58,1
9.97,594,0.653,10.1,39.17,0
29.71,707,0.538,15.7,27.02,1
3.61,546,0.543,10.8,14.29,0
10.94,774,0.684,6.9,45.81,0
11.0,725,0.531,24.7,44.33,1
12.62,818,0.206,13.6,40.99,1
21.17,585,0.154,15.9,31.47,1
8.94,776,0.395,10.2,31.13,0
14.89,760,0.191,12.5,27.01,1
20.06,665,0.531,7.2,9.98,0
11.03,648,0.635,10.7,36.64,0
28.57,588,0.233,15.7,26.52,1
29.43,566,0.687,20.3,27.75,0
5.35,616,0.565,20.1,34.73,0
11.63,573,0.741,0.3,19.23,0
7.82,816,0.165,13.4,35.52,1
7.23,552,0.357,9.3,13.16,0
15.75,693,0.487,15.2,43.41,0
17.79,717,0.577,22.0,49.32,0
13.92,710,0.686,19.4,30.0,1
9.63,718,0.671,8.3,19.7,0
9.8,760,0.192,18.5,15.13,1
29.78,642,0.328,2.5,44.74,0
27.86,687,0.544,3.2,17.01,1
4.13,655,0.117,5.6,40.89,0
20.38,791,0.72,10.0,21.02,0
14.79,850,0.565,12.8,44.11,0
21.29,579,0.625,9.9,22.16,0
18.71,507,0.682,15.7,29.32,0
26.9,728,0.15,3.1,7.01,1
3.88,771,0.328,13.0,48.8,1
11.79,846,0.496,6.8,28.59,1
29.59,743,0.62,9.1,31.35,0
7.1,799,0.559,12.7,7.15,1
5.57,821,0.109,3.3,34.84,0
22.41,805,0.491,9.7,21.9,1
23.77,755,0.235,19.0,21.73,1
20.82,571,0.317,6.9,24.19,0
23.73,679,0.746,19.1,27.26,0
21.42,706,0.135,5.8,40.37,0
5.8,672,0.096,18.9,17.75,1
19.03,677,0.319,4.9,44.16,0
23.75,813,0.651,23.8,6.43,1
26.23,616,0.138,3.8,27.0,1
8.89,748,0.078,25.0,34.23,0
5.57,707,0.326,5.7,48.55,0
23.87,607,0.482,17.8,20.51,1
9.18,588,0.133,7.6,34.25,1
2.89,535,0.607,2.1,39.53,0
25.11,721,0.638,0.6,41.8,0
16.17,675,0.401,3.7,45.93,0
11.15,610,0.042,10.2,17.95,1
2.32,521,0.397,14.5,42.28,0
2.99,717,0.176,12.0,47.89,0
24.19,665,0.346,15.8,24.0,1
15.71,619,0.575,2.4,34.87,0
6.19,598,0.06,16.9,16.83,1
12.04,660,0.02,19.6,13.56,0
6.63,720,0.117,5.8,14.62,0
5.16,652,0.053,19.8,3.52,1
9.74,579,0.21,6.3,29.34,1
17.39,675,0.315,11.1,43.23,1
7.88,769,0.589,20.1,15.07,1
11.62,683,0.042,17.2,2.55,0
15.38,686,0.276,12.6,14.87,1
13.76,652,0.698,9.2,38.83,0
5.6,604,0.441,14.1,22.93,0
3.09,602,0.624,13.0,38.59,0
2.99,539,0.373,24.3,11.63,0
11.81,780,0.091,20.7,32.46,1
22.13,719,0.156,2.9,36.82,0
5.68,687,0.573,10.3,40.65,0
24.04,705,0.651,14.7,34.52,0
22.04,709,0.361,17.6,45.63,0
2.11,618,0.379,4.4,7.17,0
2.75,652,0.349,20.8,27.98,1
7.46,640,0.033,15.7,23.04,0
3.57,850,0.09,1.7,49.96,1
16.88,767,0.744,1.5,27.92,0
3.11,694,0.051,17.2,34.58,0
24.47,796,0.275,18.9,46.03,1
15.8,785,0.524,7.8,7.98,1
22.38,563,0.33,4.0,17.63,0
23.02,661,0.737,5.5,16.84,0
16.19,679,0.044,9.8,6.73,1
27.91,732,0.658,15.8,28.44,0
29.73,661,0.118,4.7,16.02,1
12.06,672,0.17,19.8,9.09,1
5.52,641,0.406,6.2,2.07,1
12.17,769,0.656,20.2,2.23,1
8.25,557,0.322,23.1,20.15,0
16.87,644,0.234,4.1,30.94,0
12.59,523,0.313,22.9,11.42,0
15.45,592,0.089,17.6,45.6,0
23.37,707,0.632,22.2,11.3,0
9.67,709,0.688,8.7,14.25,0
17.05,653,0.513,21.6,15.9,1
11.38,776,0.345,11.9,8.73,1
23.98,795,0.468,4.7,49.96,1
19.91,674,0.423,24.9,36.13,1
2.24,701,0.058,23.7,15.72,1
20.48,642,0.308,3.1,48.69,0
6.76,733,0.499,11.4,32.1,0
22.29,579,0.639,24.7,38.7,0
17.89,833,0.282,13.7,17.84,1
13.24,777,0.618,12.4,11.62,0
21.43,578,0.573,4.9,23.04,1
25.98,613,0.698,10.5,21.42,1
23.8,716,0.742,12.5,49.24,0
17.27,651,0.05,17.9,8.11,0
22.24,726,0.339,11.3,7.62,1
13.59,649,0.585,15.9,31.44,0
24.09,810,0.621,2.5,28.53,0
25.21,681,0.08,19.1,27.77,1
5.84,850,0.463,0.1,21.19,0
8.66,731,0.676,16.1,18.69,1
9.56,565,0.186,20.7,5.27,0
6.65,850,0.274,19.2,39.83,1
12.99,773,0.308,3.7,22.88,1
7.4,712,0.308,21.1,44.97,0
18.68,735,0.43,2.0,25.28,1
4.85,579,0.064,1.7,45.27,0
9.56,527,0.589,20.6,46.28,0
20.63,676,0.11,4.6,28.4,1
13.16,797,0.614,11.2,40.08,0
13.8,714,0.032,23.4,6.09,1
24.34,825,0.595,5.2,6.74,1
29.57,792,0.279,19.5,35.31,0
17.82,682,0.499,14.6,3.49,1
4.21,781,0.151,10.1,35.86,0
4.88,809,0.412,11.5,12.3,1
29.12,673,0.238,10.3,12.5,1
21.02,662,0.023,20.7,18.65,1
23.07,692,0.549,20.3,46.3,1
20.92,475,0.116,9.3,35.82,0
7.03,704,0.706,17.4,37.82,0
14.55,741,0.417,13.3,39.37,1
24.35,692,0.021,18.7,41.75,1
26.26,709,0.71,1.3,9.35,1
8.65,676,0.117,8.4,47.15,0
18.69,510,0.629,8.4,20.45,0
6.4,821,0.26,14.9,28.52,1
28.83,649,0.435,5.2,40.7,0
9.06,627,0.63,13.3,42.78,0
22.35,795,0.057,24.5,25.8,1
8.47,763,0.516,1.1,27.69,0
19.25,703,0.128,12.6,21.07,1
20.46,745,0.543,3.5,3.43,1
11.2,582,0.137,14.6,32.73,0
24.93,673,0.036,6.0,34.18,1
26.79,790,0.133,22.6,24.18,1
25.94,622,0.477,7.9,3.36,0
11.26,595,0.74,24.0,28.73,0
22.84,687,0.728,0.1,6.05,1
17.67,689,0.564,20.8,23.25,0
18.59,735,0.622,6.5,40.12,1
15.37,563,0.658,5.0,12.12,0
18.81,463,0.406,22.1,46.03,0
5.8,758,0.187,7.6,35.71,0
13.45,588,0.503,14.6,13.62,0
6.97,628,0.123,18.4,12.26,1
9.84,494,0.628,10.5,4.66,0
5.58,767,0.321,2.5,43.82,0
7.95,710,0.215,23.1,4.09,0
23.89,706,0.636,16.2,31.69,1
17.4,706,0.101,22.3,37.82,0
2.66,505,0.732,19.2,13.5,0
24.08,596,0.714,19.3,19.64,0
27.47,642,0.464,14.7,15.4,1
26.65,616,0.54,0.2,40.28,1
25.04,657,0.047,22.1,49.78,1
29.78,701,0.339,20.8,48.56,0
18.42,766,0.666,18.2,4.41,1
28.95,554,0.028,22.0,34.21,1
28.57,679,0.232,4.6,29.66,1
10.77,740,0.278,7.0,46.57,1
26.18,601,0.513,3.9,29.32,1
24.19,664,0.535,16.2,23.42,1
23.72,720,0.068,11.0,23.0,1
27.1,681,0.179,2.6,42.83,1
12.76,737,0.623,14.4,33.93,0
13.2,688,0.16,8.5,4.63,1
19.92,653,0.229,12.3,46.74,0
22.66,580,0.138,6.5,34.26,1
26.63,701,0.571,4.0,8.6,0
26.52,688,0.04,11.3,24.0,1
22.2,596,0.24,5.7,13.28,1
28.79,729,0.409,10.1,29.98,1
7.0,788,0.024,9.6,28.26,1
28.61,624,0.716,23.5,48.54,0
3.8,618,0.655,4.7,3.7,0
17.56,615,0.493,7.2,23.07,0
4.53,537,0.341,19.8,9.96,0
17.9,850,0.133,7.4,2.08,1
12.92,642,0.424,12.0,39.13,0
4.29,607,0.195,19.0,38.12,1
20.15,584,0.486,0.1,46.78,0
22.47,647,0.126,23.9,29.83,1
6.88,621,0.543,11.6,13.53,0
21.44,802,0.256,19.0,18.79,1
7.01,574,0.386,23.0,30.62,0
5.85,549,0.138,21.9,31.81,0
6.13,727,0.207,5.5,3.09,1
18.77,671,0.349,13.9,45.62,0
23.81,661,0.354,10.3,46.38,1
18.71,728,0.75,13.3,40.13,0
24.66,692,0.265,19.5,13.24,1
18.56,676,0.082,8.9,18.06,1
24.32,561,0.403,11.9,35.42,1
29.34,538,0.255,15.2,15.98,0
12.95,620,0.661,6.8,20.0,0
6.2,588,0.174,15.2,33.74,0
5.79,703,0.645,3.7,2.67,0
18.73,527,0.504,15.5,7.75,0
17.32,642,0.157,3.6,2.76,1
7.16,665,0.316,19.4,14.02,0
26.7,677,0.379,4.9,24.57,1
28.79,714,0.401,16.2,42.36,1
9.09,652,0.31,14.5,9.77,1
7.79,623,0.447,10.6,18.49,0
7.99,786,0.543,16.1,1.46,1
12.85,653,0.39,21.2,23.71,0
25.89,801,0.46,3.0,2.24,1
18.69,652,0.648,16.9,16.79,0
3.89,679,0.383,10.3,41.71,0
15.24,668,0.324,16.8,46.87,0
4.53,700,0.201,21.9,18.99,0
13.37,644,0.116,16.3,14.87,1
13.3,688,0.233,4.0,38.17,0
20.15,810,0.316,10.4,35.2,1
17.38,769,0.578,13.7,19.53,1
26.49,770,0.179,3.2,45.36,1
2.46,566,0.533,16.1,23.23,0
23.67,580,0.078,17.8,46.86,1
2.63,699,0.136,19.1,44.31,0
10.52,746,0.258,3.0,47.47,0
26.63,636,0.363,17.6,6.33,1
21.33,621,0.152,9.2,14.09,0
6.82,798,0.102,5.3,19.18,1
15.74,738,0.433,13.1,37.43,0
22.21,770,0.321,14.3,15.39,1
28.25,642,0.324,11.4,11.14,1
19.76,636,0.245,21.0,17.84,1
2.69,761,0.291,3.9,16.24,1
15.99,658,0.154,10.2,40.92,0
6.28,628,0.218,6.7,49.5,0
3.34,602,0.416,1.2,15.89,0
18.76,637,0.401,8.5,3.54,0
23.75,754,0.681,18.0,36.36,0
3.01,552,0.628,13.1,24.55,0
23.94,733,0.025,10.5,22.25,1
21.78,620,0.188,11.9,18.21,1
23.06,662,0.668,7.8,24.05,0
8.85,668,0.25,3.1,7.67,1
13.02,661,0.369,14.8,31.0,0
5.35,656,0.513,20.4,46.56,0
8.69,642,0.417,19.7,46.04,0
10.48,631,0.024,5.8,37.17,0
10.94,792,0.171,10.9,20.08,1
6.9,682,0.093,13.8,46.14,0
7.28,669,0.142,20.1,33.33,0
27.24,625,0.128,4.9,25.68,1
23.95,645,0.475,3.3,14.92,0
11.65,626,0.317,23.3,38.01,0
28.53,745,0.069,3.6,40.07,1
8.69,616,0.08,24.7,28.39,0
13.39,489,0.714,15.0,15.02,0
24.78,685,0.133,12.5,20.07,1
14.4,656,0.205,4.7,31.55,0
8.57,630,0.439,21.5,11.93,0
12.32,757,0.157,4.3,24.08,0
16.02,448,0.164,10.0,3.07,1
19.38,814,0.073,1.2,40.46,1
13.36,770,0.736,0.6,19.7,0
14.08,627,0.462,18.2,22.81,0
9.39,642,0.407,5.2,44.38,0
16.99,723,0.669,15.0,20.42,1
8.14,725,0.454,18.1,24.28,1
26.29,626,0.212,12.3,15.48,1
22.93,543,0.365,16.4,40.55,0
13.49,850,0.369,6.0,22.38,0
22.92,761,0.311,20.4,24.61,1
2.2,693,0.57,5.2,25.13,0
11.65,695,0.1,14.8,34.15,0
14.33,733,0.136,20.9,27.53,1
15.15,743,0.292,19.8,22.3,1
22.96,503,0.072,1.3,33.09,1
28.96,650,0.741,9.2,32.24,0
12.64,641,0.382,21.3,35.81,0
11.82,666,0.057,21.3,24.01,0
19.09,746,0.464,15.9,49.05,0
9.88,528,0.59,2.7,29.2,0
5.96,565,0.318,10.1,40.1,0
28.92,622,0.371,24.0,23.82,0
24.67,693,0.531,2.7,17.51,0
28.84,751,0.191,20.0,26.69,1
8.1,819,0.456,10.4,29.29,1
2.5,656,0.481,18.6,16.13,0
14.24,751,0.607,1.4,37.96,0
28.14,740,0.67,0.3,21.96,0
5.87,726,0.707,7.5,33.37,0
5.28,678,0.112,21.8,15.12,1
3.93,646,0.616,17.0,24.73,0
23.42,589,0.513,15.3,18.27,0
24.01,584,0.291,24.9,21.53,1
21.47,710,0.694,8.7,34.12,0
3.49,675,0.648,21.3,8.67,0
22.25,645,0.585,2.7,13.03,0
14.56,737,0.062,4.3,18.63,1
6.42,663,0.149,12.0,14.38,1
10.26,602,0.69,24.0,9.55,0
16.03,657,0.737,17.6,41.03,0
11.23,750,0.222,2.8,8.96,1
29.15,593,0.222,23.9,32.44,1
15.29,698,0.466,19.1,23.11,1
12.42,675,0.076,18.4,9.01,1
20.85,615,0.455,13.8,15.53,1
20.22,655,0.727,9.8,6.36,0
2.07,546,0.237,2.7,5.7,0
19.32,689,0.562,15.5,18.59,1
8.83,564,0.403,3.2,38.0,0
12.51,771,0.23,14.7,20.49,1
21.78,672,0.321,13.5,28.88,0
17.61,631,0.422,14.9,7.28,0
12.32,779,0.576,20.7,44.19,0
6.69,592,0.415,10.3,17.19,0
16.15,616,0.695,10.9,10.28,0
10.94,525,0.105,1.5,18.33,0
27.56,791,0.719,7.2,48.51,1
16.96,839,0.422,2.0,31.87,0
26.25,538,0.306,3.5,6.93,0
12.93,611,0.076,10.7,8.93,0
25.17,686,0.236,10.2,38.37,0
3.58,636,0.34,23.4,42.42,0
10.35,677,0.704,3.0,5.04,0
4.19,670,0.572,3.7,15.4,0
2.89,715,0.063,18.8,3.32,0
27.73,598,0.259,0.6,7.09,1
22.07,696,0.379,16.3,7.75,1
19.5,585,0.641,18.7,22.42,0
16.91,645,0.587,15.7,1.62,0
17.95,532,0.178,7.2,35.95,0
19.88,646,0.057,2.6,20.76,1
25.14,631,0.117,24.9,20.66,1
18.71,760,0.387,21.5,48.14,1
22.96,675,0.086,18.3,17.22,1
9.87,690,0.202,4.7,3.02,0
29.35,678,0.62,10.8,20.84,1
2.89,499,0.313,17.7,23.89,0
12.82,510,0.747,2.5,24.06,0
26.7,653,0.572,23.9,23.72,0
7.05,704,0.213,23.9,17.38,1
5.96,660,0.026,3.8,27.76,0
12.23,607,0.405,4.9,43.66,0
13.99,660,0.535,9.1,18.56,0
28.14,652,0.363,11.3,27.22,1
25.41,746,0.682,11.0,42.53,0
14.99,741,0.581,17.2,20.53,1
29.24,633,0.4,11.8,7.68,1
19.98,676,0.034,4.6,22.19,1
26.46,703,0.267,6.5,25.72,1
8.89,716,0.381,10.3,43.56,0
15.69,820,0.203,13.0,42.8,1
2.83,678,0.631,23.1,38.66,0
2.25,779,0.33,2.4,19.75,0
21.75,581,0.169,20.1,14.57,1
5.31,626,0.589,7.8,22.63,0
17.34,498,0.464,18.2,16.66,0
21.49,693,0.164,6.5,49.02,1
2.9,735,0.409,9.6,5.14,1
14.56,463,0.527,11.1,25.78,0
21.16,696,0.347,18.8,19.82,1
26.91,731,0.241,4.2,38.85,1
10.38,727,0.523,8.7,30.22,0
29.28,578,0.522,13.2,3.95,1
25.65,746,0.032,16.4,33.99,1
20.22,681,0.191,1.9,25.14,1
12.97,730,0.492,2.4,31.19,0
21.91,669,0.184,18.0,5.49,1
24.85,712,0.723,9.2,25.98,0
10.49,774,0.139,4.1,26.89,1
29.8,663,0.566,6.6,8.17,0
27.44,704,0.749,15.0,31.12,0
15.59,786,0.273,23.8,45.54,0
22.24,669,0.46,18.3,2.24,0
16.67,584,0.097,19.9,13.39,0
23.31,737,0.474,15.2,17.13,0
25.16,802,0.741,9.3,27.67,1
2.65,790,0.73,24.1,37.26,0
4.22,741,0.321,2.0,33.39,0
11.42,481,0.619,20.2,23.63,0
27.69,626,0.623,6.5,48.04,0
13.15,630,0.259,15.2,17.75,0
26.85,684,0.621,24.6,39.42,1
14.95,824,0.139,21.1,41.48,1
10.09,588,0.735,21.3,5.95,0
27.22,850,0.651,20.6,3.15,1
17.7,648,0.393,11.3,49.33,0
12.09,615,0.301,9.8,18.56,0
3.24,752,0.711,13.0,33.75,0
5.11,759,0.072,7.1,2.43,1
5.9,735,0.384,12.0,38.43,0
12.22,615,0.375,3.2,18.26,0
19.01,723,0.298,22.3,29.48,1
10.61,592,0.102,18.4,3.35,1
3.83,612,0.204,1.6,6.29,0
9.41,672,0.738,16.5,41.33,0
13.44,610,0.61,19.0,28.15,0
29.78,769,0.632,21.5,39.07,0
13.0,631,0.392,8.2,8.9,0
4.5,661,0.503,15.8,17.06,0
18.27,605,0.389,6.9,42.71,0
27.75,768,0.514,21.2,29.71,1
24.03,623,0.65,21.9,33.78,0
25.41,777,0.197,1.9,11.12,1
27.99,771,0.714,7.1,28.23,0
19.82,642,0.687,2.6,36.97,0
29.86,683,0.326,10.0,9.46,1
2.93,640,0.733,0.1,15.67,0
25.38,726,0.664,19.6,1.44,1
26.0,663,0.049,10.8,48.18,0
27.67,645,0.051,13.4,44.89,1
15.39,684,0.536,18.6,5.52,1
24.06,546,0.592,17.8,41.78,0
7.46,674,0.202,7.9,27.76,0
18.89,735,0.384,19.6,48.26,0
12.04,692,0.414,16.0,25.96,0
18.69,761,0.345,5.5,11.13,1
20.92,648,0.07,0.7,42.96,1
11.72,641,0.18,18.9,46.96,1
8.05,585,0.615,4.1,27.0,0
11.01,646,0.073,2.8,20.98,0
20.59,847,0.474,10.5,38.98,0
20.95,703,0.483,23.0,5.12,0
22.76,630,0.718,18.0,42.29,0
5.54,594,0.741,20.0,43.18,0
24.92,544,0.71,6.7,15.5,0
21.27,609,0.415,20.9,1.55,0
2.85,745,0.05,10.4,1.48,0
11.4,644,0.222,24.5,48.92,1
15.07,599,0.367,14.2,39.24,0
12.1,608,0.049,15.2,18.58,0
5.29,735,0.047,22.9,44.58,1
7.81,673,0.257,23.7,44.72,0
2.69,627,0.303,0.4,45.5,0
4.61,654,0.444,5.8,25.59,0
9.46,850,0.701,15.4,41.2,0
24.96,784,0.306,0.1,2.84,1
16.75,805,0.055,7.9,8.84,1
13.89,531,0.414,4.9,31.99,0
20.54,667,0.281,13.1,6.1,1
17.16,625,0.678,14.9,3.12,0
5.68,726,0.335,4.7,6.31,1
8.23,770,0.255,13.4,23.27,0
8.23,708,0.548,9.9,24.93,0
18.8,606,0.38,24.8,46.37,0
14.93,624,0.425,1.6,21.67,0
12.85,733,0.131,21.0,26.2,1
17.59,741,0.294,25.0,40.99,1
29.16,692,0.054,13.5,40.92,1
10.8,691,0.571,17.0,17.0,0
16.57,684,0.199,3.2,36.5,0
15.45,703,0.108,8.8,44.41,1
22.07,741,0.45,4.5,41.35,0
22.45,734,0.443,14.6,17.09,0
22.41,682,0.251,23.6,37.26,1
7.64,676,0.723,0.7,37.15,0
14.57,673,0.484,12.4,12.86,1
24.71,614,0.696,18.1,33.82,0
12.68,613,0.239,10.8,5.31,1
29.56,726,0.423,13.5,14.43,1
12.21,619,0.322,11.3,2.39,1
15.93,749,0.322,14.9,7.42,1
15.29,676,0.055,1.7,6.22,1
14.14,750,0.18,13.7,47.39,0
25.68,734,0.655,12.8,9.03,0
6.35,752,0.64,4.5,4.55,1
17.89,640,0.097,13.4,37.76,0
19.32,715,0.033,11.6,32.78,1
25.83,743,0.094,14.8,32.17,1
19.06,548,0.486,14.1,44.7,0
28.88,825,0.195,10.1,33.66,1
26.42,850,0.577,19.5,33.75,1
11.76,761,0.024,8.9,23.39,0
26.08,748,0.543,11.9,28.72,1
28.84,730,0.667,10.7,38.53,0
9.2,653,0.053,12.1,18.6,0
19.09,671,0.653,20.0,2.77,0
9.89,762,0.69,17.7,21.9,0
20.19,597,0.411,1.1,19.47,0
4.62,590,0.228,12.4,9.91,0
22.56,646,0.431,3.1,35.73,1
13.75,736,0.247,18.2,40.42,1
18.44,606,0.701,24.7,8.77,0
2.72,661,0.417,15.5,24.58,0
21.47,671,0.603,9.5,16.98,1
15.89,594,0.465,1.8,28.83,0
19.51,473,0.231,8.3,5.6,0
10.84,593,0.385,13.1,46.77,0
6.08,702,0.662,22.0,4.12,0
14.19,721,0.299,12.8,41.3,0
28.43,722,0.269,24.6,10.53,1
8.38,732,0.718,9.2,38.77,0
20.92,627,0.264,0.0,14.82,1
3.4,609,0.647,15.7,39.7,0
22.11,712,0.15,5.5,45.87,1
8.68,662,0.598,6.1,46.85,0
14.64,757,0.469,0.4,43.31,0
12.3,712,0.108,13.3,21.84,1
5.16,789,0.067,6.2,22.01,0
11.68,640,0.238,24.9,47.67,0
11.8,771,0.5,20.9,44.67,0
16.62,850,0.283,18.0,24.76,1
29.23,685,0.218,8.8,20.5,1
15.16,722,0.445,1.8,5.62,1
27.6,601,0.715,16.7,18.71,0
14.92,756,0.109,0.6,24.08,1
5.01,776,0.491,11.0,41.7,0
8.44,638,0.686,1.3,16.88,0
13.41,730,0.415,14.0,15.83,0
11.11,704,0.724,14.0,2.29,1
26.24,713,0.456,13.3,2.94,1
21.0,749,0.511,17.9,40.59,1
18.19,724,0.598,5.7,9.04,0
15.75,668,0.166,6.1,48.35,1
13.12,751,0.429,10.4,3.95,1
19.14,775,0.468,17.6,40.51,0
5.49,633,0.108,2.9,6.64,0
6.55,680,0.353,22.1,32.11,0
10.49,530,0.583,6.3,38.08,0
6.79,730,0.05,3.2,12.08,0
20.96,784,0.322,15.0,28.49,1
2.69,658,0.126,6.9,39.26,0
6.48,691,0.148,10.2,9.37,0
27.27,661,0.394,1.5,26.6,0
29.93,647,0.042,11.6,27.1,1
15.65,700,0.33,7.6,38.62,0
15.87,613,0.039,4.2,18.71,0
23.66,660,0.696,9.7,32.62,0
3.01,603,0.665,19.3,47.55,0
13.96,730,0.174,19.1,35.74,1
4.8,700,0.068,9.0,1.88,1
13.23,643,0.203,24.4,8.39,1
29.55,683,0.041,3.1,20.51,1
23.1,661,0.556,21.4,20.81,0
29.58,777,0.439,24.5,17.2,1
22.89,643,0.417,14.3,22.71,1
19.03,734,0.642,1.5,47.23,0
23.12,620,0.611,23.0,40.42,0
20.45,749,0.318,10.9,7.8,1
14.99,768,0.466,4.3,22.77,0
10.19,772,0.343,22.3,34.4,1
16.56,805,0.476,10.7,9.02,1
9.24,705,0.131,12.5,3.48,1
15.63,785,0.239,14.3,47.93,1
6.09,818,0.204,22.7,39.45,1
17.83,585,0.142,12.6,44.38,0
8.87,629,0.322,22.2,39.29,0
10.22,553,0.55,4.3,34.27,0
15.97,770,0.309,15.4,38.49,0
6.55,552,0.737,13.1,26.74,0
28.95,529,0.241,8.1,13.6,0
14.51,587,0.712,5.3,5.63,0
11.86,532,0.161,1.7,30.28,0
2.82,703,0.254,6.5,11.75,0
25.61,588,0.14,17.0,41.33,0
19.52,536,0.194,7.0,27.22,1
13.66,676,0.135,18.2,49.77,1
8.87,681,0.476,21.9,19.88,0
22.86,521,0.166,17.4,21.55,1
28.47,619,0.082,20.1,14.21,1
12.66,674,0.214,14.3,15.01,1
5.78,650,0.515,23.7,24.39,0
5.06,652,0.333,19.1,4.16,1
2.18,780,0.134,8.1,41.84,0
22.83,850,0.066,18.1,5.83,0
29.48,653,0.552,16.8,45.42,1
29.8,568,0.534,18.8,20.55,1
23.96,660,0.357,8.0,23.53,0
6.54,697,0.405,12.7,48.24,0
29.38,675,0.196,22.0,37.21,1
11.18,732,0.374,24.4,14.66,1
11.34,850,0.552,9.0,15.97,1
21.25,534,0.583,12.2,8.34,0
3.37,637,0.269,8.3,32.3,0
25.12,811,0.516,17.9,33.38,1
29.92,636,0.375,1.0,44.57,0
23.7,747,0.56,23.8,14.92,0
23.89,734,0.524,13.7,4.3,1
12.93,785,0.568,6.8,11.78,0
3.85,843,0.14,0.9,48.19,1
24.19,708,0.255,14.0,49.42,0
18.72,532,0.213,14.7,18.32,0
27.46,620,0.346,17.4,25.01,0
5.25,850,0.359,13.1,42.47,1
10.54,560,0.507,12.9,24.41,0
12.1,722,0.436,7.6,47.99,0
21.13,466,0.443,4.9,42.04,0
24.06,565,0.482,6.3,37.33,0
28.91,755,0.219,9.4,31.8,1
10.27,683,0.185,19.3,11.11,1
15.82,648,0.177,3.0,9.96,1
2.81,611,0.589,16.1,43.46,0
9.08,510,0.091,0.9,12.8,0
12.47,739,0.251,1.1,12.93,1
18.63,656,0.225,6.8,42.46,1
15.18,551,0.452,8.9,3.27,0
12.21,683,0.695,4.7,36.17,0
19.47,729,0.661,22.2,31.18,0
25.2,663,0.097,7.6,2.86,1
8.77,690,0.414,11.7,9.88,0
11.6,683,0.047,24.9,15.7,1
21.74,620,0.598,6.3,12.13,0
23.78,685,0.294,15.5,9.29,1
25.11,742,0.177,18.7,42.84,1
7.86,768,0.373,6.8,46.32,0
17.1,747,0.338,1.4,9.58,1
27.2,623,0.708,19.8,29.34,0
12.97,734,0.044,7.2,22.23,0
14.04,720,0.713,8.0,19.44,0
29.58,620,0.191,10.4,47.7,1
5.17,641,0.126,1.0,3.24,0
21.76,738,0.562,21.3,48.76,1
25.81,797,0.401,21.6,16.56,1
6.22,526,0.674,21.8,28.91,0
22.0,819,0.416,4.6,46.63,0
15.15,779,0.389,24.4,32.61,1
25.88,697,0.17,16.5,38.59,1
27.41,660,0.713,14.8,5.74,1
26.43,713,0.505,18.1,28.92,1
3.8,626,0.459,18.9,16.22,0
23.19,665,0.597,10.4,21.55,0
27.8,555,0.094,14.6,12.63,1
19.4,532,0.652,14.6,31.17,0
18.82,850,0.385,0.2,27.26,1
3.26,685,0.606,0.2,7.29,0
25.97,697,0.54,11.8,36.74,0
3.3,677,0.349,14.0,14.94,0
10.78,610,0.582,17.7,29.74,0
27.92,654,0.546,18.8,43.55,0
28.59,688,0.023,14.6,20.49,1
29.77,663,0.538,7.1,32.34,0
15.34,616,0.391,15.5,43.25,0
6.97,721,0.633,6.5,31.49,0
15.66,696,0.611,20.4,49.17,0
4.86,713,0.145,10.6,4.98,1
26.43,740,0.036,22.4,18.77,1
17.7,666,0.163,3.2,35.43,0
13.33,666,0.561,17.6,24.93,0
4.23,806,0.656,10.7,13.66,0
13.35,600,0.531,3.2,17.4,0
26.25,521,0.619,14.0,36.49,0
21.7,727,0.449,5.3,39.53,0
4.31,627,0.39,7.3,32.1,0
6.48,588,0.728,11.4,44.55,0
12.98,755,0.079,9.1,26.56,1
4.84,668,0.328,9.7,41.36,0
28.15,573,0.223,9.9,6.26,0
20.26,844,0.109,0.4,49.3,1
4.66,543,0.462,9.2,43.85,0
24.07,673,0.212,9.8,44.78,1
12.32,519,0.358,14.8,44.13,0
8.86,703,0.12,12.0,42.27,0
17.96,626,0.305,4.3,5.17,0
2.37,750,0.166,14.7,45.61,0
15.03,679,0.675,0.9,9.27,0
25.63,795,0.401,8.3,43.52,1
27.99,643,0.604,15.5,28.37,0
11.59,544,0.375,15.6,14.86,0
19.99,700,0.051,4.5,16.43,1
8.35,659,0.527,8.5,14.22,1
17.69,525,0.055,11.4,36.54,0
9.11,590,0.308,10.3,37.05,0
18.0,617,0.419,17.1,21.95,0
6.81,812,0.589,18.5,21.94,1
28.35,740,0.676,1.0,11.45,0
26.83,650,0.17,18.6,20.51,1
11.43,720,0.504,22.0,33.47,0
23.75,507,0.363,22.8,31.64,0
4.67,632,0.58,1.4,7.36,0
22.73,714,0.706,22.1,36.84,0
9.91,694,0.409,4.1,49.5,0
5.8,634,0.229,8.5,40.73,0
20.99,677,0.603,9.5,1.39,1
15.15,709,0.405,7.5,41.28,1
16.84,679,0.664,7.4,2.47,0
16.57,753,0.433,4.2,7.58,1
3.66,707,0.704,16.5,12.88,0
3.44,723,0.033,14.5,25.11,1
18.83,826,0.559,15.3,42.39,0
19.47,750,0.273,13.0,40.89,1
3.32,828,0.508,5.5,19.25,0
12.6,623,0.708,14.7,24.22,0
19.16,545,0.497,16.3,9.35,1
20.39,668,0.564,1.3,47.64,0
25.19,661,0.135,24.7,14.39,1
13.78,804,0.144,14.5,11.04,1
17.35,584,0.439,16.0,49.39,0
18.2,673,0.334,14.2,11.37,1
10.74,714,0.101,17.3,9.9,1
3.51,689,0.552,16.4,49.16,0
2.12,665,0.53,20.0,4.75,0
25.41,710,0.087,4.0,2.62,1
7.61,772,0.056,4.1,23.34,0
19.65,811,0.297,5.5,15.54,0
18.16,683,0.482,24.1,43.63,1
13.19,611,0.672,8.9,37.01,0
25.34,810,0.337,7.9,27.49,1
21.56,588,0.081,5.7,1.49,1
2.64,832,0.634,12.0,14.01,0
23.75,794,0.111,22.6,44.63,1
16.2,807,0.485,16.9,13.17,1
11.72,738,0.322,4.7,2.36,1
22.35,500,0.684,20.9,12.32,1
21.21,592,0.535,23.6,38.07,0
10.7,706,0.02,17.8,43.13,1
29.53,623,0.292,14.8,14.98,1
20.16,653,0.152,16.8,12.38,1
18.96,732,0.227,18.4,42.04,1
3.96,666,0.311,21.5,10.62,0
9.82,576,0.415,16.5,18.8,0
14.52,755,0.603,13.3,19.65,1
19.66,724,0.083,4.6,20.4,1
16.36,659,0.342,9.4,4.68,1
23.36,740,0.641,2.1,42.35,0
9.35,688,0.335,18.2,11.54,1
21.66,793,0.399,24.8,18.98,1
24.86,693,0.588,2.4,32.23,0
23.42,793,0.54,11.0,40.38,1
23.58,521,0.392,17.5,29.77,0
26.88,719,0.726,0.7,18.72,1
4.36,646,0.046,11.0,1.26,1
21.52,607,0.06,19.9,25.26,1
29.12,778,0.332,7.3,28.55,1
18.06,756,0.135,16.5,18.62,1
8.08,509,0.178,15.2,31.85,0
29.97,741,0.13,17.5,39.6,1
6.89,731,0.525,6.0,2.74,0
11.4,619,0.328,4.2,40.76,0
6.82,609,0.629,0.4,29.93,0
15.01,545,0.203,12.0,16.95,0
13.73,651,0.475,4.7,35.0,0
15.75,665,0.176,16.3,35.49,1
27.98,748,0.031,13.7,38.14,1
15.39,703,0.523,20.8,21.22,1
16.41,590,0.126,20.0,29.25,1
26.83,700,0.526,9.0,24.34,1
24.9,658,0.524,7.4,18.83,1
8.71,601,0.508,2.1,7.33,1
2.36,545,0.452,18.9,46.03,0
19.63,733,0.666,12.4,7.24,1
25.66,718,0.075,8.4,32.79,1
17.48,727,0.7,17.6,20.6,1
7.91,618,0.068,6.9,41.25,0
22.76,695,0.382,12.0,24.1,1
20.75,563,0.694,10.9,10.14,0
17.82,596,0.216,6.8,8.38,0
26.17,683,0.632,19.8,20.19,1
23.96,702,0.453,17.7,27.21,1
20.7,542,0.649,13.0,31.84,0
20.61,590,0.055,17.3,42.59,0
20.54,649,0.426,2.2,19.34,0
16.7,761,0.158,10.7,39.28,0
14.99,611,0.033,15.0,12.02,1
21.87,692,0.523,9.8,44.03,1
19.09,701,0.567,17.9,5.77,1
15.72,659,0.557,13.1,40.39,0
5.55,703,0.551,9.6,14.14,0
21.65,566,0.604,10.4,33.18,1
20.09,624,0.363,17.9,27.65,0
11.58,802,0.274,1.6,29.33,0
11.98,808,0.583,21.0,49.04,0
8.91,752,0.507,1.4,30.33,0
28.93,774,0.166,3.3,11.54,1
26.09,525,0.338,20.3,21.12,1
17.71,599,0.153,9.4,5.74,1
13.25,654,0.589,11.5,17.44,1
22.63,850,0.2,9.3,15.35,1
16.78,653,0.475,2.3,32.54,0
29.32,743,0.557,15.2,45.78,1
3.54,712,0.744,17.2,14.79,0
2.96,710,0.336,4.7,42.53,0
17.92,678,0.657,18.8,43.93,0
7.69,578,0.505,2.5,32.0,0
18.92,450,0.026,19.4,35.24,0
23.88,789,0.306,17.5,40.11,1
5.87,628,0.308,22.8,19.24,1
14.34,521,0.107,20.3,49.34,0
21.28,717,0.339,21.1,19.71,1
25.35,716,0.105,23.9,5.16,1
15.9,745,0.63,21.1,36.91,0
7.77,775,0.284,19.9,17.41,1
18.4,602,0.154,4.9,2.36,0
14.73,606,0.459,18.9,9.77,1
23.61,653,0.646,15.8,19.1,1
17.56,750,0.702,24.0,11.43,0
9.82,501,0.673,18.0,7.68,0
23.12,691,0.664,6.5,8.97,1
16.5,759,0.274,4.1,31.7,1
6.97,756,0.389,7.0,7.29,0
17.77,740,0.291,12.0,39.38,1
28.55,770,0.693,16.3,42.25,1
21.75,446,0.088,5.4,36.45,0
10.37,817,0.425,5.8,13.01,1
21.9,708,0.2,7.5,29.24,0
9.91,793,0.641,20.2,3.99,1
17.2,580,0.268,9.1,47.19,0
16.74,531,0.65,2.0,1.36,0
8.93,832,0.697,13.6,11.85,1
11.74,601,0.146,0.1,5.07,0
28.38,654,0.571,16.8,49.74,0
9.02,725,0.275,21.1,2.99,1
24.43,746,0.314,4.2,1.08,1
20.69,772,0.22,21.1,5.93,0
16.91,699,0.47,17.0,44.18,0
5.85,590,0.271,2.5,20.64,0
7.73,740,0.561,5.7,47.29,0
7.01,741,0.588,5.7,48.02,0
18.43,526,0.308,5.1,36.58,0
29.25,801,0.023,8.4,9.27,1
26.56,469,0.068,22.7,48.58,0
2.71,768,0.22,5.6,22.47,0
9.66,626,0.716,23.2,23.76,0
6.4,740,0.307,13.7,32.2,0
29.32,723,0.563,12.9,36.09,0
8.6,677,0.703,16.8,48.16,0
7.64,718,0.269,20.1,48.58,0
19.38,673,0.43,23.9,21.27,1
17.57,741,0.642,0.1,7.96,1
8.32,850,0.469,10.0,45.86,0
20.77,566,0.102,4.5,6.83,1
4.72,409,0.582,3.8,28.08,0
2.54,645,0.68,3.7,9.14,0
4.31,639,0.581,17.7,18.55,0
12.22,648,0.569,1.3,26.96,0
29.3,601,0.572,20.9,35.54,0
17.32,754,0.467,18.8,48.79,1
23.13,563,0.201,10.2,46.01,0
11.0,718,0.685,10.6,26.5,0
22.14,734,0.114,17.0,16.31,1
29.05,707,0.624,0.3,27.31,0
12.02,721,0.282,9.7,18.97,1
29.97,761,0.512,4.5,23.51,1
19.88,685,0.608,4.5,45.8,0
22.96,651,0.603,13.8,26.2,0
9.06,721,0.138,6.1,3.04,0
20.01,731,0.466,9.4,34.52,0
16.31,756,0.177,17.9,14.77,1
28.78,534,0.102,15.5,11.48,1
27.33,664,0.395,8.3,38.56,0
13.11,589,0.741,1.2,9.11,0
28.51,728,0.737,0.7,30.85,1
26.77,742,0.439,12.2,41.04,1
18.53,657,0.584,10.5,15.73,0
4.3,618,0.202,19.9,24.14,0
6.5,731,0.184,2.1,29.3,0
4.15,669,0.536,21.2,32.41,1
5.02,801,0.594,5.3,48.62,0
29.35,831,0.562,8.8,44.55,1
7.94,765,0.096,21.5,11.24,1
21.34,700,0.28,20.9,27.74,1
19.82,835,0.052,12.9,8.73,1
19.67,700,0.594,2.0,3.94,0
7.79,639,0.248,14.8,19.04,0
18.22,623,0.334,19.0,16.67,1
19.52,620,0.443,6.6,28.95,0
17.97,679,0.02,4.6,32.42,1
7.21,719,0.279,12.4,19.89,1
22.25,560,0.551,18.7,43.49,0
4.05,642,0.229,12.6,42.25,0
18.55,698,0.436,6.0,36.34,0
14.22,735,0.733,21.7,18.19,1
9.01,678,0.106,21.8,12.87,1
24.61,701,0.216,16.5,6.69,1
6.92,575,0.519,1.9,13.27,0
28.12,602,0.457,5.8,48.0,0
26.77,675,0.734,15.5,21.47,0
12.1,723,0.045,19.5,21.37,0
10.54,700,0.661,11.9,24.06,0
5.85,608,0.377,7.6,32.75,0
27.66,660,0.186,22.1,46.08,1
19.57,809,0.387,9.5,6.59,1
2.89,726,0.321,22.9,41.19,0
16.31,666,0.151,13.3,23.0,1
4.4,593,0.18,15.4,14.46,0
18.07,619,0.23,3.1,27.65,1
16.25,681,0.423,6.7,27.48,1
4.32,703,0.081,24.4,7.54,1
24.84,728,0.085,18.0,5.75,1
9.34,713,0.262,11.9,31.72,1
17.16,649,0.536,13.0,37.03,0
19.89,637,0.734,2.2,31.13,0
28.94,850,0.029,19.6,18.29,1
15.83,633,0.73,1.8,28.24,0
27.68,570,0.521,9.7,45.41,0
11.94,541,0.678,10.3,46.27,0
26.01,650,0.412,15.1,12.38,0
8.6,760,0.358,10.4,5.66,0
21.81,631,0.593,24.0,33.01,1
4.48,806,0.422,19.9,9.55,1
29.61,679,0.675,24.0,40.25,1
28.71,774,0.672,13.0,14.76,1
14.38,616,0.407,7.6,8.37,0
16.67,617,0.439,24.5,40.99,0
18.74,688,0.353,2.0,11.22,0
9.7,721,0.523,23.2,1.43,1
20.89,665,0.518,2.4,41.27,0
21.56,705,0.495,20.2,5.6,1
16.7,730,0.066,19.5,21.57,1
6.14,559,0.723,16.5,20.39,0
27.74,651,0.265,19.6,8.01,1
5.22,636,0.2,2.2,2.72,1
19.62,640,0.174,9.3,5.15,1
4.89,715,0.071,8.4,21.95,0
6.09,637,0.354,24.5,47.9,0
2.58,510,0.05,11.8,36.52,0
12.17,660,0.137,1.2,36.02,0
19.91,590,0.024,6.5,33.82,1
16.6,722,0.148,21.1,38.69,1
20.89,748,0.747,22.3,26.94,0
20.9,495,0.415,23.2,49.29,1
5.92,614,0.069,3.6,30.78,0
3.61,710,0.432,17.2,31.91,0
19.51,560,0.459,10.1,2.04,0
20.29,747,0.42,18.4,37.98,1
17.59,769,0.265,20.6,18.44,1
8.88,666,0.5,6.5,38.91,0
24.7,614,0.124,12.5,42.53,0
4.12,484,0.18,8.2,2.09,0
19.7,749,0.746,11.4,19.85,0
5.37,850,0.323,7.3,45.34,1
20.32,833,0.128,8.5,7.27,1
13.7,663,0.178,6.8,37.47,0
22.11,587,0.549,7.5,16.84,1
3.46,751,0.105,14.4,25.96,1
17.54,669,0.278,15.0,45.28,1
6.06,721,0.26,23.0,32.01,0
21.11,706,0.186,9.8,22.25,1
5.36,688,0.368,16.4,35.16,0
4.06,767,0.1,24.1,11.92,1
21.97,771,0.353,11.7,1.6,1
3.78,636,0.044,19.5,31.31,1
8.29,602,0.728,24.2,43.2,0
25.09,468,0.462,19.7,35.28,0
24.67,651,0.075,2.0,26.45,0
25.92,587,0.159,4.8,8.02,0
11.13,716,0.558,7.4,5.16,1
16.79,651,0.554,17.2,14.71,0
23.65,661,0.286,16.8,48.2,1
5.84,749,0.128,3.4,23.63,1
22.28,714,0.411,11.2,40.43,0
4.73,670,0.222,10.5,1.63,0
27.57,823,0.091,17.2,24.16,1
19.84,743,0.273,6.5,13.1,1
15.81,645,0.568,5.9,47.68,0
15.57,648,0.279,14.9,10.73,1
7.08,747,0.05,2.1,3.44,1
11.69,697,0.108,16.7,8.94,1
22.36,585,0.455,11.0,4.09,1
17.15,756,0.401,13.4,16.45,1
16.82,787,0.513,20.0,49.79,0
7.47,780,0.437,4.5,46.6,0
21.33,811,0.383,5.2,29.03,1
12.98,850,0.367,22.5,41.72,1
7.12,827,0.722,18.5,20.6,1
28.43,709,0.649,6.6,44.66,1
16.19,662,0.3,18.0,11.3,1
16.79,524,0.497,11.4,20.76,0
29.48,681,0.035,15.4,6.91,1
12.26,724,0.035,19.7,46.89,1
28.4,684,0.253,1.1,17.57,1
21.46,520,0.571,15.3,13.05,0
19.73,656,0.696,8.5,11.87,0
8.56,735,0.519,12.9,24.22,0
3.45,593,0.536,9.1,25.7,0
14.26,694,0.043,23.5,33.97,1
2.28,717,0.699,14.9,40.65,1
3.99,775,0.083,21.2,35.43,1
18.67,826,0.711,6.4,25.14,0
22.29,648,0.123,9.1,27.25,1
6.7,696,0.044,19.7,48.79,0
22.51,698,0.431,5.9,22.91,1
28.59,735,0.103,25.0,16.75,1
22.81,726,0.041,16.5,32.64,1
23.97,801,0.508,22.4,33.97,1
21.62,482,0.559,2.6,46.93,0
8.29,716,0.234,10.3,18.26,0
12.1,721,0.409,8.4,25.97,1
28.58,660,0.448,24.3,31.59,1
20.51,488,0.137,3.6,35.73,0
24.09,675,0.341,18.7,2.96,1
29.12,620,0.485,15.8,45.12,0
8.48,823,0.667,21.3,9.7,1
11.01,712,0.326,24.4,12.04,1
20.05,612,0.531,20.1,35.02,0
2.68,506,0.386,6.3,10.74,0
17.99,730,0.536,20.9,7.54,1
24.64,739,0.596,13.2,47.52,0
19.09,662,0.407,16.3,32.51,1
10.27,731,0.065,7.0,47.42,1
22.27,650,0.659,20.4,4.09,1
6.09,771,0.459,11.1,2.74,0
27.05,764,0.458,20.2,14.69,1
4.83,541,0.392,10.7,2.88,0
26.18,561,0.147,15.4,22.49,0
15.94,850,0.375,2.6,48.12,0
14.0,759,0.412,2.3,18.49,0
16.02,573,0.3,23.8,36.88,0
7.61,547,0.129,18.2,32.68,0
14.82,698,0.576,4.3,2.58,0
25.79,583,0.353,14.9,12.37,1
24.43,653,0.531,19.5,31.87,0
6.57,676,0.054,15.0,5.51,0
20.86,672,0.388,11.2,23.41,1
25.99,776,0.074,20.9,34.2,1
24.95,836,0.555,1.3,17.65,1
13.92,639,0.444,15.8,16.29,0
3.35,584,0.35,11.8,36.44,0
28.07,713,0.73,16.2,21.52,1
13.08,819,0.258,7.3,27.07,1
12.11,646,0.329,4.1,10.79,1
23.27,752,0.558,24.4,39.69,1
9.39,609,0.403,21.6,30.39,0
25.37,682,0.501,22.7,48.67,1
4.13,581,0.733,19.2,38.04,0
22.74,681,0.528,1.6,30.37,0
29.04,670,0.13,15.7,31.11,1
29.88,732,0.173,9.5,17.32,1
27.87,831,0.655,8.4,22.83,1
26.38,647,0.055,6.2,33.99,1
9.81,510,0.392,4.5,26.24,0
29.07,663,0.681,3.5,47.76,0
27.98,705,0.587,3.0,28.12,1
16.96,697,0.104,17.8,1.62,1
13.26,667,0.561,23.3,7.19,1
5.06,806,0.299,9.5,3.26,0
18.54,692,0.678,2.7,45.25,0
21.62,671,0.438,5.5,16.44,1
13.31,614,0.421,18.7,41.97,0
13.37,532,0.026,8.7,22.83,0
18.05,708,0.202,16.6,46.1,1
2.78,701,0.321,5.1,24.63,0
28.82,590,0.548,18.9,43.15,0
10.12,676,0.4,16.4,33.91,0
5.94,668,0.642,5.6,14.04,0
2.15,627,0.045,23.3,29.25,0
25.99,613,0.256,13.1,14.13,0
26.17,714,0.456,5.5,10.79,0
4.67,661,0.501,14.2,16.64,0
6.26,630,0.387,10.4,15.54,0
14.54,607,0.311,22.9,25.33,1
7.2,669,0.072,7.7,32.22,0
22.6,759,0.528,22.2,48.4,0
3.63,698,0.68,18.6,23.99,0
17.39,660,0.61,17.0,38.29,0
12.72,706,0.532,4.6,25.06,0
15.02,796,0.483,2.2,22.26,1
13.89,722,0.584,21.6,21.2,1
6.29,702,0.587,14.3,43.91,0
8.17,734,0.025,24.1,8.16,1
3.81,667,0.281,12.9,15.22,1
5.23,696,0.654,14.8,36.32,0
29.38,638,0.641,24.9,15.49,1
9.83,548,0.538,17.9,1.11,1
10.6,709,0.246,9.0,11.62,1
5.56,709,0.602,20.7,2.44,1
23.14,656,0.189,7.4,15.33,1
27.88,768,0.184,13.1,17.01,1
24.11,619,0.411,5.9,47.71,0
19.15,529,0.437,24.9,40.59,0
24.77,621,0.276,23.4,6.99,1
13.32,549,0.461,21.8,7.02,1
26.07,709,0.538,10.0,49.85,0
24.36,616,0.152,18.2,33.91,0
2.05,764,0.231,6.5,31.65,0
15.66,762,0.531,9.7,29.84,0
9.41,601,0.697,20.1,8.34,0
4.41,611,0.666,1.4,13.95,0
25.69,725,0.115,1.2,22.19,1
2.22,763,0.436,16.5,22.87,0
22.44,509,0.604,19.4,48.57,0
29.67,704,0.193,9.6,3.14,1
15.5,493,0.49,16.9,1.72,0
12.39,633,0.332,22.6,45.83,0
18.96,773,0.504,2.5,44.0,0
24.53,850,0.043,20.8,15.19,1
8.73,660,0.248,14.5,16.74,0
9.02,574,0.244,10.6,30.01,0
19.0,636,0.326,1.3,10.9,0
28.32,686,0.104,9.6,43.9,1
10.36,623,0.339,19.8,14.21,1
12.55,601,0.415,13.5,3.94,1
29.81,644,0.039,4.4,27.1,1
6.93,714,0.24,5.8,36.94,0
4.16,666,0.149,21.2,47.86,0
18.51,605,0.73,10.8,31.62,0
2.68,623,0.115,2.4,5.99,0
7.05,645,0.478,24.3,33.45,0
19.42,595,0.313,6.3,5.53,1
20.47,620,0.23,19.9,10.52,1
16.29,735,0.643,0.3,15.53,0
12.74,660,0.505,6.4,3.72,0
18.13,531,0.473,8.4,18.93,0
20.01,767,0.088,21.5,38.58,1
24.5,715,0.209,18.7,3.63,1
24.2,562,0.222,7.7,25.3,1
20.61,649,0.337,19.7,12.09,1
27.04,613,0.693,20.3,28.75,0
25.46,738,0.315,12.8,25.13,1
5.73,648,0.259,12.7,9.14,1
28.79,674,0.072,12.7,42.78,0
26.97,664,0.301,4.2,25.52,1
10.99,554,0.058,20.3,49.3,1
2.57,799,0.287,17.9,49.25,0
18.91,736,0.726,21.2,13.3,1
14.28,616,0.426,20.4,44.27,1
22.99,696,0.172,19.6,36.26,1
16.69,763,0.238,19.5,22.18,1
4.14,685,0.437,23.6,40.94,0
8.85,812,0.034,15.1,21.6,1
26.71,850,0.677,20.7,25.13,1
3.06,669,0.442,20.0,19.22,0
22.63,630,0.379,6.8,42.34,0
10.17,596,0.543,14.1,45.43,0
14.67,492,0.166,18.2,8.41,0
16.87,786,0.036,2.6,29.9,1
9.0,650,0.469,13.3,6.73,0
20.25,754,0.137,0.1,44.38,0
21.42,771,0.029,6.0,11.79,1
4.38,588,0.698,12.2,2.77,0
12.47,601,0.596,7.7,37.54,0
22.84,828,0.103,19.3,33.65,1
22.21,674,0.674,15.9,21.14,1
17.25,624,0.069,6.7,31.34,1
23.77,591,0.606,0.4,38.79,0
5.01,668,0.323,6.4,9.34,1
5.31,808,0.398,13.0,15.92,1
20.41,738,0.508,19.1,24.79,0
21.41,695,0.092,15.1,32.02,0
24.81,815,0.683,1.4,31.07,1
7.07,799,0.125,11.7,25.19,1
16.47,708,0.707,24.0,33.41,0
20.5,850,0.087,22.6,2.03,1
8.26,659,0.146,18.6,16.85,1
16.47,773,0.062,7.1,29.05,1
19.88,647,0.31,0.6,16.0,0
8.0,757,0.451,11.4,47.14,0
12.52,659,0.476,9.4,48.22,0
8.06,719,0.625,16.9,19.2,0
27.28,850,0.406,1.8,12.34,0
8.63,761,0.392,23.1,11.99,1
5.38,721,0.258,18.4,22.75,0
2.98,614,0.495,24.3,47.92,0
3.26,696,0.683,21.6,12.59,0
7.36,594,0.279,10.8,17.22,0
19.03,755,0.28,16.6,28.4,1
2.49,753,0.271,21.1,28.92,1
10.03,665,0.186,5.1,33.47,0
3.63,821,0.434,0.2,36.67,0
13.3,809,0.097,7.7,39.77,1
3.36,693,0.629,10.9,25.07,0
19.01,728,0.121,15.6,4.49,1
21.28,630,0.147,6.6,34.14,1
22.48,657,0.07,11.1,30.03,1
8.28,588,0.298,16.2,11.49,0
26.32,639,0.573,20.6,42.84,0
21.33,671,0.684,5.7,37.33,0
3.59,539,0.337,20.0,21.67,0
14.34,729,0.192,23.5,48.47,1
23.5,767,0.55,10.2,34.16,1
10.71,679,0.522,13.8,46.57,1
12.68,451,0.518,0.2,36.71,0
19.63,658,0.344,17.8,35.82,0
3.55,562,0.433,21.8,11.68,1
29.07,628,0.065,0.5,21.54,1
6.89,803,0.203,21.1,32.16,0
2.75,473,0.697,3.7,41.58,0
2.15,611,0.05,21.1,45.65,0
13.19,751,0.24,13.5,5.01,1
26.76,620,0.185,9.3,36.03,1
24.95,614,0.115,23.5,14.04,1
27.54,850,0.695,15.3,35.79,1
16.95,712,0.112,1.0,16.55,1
14.56,759,0.377,19.2,28.98,0
12.8,722,0.633,4.6,26.81,0
3.3,694,0.023,23.1,43.73,0
27.47,787,0.099,4.2,33.04,1
15.89,842,0.27,12.2,12.91,1
14.74,537,0.128,13.1,31.82,0
16.42,677,0.153,14.1,32.4,0
24.24,676,0.452,13.3,18.85,0
8.29,644,0.145,11.0,13.88,1
21.88,763,0.486,17.8,45.57,1
21.9,702,0.688,3.9,8.54,1
25.79,844,0.187,19.7,7.94,1
2.24,774,0.175,0.9,29.87,0
6.77,796,0.028,21.1,16.11,1
15.19,578,0.031,18.7,25.71,1
25.82,611,0.31,19.9,14.12,1
29.02,618,0.377,7.4,19.04,1
18.66,792,0.153,21.2,21.0,1
7.94,598,0.256,17.3,28.54,0
7.17,600,0.122,24.2,4.86,1
19.9,585,0.517,0.5,22.18,0
7.88,850,0.307,19.8,34.68,1
17.49,668,0.556,15.6,35.75,0
25.37,725,0.422,24.7,14.28,1
12.91,583,0.295,11.1,27.63,0
12.6,762,0.477,7.0,19.83,0
3.01,529,0.025,22.0,2.8,1
9.11,597,0.524,8.1,22.16,0
21.55,618,0.291,17.6,34.01,0
12.09,699,0.395,8.3,47.33,0
6.43,613,0.402,23.6,6.49,0
4.96,810,0.428,13.2,21.94,1
4.66,723,0.533,8.0,47.12,0
20.46,621,0.101,20.6,24.0,0
19.15,765,0.377,1.6,44.79,0
16.52,647,0.081,2.3,34.43,0
16.01,630,0.191,20.9,43.43,1
6.29,756,0.158,8.1,38.16,0
16.02,472,0.457,4.4,4.54,1
3.68,742,0.462,14.7,38.36,0
27.92,619,0.627,6.4,7.26,1
3.62,619,0.401,24.7,37.68,0
13.86,846,0.564,20.5,21.53,0
2.02,635,0.669,22.2,34.55,0
24.01,761,0.117,20.8,3.97,1
6.65,704,0.546,22.1,6.59,1
27.9,713,0.259,8.4,6.22,1
3.23,659,0.223,16.8,19.4,0
24.98,654,0.723,22.7,9.31,1
20.39,810,0.171,17.1,1.39,1
8.99,759,0.688,24.9,44.08,0
7.67,638,0.621,21.6,37.83,0
12.01,591,0.661,1.8,28.86,0
25.2,630,0.448,12.5,36.49,1
26.13,763,0.447,6.9,15.82,1
6.91,780,0.314,21.9,35.57,0
11.9,727,0.313,23.4,26.48,1
8.65,543,0.641,14.2,5.35,0
5.43,744,0.303,1.5,33.57,0
20.1,791,0.375,8.7,49.68,0
11.68,695,0.747,4.7,13.55,0
8.31,848,0.279,13.2,1.22,0
26.25,568,0.62,24.6,37.79,0
22.95,738,0.222,8.6,14.66,0
23.67,593,0.038,18.3,20.86,1
3.1,770,0.453,20.8,1.38,1
27.62,732,0.37,20.8,4.16,1
18.09,833,0.594,3.7,35.74,0
16.11,722,0.023,5.9,48.24,1
2.3,646,0.072,5.6,29.94,1
27.13,638,0.648,7.4,42.27,0
17.23,659,0.371,1.2,11.08,0
25.1,637,0.39,13.5,4.31,1
20.35,795,0.184,18.5,18.01,1
24.31,788,0.696,6.5,11.2,1
21.4,553,0.688,16.0,31.22,0
27.79,683,0.397,13.6,47.86,0
8.31,685,0.179,2.5,12.33,1
7.66,614,0.737,6.0,45.19,0
21.95,717,0.671,6.0,27.32,0
16.04,804,0.401,12.2,6.0,1
18.78,756,0.477,15.7,27.26,1
21.84,795,0.341,7.5,23.89,1
17.33,619,0.17,3.2,37.7,0
24.06,683,0.517,6.7,37.69,0
10.93,615,0.508,1.0,32.41,0
26.05,700,0.42,18.7,33.72,1
5.01,708,0.615,17.5,30.76,0
19.75,762,0.35,16.8,12.6,1
26.92,792,0.648,15.4,46.35,1
9.08,739,0.178,7.4,11.38,1
11.15,607,0.722,2.9,30.16,0
10.55,565,0.17,15.0,38.91,0
17.8,724,0.137,18.3,5.1,1
13.56,808,0.46,20.3,23.06,1
5.02,678,0.088,18.2,2.46,1
26.96,550,0.143,16.5,12.08,0
7.73,850,0.552,20.6,32.17,1
16.95,722,0.245,19.0,45.75,0
18.65,695,0.604,23.6,15.91,0
3.14,581,0.134,0.2,41.91,0
4.68,681,0.301,3.7,26.72,0
29.21,738,0.302,14.5,38.28,1
20.61,723,0.371,10.0,40.7,1
2.94,622,0.32,8.5,32.16,0
24.24,675,0.302,18.6,21.71,1
16.24,628,0.26,13.4,29.62,0
4.11,821,0.031,13.2,34.87,1
21.06,756,0.47,1.2,43.2,0
15.98,635,0.366,11.5,27.87,1
7.74,581,0.292,15.2,43.81,0
26.58,704,0.174,7.0,20.05,1
10.16,638,0.671,6.0,38.21,0
9.97,644,0.194,13.8,30.87,1
9.64,584,0.692,22.8,4.8,0
23.49,594,0.179,2.9,25.6,0
21.77,694,0.729,7.7,38.42,0
27.29,657,0.326,1.5,33.94,1
8.42,850,0.409,8.1,28.61,0
24.02,731,0.238,17.4,39.85,1
18.05,582,0.706,8.0,45.26,0
10.64,549,0.226,10.0,8.03,0
2.99,714,0.553,23.4,13.51,0
24.93,646,0.035,8.7,49.45,1
8.75,793,0.428,13.5,12.84,1
19.69,704,0.561,23.3,41.54,0
17.37,511,0.364,12.7,27.07,0
2.12,593,0.49,4.3,19.86,0
29.84,623,0.581,3.6,36.64,1
24.8,718,0.385,22.5,37.91,0
15.62,591,0.179,22.1,14.33,0
21.05,693,0.31,6.3,1.54,1
15.34,566,0.553,15.6,39.14,0
22.85,681,0.218,4.2,34.78,1
5.76,711,0.481,5.8,6.9,0
14.5,804,0.128,23.0,2.81,1
11.4,701,0.699,10.0,33.37,0
14.87,611,0.46,5.2,30.46,0
14.61,807,0.362,13.1,38.39,0
6.01,664,0.612,21.3,43.79,0
29.34,746,0.602,20.8,33.54,0
2.43,628,0.091,16.6,32.15,0
2.28,688,0.244,20.3,26.51,0
12.46,612,0.355,19.5,28.75,1
19.37,707,0.269,24.1,48.73,0
7.03,748,0.252,16.4,3.28,1
16.93,638,0.277,14.9,27.64,0
22.24,633,0.124,22.6,13.13,1
4.63,710,0.107,9.0,36.54,1
29.56,610,0.21,12.3,37.68,1
11.43,551,0.071,21.5,14.0,0
19.99,710,0.392,24.5,38.16,0
5.1,671,0.132,10.5,32.55,0
21.87,669,0.069,14.7,47.38,1
25.53,724,0.631,20.9,40.96,0
4.95,736,0.449,13.0,38.82,0
5.52,666,0.676,10.1,7.88,0
9.87,585,0.738,1.6,49.35,0
2.33,626,0.453,5.3,40.02,0
29.61,730,0.601,8.3,42.29,1
18.75,692,0.136,10.0,37.83,0
19.01,633,0.53,19.4,42.88,0
28.85,613,0.421,4.2,30.83,0
25.3,733,0.514,1.8,1.64,1
24.8,661,0.096,14.7,23.71,1
11.51,744,0.703,0.2,13.17,0
11.38,755,0.325,23.3,16.25,1
10.17,653,0.586,6.4,14.5,0
11.71,761,0.743,20.8,31.93,0
12.35,692,0.658,9.5,39.61,0
5.92,703,0.248,25.0,43.6,1
11.97,494,0.313,12.5,43.83,0
14.51,597,0.494,24.1,1.99,1
10.66,602,0.413,11.7,37.96,0
6.63,653,0.32,17.9,46.57,0
12.46,690,0.497,1.6,38.91,0
15.47,693,0.684,11.1,6.71,0
22.18,704,0.246,6.8,47.91,0
21.91,622,0.114,19.8,25.6,0
7.68,739,0.513,13.3,29.13,0
3.03,834,0.45,16.0,14.86,0
10.51,650,0.681,6.3,42.49,0
6.4,624,0.562,2.9,43.98,0
13.08,622,0.31,17.0,40.98,0
29.42,687,0.482,11.1,11.15,1
7.07,635,0.65,10.4,7.23,0
10.93,533,0.274,24.1,48.85,0
22.3,556,0.03,3.0,43.74,0
16.26,767,0.477,16.1,42.97,1
3.23,789,0.039,1.5,39.21,0
6.53,816,0.704,17.1,6.22,1
28.19,699,0.143,14.0,26.22,1
4.89,596,0.293,18.2,6.66,0
19.78,643,0.711,18.8,21.71,1
24.19,553,0.078,3.3,8.92,1
9.43,550,0.023,6.9,24.49,0
22.3,702,0.096,6.3,33.91,1
6.76,726,0.74,15.2,42.21,0
9.97,846,0.729,6.5,4.95,0
10.73,673,0.301,12.9,44.71,0
29.9,565,0.562,11.1,10.29,0
8.01,670,0.557,14.6,47.23,0
5.62,656,0.093,8.8,24.61,1
27.92,638,0.192,23.1,3.78,1
6.53,709,0.669,24.1,39.75,0
26.62,577,0.141,8.8,3.31,1
20.21,691,0.4,22.9,31.74,0
18.15,735,0.198,19.8,40.05,1
23.04,801,0.427,5.7,23.68,1
22.33,706,0.163,14.1,34.38,1
5.09,769,0.177,9.4,29.05,1
29.99,642,0.054,20.0,4.45,1
28.37,654,0.743,22.3,34.98,0
27.1,795,0.103,15.6,47.68,1
19.42,563,0.323,15.8,17.8,1
16.64,646,0.325,18.0,7.18,1
17.02,776,0.242,12.4,13.56,1
2.42,662,0.6,11.8,32.14,0
15.99,656,0.267,14.1,49.19,0
19.47,657,0.477,20.5,40.77,0
20.44,690,0.416,16.2,39.27,1
11.3,772,0.651,3.6,18.66,0
15.2,759,0.618,3.5,30.89,0
19.82,681,0.179,10.4,20.8,1
13.99,773,0.568,16.5,3.88,1
28.94,709,0.599,9.8,25.08,0
21.75,753,0.691,9.5,27.85,0
2.04,593,0.723,22.4,42.53,0
2.65,828,0.558,21.7,38.39,0
21.33,699,0.348,11.9,23.25,1
13.55,446,0.234,18.0,25.38,0
25.51,821,0.651,11.3,39.84,0
6.84,680,0.688,15.1,15.16,0
2.39,646,0.091,6.9,18.64,1
12.87,629,0.425,12.4,45.28,0
22.61,717,0.114,16.1,38.25,1
29.21,604,0.204,11.0,47.22,0
26.74,631,0.3,19.0,44.06,1
15.55,633,0.247,6.7,38.36,1
24.76,655,0.543,0.3,13.81,0
3.97,636,0.078,22.9,26.53,1
18.02,752,0.468,9.0,21.42,1
27.88,703,0.444,6.3,20.12,1
13.1,713,0.595,11.9,39.18,0
28.88,732,0.091,6.2,19.99,1
8.18,672,0.263,18.3,8.24,1
4.96,593,0.529,7.7,18.08,0
16.69,833,0.54,24.8,40.55,1
27.4,759,0.348,6.9,25.88,1
10.72,817,0.357,9.0,1.62,0
24.4,768,0.724,13.5,31.53,1
6.74,641,0.258,0.1,9.57,0
22.88,480,0.13,0.1,6.28,1
17.6,576,0.716,5.8,15.91,0
6.9,734,0.611,2.0,38.74,0
22.11,671,0.193,19.0,3.45,1
21.99,644,0.646,21.8,11.15,0
16.43,468,0.204,10.3,10.93,0
8.31,679,0.624,12.9,41.32,0
5.7,588,0.479,15.3,13.26,0
28.8,618,0.372,2.4,29.39,0
20.36,752,0.697,11.7,7.19,1
24.66,593,0.611,24.0,39.76,0
21.52,601,0.115,5.2,13.78,1
25.23,696,0.535,2.1,23.6,0
6.55,754,0.596,7.0,17.26,0
15.91,646,0.415,13.7,33.22,0
20.68,805,0.222,21.7,13.66,0
4.89,571,0.191,8.9,1.02,0
6.2,556,0.731,8.6,26.75,0
19.75,549,0.339,8.6,48.77,0
26.32,540,0.399,21.0,41.71,0
20.49,709,0.457,11.7,49.65,1
3.01,597,0.093,8.3,22.79,0
29.17,560,0.079,4.4,28.82,1
5.91,712,0.165,3.1,40.09,0
8.51,750,0.068,24.4,17.53,1
29.3,769,0.676,12.2,6.53,0
23.59,754,0.128,1.8,9.27,1
28.22,602,0.185,22.7,48.16,1
24.59,703,0.412,23.9,39.72,1
20.25,722,0.674,5.9,15.16,0
9.97,640,0.056,7.9,39.26,0
11.15,694,0.178,24.0,35.54,1
28.52,574,0.544,0.4,24.0,0
26.1,627,0.399,8.1,2.11,1
12.07,712,0.454,10.8,36.67,1
12.45,808,0.032,19.3,15.23,0
10.34,778,0.653,9.2,14.31,0
11.13,736,0.442,8.5,26.78,0
26.1,687,0.629,18.2,14.03,0
2.29,674,0.724,21.2,36.1,0
14.21,557,0.554,2.3,15.31,0
28.4,609,0.043,3.6,40.53,1
17.19,612,0.539,16.5,22.43,0
14.61,729,0.431,7.9,26.31,1
10.75,760,0.096,16.7,2.72,1
4.07,743,0.217,4.3,2.0,1
8.29,781,0.143,20.1,11.38,1
4.53,686,0.695,8.0,18.05,0
5.55,596,0.601,8.4,9.64,0
6.58,676,0.532,4.5,25.62,0
10.46,618,0.577,5.3,30.46,0
2.31,736,0.459,15.0,40.36,0
28.6,649,0.644,14.5,26.18,0
5.47,672,0.187,20.6,19.0,1
12.73,739,0.203,15.8,46.27,0
26.63,617,0.452,10.7,22.35,0
4.98,762,0.611,20.1,14.77,0
15.54,565,0.63,0.4,4.72,0
25.65,706,0.733,17.5,10.04,0
17.59,672,0.576,13.6,34.86,0
7.89,750,0.19,5.5,10.73,1
22.59,563,0.188,15.9,18.88,1
21.08,550,0.345,24.7,2.35,1
12.14,744,0.495,8.7,19.53,0
3.3,647,0.394,16.0,32.75,0
2.22,672,0.069,11.0,11.75,0
25.11,624,0.372,9.8,1.19,1
11.0,758,0.616,7.7,41.84,0
5.86,705,0.195,5.7,36.33,0
16.52,700,0.484,5.9,49.64,0
27.78,581,0.217,19.4,7.64,0
2.24,723,0.426,8.1,34.2,0
3.57,596,0.532,13.2,13.61,0
13.68,624,0.171,5.3,25.61,0
20.93,564,0.56,5.3,37.59,0
15.33,667,0.514,14.7,9.25,1
27.13,770,0.248,14.6,23.81,1
3.23,699,0.673,12.6,14.19,0
11.52,642,0.59,17.3,8.59,0
11.84,689,0.4,15.9,36.42,0
11.52,689,0.08,5.0,13.66,1
15.66,686,0.342,1.4,26.94,1
24.14,695,0.261,6.7,34.94,1
10.9,592,0.212,10.8,22.71,1
22.85,689,0.49,5.2,7.53,0
6.1,531,0.693,12.1,1.6,0
17.7,729,0.127,0.9,19.72,0
12.5,586,0.561,11.9,49.54,0
17.1,780,0.474,8.8,48.67,0
5.02,472,0.507,24.0,22.97,0
28.7,822,0.637,21.9,21.38,1
27.37,541,0.294,23.8,32.66,1
25.14,578,0.443,16.5,41.8,0
27.0,705,0.222,24.3,29.33,1
6.11,733,0.227,4.7,36.48,0
16.1,656,0.395,13.3,2.18,0
10.9,756,0.025,18.6,44.05,0
26.85,612,0.201,12.1,27.41,1
7.3,646,0.131,5.3,25.13,0
8.16,654,0.108,16.3,11.59,0
21.23,634,0.301,24.3,7.66,1
4.49,516,0.096,13.1,19.04,0
22.51,678,0.133,6.2,46.08,0
9.51,670,0.508,1.0,28.4,0
20.51,772,0.495,2.6,21.19,1
26.45,571,0.71,19.4,7.82,1
19.07,626,0.692,12.1,4.03,1
7.96,782,0.658,5.2,30.71,0
3.38,705,0.524,21.5,47.95,0
3.25,727,0.215,10.9,22.95,0
4.49,719,0.15,19.9,12.61,1
18.23,719,0.713,20.3,19.46,0
11.75,835,0.721,17.9,26.0,0
8.81,688,0.388,24.3,37.93,0
8.14,594,0.42,22.4,23.22,0
28.56,734,0.024,3.1,46.4,1
5.33,632,0.128,8.6,32.4,0
10.53,671,0.419,23.9,6.91,0
15.2,711,0.153,16.4,6.6,1
2.01,610,0.369,11.1,28.02,0
27.79,637,0.6,21.6,40.34,1
4.77,720,0.605,16.0,27.13,0
21.11,633,0.649,9.3,40.39,0
19.61,763,0.192,6.8,4.94,1
24.65,596,0.335,21.3,17.12,1
20.24,596,0.478,21.2,3.36,1
23.54,842,0.444,23.0,18.45,1
13.79,550,0.749,19.6,28.87,0
15.68,678,0.222,4.6,46.35,0
21.65,837,0.072,9.7,23.55,1
17.92,678,0.303,8.2,19.4,1
16.32,794,0.398,6.4,34.3,0
7.76,735,0.303,19.9,36.19,1
9.23,679,0.253,3.1,9.39,0
12.04,669,0.208,12.0,35.33,1
2.26,500,0.332,21.6,27.44,0
13.69,653,0.523,19.7,25.95,0
2.08,700,0.129,6.7,49.09,0
17.82,700,0.652,0.9,38.79,0
21.71,850,0.488,10.3,40.93,0
17.74,704,0.098,14.8,41.24,1
21.42,734,0.037,21.4,32.73,1
2.0,779,0.057,13.2,2.26,1
3.66,726,0.086,6.6,19.06,0
21.56,673,0.49,17.3,38.58,0
24.48,673,0.707,10.0,9.81,0
22.1,650,0.117,20.6,47.91,1
20.56,718,0.228,0.6,1.35,1
21.81,666,0.652,10.5,28.36,0
22.71,733,0.389,10.6,5.14,1
22.28,594,0.332,14.7,38.26,0
22.66,692,0.365,9.0,31.22,0
4.07,812,0.094,10.1,20.84,0
3.77,661,0.18,18.4,5.97,1
12.11,837,0.722,4.3,23.13,0
16.77,694,0.49,6.0,18.13,0
23.35,675,0.229,2.6,10.21,1
11.37,690,0.711,6.4,10.0,0
9.7,654,0.31,12.6,42.53,1
23.88,512,0.123,4.7,17.11,0
8.98,755,0.725,1.8,5.87,0
24.98,850,0.506,24.9,8.75,1
6.96,721,0.57,11.4,33.39,0
12.07,726,0.036,20.8,19.11,1
13.23,664,0.227,18.5,3.76,0
10.39,778,0.71,4.1,3.69,0
2.09,677,0.134,12.8,3.91,1
8.59,703,0.658,14.2,37.13,0
11.45,547,0.582,3.9,42.65,0
10.78,635,0.296,2.8,42.41,0
24.0,711,0.667,6.6,27.74,0
3.33,757,0.694,6.5,20.22,0
12.89,759,0.653,6.9,16.55,0
3.05,546,0.317,6.3,37.52,0
28.06,554,0.449,13.7,40.59,0
24.13,730,0.243,7.4,47.01,1
29.5,617,0.115,19.3,49.26,1
27.48,756,0.679,1.3,35.54,0
10.84,541,0.736,15.5,10.43,0
21.36,672,0.063,19.3,48.15,0
10.58,677,0.522,10.9,7.01,0
26.87,721,0.713,8.0,14.68,1
13.5,592,0.464,7.6,41.78,0
12.52,513,0.054,8.2,26.25,0
27.59,695,0.031,2.9,12.97,1
25.43,725,0.388,14.5,26.67,1
29.06,766,0.706,15.6,38.75,0
3.86,650,0.224,9.7,14.41,0
8.81,746,0.276,23.9,25.55,1
10.42,721,0.601,22.8,15.07,0
13.88,792,0.605,7.4,20.5,0
15.25,675,0.709,18.3,11.39,1
10.16,533,0.632,2.9,35.67,0
24.13,674,0.454,18.9,16.39,1
8.25,688,0.705,18.4,25.83,0
21.5,724,0.469,8.9,40.42,0
25.85,550,0.459,9.7,7.94,1
18.9,653,0.031,14.7,33.42,1
11.92,754,0.352,7.0,17.2,0
7.26,671,0.051,14.3,24.91,0
5.76,654,0.676,22.2,36.09,0
22.84,842,0.028,11.1,46.25,1
15.14,589,0.244,5.1,43.17,0
3.3,785,0.746,14.0,45.1,1
29.55,767,0.6,16.3,3.43,1
20.8,661,0.573,13.1,21.63,0
25.64,677,0.54,0.6,40.26,1
14.27,677,0.057,16.7,40.76,0
28.75,695,0.23,0.9,21.57,0
7.59,629,0.603,10.4,14.99,0
7.18,644,0.674,10.4,27.89,0
26.93,650,0.276,21.2,37.58,0
26.97,653,0.209,21.6,34.89,1
15.97,654,0.192,19.4,13.28,1
5.52,490,0.42,20.5,1.01,1
10.55,688,0.233,5.5,44.43,0
23.12,635,0.036,17.9,22.82,1
25.69,521,0.305,18.7,41.79,0
11.73,650,0.424,19.5,43.7,0
3.71,648,0.483,19.9,47.0,0
20.64,788,0.27,4.1,18.29,0
22.71,634,0.249,6.4,33.33,0
13.87,737,0.227,19.6,30.22,0
18.33,798,0.475,3.7,9.04,1
29.65,627,0.227,3.1,22.41,1
8.86,676,0.689,24.4,22.1,0
18.04,827,0.226,24.2,10.35,1
19.11,699,0.597,8.4,19.37,0
17.38,712,0.253,0.2,22.38,0
26.34,645,0.483,10.0,40.19,0
18.94,738,0.53,0.6,43.05,0
16.22,677,0.147,3.6,36.14,0
5.44,524,0.297,5.6,40.45,0
21.69,650,0.113,21.0,5.83,1
5.7,579,0.393,9.4,28.29,0
2.74,690,0.684,0.2,13.68,0
15.68,602,0.455,15.9,21.51,0
18.03,721,0.532,1.8,35.45,1
29.97,684,0.227,22.4,47.4,1
21.95,574,0.362,6.1,18.48,0
25.76,638,0.561,5.9,29.3,0
11.7,733,0.116,9.9,6.25,1
16.25,778,0.109,2.7,34.44,1
29.28,603,0.184,0.6,12.67,0
13.69,587,0.193,22.9,23.98,0
24.6,846,0.723,21.6,16.96,1
16.73,679,0.136,22.9,3.48,1
8.27,688,0.097,16.9,37.3,1
18.25,617,0.121,0.3,31.35,0
8.11,698,0.168,24.3,41.06,0
2.08,826,0.289,17.7,47.37,0
8.61,702,0.164,10.4,21.13,0
7.41,771,0.084,18.3,38.06,0
12.39,682,0.12,14.2,16.18,1
26.88,593,0.596,16.8,22.21,1
12.86,622,0.4,20.6,41.96,0
25.67,585,0.564,23.4,45.03,0
17.56,699,0.149,19.9,19.42,1
2.21,784,0.243,22.4,40.34,1
7.28,694,0.737,14.2,38.53,0
28.08,654,0.083,8.5,10.14,0
18.92,613,0.34,16.7,31.65,1
28.03,710,0.236,13.9,25.31,1
10.68,575,0.025,1.4,4.08,1
22.06,584,0.423,14.4,27.81,1
23.62,757,0.422,10.4,49.0,0
29.32,656,0.254,9.2,39.22,1
2.51,655,0.365,18.1,10.84,0
28.66,666,0.306,22.1,11.83,1
12.96,742,0.359,4.9,16.63,1
25.46,694,0.639,19.9,1.88,1
17.25,617,0.541,4.2,4.61,0
17.81,620,0.225,14.4,36.24,1
12.06,663,0.195,21.2,27.79,1
25.2,706,0.549,22.6,35.11,1
9.39,677,0.184,7.7,36.06,0
15.78,669,0.683,20.5,4.61,0
17.68,684,0.628,22.0,47.35,0
22.79,677,0.204,4.3,48.5,0
15.21,614,0.605,9.6,2.67,0
21.05,774,0.16,19.4,4.32,1
15.59,639,0.038,0.4,41.16,0
20.46,691,0.722,15.6,30.79,1
20.88,505,0.576,10.4,49.59,1
21.86,662,0.377,12.9,13.1,1
25.05,587,0.636,10.5,39.98,1
17.14,597,0.075,4.9,26.71,0
7.41,850,0.56,8.7,28.2,0
21.03,701,0.718,21.5,11.24,0
4.16,784,0.618,15.3,30.73,0
8.13,753,0.335,11.9,21.12,0
24.18,764,0.273,17.7,11.81,1
14.18,663,0.671,4.6,42.02,0
15.95,817,0.233,2.1,11.5,1
29.65,752,0.704,13.7,15.72,1
8.58,684,0.253,0.3,5.26,0
2.55,702,0.111,3.7,34.14,0
5.12,668,0.192,17.9,14.91,0
8.85,684,0.399,22.5,47.94,0
22.33,676,0.116,7.1,37.33,0
23.72,712,0.297,9.6,45.16,1
17.83,828,0.681,17.0,10.62,1
9.14,578,0.089,20.1,32.35,0
16.61,777,0.469,6.5,44.11,0
2.42,649,0.315,20.7,48.11,0
21.09,788,0.493,24.3,32.86,1
19.2,652,0.377,2.2,47.43,0
2.61,715,0.66,5.6,8.23,0
24.88,666,0.314,18.2,2.99,1
23.38,533,0.391,0.9,23.79,0
10.63,828,0.115,7.1,16.55,1
19.79,600,0.378,21.1,46.37,0
18.84,687,0.104,17.0,1.79,1
6.01,591,0.446,16.0,16.54,0
7.41,566,0.332,15.3,18.14,0
21.13,663,0.592,12.5,35.94,0
28.14,630,0.325,19.2,1.09,1
18.14,581,0.48,21.6,42.65,0
17.9,677,0.063,19.9,46.79,1
20.11,554,0.538,12.1,24.72,0
14.34,691,0.719,19.5,6.3,0
3.52,669,0.347,18.9,3.48,0
13.1,469,0.027,11.4,13.66,0
27.21,636,0.461,8.4,7.59,1
24.54,720,0.126,10.3,25.64,1
27.97,590,0.362,12.3,21.1,0
6.28,724,0.044,3.7,10.4,1
16.17,717,0.343,5.5,41.83,0
18.37,593,0.658,2.5,30.41,0
7.88,679,0.119,1.8,31.69,0
7.63,750,0.384,14.2,34.48,0
23.9,606,0.205,17.5,43.38,1
20.81,663,0.211,15.3,34.07,0
20.12,778,0.49,18.2,7.52,1
9.48,607,0.566,10.2,19.77,0
16.19,719,0.657,20.0,26.56,0
2.65,588,0.223,18.7,10.08,0
5.64,666,0.072,17.8,47.07,0
16.51,718,0.343,19.2,13.36,1
10.67,476,0.447,5.8,38.83,0
29.04,635,0.56,14.2,47.63,1
15.2,716,0.572,19.4,14.47,1
4.34,699,0.65,2.5,23.33,0
2.5,636,0.043,6.2,13.19,0
22.31,586,0.736,12.3,41.3,0
6.8,733,0.726,10.4,39.97,0
7.26,653,0.046,22.9,44.77,0
13.87,726,0.249,18.8,4.07,1
9.39,712,0.579,1.0,37.26,0
19.26,642,0.369,11.6,29.4,0
15.6,771,0.023,19.1,21.75,1
5.12,629,0.279,16.7,44.58,0
23.97,781,0.443,13.4,43.5,0
13.92,792,0.662,2.1,35.29,0
19.1,769,0.625,22.9,9.43,1
2.11,665,0.711,10.4,13.72,0
19.54,850,0.362,3.6,8.65,1
9.92,693,0.603,2.1,13.56,0
15.84,700,0.094,19.6,38.89,1
10.34,678,0.398,15.3,17.35,1
29.9,584,0.689,6.3,14.85,0
8.46,790,0.632,13.3,13.2,1
27.56,631,0.499,23.7,3.47,1
27.7,758,0.129,12.3,17.67,1
13.79,779,0.153,9.8,5.63,1
10.51,731,0.515,7.7,28.53,1
12.67,621,0.258,4.6,10.06,1
29.7,651,0.26,22.8,14.31,1
19.33,452,0.639,4.3,24.44,0
17.25,670,0.035,1.4,19.67,1
3.01,748,0.307,3.6,16.75,0
25.74,660,0.194,4.6,47.87,0
4.35,630,0.04,10.6,3.86,1
3.32,655,0.178,22.7,44.14,0
9.7,783,0.155,3.4,46.5,0
15.32,675,0.388,3.7,48.43,0
27.07,838,0.338,10.9,43.24,1
24.12,631,0.364,22.6,40.68,1
7.53,698,0.661,23.2,12.6,1
12.42,643,0.381,23.8,9.83,1
23.85,850,0.486,3.2,30.53,1
16.76,695,0.493,17.6,27.24,1
6.89,850,0.397,16.2,36.32,0
13.09,644,0.242,0.8,6.76,0
19.53,810,0.679,16.8,15.02,1
29.25,690,0.34,17.4,33.94,0
20.53,751,0.437,16.4,30.98,1
2.45,576,0.428,5.4,18.08,1
21.74,710,0.624,8.3,8.26,1
9.02,589,0.41,13.8,43.04,0
26.14,702,0.354,3.5,41.73,1
12.75,551,0.356,4.0,8.16,0
7.59,672,0.589,17.5,37.72,0
15.1,773,0.261,4.1,7.95,1
9.15,727,0.702,0.4,23.12,0
8.6,575,0.638,4.6,23.84,0
18.05,519,0.121,1.9,20.69,1
23.49,722,0.252,7.1,17.77,1
25.38,814,0.681,19.0,23.91,1
13.13,598,0.223,19.7,35.88,0
3.87,850,0.252,1.8,17.22,1
15.55,679,0.179,14.3,29.43,0
14.15,514,0.06,2.2,18.57,0
7.52,547,0.369,4.7,48.58,0
27.09,745,0.571,19.6,34.5,1
29.28,691,0.502,24.3,42.76,0
3.45,806,0.04,6.8,22.17,0
24.28,578,0.402,19.4,13.56,1
20.08,690,0.261,8.6,4.87,1
9.32,681,0.489,19.6,41.04,0
19.78,668,0.316,14.3,35.21,0
5.6,647,0.736,13.7,41.24,0
3.94,649,0.625,20.2,34.28,0
29.82,695,0.531,17.4,2.85,1
19.82,706,0.396,24.3,21.82,0
9.09,701,0.452,9.1,17.24,0
14.6,783,0.343,23.9,22.24,1
28.6,578,0.6,20.7,33.73,0
14.28,526,0.683,12.3,28.75,0
27.21,766,0.749,12.5,32.15,1
26.33,600,0.457,22.5,11.31,0
11.64,648,0.518,14.7,25.31,0
21.49,628,0.312,8.4,12.52,1
20.49,626,0.026,1.0,26.05,1
23.59,556,0.533,7.5,15.46,1
12.25,632,0.702,5.4,11.64,1
3.46,735,0.648,3.2,47.08,0
6.79,680,0.661,16.8,14.13,0
19.26,723,0.314,9.9,31.67,1
23.7,638,0.541,2.4,31.69,0
23.17,757,0.486,8.2,29.26,1
18.34,637,0.415,3.5,36.22,1
4.37,501,0.131,15.0,30.81,1
2.48,707,0.44,10.7,42.63,0
23.9,745,0.238,23.4,2.25,1
17.38,632,0.534,15.2,4.61,0
23.92,782,0.71,19.1,28.15,1
6.56,608,0.551,8.4,20.58,0
13.41,737,0.209,18.9,11.39,1
27.74,828,0.36,18.4,18.29,0
6.8,683,0.432,24.8,32.82,0
3.72,661,0.55,16.5,42.8,1
20.3,671,0.128,22.9,9.9,1
18.65,818,0.404,21.7,15.32,1
28.66,714,0.648,23.0,7.86,1
27.38,850,0.04,14.3,49.83,1
22.98,704,0.551,5.6,1.98,1
2.54,624,0.663,14.6,8.73,0
15.45,630,0.601,23.0,19.85,0
27.09,685,0.7,24.3,10.75,1
14.14,506,0.591,23.7,34.33,1
28.94,640,0.398,11.0,2.12,1
20.27,642,0.368,20.1,26.23,1
5.06,700,0.043,12.2,10.64,1
16.26,845,0.034,17.3,31.97,1
21.48,685,0.487,10.8,6.75,1
3.83,517,0.221,7.6,10.68,0
11.65,602,0.244,11.0,41.67,0
22.08,702,0.609,7.7,45.1,0
6.4,688,0.101,10.6,18.71,0
11.75,818,0.227,16.9,29.79,1
21.32,762,0.52,5.0,34.09,0
23.72,759,0.042,16.9,38.28,1
16.52,662,0.399,1.8,27.25,0
28.79,773,0.082,0.0,29.35,1
27.91,604,0.576,5.8,39.4,0
15.26,762,0.483,5.1,27.77,1
6.49,656,0.464,20.8,27.35,0
23.64,557,0.182,18.9,14.87,1
8.81,730,0.549,16.7,42.07,0
25.6,799,0.24,17.7,22.65,1
18.44,645,0.437,16.6,28.08,1
13.03,813,0.087,20.7,31.99,1
17.58,539,0.09,13.3,27.49,1
16.92,578,0.162,0.4,22.68,0
27.89,668,0.178,21.6,24.79,1
8.0,648,0.112,11.8,5.9,1
27.99,623,0.106,23.2,41.29,1
2.88,691,0.662,22.3,4.96,0
23.54,635,0.425,10.0,49.36,0
27.75,649,0.474,23.3,48.52,0
13.03,704,0.23,1.5,44.23,0
4.05,623,0.061,16.6,4.75,1
24.53,671,0.727,17.0,2.27,1
25.6,625,0.059,21.0,31.25,1
11.42,578,0.621,11.8,9.11,0
16.52,745,0.506,6.0,47.09,0
24.67,825,0.317,1.1,33.2,1
7.38,770,0.565,11.7,43.09,1
19.61,708,0.578,11.3,49.71,1
14.06,625,0.661,8.9,46.98,0
6.88,656,0.418,15.9,6.15,0
25.28,770,0.176,13.3,49.14,1
11.09,486,0.438,2.9,4.44,0
28.16,649,0.093,1.2,39.14,0
17.93,742,0.295,22.3,37.72,1
16.41,583,0.466,18.6,11.43,0
13.85,716,0.204,11.6,19.73,1
13.22,712,0.652,12.4,31.9,0
24.9,556,0.733,2.9,25.38,0
20.97,687,0.075,6.6,35.49,1
23.66,628,0.17,20.6,7.42,1
13.79,715,0.365,3.2,20.95,1
9.32,737,0.048,2.6,36.15,1
4.43,714,0.088,14.0,1.39,1
23.75,686,0.677,21.0,32.87,0
13.63,705,0.053,9.5,27.5,1
16.26,580,0.201,16.1,46.32,0
15.14,677,0.329,22.6,48.15,0
14.07,612,0.035,22.3,34.76,1
21.15,768,0.612,11.7,27.4,0
19.04,738,0.626,7.4,27.0,1
29.22,738,0.308,14.3,22.79,1
5.89,826,0.167,23.1,39.14,1
18.06,652,0.671,17.0,17.38,1
3.77,633,0.515,23.9,12.87,0
24.62,650,0.402,14.5,22.63,1
19.26,544,0.306,0.5,17.3,1
13.99,550,0.414,11.2,40.9,0
24.46,733,0.202,22.6,14.48,1
14.74,561,0.348,0.8,20.7,0
8.38,589,0.521,15.4,14.24,0
15.23,671,0.32,9.4,27.38,0
3.98,645,0.52,10.1,16.0,0
27.14,755,0.559,14.2,31.71,1
22.47,685,0.57,10.3,40.51,0
23.29,612,0.435,23.0,37.74,1
26.49,763,0.155,7.6,15.78,1
24.16,742,0.531,19.0,28.71,1
14.09,560,0.618,2.3,19.75,0
5.32,701,0.089,8.3,32.86,0
12.45,619,0.674,3.9,43.71,0
28.15,617,0.707,5.5,42.17,0
28.57,839,0.508,14.1,44.47,0
23.5,691,0.101,8.6,20.73,1
7.72,662,0.497,1.2,40.75,0
7.44,687,0.28,21.6,19.46,0
26.63,754,0.242,16.9,5.98,1
5.97,620,0.047,23.9,29.85,0
18.36,635,0.549,20.0,30.23,0
12.59,736,0.434,14.0,38.28,0
10.46,551,0.349,11.5,42.18,0
20.97,764,0.304,23.7,44.87,0
28.87,544,0.321,10.6,35.4,0
23.77,659,0.351,13.6,31.71,0
15.61,544,0.369,8.3,1.76,0
14.34,590,0.091,7.0,6.56,1
27.41,790,0.298,21.1,7.86,1
18.19,769,0.067,6.2,13.7,1
15.91,778,0.586,3.6,44.77,0
21.12,557,0.401,18.2,36.58,0
8.64,591,0.604,21.0,32.03,0
3.78,709,0.333,23.2,7.1,0
25.94,741,0.132,16.7,33.1,1
19.0,612,0.239,8.7,36.78,0
6.62,631,0.191,12.8,16.09,0
10.35,584,0.341,4.7,12.94,0
29.72,821,0.596,5.3,34.64,1
19.76,640,0.105,22.4,6.9,1
19.81,683,0.312,21.2,29.5,1
4.02,687,0.087,7.0,48.79,0
29.13,774,0.306,9.5,2.21,1
27.0,599,0.445,24.0,9.94,1
17.34,779,0.07,9.8,26.98,1
10.66,571,0.069,8.2,4.48,0
21.55,779,0.553,5.0,35.68,0
25.33,534,0.317,10.2,4.96,1
24.01,671,0.277,9.1,10.39,1
29.36,818,0.521,18.4,27.84,1
19.83,739,0.082,8.7,40.95,1
10.99,716,0.648,11.5,18.98,0
15.94,591,0.586,8.0,3.76,1
24.86,618,0.304,8.0,18.04,1
9.43,794,0.362,6.3,4.61,0
8.48,720,0.31,12.5,10.23,1
22.3,756,0.593,10.7,23.94,0
14.44,686,0.041,1.4,44.16,0
24.86,656,0.51,23.3,44.78,1
6.02,745,0.241,8.7,35.5,0
11.4,702,0.589,18.9,42.27,0
9.51,666,0.738,22.7,27.21,0
21.54,560,0.224,0.3,47.82,0
23.26,761,0.345,3.1,41.9,1
14.77,717,0.42,4.8,33.2,0
15.38,628,0.422,22.1,12.46,0
5.7,780,0.134,13.6,38.29,0
21.65,701,0.446,7.8,43.88,0
29.78,702,0.548,1.1,24.45,1
23.78,755,0.709,0.9,18.81,1
8.25,737,0.55,14.4,18.88,1
19.45,705,0.46,17.6,37.86,0
10.26,664,0.19,9.6,47.55,1
2.84,849,0.091,7.2,20.62,0
7.04,618,0.483,20.2,6.22,0
4.87,743,0.476,21.6,3.06,1
7.49,673,0.633,9.6,41.75,0
24.28,719,0.346,18.7,16.23,1
10.2,785,0.146,21.7,41.33,1
23.2,654,0.184,9.5,6.68,0
28.57,731,0.368,4.0,2.93,1
18.08,703,0.248,9.2,16.17,1
15.59,625,0.152,1.6,16.47,1
23.0,787,0.099,0.9,49.88,0
4.72,740,0.321,20.6,12.7,1
13.99,643,0.266,21.3,37.33,0
15.97,774,0.725,16.2,46.13,0
25.27,609,0.645,21.4,39.35,1
24.8,678,0.154,23.4,48.74,1
25.75,644,0.57,17.2,9.2,1
21.54,744,0.371,22.8,34.49,1
16.86,639,0.696,23.0,26.58,0
25.18,744,0.464,6.9,43.63,1
26.45,731,0.169,23.7,37.4,1
15.45,648,0.163,24.6,39.17,1
29.6,836,0.726,7.0,19.93,0
26.49,617,0.69,15.7,34.17,1
16.29,560,0.372,5.5,44.18,0
3.94,753,0.432,9.8,10.66,0
8.29,497,0.419,15.6,2.54,0
23.74,807,0.577,0.9,16.26,1
5.11,689,0.366,16.2,43.29,0
15.15,559,0.11,12.2,23.78,0
18.94,599,0.257,3.1,13.59,1
26.59,541,0.435,17.1,45.63,0
25.72,713,0.276,23.6,3.07,1
23.4,567,0.614,0.1,40.52,0
13.42,723,0.712,10.9,40.16,0
5.98,654,0.197,3.2,26.43,1
20.75,640,0.669,5.2,13.93,0
7.08,723,0.542,12.3,22.29,0
17.72,733,0.448,7.3,18.35,1
29.46,777,0.115,16.2,7.94,1
17.41,626,0.32,6.6,30.16,0
20.08,677,0.747,19.4,10.59,0
20.97,626,0.493,4.6,49.81,0
25.25,694,0.452,22.7,29.15,1
14.18,614,0.046,10.0,6.73,1
15.93,644,0.254,1.4,31.12,0
6.93,644,0.376,2.5,19.63,0
19.21,705,0.488,13.3,10.1,1
10.28,680,0.646,22.8,15.56,1
16.21,723,0.354,12.9,13.54,1
23.46,671,0.22,11.3,29.55,1
2.49,631,0.225,19.3,14.51,0
17.79,696,0.121,5.7,3.35,1
6.86,602,0.126,16.9,41.08,0
9.82,728,0.243,5.5,14.99,0
2.97,656,0.58,21.1,15.93,0
6.74,697,0.322,22.0,22.23,0
29.63,699,0.647,4.9,39.87,1
29.96,816,0.713,3.6,31.14,0
22.16,712,0.075,18.1,5.3,1
19.13,686,0.539,16.3,23.52,1
23.76,621,0.082,15.5,38.08,1
27.1,748,0.072,12.7,3.0,1
16.54,657,0.221,3.2,2.98,1
2.99,550,0.094,18.0,35.4,1
21.86,663,0.504,4.1,25.58,0
29.57,696,0.543,13.6,9.02,1
9.23,610,0.487,8.7,33.84,0
14.98,670,0.44,8.3,5.01,0
12.12,674,0.59,20.8,22.79,0
12.93,675,0.584,11.4,41.17,1
22.2,785,0.655,12.3,9.68,1
12.6,569,0.526,22.4,29.89,0
28.35,850,0.28,14.0,19.17,1
24.11,677,0.403,20.0,44.77,1
2.77,729,0.378,21.6,32.68,0
24.92,691,0.099,17.4,18.6,1
23.64,533,0.613,3.6,24.97,0
16.46,590,0.686,3.0,26.78,0
15.91,635,0.739,10.9,49.24,0
25.39,764,0.201,1.6,37.52,1
13.89,562,0.09,7.5,35.98,0
6.46,607,0.101,5.2,49.2,0
10.76,694,0.607,1.0,8.51,0
9.43,720,0.481,10.0,23.89,0
21.07,718,0.572,6.2,48.13,0
7.01,596,0.681,2.5,42.77,0
20.05,544,0.185,18.3,11.04,1
15.05,726,0.286,22.8,21.65,1
25.51,802,0.598,15.5,10.21,1
15.58,651,0.209,23.2,35.33,1
28.03,583,0.389,4.2,31.25,0
27.21,643,0.344,19.2,29.48,1
7.19,713,0.455,10.2,45.25,0
21.21,660,0.741,12.2,5.92,1
8.01,800,0.096,16.6,47.08,1
25.05,759,0.374,19.6,24.74,1
19.8,696,0.72,1.5,2.32,0
10.24,514,0.274,9.7,45.82,0
8.98,621,0.561,19.1,46.63,0
14.03,633,0.698,13.4,47.24,0
24.42,617,0.196,8.5,41.9,1
24.29,696,0.079,1.0,14.64,1
2.93,698,0.075,0.2,15.04,0
10.46,538,0.073,10.6,17.08,0
13.84,748,0.276,12.1,12.05,1
18.4,681,0.112,5.7,45.51,1
6.19,710,0.316,20.0,27.21,0
11.39,743,0.571,18.1,14.04,1
26.8,615,0.238,4.7,38.84,0
15.34,787,0.37,4.7,31.76,1
22.84,668,0.113,21.6,19.58,1
15.57,809,0.53,23.0,45.79,1
15.02,604,0.252,24.6,28.22,0
19.41,802,0.119,17.2,31.78,1
9.26,603,0.717,23.2,2.6,0
8.99,850,0.582,3.7,31.86,1
29.7,599,0.496,3.9,21.23,1
26.33,770,0.548,1.0,37.65,1
22.66,649,0.331,13.5,3.15,1
5.84,741,0.238,5.5,19.91,1
2.85,677,0.385,14.2,4.21,0
6.91,587,0.622,0.2,46.64,0
28.26,442,0.724,13.2,21.57,0
24.86,850,0.462,22.2,7.82,1
16.65,686,0.295,18.1,37.42,0
29.13,430,0.544,9.2,44.21,0
6.1,706,0.529,1.7,38.99,0
17.66,739,0.201,6.1,42.68,1
7.13,619,0.338,12.6,42.5,0
10.58,620,0.118,6.4,49.48,0
28.32,678,0.314,19.4,18.8,1
26.31,782,0.577,23.4,18.08,1
4.85,688,0.249,4.4,6.47,0
8.99,804,0.482,0.1,43.02,0
18.65,776,0.259,2.1,46.6,0
3.72,661,0.127,20.1,14.83,0
17.4,547,0.561,1.3,31.14,0
18.37,661,0.45,18.7,13.0,1
10.15,725,0.623,10.1,43.24,0
10.21,685,0.516,10.7,1.34,0
8.41,734,0.617,18.3,35.06,0
28.2,753,0.133,8.0,27.6,1
12.89,725,0.469,20.3,15.02,0
18.39,657,0.288,2.4,46.23,0
10.44,724,0.565,18.0,24.5,1
21.67,850,0.443,22.6,26.7,1
4.84,553,0.06,4.1,5.08,0
4.01,721,0.409,13.9,21.18,1
22.84,836,0.563,16.0,8.79,1
22.35,580,0.212,3.3,28.16,0
9.42,765,0.498,13.6,29.34,1
11.94,776,0.634,6.3,12.96,1
28.8,554,0.068,18.8,47.23,0
4.92,741,0.442,14.2,15.84,0
7.13,657,0.668,10.3,33.06,0
14.04,675,0.112,18.6,48.98,1
9.9,652,0.217,18.3,40.38,0
20.17,792,0.477,5.3,37.56,1
21.34,670,0.447,0.6,3.9,1
16.74,641,0.599,6.2,26.68,0
19.11,642,0.479,22.1,37.94,0
14.14,651,0.44,9.9,33.36,0
23.29,588,0.35,5.0,28.82,0
3.18,640,0.077,9.2,46.13,0
10.76,690,0.451,9.6,28.42,0
21.16,714,0.134,11.4,42.04,0
11.23,782,0.747,11.3,44.41,0
4.2,700,0.077,7.5,39.53,0
11.66,640,0.075,7.5,8.34,0
21.92,594,0.595,20.0,38.98,0
5.42,705,0.094,16.6,39.57,0
22.29,670,0.316,17.0,34.01,0
23.71,673,0.697,4.8,19.2,0
19.79,702,0.595,24.8,15.16,1
8.84,724,0.19,2.2,32.89,0
24.55,703,0.203,17.1,36.76,0
8.0,666,0.452,18.6,46.08,0
27.36,612,0.375,6.7,17.73,1
21.79,628,0.105,1.9,15.17,0
3.53,752,0.136,18.4,37.33,1
24.38,644,0.606,14.1,48.94,0
16.18,566,0.272,24.1,15.23,1
14.67,779,0.603,18.2,14.44,1
13.77,600,0.159,23.2,44.79,0
18.99,683,0.458,15.9,13.97,1
22.29,722,0.389,12.5,21.35,0
27.09,680,0.258,23.6,49.61,1
9.64,469,0.464,20.5,40.24,0
19.66,713,0.111,0.9,13.24,1
21.22,793,0.645,14.6,47.67,0
20.89,747,0.563,3.7,42.34,0
15.8,499,0.229,23.7,48.73,0
12.95,850,0.444,16.9,20.75,1
23.35,567,0.679,11.3,33.69,0
10.4,588,0.328,24.0,19.71,1
7.83,746,0.285,8.4,22.66,0
17.28,718,0.603,11.1,33.89,1
9.49,687,0.021,10.0,21.32,1
2.93,632,0.521,3.3,21.53,0
3.44,793,0.178,3.7,27.55,1
21.46,677,0.527,14.8,6.26,1
29.25,547,0.34,1.7,49.31,0
14.73,785,0.035,23.3,41.52,1
6.12,699,0.658,8.2,24.64,0
24.91,775,0.419,8.0,38.04,1
9.32,729,0.249,3.5,49.88,0
29.88,850,0.533,8.8,26.31,0
17.77,654,0.382,17.3,36.46,0
8.51,681,0.046,23.9,5.16,0
15.89,741,0.495,4.8,47.86,0
11.39,654,0.728,4.4,9.13,1
23.83,748,0.182,3.5,40.25,0
4.96,429,0.65,14.3,24.9,0
26.0,674,0.473,2.9,32.58,1
23.49,671,0.077,2.2,30.2,1
26.12,668,0.553,18.6,21.36,0
27.06,605,0.342,19.8,47.66,0
8.43,757,0.599,7.9,16.2,0
16.59,637,0.484,14.5,12.33,0
25.8,697,0.022,18.6,44.82,1
12.57,677,0.112,1.2,15.42,1
3.69,723,0.277,15.9,6.28,1
10.17,802,0.372,7.2,8.67,1
8.77,697,0.7,10.2,18.5,0
26.36,752,0.62,8.9,44.04,1
14.99,692,0.605,18.0,33.53,0
21.14,637,0.414,11.7,7.21,1
28.94,668,0.088,19.0,27.23,1
10.38,656,0.564,7.9,31.52,0
23.31,728,0.083,13.5,40.59,1
2.64,689,0.087,22.7,28.62,0
4.92,612,0.206,11.0,17.83,0
6.53,661,0.693,14.4,49.8,0
10.75,550,0.567,16.8,13.72,0
13.28,664,0.076,22.8,48.26,0
15.36,680,0.691,15.9,11.25,0
8.87,834,0.592,15.3,26.38,0
3.85,795,0.461,20.8,6.41,1
20.97,592,0.113,24.8,44.76,1
2.66,697,0.254,22.5,24.98,1
24.67,699,0.239,3.1,44.32,0
28.02,660,0.487,16.9,41.42,1
21.89,666,0.449,8.2,10.31,0
18.69,650,0.222,10.4,3.87,1
20.4,839,0.247,16.1,45.92,1
20.26,645,0.398,3.6,28.54,0
28.09,709,0.637,17.3,42.78,1
29.0,465,0.112,7.3,34.8,0
13.95,750,0.55,20.5,38.71,1
19.28,781,0.747,9.3,24.68,1
24.48,591,0.567,1.2,36.93,1
2.03,636,0.342,15.0,46.02,0
16.76,718,0.554,18.7,35.76,0
20.28,682,0.648,15.4,46.66,0
22.08,720,0.581,19.5,12.83,1
12.33,656,0.029,20.1,40.34,1
10.28,838,0.116,1.1,26.96,1
7.1,623,0.098,0.0,3.98,0
17.62,850,0.043,5.6,32.62,1
27.74,786,0.542,5.6,31.74,0
27.09,751,0.215,14.1,49.55,0
12.08,592,0.547,5.7,32.84,0
9.22,757,0.506,9.1,7.41,1
24.09,731,0.402,11.3,49.57,0
22.3,500,0.064,15.0,16.43,0
16.15,561,0.243,24.9,35.17,0
12.89,710,0.04,17.2,30.32,1
5.47,669,0.684,6.6,18.42,0
23.98,636,0.245,8.8,20.93,1
19.29,772,0.089,1.1,33.0,1
12.55,605,0.022,10.5,43.71,0
27.73,641,0.466,14.7,47.38,1
20.47,625,0.473,23.7,49.56,0
28.02,723,0.746,6.7,6.72,1
15.28,534,0.231,6.1,10.21,0
14.73,638,0.054,0.4,11.07,1
28.24,534,0.589,14.4,48.69,0
28.87,653,0.242,24.9,5.77,1
28.9,741,0.261,9.3,35.16,1
24.93,743,0.683,12.4,47.93,0
14.95,618,0.44,1.5,29.19,0
7.89,725,0.312,14.3,1.38,1
12.74,664,0.714,5.3,4.22,0
28.27,796,0.214,0.4,35.78,1
12.18,669,0.036,17.1,20.52,1
23.19,427,0.189,3.7,25.78,0
27.84,756,0.052,2.5,3.22,1
29.17,641,0.318,5.7,45.02,0
28.53,657,0.627,3.4,45.36,0
17.54,709,0.732,15.6,30.5,1
15.77,559,0.531,6.7,24.34,1
29.65,686,0.696,16.8,20.29,0
8.11,725,0.318,13.6,10.7,0
7.25,711,0.241,8.8,47.05,0
28.97,629,0.133,4.8,24.98,0
21.3,764,0.386,16.8,6.3,1
17.02,595,0.259,13.1,39.84,0
5.7,627,0.099,18.0,48.62,0
16.37,668,0.7,12.7,14.84,0
28.44,705,0.11,20.1,34.67,1
18.88,652,0.56,13.7,49.84,0
13.33,784,0.07,20.3,6.63,1
17.43,705,0.405,13.7,40.82,1
26.81,686,0.513,24.0,25.42,1
27.56,702,0.191,21.3,33.8,1
13.2,742,0.075,6.4,9.86,1
19.03,700,0.453,18.2,11.68,1
9.82,526,0.46,3.3,28.25,0
14.63,773,0.248,22.8,13.27,1
8.16,690,0.295,8.6,30.24,0
16.88,738,0.053,11.9,5.3,1
18.19,645,0.236,0.5,39.31,0
11.46,525,0.664,21.7,14.42,0
9.62,486,0.145,23.7,37.11,0
6.23,600,0.362,11.8,8.99,0
5.91,724,0.514,4.7,40.18,0
21.92,790,0.606,17.3,1.66,1
8.21,706,0.079,7.4,9.37,1
5.3,591,0.452,24.0,17.56,0
29.97,613,0.478,7.8,39.22,0
9.28,796,0.164,14.4,2.55,1
27.09,569,0.043,1.2,37.27,1
19.06,850,0.636,24.7,12.53,1
22.02,839,0.341,14.4,49.84,0
17.71,850,0.064,24.4,15.06,1
7.06,712,0.442,7.5,8.14,1
25.72,651,0.295,13.2,34.48,1
25.18,710,0.079,0.5,14.56,1
11.79,757,0.23,19.3,27.47,0
23.39,625,0.259,4.2,38.83,1
17.21,586,0.44,10.6,40.2,0
27.45,656,0.314,16.8,11.81,1
24.48,614,0.098,2.1,11.28,0
3.15,785,0.484,19.6,14.3,1
26.62,628,0.552,20.1,20.34,0
29.12,688,0.39,13.3,37.6,1
22.78,764,0.066,15.1,27.56,1
5.36,789,0.095,2.4,44.11,0
24.61,698,0.71,11.2,35.23,0
20.13,713,0.158,21.0,31.05,1
11.49,594,0.244,2.2,26.51,0
26.75,767,0.522,24.7,21.22,1
17.84,787,0.598,12.1,17.95,1
25.88,521,0.685,0.3,9.57,0
20.76,830,0.308,8.5,14.24,1
10.08,620,0.744,12.5,45.15,0
29.3,731,0.096,24.0,41.64,1
17.99,687,0.623,17.6,1.22,1
16.47,675,0.219,14.5,11.98,0
13.3,662,0.704,24.2,40.56,0
5.82,596,0.655,7.4,29.69,0
21.21,725,0.576,9.5,4.49,1
14.06,656,0.461,19.2,40.56,0
28.17,569,0.177,14.9,37.92,0
29.02,592,0.357,5.5,14.8,1
23.49,570,0.045,18.8,37.45,0
8.79,635,0.538,6.7,44.45,1
22.05,721,0.105,14.0,32.71,1
2.57,620,0.209,21.4,37.44,0
25.14,763,0.199,6.9,3.4,1
15.82,670,0.595,19.0,28.69,0
28.23,655,0.312,21.5,37.93,1
12.58,681,0.41,7.9,23.67,1
9.37,799,0.172,4.9,20.82,1
29.86,563,0.264,21.6,28.59,1
16.86,821,0.394,11.7,34.07,0
26.17,762,0.162,7.8,41.02,1
27.51,678,0.524,0.3,41.0,0
16.52,781,0.348,4.9,35.45,1
14.76,653,0.738,12.8,49.2,0
17.48,704,0.2,20.7,27.36,0
25.74,634,0.309,12.6,22.72,1
29.01,762,0.695,6.9,17.21,0
11.19,620,0.667,23.2,7.09,1
22.68,676,0.373,9.2,11.9,0
9.99,738,0.11,4.1,16.0,1
19.11,769,0.318,23.6,25.82,1
24.53,610,0.449,9.9,49.89,0
26.82,744,0.206,12.1,39.0,0
14.56,597,0.16,20.7,44.5,0
12.35,497,0.408,7.2,9.89,0
9.1,616,0.148,13.2,2.18,0
5.74,751,0.658,21.7,1.13,0
12.22,679,0.074,6.4,25.63,0
26.42,635,0.741,22.4,6.76,1
13.73,685,0.413,4.8,10.28,1
10.88,682,0.738,21.4,9.71,0
22.7,733,0.569,9.8,35.97,1
8.04,543,0.132,13.7,47.71,0
9.18,671,0.186,13.8,6.94,1
28.21,691,0.098,5.1,6.24,1
4.28,564,0.552,4.3,17.15,0
13.61,563,0.143,17.8,32.24,0
18.15,649,0.542,20.6,19.1,1
8.45,681,0.647,3.4,14.64,0
9.87,681,0.321,18.8,6.64,1
8.21,633,0.503,8.2,23.44,0
11.67,629,0.673,14.9,2.73,0
27.16,646,0.57,13.4,31.78,0
14.08,705,0.115,18.6,41.35,0
13.7,786,0.234,13.5,48.46,1
12.82,491,0.411,2.3,16.79,0
29.0,733,0.213,7.0,41.43,1
5.28,671,0.389,9.9,25.84,0
26.41,725,0.716,14.3,14.12,0
11.16,781,0.351,4.2,5.73,0
28.78,616,0.211,8.4,22.9,0
10.83,760,0.127,1.6,43.5,0
4.32,573,0.678,8.1,47.43,0
16.56,691,0.188,12.8,23.64,0
8.38,659,0.161,23.4,38.88,1
23.08,684,0.422,4.4,11.44,1
20.4,596,0.357,0.7,37.46,0
21.22,717,0.302,9.4,2.05,1
7.42,815,0.442,15.2,21.49,1
21.84,597,0.436,15.2,38.71,1
10.72,696,0.07,8.6,18.96,0
29.96,753,0.323,0.9,6.06,1
22.49,655,0.546,23.0,48.58,0
18.53,796,0.299,12.5,15.65,1
26.28,643,0.748,19.4,3.07,0
18.5,670,0.192,9.9,21.0,1
17.48,596,0.382,20.8,35.15,0
8.64,691,0.512,19.6,19.8,0
20.99,680,0.42,2.4,45.13,0
12.49,734,0.049,1.3,11.44,1
3.21,626,0.395,3.7,29.36,0
24.85,622,0.725,20.6,6.24,0
3.45,719,0.317,6.7,6.79,0
20.82,799,0.105,9.9,10.57,1
6.39,733,0.036,14.5,11.67,0
14.11,837,0.321,16.3,33.32,1
26.05,727,0.155,10.7,42.58,0
4.64,724,0.629,11.2,43.41,0
20.68,738,0.715,8.2,31.79,0
19.15,806,0.707,2.4,20.94,0
26.29,785,0.293,3.7,13.97,1
6.84,588,0.352,22.2,15.37,0
24.39,748,0.25,24.4,23.19,1
14.6,703,0.114,20.6,31.82,1
14.0,664,0.428,7.6,28.21,0
12.13,529,0.156,4.5,38.32,0
12.8,549,0.063,12.7,7.29,0
16.56,649,0.64,2.4,6.53,0
4.99,556,0.603,22.9,49.55,0
13.9,651,0.696,19.2,16.48,0
20.26,741,0.259,24.3,48.6,0
15.95,631,0.656,21.4,15.18,1
6.64,687,0.311,10.2,4.17,1
12.17,589,0.073,7.9,25.87,0
14.4,705,0.354,20.9,10.67,1
20.73,723,0.424,14.7,45.08,0
27.22,559,0.335,22.0,22.19,0
17.41,616,0.593,8.1,22.61,1
20.94,572,0.277,13.7,20.09,0
4.16,723,0.692,11.6,6.44,0
28.73,694,0.074,4.6,31.54,1
10.83,676,0.546,13.5,8.58,1
11.92,669,0.698,2.1,32.35,0
8.24,707,0.424,9.4,20.61,1
4.37,709,0.661,13.3,42.8,0
24.12,638,0.525,3.6,26.5,0
8.73,626,0.031,18.8,44.53,0
9.92,675,0.51,4.8,2.24,0
7.09,664,0.499,18.2,36.55,0
29.3,850,0.02,0.6,28.38,1
23.87,647,0.319,17.2,9.28,1
28.04,705,0.048,10.0,6.18,1
26.13,720,0.234,19.8,37.12,0
27.38,799,0.74,14.0,19.4,1
15.41,611,0.706,9.5,4.74,0
6.78,794,0.52,16.6,35.06,0
11.15,667,0.288,9.7,15.25,0
10.19,850,0.309,8.9,15.7,0
22.08,711,0.048,10.6,5.02,1
2.72,576,0.267,17.8,21.71,1
5.98,663,0.593,15.4,45.74,0
21.12,794,0.399,22.9,43.15,1
5.46,687,0.368,0.0,17.22,0
3.35,675,0.087,4.0,16.03,0
5.06,741,0.691,12.4,43.45,0
21.34,651,0.227,16.7,37.24,0
5.9,662,0.3,2.2,10.99,0
6.1,600,0.261,7.4,45.02,0
8.45,827,0.26,24.7,45.69,0
23.03,576,0.458,8.2,17.68,0
7.61,694,0.478,9.5,44.75,0
2.99,721,0.457,6.0,33.52,0
27.36,679,0.07,0.4,43.91,0
26.54,573,0.728,7.1,19.88,0
7.17,595,0.541,4.0,20.51,0
9.43,724,0.664,9.5,25.64,0
7.28,614,0.137,5.8,13.91,0
22.15,504,0.7,10.1,27.33,0
9.0,713,0.547,6.7,25.95,0
28.08,606,0.386,22.9,10.22,1
25.17,734,0.037,7.3,44.88,1
18.48,663,0.205,4.7,6.13,0
2.25,659,0.632,19.1,44.23,0
26.74,684,0.297,20.3,27.36,1
22.38,583,0.515,14.1,24.62,0
24.06,610,0.553,8.6,43.07,1
4.01,658,0.586,20.9,23.21,0
21.84,583,0.299,16.7,15.84,0
24.53,741,0.684,9.5,8.74,0
28.79,654,0.233,9.8,34.7,0
18.25,557,0.63,0.1,41.82,0
16.23,632,0.33,1.4,26.0,1
13.91,689,0.191,3.4,14.84,0
21.64,642,0.271,6.2,47.1,0
27.78,714,0.604,23.2,32.68,1
18.79,729,0.469,20.5,27.7,1
8.36,850,0.12,1.0,39.81,0
2.49,778,0.11,0.4,17.37,1
19.34,541,0.522,14.7,37.08,0
26.21,649,0.195,9.4,18.18,1
3.85,657,0.172,20.0,13.64,1
13.13,729,0.567,24.3,12.4,1
28.32,601,0.256,12.4,44.3,0
16.05,635,0.07,4.4,40.47,0
8.18,574,0.33,22.3,11.2,0
11.9,629,0.436,10.6,4.44,1
13.43,632,0.459,10.4,8.58,1
5.28,653,0.063,17.6,16.07,1
20.5,579,0.351,9.2,30.88,0
18.58,763,0.282,5.9,33.61,1
20.14,720,0.348,18.5,6.58,1
19.1,557,0.05,4.6,23.28,0
2.47,682,0.236,1.0,26.53,0
6.88,547,0.49,12.4,13.7,0
6.64,794,0.112,0.8,36.76,0
4.74,817,0.72,19.8,30.17,1
22.59,675,0.746,24.4,36.81,1
5.36,608,0.283,23.7,35.23,0
20.71,624,0.517,3.7,44.95,0
6.99,641,0.484,23.3,33.98,0
5.31,671,0.142,2.8,40.21,1
6.55,796,0.303,8.9,25.96,1
16.24,761,0.736,2.1,12.62,0
20.07,763,0.113,20.6,5.45,1
24.73,694,0.44,5.6,24.98,0
5.6,582,0.457,16.6,40.12,0
19.25,615,0.142,19.1,29.58,1
23.67,685,0.411,9.5,2.27,1
10.75,578,0.69,19.7,12.72,0
4.23,706,0.104,8.1,22.61,0
6.37,748,0.159,3.7,20.71,1
4.56,726,0.207,11.5,35.17,0
26.84,723,0.568,17.8,9.61,1
12.55,521,0.441,1.0,19.12,0
16.65,793,0.388,20.2,27.26,1
23.52,547,0.598,6.4,49.2,0
12.4,667,0.734,17.0,46.34,0
20.17,733,0.163,2.9,19.7,1
4.15,710,0.613,9.7,17.37,0
15.47,571,0.29,11.6,47.53,0
4.7,587,0.127,11.7,43.22,0
8.95,704,0.207,6.8,35.8,0
10.21,723,0.311,13.2,31.46,1
22.09,586,0.676,6.9,36.71,0
20.87,713,0.369,4.2,35.78,0
22.92,551,0.468,3.3,42.0,0
3.73,733,0.044,22.4,36.45,1
29.83,605,0.067,3.3,32.86,1
3.52,687,0.705,9.9,46.9,0
25.12,673,0.632,6.3,47.09,0
22.73,779,0.377,15.4,21.43,1
18.57,701,0.166,8.6,49.93,0
14.29,629,0.049,7.2,20.26,1
23.2,711,0.732,24.2,13.2,0
22.72,850,0.024,24.9,11.16,1
5.84,743,0.193,3.3,6.83,0
24.19,675,0.519,17.3,18.88,1
4.2,609,0.705,22.2,48.44,0
16.02,628,0.105,24.3,16.9,0
20.06,738,0.585,7.5,46.06,1
25.01,605,0.262,19.6,6.25,1
14.97,680,0.516,8.2,8.18,0
8.63,802,0.091,15.5,8.99,0
15.74,693,0.651,12.8,27.93,0
9.01,588,0.536,17.7,49.6,0
16.8,850,0.718,22.8,11.0,1
14.95,830,0.387,2.8,17.36,1
23.85,723,0.668,5.6,42.81,0
8.72,788,0.414,14.6,27.03,0
7.6,657,0.394,8.9,17.9,0
15.28,742,0.089,13.9,21.71,1
3.41,644,0.614,19.6,37.02,0
8.42,565,0.321,17.5,18.76,1
11.9,850,0.458,19.2,33.45,0
15.65,560,0.495,4.0,40.25,0
9.54,705,0.586,0.8,3.79,0
17.7,704,0.44,21.8,37.74,0
26.6,724,0.473,11.3,47.27,1
17.22,672,0.4,15.9,4.94,1
10.03,673,0.468,1.8,5.0,1
3.74,692,0.344,17.7,31.16,0
5.83,721,0.587,2.5,34.15,0
17.71,680,0.612,19.7,23.65,0
21.14,674,0.397,1.5,46.84,0
3.39,568,0.127,2.1,7.21,0
7.2,850,0.293,8.6,6.81,1
10.93,726,0.633,5.3,1.5,0
10.95,698,0.689,24.6,41.28,0
28.84,627,0.215,11.3,5.42,1
7.71,595,0.707,11.7,30.57,0
3.75,753,0.222,1.2,46.55,1
11.88,666,0.691,12.3,3.58,1
5.76,733,0.703,1.6,6.75,0
5.54,565,0.389,15.7,43.68,0
13.41,811,0.714,24.5,14.6,1
10.58,757,0.421,8.2,21.69,0
4.57,673,0.297,20.2,29.43,1
18.92,720,0.611,24.1,36.11,0
16.05,743,0.099,24.2,10.01,1
4.16,566,0.178,18.6,43.81,0
26.16,823,0.176,21.7,38.93,1
9.97,721,0.474,8.8,5.44,1
28.92,620,0.537,14.6,6.3,1
28.08,587,0.631,16.6,35.65,0
14.15,764,0.677,5.4,24.16,0
8.4,698,0.659,7.8,23.17,0
25.38,721,0.518,9.0,11.66,1
12.12,682,0.688,1.6,35.9,0
6.58,595,0.221,11.4,6.59,0
17.45,723,0.549,19.6,19.29,1
15.7,663,0.076,16.2,36.39,1
25.8,678,0.111,15.6,49.05,1
22.42,850,0.185,15.1,11.41,1
26.53,754,0.095,0.6,32.16,1
22.57,759,0.725,0.1,4.14,0
19.98,850,0.36,4.2,14.08,1
16.0,713,0.682,22.8,5.73,1
29.65,690,0.368,21.4,41.7,0
28.86,622,0.531,14.4,21.49,0
25.77,642,0.255,9.6,44.68,1
23.71,506,0.714,24.1,2.97,0
18.17,747,0.045,1.6,35.22,1
9.27,572,0.529,2.4,26.21,0
26.51,757,0.714,15.5,34.98,0
2.3,676,0.595,13.7,48.37,0
8.37,691,0.624,24.5,48.66,1
13.3,676,0.238,20.1,41.7,1
18.41,798,0.35,23.5,11.32,1
17.7,783,0.119,18.0,38.21,1
6.92,678,0.295,23.2,47.91,0
4.93,604,0.026,17.2,17.97,0
8.23,759,0.589,13.1,18.12,1
11.76,597,0.716,14.5,24.42,0
2.39,548,0.532,22.5,35.06,0
21.39,722,0.612,2.6,13.14,1
8.94,784,0.395,14.1,8.75,1
11.84,646,0.16,9.8,15.04,0
11.38,714,0.546,16.6,32.63,0
16.33,645,0.238,15.1,3.06,1
26.07,741,0.355,10.0,46.45,0
6.18,773,0.677,17.2,28.32,0
11.54,658,0.292,13.4,6.2,1
21.38,593,0.231,4.7,36.43,0
3.24,556,0.043,16.0,15.05,1
25.24,759,0.532,0.7,38.56,0
28.93,583,0.177,20.6,44.13,1
19.01,712,0.487,22.7,25.68,0
28.78,746,0.288,1.9,10.04,1
13.57,637,0.595,6.4,24.15,0
13.62,666,0.67,3.2,28.99,0
4.97,765,0.192,19.3,18.63,1
2.99,611,0.598,1.8,38.7,0
8.85,603,0.132,13.5,14.3,0
15.39,660,0.123,9.7,42.23,0
16.22,789,0.333,18.8,22.44,1
8.09,817,0.257,16.0,29.74,1
19.16,672,0.741,13.6,3.75,0
7.07,619,0.607,12.6,11.3,0
11.13,770,0.67,19.4,22.49,1
7.48,538,0.119,11.9,37.21,0
21.51,701,0.541,10.5,48.59,0
16.46,676,0.461,0.6,4.55,0
22.61,790,0.092,6.7,46.91,1
3.6,799,0.599,9.2,16.1,0
13.91,600,0.643,14.5,49.15,0
29.07,694,0.687,16.8,3.19,1
3.5,631,0.706,24.1,25.94,0
13.71,655,0.099,6.9,39.1,1
3.13,732,0.664,13.6,18.17,1
6.11,652,0.71,18.9,48.71,1
14.95,696,0.524,7.8,46.31,0
6.41,761,0.154,13.7,17.23,1
16.53,809,0.313,10.5,1.2,1
27.84,705,0.086,9.9,9.59,1
7.61,690,0.023,1.6,2.59,1
5.0,586,0.692,0.6,34.3,0
25.11,815,0.73,7.4,7.91,1
14.89,722,0.691,22.8,24.51,0
26.71,692,0.205,4.8,10.18,1
10.57,687,0.473,1.6,43.48,0
19.57,711,0.385,15.5,15.43,0
27.85,746,0.382,24.0,35.2,1
6.81,756,0.333,1.4,29.71,1
24.42,817,0.707,18.6,19.4,1
19.68,701,0.597,2.7,38.23,0
24.76,829,0.638,3.4,6.61,1
6.78,770,0.045,23.4,35.84,1
14.15,675,0.321,17.5,9.79,1
5.61,538,0.457,14.0,5.01,1
28.88,687,0.501,4.1,48.43,0
3.76,812,0.673,14.0,9.43,1
3.83,614,0.142,1.6,13.97,0
27.15,687,0.086,9.9,1.5,1
10.42,694,0.672,17.6,34.17,0
18.72,760,0.39,14.2,38.24,0
10.05,647,0.414,16.9,2.01,1
20.17,606,0.67,2.9,26.34,0
7.39,728,0.567,19.0,42.56,0
14.85,617,0.553,23.9,39.57,1
16.94,524,0.156,22.7,40.39,0
11.34,836,0.474,2.2,4.34,1
9.05,759,0.349,2.5,14.87,0
5.93,840,0.466,12.8,26.53,1
21.77,754,0.44,13.1,26.03,1
6.71,738,0.039,21.4,38.12,0
10.18,711,0.271,9.2,46.06,0
11.43,664,0.354,12.9,36.12,1
14.72,724,0.385,5.1,24.6,1
21.67,633,0.093,23.7,29.93,1
13.98,589,0.676,3.0,1.19,0
26.39,652,0.264,22.6,23.08,1
21.03,790,0.377,22.3,6.57,1
25.48,575,0.505,1.3,36.85,1
22.06,577,0.545,19.4,39.28,1
6.16,730,0.296,8.4,49.98,0
29.38,645,0.114,5.6,23.68,1
24.02,721,0.171,10.1,5.26,1
18.04,764,0.14,23.1,7.8,1
6.63,719,0.198,10.0,45.47,0
6.84,626,0.461,6.1,10.6,0
19.2,789,0.411,13.1,18.79,1
13.65,743,0.143,10.2,7.54,1
20.92,682,0.518,0.5,41.13,0
12.43,678,0.067,4.7,15.76,1
16.36,712,0.684,0.4,19.24,0
7.26,653,0.433,13.1,37.38,0
6.35,541,0.451,16.0,30.27,0
4.12,744,0.229,18.0,30.18,1
24.95,739,0.393,5.2,3.48,1
17.55,484,0.331,20.1,11.69,1
28.52,723,0.714,10.3,14.5,1
22.99,829,0.076,1.2,49.75,1
23.53,584,0.355,23.2,12.01,1
16.25,674,0.598,17.3,19.29,0
24.83,665,0.418,14.1,10.43,1
28.38,821,0.433,1.0,24.23,1
22.21,775,0.685,0.3,1.0,1
4.96,605,0.294,14.1,40.37,0
20.23,709,0.022,22.0,44.26,1
5.37,850,0.696,16.2,25.03,0
4.16,627,0.044,0.1,42.41,0
21.4,679,0.602,16.0,1.24,1
25.37,724,0.122,8.7,22.43,1
6.45,628,0.035,3.1,9.34,1
4.08,830,0.279,20.3,20.13,1
26.82,640,0.651,14.4,21.68,1
5.7,562,0.047,18.1,34.26,0
2.98,635,0.212,4.1,40.31,0
22.19,736,0.224,2.9,47.15,1
25.74,612,0.089,12.9,15.68,1
16.41,706,0.088,13.2,34.77,0
17.12,728,0.683,14.6,42.03,0
11.43,577,0.528,18.6,20.6,0
8.68,632,0.247,16.6,28.47,0
23.15,710,0.194,16.9,34.65,1
25.78,740,0.051,4.4,4.87,1
10.99,634,0.282,10.5,31.45,0
9.67,693,0.24,15.0,27.6,0
9.5,656,0.689,13.0,16.12,1
3.42,742,0.181,7.6,49.75,1
9.87,724,0.316,23.6,5.0,1
2.72,648,0.518,3.5,47.58,0
24.08,721,0.254,24.4,32.24,1
9.17,645,0.591,19.6,3.91,0
21.32,719,0.55,14.9,9.86,1
17.21,720,0.046,3.2,39.32,0
25.45,850,0.645,14.1,10.6,1
28.89,651,0.286,2.2,3.29,1
12.28,668,0.09,23.3,27.81,0
4.47,625,0.53,7.1,49.93,0
22.99,592,0.565,10.0,19.59,0
2.6,641,0.072,15.9,22.65,0
8.24,737,0.278,0.5,38.92,0
3.49,743,0.674,13.5,30.34,0
27.15,705,0.509,17.9,14.24,1
2.15,655,0.41,5.2,27.83,0
15.8,638,0.388,3.9,23.55,1
13.87,602,0.464,12.2,1.8,0
20.28,633,0.497,13.4,6.27,1
10.11,570,0.07,11.0,30.64,0
26.46,795,0.264,7.4,8.29,1
22.56,836,0.404,10.2,38.68,1
14.1,515,0.553,7.8,25.07,1
12.02,705,0.562,6.2,5.21,0
24.84,703,0.462,11.8,47.63,0
23.2,698,0.448,9.9,42.08,0
13.17,630,0.288,10.9,32.31,0
11.56,767,0.629,0.0,37.53,1
3.09,715,0.689,17.3,33.6,1
4.29,768,0.638,1.2,1.63,0
3.51,617,0.657,5.2,31.41,0
2.68,562,0.683,20.1,12.99,0
6.28,717,0.168,24.6,47.45,1
26.0,598,0.395,24.8,21.04,1
24.35,770,0.41,14.8,35.53,1
25.68,499,0.374,6.5,8.29,0
19.47,640,0.639,20.9,24.18,0
19.47,628,0.257,16.3,6.11,0
5.47,652,0.138,24.7,20.92,0
21.57,702,0.22,13.7,28.46,0
9.84,714,0.124,13.2,31.99,1
16.54,734,0.315,1.1,20.38,0
28.73,744,0.105,4.9,8.78,1
26.38,665,0.084,16.7,33.32,1
8.53,850,0.349,24.8,1.58,1
22.63,798,0.459,11.9,40.62,0
4.91,653,0.464,0.7,34.09,0
2.75,668,0.087,10.0,38.94,0
2.79,652,0.729,3.2,48.71,0
6.77,711,0.109,24.0,17.03,1
21.46,597,0.502,3.5,27.1,0
12.17,613,0.669,2.9,32.0,0
2.45,496,0.666,11.4,29.71,0
29.66,646,0.394,13.5,32.05,1
16.93,771,0.223,17.9,47.16,1
13.03,667,0.624,9.2,24.71,0
16.53,672,0.467,22.4,43.22,0
16.56,704,0.597,15.0,31.93,0
15.17,595,0.312,1.2,39.34,0
19.16,682,0.687,0.9,17.07,0
26.8,756,0.699,11.7,17.13,0
10.45,706,0.558,11.0,46.83,0
15.64,763,0.708,11.3,41.82,0
2.1,787,0.351,1.4,25.81,0
26.07,736,0.162,1.3,23.58,1
10.57,619,0.499,1.5,13.31,0
9.6,651,0.497,18.3,11.17,0
29.93,844,0.379,15.0,12.06,1
18.36,707,0.21,3.4,47.14,0
5.45,695,0.476,10.8,14.06,0
9.43,607,0.152,23.6,22.87,1
11.89,672,0.57,1.7,34.42,0
29.61,741,0.682,4.7,32.63,0
14.06,681,0.142,9.7,38.78,1
8.44,636,0.619,5.9,19.58,0
17.95,656,0.165,4.0,17.29,0
13.33,781,0.385,24.3,25.63,1
3.54,737,0.698,19.2,32.1,0
26.11,725,0.08,18.2,49.74,1
2.44,717,0.086,23.3,29.78,1
27.16,579,0.72,4.7,38.62,0
24.17,703,0.136,22.2,46.3,1
4.12,771,0.27,24.6,1.16,1
22.26,658,0.355,14.7,13.45,1
23.59,763,0.025,22.6,1.16,1
18.86,726,0.157,20.4,45.27,1
18.17,750,0.625,7.9,19.98,0
3.39,684,0.399,8.3,29.42,0
3.67,755,0.308,16.9,24.68,1
22.36,556,0.518,13.8,37.91,0
4.96,683,0.257,9.6,19.04,1
8.77,741,0.34,1.2,1.6,1
15.97,705,0.745,0.6,18.59,0
6.6,773,0.585,2.4,24.05,0
24.12,667,0.424,10.1,20.87,0
24.61,633,0.405,0.7,14.38,0
25.58,541,0.636,3.7,5.73,0
3.39,657,0.459,24.2,2.38,0
13.98,724,0.268,11.3,45.64,1
25.71,745,0.325,23.3,4.23,1
12.17,561,0.154,4.7,20.45,0
21.48,780,0.72,9.0,4.84,1
18.5,597,0.496,16.8,6.44,0
11.72,670,0.311,24.7,32.73,1
9.74,632,0.283,17.5,46.27,0
20.28,715,0.682,22.6,18.06,0
5.74,688,0.283,1.2,37.54,0
26.08,738,0.572,7.6,39.24,1
18.14,837,0.63,22.1,32.38,0
5.12,714,0.684,13.1,43.57,0
21.7,631,0.292,4.2,10.15,1
14.07,719,0.579,4.2,4.68,0
7.71,845,0.259,19.0,23.35,1
28.91,736,0.709,3.9,27.17,1
22.15,760,0.028,12.4,19.23,0
18.6,545,0.436,4.5,46.17,0
25.77,713,0.392,5.2,7.05,1
17.23,657,0.661,9.9,46.72,0
14.36,622,0.178,3.0,21.7,1
7.3,678,0.084,16.5,41.83,0
6.29,689,0.638,4.2,19.51,0
14.1,627,0.276,18.8,25.89,0
14.77,696,0.257,13.0,34.72,0
22.53,665,0.097,8.7,24.22,0
14.38,740,0.692,15.4,43.83,0
18.61,699,0.482,10.2,27.32,1
25.31,712,0.525,2.1,1.89,1
29.81,763,0.675,7.7,40.13,0
11.03,727,0.636,13.1,25.21,0
27.25,679,0.35,2.6,34.0,0
24.57,503,0.137,18.3,16.85,1
3.9,724,0.511,8.9,35.25,0
11.36,602,0.495,5.1,36.39,0
8.13,673,0.054,0.2,49.93,0
20.6,712,0.677,2.1,18.88,0
17.55,793,0.265,5.9,11.76,1
15.86,837,0.333,9.2,24.61,1
23.38,602,0.395,3.8,34.9,0
11.33,568,0.686,13.6,24.6,0
12.72,708,0.144,4.9,43.22,0
26.24,701,0.289,23.9,48.2,1
29.22,578,0.386,14.1,49.02,0
23.74,679,0.744,19.9,7.17,1
8.08,731,0.341,10.5,12.93,1
5.15,575,0.311,5.1,15.43,1
7.86,595,0.703,11.2,46.5,0
13.84,625,0.503,10.3,39.28,0
8.63,662,0.139,15.6,6.95,1
27.23,739,0.148,22.8,22.48,1
20.78,652,0.49,5.9,46.53,0
13.67,685,0.361,2.4,11.11,1
9.67,850,0.027,17.9,28.12,1
12.66,599,0.347,0.0,34.77,0
15.33,624,0.706,19.9,4.18,1
21.99,738,0.566,18.2,22.16,1
4.5,764,0.428,20.6,45.99,1
25.77,715,0.162,2.3,1.58,1
5.57,834,0.265,5.1,32.04,0
9.35,707,0.748,13.8,43.83,0
29.82,512,0.501,8.2,22.07,0
7.33,688,0.222,21.1,13.69,0
4.83,631,0.559,11.5,36.61,0
19.88,798,0.087,10.7,18.98,1
13.01,762,0.291,4.6,17.39,0
4.57,545,0.187,14.1,13.76,1
2.1,795,0.674,8.6,48.08,0
4.22,760,0.557,11.3,37.52,0
16.64,652,0.383,6.8,7.79,1
8.47,673,0.318,15.2,15.58,0
23.77,798,0.647,21.0,44.93,0
26.01,512,0.163,0.5,41.65,0
6.06,718,0.075,5.8,18.26,0
11.44,773,0.642,16.9,35.75,0
6.1,672,0.645,17.7,5.94,1
10.03,735,0.197,7.4,8.3,0
8.7,689,0.163,7.2,45.14,0
24.03,613,0.547,18.7,27.63,0
11.67,611,0.125,14.0,7.67,1
15.88,741,0.474,9.7,25.04,0
20.87,626,0.532,1.4,23.73,0
25.02,550,0.474,16.3,49.85,0
10.43,690,0.332,7.3,1.72,1
7.86,636,0.616,14.4,37.24,1
29.4,578,0.699,18.1,38.06,0
10.96,686,0.535,11.6,38.98,0
20.79,745,0.326,6.3,39.1,1
20.98,682,0.747,5.4,35.77,0
16.39,589,0.348,17.6,21.77,0
8.4,721,0.105,22.3,3.42,1
5.96,768,0.153,24.5,48.41,0
15.64,850,0.274,20.1,12.87,1
16.31,803,0.145,15.1,15.96,1
23.65,595,0.588,21.6,8.48,1
21.88,753,0.03,9.7,17.26,1
27.54,702,0.316,22.1,17.06,1
29.18,582,0.661,10.8,18.63,0
22.38,704,0.106,14.9,20.78,0
4.14,843,0.441,4.2,33.73,0
13.34,782,0.702,12.4,48.57,0
19.05,594,0.072,8.5,26.6,1
18.53,681,0.275,9.2,49.71,0
7.08,722,0.047,15.0,3.7,1
18.32,533,0.518,22.0,19.41,0
11.79,536,0.325,20.6,2.48,1
11.49,693,0.712,8.7,30.27,0
25.35,694,0.525,18.3,48.98,0
13.81,524,0.459,13.7,11.4,0
16.77,713,0.685,8.7,36.16,0
17.76,772,0.115,22.7,38.39,1
17.76,661,0.592,4.0,6.07,1
7.97,685,0.553,20.1,22.2,1
18.78,729,0.511,5.3,7.85,1
11.37,717,0.486,22.3,18.26,1
20.34,538,0.111,18.0,40.53,1
6.08,603,0.614,11.6,15.24,0
29.84,646,0.484,1.9,46.73,0
23.62,607,0.583,4.5,39.04,0
13.68,805,0.66,4.1,13.9,1
10.44,734,0.416,19.0,21.88,1
12.86,586,0.719,15.6,31.27,0
22.19,662,0.1,5.4,30.73,1
20.35,776,0.023,9.2,28.59,1
21.66,625,0.261,7.7,19.43,1
26.89,752,0.178,16.3,47.26,1
14.78,798,0.424,8.3,5.31,1
20.75,783,0.225,19.2,32.02,1
14.36,695,0.522,17.4,2.74,0
19.87,786,0.71,6.1,28.23,1
15.3,636,0.582,8.1,10.03,0
23.75,850,0.327,13.7,5.13,1
2.15,700,0.739,22.7,3.59,0
8.04,777,0.583,2.8,47.82,0
10.3,649,0.612,9.0,7.29,0
28.47,722,0.169,15.0,18.61,0
16.2,726,0.521,8.1,24.05,0
12.2,601,0.072,7.2,2.19,1
13.32,599,0.192,10.8,46.31,1
14.65,663,0.032,4.8,1.75,1
26.3,774,0.535,15.1,45.66,1
28.95,524,0.035,22.0,2.56,1
25.64,649,0.348,22.8,21.1,1
25.57,791,0.494,11.8,39.36,1
7.57,575,0.243,7.3,2.21,1
9.52,787,0.288,9.6,40.68,0
18.69,584,0.654,5.7,24.05,0
20.37,602,0.678,15.0,24.09,0
7.68,667,0.647,3.4,10.12,0
22.9,839,0.567,8.0,12.44,1
7.6,626,0.223,4.3,40.13,0
9.36,533,0.075,5.1,1.51,1
10.59,561,0.377,16.8,16.62,0
25.69,759,0.695,24.8,16.7,1
22.5,565,0.183,16.9,14.27,0
16.86,781,0.173,6.1,16.23,1
24.95,686,0.589,10.2,7.0,1
24.76,677,0.452,15.7,9.17,0
12.92,705,0.315,21.7,28.3,1
23.88,612,0.65,17.9,28.52,0
7.77,692,0.445,3.6,46.55,0
16.09,579,0.692,15.1,27.08,0
5.31,795,0.289,4.9,22.45,1
13.95,593,0.344,9.4,5.66,0
16.57,717,0.074,24.1,37.07,1
4.24,592,0.288,22.3,22.86,0
14.95,635,0.151,6.4,38.2,0
20.25,648,0.044,18.2,10.48,0
19.19,850,0.207,8.2,31.15,1
3.52,679,0.378,0.2,36.49,0
4.67,610,0.201,21.3,18.73,0
11.84,642,0.1,20.6,24.51,1
25.6,552,0.35,7.4,4.15,0
26.35,666,0.128,19.3,14.24,1
10.67,837,0.083,0.8,9.06,1
22.13,709,0.721,13.5,19.36,0
18.17,757,0.367,24.5,5.37,1
29.54,603,0.606,19.7,41.6,0
4.65,663,0.145,14.4,36.95,0
17.34,697,0.357,9.1,43.41,0
18.59,618,0.086,18.4,47.44,0
10.61,714,0.321,24.4,28.64,1
3.31,732,0.623,4.8,37.51,0
3.46,726,0.672,1.2,25.02,0
14.7,667,0.399,9.4,39.5,0
21.39,773,0.229,12.9,27.3,0
21.6,658,0.555,6.1,37.08,0
7.07,650,0.486,15.4,14.48,0
26.02,803,0.363,7.6,34.66,0
12.56,586,0.367,24.5,29.35,0
29.0,535,0.38,6.6,13.24,0
5.31,606,0.268,20.1,34.6,0
25.42,713,0.399,24.1,19.14,1
27.43,789,0.062,12.5,31.82,1
25.03,624,0.436,5.0,33.25,0
24.65,834,0.382,22.3,33.89,1
12.12,682,0.327,10.1,34.5,0
21.97,670,0.257,13.6,21.45,1
18.22,608,0.474,1.2,31.61,0
13.89,846,0.374,8.7,45.43,1
29.81,667,0.094,13.9,4.34,1
10.13,567,0.293,17.3,39.38,1
13.57,850,0.076,23.8,7.31,1
27.28,713,0.297,14.6,23.81,1
10.09,748,0.409,6.8,9.04,1
6.28,823,0.305,13.9,39.34,0
10.68,732,0.269,1.8,2.82,1
23.26,763,0.225,3.7,35.36,1
26.08,685,0.299,8.8,20.67,1
5.2,742,0.071,0.6,13.99,0
19.41,677,0.746,1.9,48.06,0
17.88,678,0.425,0.2,15.31,0
20.73,690,0.484,4.5,11.37,0
20.79,646,0.154,20.6,22.14,1
28.87,723,0.694,8.8,15.81,1
11.7,723,0.437,22.6,36.66,0
10.39,750,0.322,22.1,2.48,1
18.27,734,0.541,21.6,34.91,1
14.02,850,0.242,5.3,21.68,0
15.27,769,0.702,8.6,39.41,0
3.94,662,0.144,11.7,17.36,0
6.15,719,0.628,10.8,1.89,0
28.19,800,0.726,2.0,38.4,0
3.91,599,0.379,6.0,7.49,0
18.52,850,0.66,15.5,24.41,1
23.13,614,0.072,16.9,41.82,1
2.33,757,0.473,9.1,46.32,0
8.24,681,0.28,7.4,13.05,0
12.56,676,0.286,14.7,42.07,0
16.19,569,0.349,16.6,39.03,0
11.56,757,0.456,17.8,46.25,0
20.17,570,0.47,20.3,40.94,0
8.34,557,0.223,14.6,5.39,0
2.71,779,0.3,9.5,47.27,0
2.04,832,0.202,8.7,2.21,1
11.67,623,0.482,0.9,17.83,0
12.13,765,0.094,10.4,20.07,1
28.56,748,0.329,21.7,24.78,1
3.25,672,0.734,15.7,12.53,0
16.84,794,0.742,14.8,7.07,1
18.18,666,0.398,5.6,42.02,0
21.58,724,0.201,14.9,32.45,1
19.88,573,0.446,4.5,24.27,0
2.23,577,0.377,8.5,38.96,0
19.69,779,0.051,14.6,45.84,1
11.03,727,0.742,1.1,11.97,0
23.64,668,0.259,7.8,16.82,1
7.27,842,0.311,2.2,46.78,0
22.05,841,0.395,4.1,27.66,1
19.51,717,0.663,8.8,14.78,0
20.26,556,0.603,17.3,8.75,0
6.93,671,0.17,6.7,49.45,0
20.74,609,0.543,0.5,27.22,0
22.64,688,0.658,10.0,43.25,1
15.7,600,0.541,5.5,32.16,0
11.53,578,0.122,19.5,22.74,0
6.66,488,0.413,20.5,43.06,0
10.12,694,0.632,16.8,18.47,0
23.39,485,0.163,15.3,38.66,0
13.46,653,0.413,18.3,23.22,1
21.68,739,0.509,9.4,44.97,1
22.72,619,0.484,16.3,25.66,0
20.88,588,0.098,10.5,16.97,1
20.86,674,0.223,10.7,36.56,1
19.1,610,0.423,19.7,43.15,0
16.52,696,0.172,19.8,42.7,0
7.54,592,0.264,10.0,24.44,0
25.6,671,0.323,23.4,22.57,1
29.0,651,0.03,13.5,8.32,1
15.06,679,0.393,12.2,2.92,1
28.13,819,0.746,12.5,46.64,1
29.94,697,0.318,19.5,36.54,1
15.61,723,0.22,24.2,29.26,1
22.28,627,0.205,17.3,29.59,1
20.03,699,0.396,8.5,2.14,1
8.64,657,0.353,12.9,23.23,1
3.32,683,0.649,7.7,46.14,0
14.69,735,0.487,16.3,23.64,0
24.04,637,0.311,25.0,29.46,1
11.1,646,0.302,21.6,19.48,1
23.96,639,0.419,11.8,6.15,1
20.33,637,0.205,8.6,16.85,1
21.48,695,0.329,11.3,5.17,1
10.0,649,0.228,7.9,29.35,0
15.16,807,0.396,24.8,49.11,1
7.09,850,0.419,5.0,18.77,1
8.9,632,0.638,20.2,43.06,0
4.52,705,0.203,10.4,3.1,0
5.55,768,0.68,16.3,25.75,0
7.89,657,0.411,23.1,33.07,0
18.25,595,0.551,14.8,16.64,1
14.35,828,0.467,15.4,5.82,1
9.47,738,0.625,0.9,11.68,0
26.11,707,0.504,3.2,4.43,0
16.7,803,0.028,13.5,44.52,1
27.85,745,0.305,9.3,1.22,1
19.78,676,0.705,15.2,4.4,1
2.44,597,0.35,9.6,39.99,0
27.58,638,0.625,4.4,15.69,1
26.01,782,0.654,19.9,18.87,1
19.79,738,0.263,21.1,16.03,1
16.97,664,0.646,24.2,44.64,0
14.68,830,0.296,5.0,46.51,0
15.5,667,0.039,7.8,46.51,0
23.54,764,0.527,7.0,16.06,0
16.37,699,0.619,23.3,10.82,1
6.93,844,0.35,14.9,41.57,0
3.63,744,0.147,23.1,42.6,0
5.53,684,0.469,22.3,18.36,0
9.04,665,0.559,6.1,29.32,0
12.3,679,0.498,10.7,20.15,1
26.99,618,0.28,10.3,1.73,1
8.69,564,0.289,12.2,21.12,0
10.95,706,0.421,24.9,44.85,0
8.24,635,0.161,4.3,43.04,0
17.28,634,0.638,19.3,6.09,0
19.28,672,0.095,5.7,16.04,1
16.9,684,0.375,18.5,4.62,1
28.65,681,0.647,5.1,15.6,0
29.87,828,0.406,13.2,15.59,1
25.45,736,0.575,16.7,3.61,0
24.55,850,0.195,10.8,44.87,1
12.25,643,0.345,24.2,42.15,0
18.23,747,0.541,17.6,46.49,0
11.84,647,0.668,3.9,37.47,0
23.96,632,0.489,9.3,38.24,0
6.81,850,0.197,7.8,39.57,1
8.07,615,0.127,7.4,34.09,1
3.08,490,0.634,5.3,9.62,0
19.05,620,0.424,4.6,9.71,1
21.28,509,0.154,21.8,25.52,1
2.09,599,0.375,24.7,34.84,1
16.3,607,0.112,4.0,2.46,1
12.55,683,0.097,19.8,27.77,0
24.19,506,0.692,5.7,44.47,0
3.09,782,0.418,13.0,7.17,1
3.36,521,0.202,4.9,16.33,0
19.37,669,0.663,6.8,49.35,0
18.57,652,0.749,10.3,17.11,0
25.27,750,0.665,17.6,2.41,1
18.58,710,0.566,11.9,34.5,0
28.58,781,0.722,20.3,49.15,0
10.8,649,0.164,2.4,12.3,1
13.14,640,0.661,14.3,11.59,0
29.37,715,0.282,2.7,22.16,0
5.01,767,0.044,2.9,27.26,1
24.29,750,0.044,7.7,40.92,1
2.32,707,0.157,2.6,49.68,0
15.62,700,0.589,19.4,40.84,0
6.3,677,0.675,12.7,15.25,1
18.77,715,0.113,16.1,39.52,1
24.35,850,0.637,1.4,31.91,0
2.93,659,0.571,5.6,25.06,0
6.59,649,0.058,13.1,32.1,1
11.59,643,0.554,2.1,22.55,1
9.16,713,0.048,4.0,31.98,1
12.73,500,0.212,0.5,37.1,1
28.65,669,0.408,22.8,1.67,0
4.83,755,0.684,10.8,31.2,0
13.85,635,0.097,1.1,8.5,0
14.8,696,0.274,11.5,17.5,0
9.85,850,0.441,22.2,22.74,1
9.8,708,0.56,4.7,48.64,0
22.01,490,0.688,5.9,16.95,0
19.3,560,0.362,24.6,41.15,0
24.76,659,0.634,21.3,17.52,0
13.34,612,0.47,13.7,12.24,0
18.99,689,0.169,4.7,22.27,1
27.02,655,0.443,5.5,5.4,1
25.84,779,0.249,21.5,41.15,1
27.76,587,0.534,16.9,25.42,1
9.53,662,0.228,8.8,34.69,0
29.59,698,0.212,0.6,40.09,1
24.86,709,0.71,3.4,21.04,0
24.25,692,0.683,18.2,23.08,1
20.69,475,0.35,16.2,13.42,1
29.53,687,0.579,9.0,36.0,0
14.36,667,0.737,14.8,41.78,1
22.76,753,0.085,18.9,29.13,1
21.57,741,0.463,16.1,2.89,1
22.5,700,0.205,6.0,35.87,0
23.04,707,0.604,23.8,33.68,1
7.34,795,0.094,0.6,17.79,1
11.77,778,0.596,13.9,21.05,0
12.98,703,0.166,5.6,25.26,1
22.94,850,0.353,17.7,39.75,0
22.05,627,0.614,14.0,34.35,0
25.33,579,0.069,4.9,26.34,0
24.08,679,0.698,12.6,40.47,0
18.69,648,0.179,13.0,43.1,1
5.92,470,0.386,10.5,3.54,0
19.79,625,0.556,1.1,4.42,0
26.84,709,0.11,5.2,24.31,1
20.01,675,0.464,24.2,39.3,1
27.08,614,0.396,4.7,6.38,1
29.97,684,0.448,11.5,43.31,1
12.06,690,0.504,7.4,7.73,0
22.25,741,0.327,18.9,35.08,1
17.12,625,0.238,14.5,40.36,1
14.74,754,0.154,17.9,3.23,1
8.72,587,0.706,15.9,42.59,0
8.89,637,0.313,12.6,42.23,0
7.18,824,0.226,24.0,8.15,1
19.68,593,0.058,17.6,11.24,1
5.98,624,0.568,17.2,43.16,0
14.08,573,0.405,17.3,48.32,0
16.65,610,0.159,11.7,24.73,1
14.27,692,0.672,16.1,7.16,1
25.94,740,0.702,15.1,14.7,0
14.41,678,0.663,22.2,17.58,0
4.32,652,0.43,24.5,31.93,1
29.78,574,0.292,12.1,36.36,0
25.66,618,0.138,15.0,30.73,0
20.48,549,0.295,7.3,44.63,0
23.18,743,0.467,21.1,1.52,1
5.59,749,0.185,17.8,20.11,0
23.45,677,0.359,23.1,15.3,0
7.82,718,0.438,15.1,37.83,0
15.69,754,0.554,17.7,34.36,0
6.98,689,0.087,2.4,44.65,0
23.11,798,0.653,15.2,16.35,1
8.89,593,0.353,9.4,42.92,0
9.09,650,0.445,12.7,27.38,0
5.06,640,0.706,8.2,8.51,0
22.18,735,0.143,7.2,41.62,0
10.28,558,0.666,20.5,12.44,0
16.51,803,0.607,13.9,38.25,0
11.3,728,0.746,6.3,27.31,0
23.69,829,0.307,19.2,26.23,1
8.34,677,0.113,1.9,27.21,1
28.34,633,0.03,7.3,48.8,1
11.0,736,0.599,8.4,29.65,1
4.91,768,0.12,4.4,3.16,0
8.73,619,0.243,21.1,47.84,0
4.07,510,0.741,16.8,14.8,0
15.12,525,0.343,16.8,24.04,0
9.01,702,0.189,14.8,41.33,1
26.81,811,0.57,9.5,5.14,1
16.48,569,0.218,16.5,12.4,1
8.53,657,0.408,18.4,43.97,0
14.64,650,0.135,13.5,6.74,1
7.49,843,0.356,11.8,26.32,0
7.0,850,0.099,5.6,10.11,0
10.42,716,0.584,2.1,18.35,0
5.03,756,0.287,1.0,39.73,0
7.28,754,0.253,17.9,47.99,1
28.27,571,0.745,8.7,29.12,0
20.67,739,0.626,17.7,18.74,0
27.79,593,0.424,12.7,4.93,0
9.19,665,0.709,11.2,20.67,0
26.0,777,0.174,15.7,40.88,1
12.14,687,0.439,4.6,38.08,0
6.04,774,0.698,24.5,18.46,1
24.53,790,0.436,8.3,9.33,1
3.67,531,0.245,19.2,27.64,1
13.34,495,0.613,6.2,41.77,0
24.94,779,0.121,11.7,28.55,1
19.28,782,0.131,12.5,27.54,1
