monthly_spend,tenure_months,support_calls,usage_hours_week,late_payments,satisfaction_score,num_products,discount_percent,churned
136.59,52,8,44.91,6,6.48,5,27.01,0
158.19,47,8,39.81,8,5.73,5,23.02,0
154.43,51,7,39.27,9,5.81,5,13.55,0
171.16,44,9,18.44,11,5.68,6,20.64,0
107.92,64,6,62.49,5,5.22,5,29.34,1
83.24,47,8,41.43,8,5.57,4,16.86,0
144.64,78,6,57.24,5,4.33,5,28.06,0
121.73,60,7,27.59,11,5.34,6,10.25,0
139.68,59,8,26.42,8,6.07,5,26.11,0
118.86,45,5,27.13,7,7.65,5,16.98,0
128.65,84,9,43.49,7,6.04,5,24.24,1
153.61,51,10,31.9,7,7.2,4,29.4,0
165.02,58,5,39.79,6,4.99,6,33.0,1
159.59,78,6,20.92,8,6.84,6,19.65,1
168.52,42,7,61.58,8,5.81,6,20.98,1
166.26,62,9,36.97,8,5.2,5,28.75,0
163.04,52,9,46.58,7,5.88,4,19.49,0
96.41,83,6,40.25,4,7.68,3,22.98,1
139.16,43,4,57.53,4,6.39,4,23.68,0
133.44,70,7,41.31,8,6.09,5,18.59,1
128.66,73,9,42.78,7,5.56,4,20.82,0
122.35,36,5,26.71,10,3.89,5,12.62,0
168.62,71,7,25.47,9,3.53,4,17.03,0
108.51,88,8,45.15,5,6.48,3,22.32,1
186.08,96,5,20.6,8,6.22,5,16.67,1
133.55,89,12,36.68,11,5.63,5,11.0,1
135.16,52,7,39.0,7,7.0,4,19.4,0
134.36,77,12,42.24,6,6.01,4,33.98,0
132.27,53,7,22.73,10,4.21,4,8.58,0
109.7,61,11,52.66,8,8.12,5,16.17,0
128.74,55,8,48.01,7,5.19,5,29.76,0
135.26,61,7,36.14,7,6.27,6,24.86,0
129.88,53,9,33.9,8,6.36,5,26.87,0
130.31,78,8,40.41,8,5.8,5,16.67,0
140.95,79,4,36.68,6,6.26,5,21.16,1
105.29,64,8,19.48,7,6.91,4,27.07,0
100.63,52,5,47.72,7,4.61,6,23.39,0
105.18,53,10,53.79,9,6.45,5,15.88,1
207.43,86,6,23.43,8,5.75,6,20.03,1
135.83,45,7,47.47,8,6.19,5,21.1,0
118.27,59,6,58.85,6,3.66,5,27.68,0
163.23,62,7,36.43,10,6.55,6,7.84,0
161.76,72,8,46.59,4,7.17,3,25.95,1
119.8,70,8,43.52,8,6.25,5,16.78,1
156.96,87,3,55.37,4,4.9,5,25.2,1
148.56,22,6,43.64,5,7.23,4,27.17,0
137.54,55,8,41.94,7,4.52,4,23.85,0
145.26,40,7,28.19,8,8.09,5,17.85,0
151.76,83,4,22.67,7,6.79,6,19.3,1
148.25,73,8,34.77,9,5.56,6,18.97,1
159.82,57,5,62.87,3,6.06,4,30.5,1
91.13,66,7,31.79,7,5.73,6,24.83,0
114.15,82,8,51.42,7,3.86,5,27.56,1
116.58,37,7,45.38,8,6.48,4,11.12,0
109.91,58,8,38.85,7,6.96,5,23.65,0
129.9,52,7,41.82,6,4.95,5,31.58,0
179.42,42,7,50.26,7,6.41,6,20.4,0
95.83,75,7,55.91,4,6.15,3,25.45,1
80.99,41,7,36.5,8,4.82,6,29.26,0
137.19,58,6,42.54,8,5.76,5,17.75,0
143.49,63,7,63.78,3,6.57,3,27.25,1
175.74,73,8,55.16,5,6.17,4,27.12,0
141.75,77,3,24.59,6,7.27,6,19.38,1
137.93,56,8,24.96,9,5.67,6,25.31,0
180.45,71,8,45.47,7,4.67,5,25.32,0
134.42,38,7,32.76,10,4.68,5,13.65,0
151.85,85,10,48.12,7,4.95,5,24.96,1
172.23,98,10,44.36,7,4.96,4,15.88,1
128.73,84,8,45.38,7,4.3,5,21.77,1
138.24,77,8,41.19,7,5.13,5,23.38,0
110.5,72,10,37.24,7,4.27,3,23.03,0
105.58,49,8,25.03,11,4.9,4,7.35,0
116.35,83,10,39.91,6,7.15,3,23.17,1
117.6,65,6,48.88,4,6.53,4,29.16,1
133.39,54,5,33.17,5,7.82,4,21.41,0
175.49,31,7,49.69,7,6.28,5,19.91,0
131.25,79,8,34.26,8,5.75,5,18.93,1
118.74,86,5,46.78,5,5.09,5,25.86,1
128.68,83,5,36.72,6,6.31,5,20.72,1
96.69,60,8,55.77,8,5.41,5,19.86,1
174.49,65,6,38.55,7,7.11,5,18.24,1
127.84,92,8,40.41,5,6.93,4,21.31,1
151.71,64,10,43.52,8,6.0,4,20.61,0
137.05,56,8,29.69,8,6.37,5,27.74,0
135.93,74,10,33.81,8,5.09,5,27.04,0
132.35,57,7,60.41,5,5.45,5,31.22,1
139.31,67,10,59.44,5,5.97,4,26.98,1
170.16,54,7,38.32,8,4.9,5,20.44,0
124.85,60,8,27.11,9,5.01,6,26.76,0
116.94,59,10,50.01,5,7.53,3,27.72,1
98.7,75,8,39.13,8,7.41,4,12.56,1
112.91,49,6,31.29,8,6.71,5,19.63,0
87.22,77,7,39.05,7,6.25,5,18.15,1
123.1,106,8,39.22,7,5.69,5,20.2,0
140.09,64,6,33.33,8,6.36,6,19.55,1
148.5,75,8,45.96,7,4.51,5,29.74,0
131.57,76,8,41.36,8,5.41,5,21.31,0
141.93,70,11,47.59,6,4.45,3,33.04,0
136.74,88,7,53.58,6,5.11,5,23.52,0
101.77,51,10,45.95,7,5.98,3,17.86,0
125.23,88,7,36.62,7,5.06,5,22.3,1
128.6,45,6,23.95,7,7.42,5,21.73,0
135.56,52,8,45.23,6,4.35,3,28.78,0
176.56,68,11,50.42,10,4.67,5,17.61,1
183.58,52,6,39.42,6,4.48,3,19.98,0
96.07,78,9,41.09,6,5.64,4,32.51,0
146.18,66,6,39.63,7,5.95,5,22.88,1
136.23,78,10,30.29,7,6.94,5,26.33,0
102.28,43,7,32.68,6,7.81,4,22.45,0
137.86,68,9,47.79,5,6.88,4,29.37,0
123.86,97,5,47.07,4,6.16,4,20.75,1
149.59,87,9,38.76,7,6.34,4,23.53,1
128.89,90,8,38.71,5,7.67,3,20.82,1
138.55,58,6,20.0,10,3.62,4,9.32,0
166.06,44,9,38.32,7,3.74,3,25.52,0
184.1,63,7,40.14,6,5.66,5,27.49,0
94.7,75,9,35.74,7,4.97,5,29.19,0
155.2,70,9,45.04,7,6.76,4,16.37,0
156.9,49,7,44.78,6,4.67,3,22.7,0
146.21,54,8,32.66,8,3.49,3,21.29,0
130.27,80,12,44.19,9,6.26,4,11.69,1
161.57,80,4,27.96,5,7.41,4,22.72,1
145.49,54,8,48.74,7,5.54,5,26.07,0
125.3,73,7,35.93,7,5.52,5,23.39,0
129.09,69,9,49.14,6,6.5,4,20.35,0
187.24,67,6,28.61,6,8.09,4,20.07,1
121.75,51,7,35.4,9,5.19,4,13.2,1
181.29,55,6,56.08,4,6.64,4,30.76,1
148.09,71,7,53.84,4,6.87,3,25.69,1
79.98,47,8,37.18,7,3.59,3,25.53,0
133.79,63,4,60.64,4,5.22,5,30.67,0
114.03,74,7,55.93,5,5.24,4,27.39,1
126.82,49,8,37.74,7,4.27,3,21.49,0
115.71,70,8,49.82,5,6.28,4,27.37,1
165.6,71,8,33.12,8,4.99,4,14.75,0
178.76,59,7,38.33,8,4.21,6,32.47,0
124.86,43,5,38.78,7,6.62,6,22.41,0
143.32,86,8,39.79,8,4.05,5,22.49,1
148.49,64,10,47.35,5,8.22,3,25.64,1
144.62,70,7,32.44,9,5.18,4,11.88,0
176.47,35,6,31.92,8,6.34,6,23.96,0
153.54,52,7,25.72,10,4.36,4,10.58,0
89.48,45,5,34.68,8,4.66,4,15.59,0
126.57,52,8,38.78,6,6.48,5,28.49,0
75.67,65,6,43.01,5,6.04,5,28.26,0
117.47,55,8,30.67,7,7.68,5,24.08,0
114.71,59,7,36.23,7,3.94,3,20.69,0
181.32,91,5,28.13,6,5.91,5,23.34,1
64.44,60,7,33.25,9,5.28,5,12.94,0
135.37,73,7,60.65,3,6.44,3,24.9,1
109.93,93,8,35.8,5,7.43,3,20.58,0
128.64,53,7,44.16,6,6.54,4,26.26,0
139.0,49,7,28.09,10,4.78,4,6.75,0
119.96,44,6,32.63,8,3.63,4,18.38,0
150.23,70,7,26.32,9,5.25,6,22.56,0
143.07,69,4,38.62,5,7.24,5,19.84,1
141.33,48,6,44.52,7,6.09,5,22.38,0
109.74,37,7,33.31,8,5.97,6,24.91,0
159.69,71,11,47.18,10,5.7,5,12.38,1
136.04,94,6,21.91,8,6.76,5,13.96,1
192.13,85,5,27.79,8,5.05,7,20.5,1
116.17,54,10,42.28,9,6.15,4,17.86,0
142.34,87,5,56.83,5,3.98,5,26.02,1
108.23,65,7,29.16,8,3.62,4,20.21,0
111.48,62,10,28.48,8,6.37,5,26.49,0
131.51,64,8,46.45,8,6.6,5,15.3,1
120.48,65,7,32.26,7,6.93,5,24.46,0
153.68,60,7,42.06,7,4.89,4,23.03,0
104.93,72,6,63.15,4,5.48,4,26.71,1
126.44,56,7,48.67,5,6.81,4,23.74,0
145.99,37,4,47.99,6,6.37,5,23.59,0
146.13,112,4,33.76,3,8.04,3,15.54,1
77.18,64,6,42.53,7,4.9,6,25.18,1
137.1,68,9,50.67,8,5.6,4,19.16,1
151.35,52,7,34.24,9,4.67,4,16.77,0
116.13,34,7,26.85,9,3.24,4,17.24,0
172.89,52,5,37.68,6,6.04,5,28.19,0
99.96,56,11,46.83,10,5.58,6,16.4,1
170.4,107,8,34.16,5,8.13,3,15.67,1
160.31,44,8,37.16,8,4.94,3,15.25,0
98.49,72,9,51.84,6,7.1,3,15.37,1
127.42,74,11,52.07,10,4.36,5,17.59,1
75.86,71,8,46.2,8,5.57,5,18.55,1
85.94,61,9,33.47,10,6.05,5,11.12,0
154.47,79,5,57.63,4,4.94,5,26.75,1
155.64,58,5,43.29,4,2.56,3,35.37,0
115.05,57,9,36.2,9,5.28,4,15.61,0
200.02,73,7,61.78,5,4.99,4,27.4,1
214.95,69,7,36.77,8,6.17,5,19.76,1
140.23,69,8,43.65,7,5.98,4,19.09,0
92.95,89,6,35.65,7,4.57,5,23.6,1
129.56,69,10,50.63,6,5.41,3,28.53,0
129.0,41,6,34.17,9,5.36,6,21.38,0
75.8,75,11,44.42,6,6.75,3,25.3,1
142.14,66,8,40.18,8,6.58,5,16.75,1
84.69,76,4,36.21,7,5.31,6,23.88,1
172.34,58,7,35.27,8,4.23,5,21.39,0
170.48,80,10,29.01,8,7.47,4,16.19,1
143.72,60,6,51.72,5,5.15,5,28.57,0
113.34,87,6,50.43,5,6.1,4,23.11,1
109.02,81,8,47.36,8,4.85,5,17.55,1
118.22,48,7,44.64,6,7.6,5,23.61,0
118.96,50,7,25.34,9,6.08,6,21.04,0
140.16,74,5,44.14,5,5.37,5,26.43,0
154.53,62,8,37.9,8,4.96,6,31.39,0
164.42,93,8,42.82,6,5.83,5,22.29,1
166.84,60,7,37.53,8,4.61,5,21.83,0
128.11,46,6,45.35,5,5.97,5,32.34,0
102.84,59,7,41.83,8,6.03,4,13.16,0
126.13,65,8,27.99,8,5.19,6,27.64,0
108.98,67,8,34.26,8,3.98,4,23.68,0
151.32,76,9,43.61,8,6.75,4,16.73,0
111.5,64,7,31.76,8,7.16,6,16.94,1
140.58,65,7,24.25,8,2.56,3,20.41,0
131.45,63,10,36.24,7,6.57,5,29.3,0
131.86,101,4,24.62,6,6.09,5,20.57,1
145.25,66,8,26.29,7,7.43,5,23.03,0
100.93,58,6,36.38,6,6.41,5,28.1,0
156.49,87,5,26.84,6,6.06,5,22.47,1
138.16,77,8,41.07,7,4.86,4,23.88,0
111.48,22,7,47.09,7,5.72,3,17.62,0
121.51,53,8,60.46,4,6.09,4,31.04,1
74.73,46,9,40.5,8,4.71,3,21.39,0
125.42,43,8,34.53,9,5.28,4,12.65,0
176.64,60,8,26.81,8,7.33,5,21.03,0
97.98,85,9,35.08,5,8.01,3,21.79,1
142.1,60,4,67.99,3,5.18,4,30.74,1
171.04,66,9,40.29,8,5.89,5,18.86,0
149.85,87,7,46.37,6,4.97,4,21.2,1
101.86,62,5,36.73,7,6.67,6,20.71,1
157.31,68,8,38.59,8,7.37,5,15.49,1
165.79,47,5,16.01,10,2.09,3,12.86,0
115.74,56,7,25.58,9,3.84,4,11.56,0
91.34,52,9,26.37,9,5.96,5,26.52,0
99.69,55,6,32.1,7,2.9,3,26.05,0
182.85,60,8,31.63,8,6.04,6,27.42,0
201.76,89,6,42.85,6,5.47,5,24.47,1
87.16,47,8,34.21,7,7.68,4,22.12,0
137.76,65,6,48.85,6,5.36,4,26.31,0
144.55,57,9,24.31,8,7.06,5,24.45,0
152.35,53,5,64.8,4,4.54,5,33.99,1
122.24,52,9,37.05,7,7.24,5,24.72,0
137.75,36,7,32.53,9,4.04,4,19.18,0
153.45,56,7,39.2,8,5.16,5,19.32,0
130.51,82,7,37.89,7,6.26,5,18.2,1
134.17,85,7,42.89,6,6.22,4,18.91,1
92.37,81,9,24.91,9,6.23,5,23.18,0
127.09,39,8,40.3,6,4.03,2,22.95,0
157.92,42,6,43.83,6,6.42,5,26.74,0
151.27,95,9,35.4,8,5.45,4,16.31,1
152.38,81,8,24.69,9,3.31,5,20.05,0
129.03,68,7,54.1,6,3.4,6,34.81,0
98.94,56,6,31.21,8,4.09,4,16.19,0
143.33,43,8,32.09,10,5.45,5,10.13,0
113.81,52,8,33.63,9,4.28,4,20.27,0
121.64,65,6,61.74,3,6.27,4,27.57,1
89.36,61,8,60.86,5,5.83,4,29.0,1
124.95,63,7,46.57,8,6.32,5,17.96,1
89.01,86,11,37.57,9,6.18,3,13.49,0
154.46,62,4,58.58,4,5.52,5,30.8,1
125.58,54,9,27.09,9,7.53,6,20.54,0
141.55,61,10,45.77,5,8.19,3,26.83,1
110.09,50,9,21.01,10,6.12,6,23.44,0
92.86,21,6,28.41,9,3.45,3,15.23,0
132.53,73,4,58.64,4,5.04,5,28.39,1
139.59,46,6,32.43,7,7.59,5,21.73,0
101.19,63,9,49.22,8,5.87,5,19.12,1
115.57,36,7,29.13,7,6.9,5,27.38,0
128.34,33,5,34.81,8,4.47,4,14.87,0
167.2,92,6,50.56,6,4.99,5,23.32,1
142.29,32,6,21.52,7,9.0,5,18.15,0
114.43,46,5,31.88,9,3.95,5,18.25,0
157.44,88,11,42.89,9,5.11,4,14.54,1
76.25,77,9,50.86,5,6.64,3,28.06,0
121.9,90,6,38.39,4,8.07,3,20.7,1
194.24,58,6,49.99,4,7.37,4,29.45,1
113.73,47,8,47.8,8,6.75,4,14.46,0
115.94,52,7,42.98,5,7.76,4,24.55,0
102.6,93,8,41.63,6,6.11,4,21.96,1
167.31,81,4,56.39,3,6.68,4,23.56,1
148.88,72,7,31.8,9,5.11,5,13.81,0
131.22,62,8,41.6,8,5.47,4,19.64,0
78.1,37,4,36.76,7,5.43,6,26.15,0
128.51,77,7,55.17,5,4.26,5,32.86,0
112.98,91,6,38.7,4,6.77,4,22.78,1
89.82,95,3,27.22,6,4.91,6,26.71,1
161.27,49,5,25.46,8,7.38,5,18.89,0
132.8,63,10,27.66,10,5.13,4,10.91,0
163.29,67,8,49.11,5,6.78,4,27.43,1
121.75,56,7,29.86,9,4.92,5,11.62,0
150.34,44,8,39.05,7,6.07,4,26.93,0
135.14,93,7,30.87,8,4.21,5,22.73,1
192.27,37,8,45.26,6,4.91,3,23.46,0
117.48,45,11,68.21,9,6.01,5,14.78,1
97.58,28,7,37.35,8,4.05,3,18.51,0
93.54,44,7,51.55,7,8.06,5,16.42,1
117.75,61,8,30.55,9,5.98,6,25.5,0
155.63,84,5,27.75,7,5.25,6,23.13,1
167.97,67,9,42.4,7,5.13,4,22.65,0
133.16,38,7,26.11,8,5.69,6,29.13,0
197.48,92,6,28.66,8,6.03,5,16.09,1
146.85,70,9,37.18,5,8.57,3,24.97,1
131.15,95,9,46.97,5,6.85,3,19.32,1
128.45,47,6,39.79,5,7.96,4,24.85,0
120.37,32,6,29.75,9,3.88,4,16.5,0
177.27,97,5,14.04,6,6.39,5,22.61,1
160.49,58,8,50.21,4,8.06,3,27.72,1
182.58,76,4,26.28,7,6.52,6,19.71,1
120.89,74,7,45.05,6,5.82,5,27.86,1
103.99,107,4,49.54,6,3.95,5,21.64,1
191.33,56,10,47.91,7,5.76,4,23.73,0
142.14,42,5,45.07,5,8.0,4,21.09,0
178.59,72,7,26.82,9,4.29,4,13.41,0
144.68,73,9,43.32,6,6.19,4,27.32,1
162.2,79,3,58.75,3,5.04,4,26.77,1
153.21,38,6,39.27,6,6.19,4,27.97,0
105.43,59,7,49.73,4,4.35,2,29.64,0
114.01,55,7,40.86,6,6.54,5,23.79,0
148.63,86,8,34.2,7,5.91,4,19.34,1
179.4,86,4,32.04,5,6.12,5,22.09,1
112.42,48,8,37.26,7,4.26,3,20.68,0
117.72,65,9,48.31,4,8.2,3,25.5,1
128.19,65,8,43.85,5,7.2,4,28.02,1
127.18,47,8,64.06,5,5.6,4,33.11,1
130.88,70,9,47.93,8,7.31,4,11.88,1
134.07,79,7,21.35,8,7.43,5,16.49,1
129.23,48,5,32.78,7,6.11,6,23.91,0
132.96,43,8,39.43,7,4.57,3,19.85,0
189.86,59,6,56.93,6,3.05,6,31.23,0
175.17,64,6,43.16,5,6.13,4,24.83,0
161.76,60,8,44.71,4,6.45,3,28.95,0
127.96,90,5,24.25,7,6.07,5,20.59,1
143.3,49,6,37.28,6,6.14,5,29.37,0
85.17,78,7,35.29,7,6.16,5,19.67,1
141.86,58,8,35.04,8,4.68,4,16.73,0
71.83,53,9,49.16,7,6.15,5,22.42,0
100.4,65,10,50.53,9,5.22,5,18.4,1
111.79,81,8,43.79,5,6.9,4,23.96,1
142.73,37,5,32.39,9,5.19,5,9.19,0
183.53,53,7,30.26,8,6.4,5,20.62,0
68.71,28,7,35.62,9,4.6,4,14.8,0
163.84,55,9,39.37,10,6.78,5,11.49,0
132.1,67,8,40.59,8,5.85,5,21.61,1
155.71,47,4,41.05,6,6.49,6,25.9,0
172.35,76,8,39.47,9,6.79,5,10.91,0
115.42,62,8,46.95,6,5.52,5,32.63,0
144.84,87,10,45.17,8,6.3,4,13.48,1
124.84,56,7,40.35,7,5.82,5,25.63,0
177.06,56,7,24.55,9,7.55,6,19.33,0
112.01,100,6,18.36,7,6.41,5,17.56,1
135.49,48,7,36.34,7,6.7,5,25.76,0
128.44,69,5,44.08,5,5.57,5,31.42,0
161.91,52,7,27.6,9,4.18,4,12.04,0
147.63,73,9,27.9,11,5.41,5,11.99,0
76.11,36,7,30.43,9,4.08,4,13.29,0
145.98,46,4,36.86,5,6.45,5,28.44,0
167.76,61,6,33.87,9,4.59,5,17.23,0
122.2,65,9,38.78,7,4.8,5,32.37,0
168.15,102,9,29.6,9,5.3,5,13.98,1
193.27,63,6,46.49,5,5.56,4,30.41,0
164.03,56,9,40.0,8,5.94,3,12.28,0
124.74,83,4,24.59,6,6.46,5,21.13,1
121.18,55,7,38.02,7,6.2,5,26.87,0
84.18,57,9,45.67,7,5.65,4,22.53,0
131.05,81,10,32.64,7,6.82,4,28.61,0
88.04,61,9,35.73,8,5.76,6,25.46,0
139.91,74,9,40.29,9,6.17,5,18.18,0
120.75,59,11,30.33,10,4.98,3,13.25,0
170.62,84,8,41.76,4,7.91,3,21.82,1
122.48,41,7,45.14,6,6.57,5,29.36,0
180.53,62,11,51.28,8,6.92,4,14.0,1
101.89,56,8,31.54,8,3.6,4,19.49,0
32.04,81,9,34.73,9,4.26,6,22.05,1
77.84,72,5,28.56,8,3.98,4,16.41,0
133.17,59,8,39.71,7,6.54,5,23.45,0
181.03,53,6,38.85,6,3.62,4,26.81,0
168.94,68,8,42.45,6,5.14,4,23.52,0
166.75,94,9,42.84,7,5.5,4,22.36,1
62.53,57,11,52.05,8,7.23,4,19.35,0
165.01,84,6,36.9,6,6.22,4,20.77,0
106.89,27,6,36.74,10,5.59,5,10.95,0
121.93,53,8,40.97,5,6.5,4,33.85,0
167.45,50,7,28.68,9,3.64,5,19.25,0
97.32,64,7,37.25,8,6.44,6,20.47,1
143.17,46,7,33.94,9,5.88,5,8.9,0
145.75,37,6,23.84,8,6.92,5,25.13,0
161.99,84,8,46.52,5,6.23,4,24.07,1
119.54,72,10,49.61,8,5.03,5,19.2,1
111.89,106,6,31.45,8,5.34,6,15.55,0
152.45,76,10,34.06,8,4.8,3,17.71,0
120.33,55,6,39.43,6,5.62,5,28.26,0
96.92,58,8,38.37,8,5.05,4,18.62,0
134.35,48,7,35.93,8,5.04,6,26.0,0
189.51,51,8,43.65,6,6.03,5,32.07,0
94.07,55,6,31.12,8,4.27,4,14.08,0
155.22,68,5,56.04,4,4.56,5,31.01,1
98.51,80,1,21.37,6,5.53,7,27.7,1
132.84,91,4,46.49,3,6.34,4,22.93,1
147.63,43,7,28.86,9,6.32,6,23.8,0
54.58,72,6,59.66,4,5.09,4,28.16,1
153.16,52,8,41.04,8,5.19,5,21.49,0
161.11,47,9,36.94,9,5.39,4,13.89,0
181.27,71,7,41.62,6,5.14,5,27.84,0
143.85,39,7,44.49,8,5.45,4,18.67,0
146.37,52,6,39.81,7,5.31,6,24.38,0
114.53,62,8,36.21,6,3.44,3,25.55,0
154.23,69,7,24.27,9,3.66,4,14.17,0
128.95,52,7,50.87,5,6.3,4,26.66,0
137.15,78,5,41.66,5,5.43,5,29.01,0
132.72,57,6,22.56,10,3.89,4,11.06,0
132.3,74,7,42.29,6,5.36,4,20.77,0
116.9,58,9,28.23,7,7.04,4,30.33,0
155.91,62,3,26.69,6,8.52,6,19.87,1
181.68,56,8,39.2,8,5.81,4,14.86,0
172.74,72,6,49.87,5,5.79,5,28.23,1
116.33,40,9,46.52,6,4.49,2,27.86,0
158.65,50,8,15.83,9,7.33,6,22.18,0
178.21,52,6,41.26,7,4.65,5,27.15,0
173.37,86,8,27.01,7,2.51,3,26.0,0
152.18,60,7,37.41,7,4.4,4,19.75,0
144.15,88,5,18.11,7,7.08,5,19.43,1
103.24,68,9,48.97,7,7.7,4,11.3,1
166.04,42,4,36.68,6,6.52,5,24.54,0
133.88,77,10,49.33,7,5.87,4,17.23,1
110.39,55,8,45.25,6,4.72,4,25.71,0
94.71,52,7,25.69,9,6.53,6,24.72,0
116.97,48,6,45.11,7,5.34,4,21.7,0
123.94,52,6,35.22,7,5.74,5,24.77,0
141.26,38,6,40.67,7,4.76,4,17.11,0
128.57,74,7,45.41,5,4.74,3,25.87,1
91.91,35,7,28.58,9,6.25,6,23.04,0
151.17,44,8,26.66,8,7.4,5,24.05,0
189.69,44,9,30.72,9,5.65,6,29.94,0
147.89,82,8,51.59,5,6.13,4,23.77,1
183.23,65,9,31.69,7,6.74,5,25.75,0
148.33,80,7,54.82,4,6.14,4,24.33,1
117.34,53,8,34.76,7,6.67,5,26.64,0
107.04,53,8,40.48,6,4.08,3,26.61,0
176.28,51,9,34.5,8,7.03,4,23.02,0
124.45,44,6,27.01,9,3.83,3,11.63,0
103.35,39,5,26.31,8,2.71,3,18.2,0
108.11,47,6,49.36,6,5.75,5,23.41,0
146.26,50,8,25.65,9,6.83,5,22.77,0
181.92,81,10,33.45,8,4.73,4,18.71,0
163.51,45,9,35.19,8,3.73,3,21.56,0
127.05,81,9,31.14,8,4.32,4,18.8,0
44.78,61,12,48.88,9,6.91,4,14.33,1
80.24,67,8,45.75,7,4.92,5,28.5,0
154.44,44,10,22.73,10,6.18,6,24.72,0
137.7,53,6,44.8,5,7.09,4,22.37,0
147.99,71,7,45.58,8,7.01,6,15.23,0
119.06,30,5,33.64,9,4.39,5,14.99,0
105.21,56,6,20.95,9,3.41,3,10.74,0
108.89,64,9,19.37,10,5.69,7,26.12,0
145.13,40,9,41.32,9,6.29,4,12.99,0
125.25,48,6,34.18,9,4.7,5,15.56,0
89.03,52,7,37.62,7,4.38,3,20.57,0
125.64,43,6,42.44,6,3.9,4,27.27,0
186.84,78,10,34.53,9,5.44,4,16.05,0
125.59,67,6,43.29,8,6.52,5,16.24,1
136.02,78,9,35.59,8,4.73,4,19.9,0
138.38,40,6,31.45,8,3.62,3,17.42,0
164.83,61,8,37.39,8,7.5,5,17.31,0
122.17,59,7,39.05,6,5.92,5,31.65,0
128.95,50,5,40.77,7,5.15,6,27.69,0
72.47,61,8,36.95,7,4.02,4,24.56,0
132.21,49,7,39.56,7,4.99,4,17.7,0
138.65,59,5,28.98,7,6.54,6,22.18,0
131.37,53,8,51.59,7,6.9,4,19.11,0
128.8,99,5,45.52,5,5.01,5,22.42,1
184.08,90,3,45.14,4,5.0,5,25.69,1
65.82,62,10,24.71,8,6.4,4,27.47,0
165.27,44,7,38.25,8,5.26,4,14.91,0
136.94,87,6,46.58,4,6.48,4,22.92,1
105.69,78,4,23.47,5,6.99,5,23.89,1
171.66,37,4,37.83,6,5.3,5,27.89,0
57.19,81,4,53.9,5,4.72,5,27.1,1
129.68,78,6,56.8,6,4.16,6,28.04,1
159.49,93,5,47.16,4,6.12,4,22.11,1
174.53,51,7,43.96,7,4.89,4,24.06,1
201.88,48,8,39.7,8,4.67,4,20.76,0
155.12,53,7,22.06,11,3.79,5,11.2,0
145.6,53,8,26.02,8,6.8,6,26.89,0
143.04,69,9,35.96,9,6.36,5,16.7,1
107.36,54,7,38.36,8,5.05,4,17.68,0
193.78,46,6,36.08,7,3.99,4,24.24,0
86.22,67,7,42.77,8,5.33,6,19.55,1
137.87,53,7,40.73,8,4.03,6,27.96,0
84.63,57,9,24.39,9,6.3,6,23.81,0
153.32,39,8,36.9,6,7.22,5,28.0,0
130.29,94,9,28.87,9,5.19,5,16.55,1
136.7,45,7,67.65,3,6.32,4,32.23,1
178.05,33,5,23.79,10,2.92,4,12.85,0
163.2,79,10,33.89,8,6.2,5,27.29,0
148.71,87,7,26.57,8,6.79,5,14.86,1
153.35,76,8,51.93,6,5.22,5,27.15,1
134.85,59,8,30.17,7,5.7,5,32.42,0
120.23,44,6,38.01,7,3.91,4,23.82,0
123.57,57,8,31.27,7,3.38,3,21.27,0
152.35,46,6,32.57,7,6.26,5,21.79,0
129.74,51,8,46.5,6,5.12,4,24.66,0
120.1,62,7,29.27,11,5.84,6,8.52,0
143.23,68,9,31.55,8,3.63,3,21.18,0
103.31,67,10,37.0,7,7.42,4,25.44,0
133.37,82,8,33.63,9,6.46,5,11.6,1
113.84,57,8,33.17,8,5.99,5,23.89,0
131.64,39,7,44.24,7,5.06,3,20.34,0
161.2,88,7,34.72,7,4.76,4,17.78,0
91.64,70,6,59.51,3,6.54,4,26.32,1
100.71,49,7,39.44,10,6.95,6,8.89,0
163.03,60,10,54.09,7,5.67,5,29.94,1
105.68,53,8,56.18,4,5.59,3,28.96,0
114.37,70,8,39.78,8,5.16,5,23.01,0
142.83,59,8,37.22,9,5.51,4,14.12,0
138.64,70,8,44.33,7,6.49,4,18.7,1
124.83,68,10,49.89,8,5.98,5,16.11,1
220.38,54,6,56.26,4,6.33,4,31.54,1
136.01,80,9,43.89,7,5.59,4,26.15,1
108.89,57,9,34.03,6,7.24,4,26.51,0
123.11,45,4,30.5,8,4.13,5,13.6,0
123.25,64,7,59.74,5,4.86,5,30.43,1
140.21,70,7,27.42,9,4.34,5,15.15,0
82.15,77,5,33.64,8,5.96,6,18.14,1
126.71,48,10,26.09,10,5.63,6,26.73,0
125.97,29,5,36.28,7,6.65,6,24.27,0
155.81,77,9,52.73,6,5.65,4,25.48,1
142.39,48,7,34.83,8,7.0,6,24.93,0
154.78,62,5,32.71,7,6.35,6,22.29,1
83.43,65,5,38.15,7,6.17,6,20.77,1
164.94,79,6,51.29,4,5.88,4,25.85,1
149.62,63,9,48.97,8,5.23,5,22.53,1
162.77,72,9,48.82,6,5.8,4,25.12,0
81.35,22,6,24.98,10,4.11,4,6.72,0
111.51,76,9,41.05,8,6.17,5,16.62,0
178.93,54,8,38.73,7,4.44,4,23.2,0
165.98,47,5,30.12,8,6.5,6,17.67,0
205.14,70,8,32.83,9,4.49,5,18.68,0
124.78,47,7,36.77,8,3.83,3,22.34,0
113.2,67,9,37.63,9,6.29,4,12.61,0
172.42,48,6,35.51,6,6.62,5,22.93,0
141.24,65,9,47.68,9,6.03,5,14.75,1
119.87,77,5,50.71,3,7.64,3,23.53,1
195.59,76,9,36.17,9,5.37,5,19.18,1
143.9,75,7,38.08,6,6.69,5,25.3,0
145.01,78,9,33.21,8,4.74,4,19.05,0
176.23,76,8,38.7,9,6.1,5,15.04,1
104.95,83,10,33.13,8,5.25,5,29.31,0
81.63,89,5,54.22,5,4.69,5,24.75,1
174.31,50,5,38.58,6,6.49,5,25.52,0
100.03,83,11,40.21,6,7.09,3,22.81,1
98.55,76,8,39.74,8,5.83,4,17.26,0
196.97,70,9,39.66,9,6.91,5,10.44,0
184.72,55,5,24.86,8,7.76,5,12.21,0
125.1,68,8,34.06,8,4.78,4,17.8,0
116.14,67,7,57.72,5,5.64,4,28.35,1
144.28,62,9,59.76,8,6.14,5,13.96,1
157.19,60,9,52.56,7,4.68,5,32.22,1
118.21,70,10,46.51,6,5.09,4,28.67,0
147.18,59,8,39.64,8,5.46,5,23.41,0
134.31,67,7,58.86,3,7.05,3,26.15,1
151.91,83,7,43.26,6,5.17,5,26.57,1
64.04,69,6,34.27,8,5.69,6,20.11,1
111.61,63,6,45.52,7,6.11,5,22.03,0
191.91,35,6,28.53,7,7.71,5,24.57,0
122.35,76,11,35.84,8,5.9,4,25.77,0
177.81,50,8,64.55,5,5.23,4,33.02,1
165.16,71,7,47.83,4,7.22,3,26.25,1
147.84,37,6,28.88,7,6.75,5,23.53,0
118.94,80,7,38.01,8,4.98,6,19.54,1
126.96,69,7,39.94,8,5.65,5,16.79,0
129.51,83,8,27.09,8,3.71,4,20.32,0
168.51,64,6,38.42,8,5.51,6,15.89,0
88.72,74,7,40.33,7,6.41,5,16.96,1
149.9,86,6,31.43,7,5.78,5,21.09,1
156.76,64,9,25.22,8,2.91,2,18.03,0
135.6,83,7,32.89,8,5.7,5,18.2,1
90.75,67,9,42.05,8,5.1,4,22.9,0
122.63,62,9,46.05,7,4.27,5,31.42,0
132.85,63,6,35.94,8,4.71,6,26.36,0
124.42,66,8,19.27,10,3.38,3,10.14,0
132.9,71,12,42.34,8,5.56,5,28.06,1
136.97,49,7,37.87,7,3.84,4,25.29,0
94.99,65,9,24.63,10,5.19,6,24.94,0
120.46,46,9,17.57,9,8.63,5,18.23,0
166.08,59,6,41.86,5,6.95,4,22.92,0
145.33,77,8,38.77,8,4.93,6,28.19,0
132.1,33,6,47.32,7,5.85,5,18.11,0
135.45,64,7,45.36,6,4.95,5,30.61,0
164.67,43,6,17.55,10,2.44,3,13.91,0
110.8,79,7,35.55,8,5.27,5,20.35,1
162.89,32,6,37.37,8,4.0,4,20.09,0
213.03,41,5,33.25,7,7.09,5,21.02,0
86.58,87,5,47.24,5,5.31,5,25.01,1
140.85,63,7,38.36,9,5.85,7,18.52,0
155.53,70,9,31.96,10,5.11,5,15.78,0
94.2,36,7,33.96,9,5.1,3,10.98,0
152.68,51,9,27.07,8,6.66,5,24.39,0
139.86,62,6,38.02,7,4.32,5,23.04,0
111.74,70,7,28.83,6,7.33,4,22.53,0
135.04,89,10,35.47,10,5.37,5,14.44,1
94.1,81,9,28.47,9,4.46,4,17.53,0
179.06,63,8,43.72,8,3.26,6,32.25,0
124.65,56,7,42.57,9,6.98,5,10.9,0
168.08,54,8,24.41,9,5.77,6,26.35,0
174.29,51,9,48.49,8,6.83,5,17.14,1
103.69,30,6,17.2,7,8.23,5,22.51,0
142.91,57,9,34.99,8,4.33,3,18.45,0
130.65,75,9,45.88,6,5.12,4,26.75,1
96.11,65,5,49.25,3,7.96,3,26.87,1
108.11,59,10,42.73,9,7.04,5,14.73,1
107.57,66,7,43.46,7,6.72,5,19.11,1
129.89,66,6,34.13,8,6.1,6,20.4,1
93.21,78,6,25.32,8,6.67,6,16.78,1
115.41,47,6,33.26,7,6.97,6,24.69,0
140.49,51,6,40.1,6,5.9,5,26.08,0
180.95,63,9,32.0,9,4.68,4,15.83,0
168.01,63,8,31.09,9,5.47,5,22.42,0
143.31,90,9,48.38,8,3.99,5,25.03,1
155.41,47,7,37.62,6,7.32,5,24.04,0
134.25,79,10,45.23,7,5.76,5,25.46,1
183.71,75,10,44.37,8,4.28,5,29.42,1
143.72,32,6,40.22,8,5.43,4,14.18,0
162.5,72,8,37.48,8,5.0,6,26.89,0
50.12,40,8,38.26,9,5.14,5,17.6,0
168.29,55,9,50.85,8,7.49,5,16.26,0
130.61,71,5,52.94,4,5.79,4,28.28,1
148.81,75,6,43.71,5,6.17,4,27.37,1
136.29,57,9,38.04,8,4.45,3,20.99,0
132.34,46,9,59.17,5,5.51,4,36.88,0
105.74,60,11,48.2,10,7.34,4,9.8,1
118.28,40,6,35.42,7,5.7,6,28.55,0
75.89,46,8,48.16,7,4.92,5,30.65,0
110.14,73,8,48.97,6,6.44,5,26.27,1
160.04,80,9,42.68,7,6.37,4,17.55,1
105.97,76,6,23.62,9,3.64,5,14.82,0
148.56,46,8,20.34,8,7.76,5,22.1,0
107.93,88,8,38.39,8,5.42,5,20.59,0
155.58,56,6,35.16,8,4.42,4,18.45,0
68.02,56,8,38.24,7,3.74,3,25.72,0
142.72,69,7,55.98,5,5.62,5,28.09,1
81.08,34,6,51.85,7,5.98,6,26.64,0
124.36,69,8,39.14,8,5.58,5,20.05,0
121.29,63,10,20.77,9,6.37,5,27.08,0
69.5,42,7,28.7,10,3.74,5,18.09,0
104.89,85,9,50.52,5,7.06,3,21.09,1
138.71,41,7,42.75,7,5.16,3,20.0,1
141.09,65,6,34.83,8,4.92,5,15.84,0
142.03,67,9,31.13,8,6.26,5,22.47,0
143.79,78,8,42.48,8,5.41,5,17.54,1
145.69,51,8,36.52,8,4.4,3,18.11,0
152.81,39,8,48.31,8,6.28,4,18.33,0
196.4,35,7,47.71,7,5.7,4,20.79,0
86.8,81,9,46.22,8,4.93,5,20.39,1
118.55,80,6,45.72,3,5.54,4,34.97,0
76.77,94,4,34.59,6,5.1,5,21.55,1
118.8,69,6,25.48,7,2.25,3,22.96,0
98.52,76,7,45.02,7,5.61,5,25.0,0
133.47,55,5,42.29,5,7.27,4,22.62,0
172.5,107,5,10.17,7,5.5,5,21.39,1
168.83,58,7,33.94,9,5.96,7,18.39,0
127.02,38,5,39.56,6,5.61,5,30.83,0
109.9,81,8,37.46,8,7.15,4,13.36,1
125.49,41,6,34.43,8,4.17,4,17.52,0
125.87,77,8,43.27,5,7.43,4,24.31,1
103.81,87,9,41.07,7,5.73,5,20.75,0
139.38,41,6,38.14,9,6.12,5,8.68,0
165.87,87,4,44.58,4,6.46,4,23.92,1
101.02,79,9,53.95,6,5.66,4,25.06,1
148.49,68,11,23.07,11,4.95,7,26.35,0
151.29,61,9,30.64,9,4.97,6,29.07,0
151.91,89,6,34.13,5,7.17,5,23.05,1
98.81,64,8,47.41,4,7.91,3,26.79,1
114.26,57,11,43.84,9,6.36,4,17.33,0
140.17,59,7,48.44,7,4.68,5,25.24,0
125.64,65,9,53.37,6,6.19,4,26.48,0
119.24,55,7,60.16,4,6.18,5,32.52,0
98.78,87,10,45.51,6,6.23,4,22.59,1
140.5,62,7,43.1,6,5.99,4,26.08,0
185.78,51,7,46.48,8,6.43,5,17.43,0
174.53,40,10,26.83,9,6.53,5,26.4,0
161.2,53,9,36.46,9,5.57,4,14.49,0
84.48,85,7,26.16,7,7.15,5,16.55,1
87.79,86,9,30.37,10,4.62,6,19.33,1
165.69,60,10,39.57,8,5.16,5,31.3,0
146.02,58,9,52.28,7,6.75,4,22.02,0
118.72,58,7,23.45,8,3.11,3,14.03,0
166.25,54,6,42.69,7,5.16,6,31.33,0
112.88,76,10,26.91,9,6.13,5,21.31,0
119.47,70,11,40.58,8,5.29,3,21.09,0
150.21,49,5,65.2,4,4.82,6,34.56,1
168.08,68,7,29.48,9,4.26,5,18.62,0
126.8,62,9,47.65,7,6.23,4,19.94,0
148.43,41,8,31.63,9,4.35,4,14.12,0
108.13,34,6,39.28,4,6.76,4,33.1,0
111.6,21,5,39.74,7,3.61,4,23.39,0
196.33,72,7,49.63,4,6.86,4,26.14,1
107.75,44,6,38.38,7,7.24,5,22.08,0
124.26,78,6,53.41,4,6.02,4,25.69,1
124.45,78,10,46.66,5,7.76,3,22.45,1
146.29,83,5,25.17,8,6.08,6,19.46,1
160.8,79,6,41.2,5,5.65,4,25.89,1
74.79,29,8,39.35,7,6.17,5,30.36,0
117.06,58,9,35.79,8,6.37,5,26.46,0
173.21,76,5,49.66,4,6.19,4,26.79,1
124.78,79,10,48.67,8,4.37,5,27.25,1
125.48,75,3,54.7,2,6.49,4,26.47,1
176.38,46,8,39.19,8,4.35,4,23.29,0
98.88,70,7,53.4,6,4.26,5,31.28,0
79.13,48,6,34.83,8,6.6,6,21.02,0
92.34,45,5,36.31,7,5.55,6,25.09,0
75.72,102,5,17.79,6,7.26,4,18.23,1
143.19,53,5,26.82,8,7.06,5,17.56,0
133.07,74,7,33.6,8,5.11,6,22.64,1
142.35,70,3,63.61,3,4.67,5,29.54,1
88.53,82,9,40.66,10,4.62,6,16.73,1
149.1,77,8,33.86,7,7.15,4,17.65,1
128.59,83,9,30.67,9,6.32,5,13.8,1
144.55,63,8,34.81,7,3.77,3,22.6,0
147.15,41,5,35.92,7,7.95,5,20.99,0
126.96,83,11,48.91,7,5.73,3,23.85,1
149.46,45,9,35.67,8,5.43,6,31.29,0
119.65,65,9,43.42,10,5.88,6,14.72,1
80.34,35,4,21.61,9,2.87,3,9.37,0
143.16,72,8,37.97,7,4.66,3,21.6,0
179.05,47,7,28.83,9,4.54,4,11.34,0
191.86,42,5,50.69,5,5.4,5,30.5,0
150.45,65,8,41.67,8,5.45,5,20.51,0
131.16,48,8,39.87,8,5.83,5,26.19,0
121.41,82,10,43.05,9,5.18,5,16.02,1
131.5,80,7,45.54,5,3.83,3,32.38,0
141.67,66,7,45.82,5,7.18,4,22.47,0
146.75,55,6,35.69,6,5.85,5,28.99,0
177.96,71,4,59.4,4,5.5,5,27.89,1
123.99,58,8,27.43,8,6.58,5,24.25,0
162.18,79,5,63.41,5,3.37,6,28.5,1
118.19,91,11,37.79,7,7.16,3,20.74,1
146.67,87,8,35.24,9,4.17,5,21.58,1
44.62,19,3,32.01,9,4.06,5,14.32,0
141.44,51,7,37.16,7,4.19,2,18.99,0
139.03,24,7,43.19,8,5.26,4,18.25,0
128.13,81,7,34.05,7,6.38,4,18.01,1
116.12,72,8,44.91,7,6.31,4,17.18,1
125.01,75,7,31.16,6,7.91,4,17.12,1
122.02,98,7,41.59,5,5.69,4,21.88,1
160.45,77,7,28.64,9,5.02,5,13.17,0
139.02,70,4,71.22,4,3.59,5,29.78,1
168.05,94,8,49.5,6,5.18,4,22.11,0
167.73,41,6,38.31,6,6.26,5,27.2,0
105.28,73,9,37.1,8,4.84,6,31.58,0
169.23,16,4,45.6,5,7.07,4,26.08,0
117.0,83,6,30.34,7,5.4,5,24.84,1
145.59,81,4,18.86,6,7.71,5,19.11,1
138.76,63,8,45.24,6,4.82,5,35.0,0
159.52,88,12,41.94,9,6.22,4,11.89,1
140.32,71,5,55.42,4,6.64,4,26.31,1
163.42,64,7,46.76,5,6.48,5,29.38,1
129.98,62,6,22.3,10,3.9,5,10.69,0
128.0,53,7,36.42,7,5.79,6,28.79,0
121.01,82,6,51.49,5,5.09,5,26.03,1
169.0,35,5,42.52,6,6.57,6,29.39,0
127.75,103,5,42.65,6,3.97,5,23.45,1
167.09,76,6,46.14,7,4.11,6,28.33,0
134.62,47,7,37.06,8,4.42,4,18.36,0
162.83,65,8,32.4,8,5.66,5,21.58,0
78.87,59,8,46.45,7,8.13,4,13.43,1
201.47,48,3,42.13,6,6.21,6,25.37,0
148.54,47,8,42.61,7,4.08,3,25.43,0
204.59,38,8,21.15,8,8.5,5,21.44,0
180.38,84,6,45.75,5,5.92,4,24.99,1
128.25,55,5,17.67,9,2.2,3,14.4,0
147.54,90,9,34.64,9,5.85,5,13.43,0
137.42,111,5,22.67,5,6.84,4,16.69,1
114.05,62,7,48.88,7,5.63,5,23.78,0
144.53,73,9,27.74,8,5.16,5,29.42,0
121.4,50,6,38.38,7,6.31,6,25.71,0
159.95,51,6,48.41,7,4.29,6,31.85,0
164.71,73,10,42.91,8,5.31,5,29.11,0
143.39,38,7,30.57,9,4.24,4,13.79,0
166.11,52,5,40.9,6,6.64,5,26.96,0
157.6,61,9,35.3,8,5.6,5,29.16,0
155.97,62,8,62.93,6,4.77,5,30.11,1
127.32,44,5,44.02,6,5.59,5,28.75,0
117.47,74,5,23.52,8,2.9,4,18.28,0
117.35,55,7,38.68,6,3.74,3,23.43,0
140.35,83,4,14.81,9,5.74,7,21.16,1
150.56,64,9,32.83,7,5.56,5,29.88,0
96.87,36,6,34.57,8,4.47,4,16.12,0
191.75,71,11,25.0,9,5.46,6,31.73,0
172.93,65,6,49.73,5,5.6,5,30.42,1
128.52,85,6,46.67,4,7.41,4,22.14,1
101.59,27,4,42.52,6,6.6,5,26.43,0
159.15,63,7,57.85,5,5.76,5,29.19,1
140.75,64,9,37.1,9,5.85,4,14.38,0
127.06,52,5,31.82,7,2.96,4,23.45,0
101.09,92,6,19.38,8,5.35,6,20.57,0
131.98,58,7,43.41,7,7.39,5,18.5,1
132.59,60,10,41.7,7,4.06,4,30.73,0
164.98,69,8,48.63,7,5.64,4,20.81,1
160.18,43,6,28.96,6,2.06,2,23.28,0
81.18,47,5,37.7,7,6.08,5,23.01,0
143.64,58,8,39.5,7,4.19,3,24.73,0
194.27,33,5,38.28,8,4.95,5,15.96,1
157.25,80,8,35.17,7,5.71,5,21.5,1
118.07,79,7,40.16,9,4.85,6,18.32,1
161.91,76,7,47.37,4,6.86,4,25.27,1
148.06,72,7,35.75,8,6.63,5,17.87,1
120.4,75,10,42.06,5,5.64,4,33.43,0
206.11,57,9,38.68,8,5.23,6,29.24,0
155.94,74,9,36.57,7,3.81,3,25.95,0
159.06,70,9,52.05,5,6.11,4,27.12,1
153.09,76,6,56.04,5,5.54,5,26.6,1
156.27,108,11,34.77,7,6.48,3,17.19,1
134.23,54,6,38.19,7,5.73,6,27.18,0
202.98,85,8,45.29,6,5.12,4,26.54,0
154.89,88,9,38.58,8,6.69,4,10.4,1
77.84,56,6,44.94,7,4.53,5,27.24,0
108.03,87,11,40.56,9,5.07,5,24.81,1
146.04,81,8,45.31,5,6.2,4,24.87,1
122.37,74,6,50.29,6,5.0,5,28.76,1
129.62,51,6,43.22,7,5.95,4,14.86,0
137.02,66,8,36.64,9,5.89,5,12.79,0
123.75,87,9,36.15,6,7.04,4,22.64,1
164.21,64,7,60.6,6,4.11,5,31.52,1
90.1,74,8,38.88,7,6.09,5,26.56,0
104.42,87,5,55.92,4,5.71,4,23.18,1
78.95,81,11,46.01,8,7.04,3,9.49,1
115.75,44,9,28.88,8,6.71,5,29.3,0
112.06,76,8,47.97,5,6.54,4,25.39,1
104.26,45,6,36.57,7,3.69,4,22.78,0
98.6,63,10,40.75,7,5.84,5,29.68,0
135.03,41,9,39.87,10,6.6,5,12.44,0
138.43,74,8,40.72,7,5.47,5,23.7,0
137.83,61,4,46.39,4,5.21,4,30.66,0
148.0,44,5,37.8,7,6.62,5,20.04,0
102.88,67,8,34.2,7,5.31,5,28.64,0
94.09,101,11,43.81,8,4.99,4,20.44,1
126.67,52,6,32.43,7,3.58,4,22.01,0
114.65,20,5,29.55,8,8.12,5,17.51,0
110.81,78,7,35.64,7,6.05,5,22.37,1
108.9,33,8,49.17,7,5.15,4,25.58,0
119.02,65,7,33.88,9,5.12,5,16.47,0
118.08,63,10,41.4,10,5.6,6,16.5,1
106.3,40,6,35.13,8,4.59,4,16.0,0
147.11,55,5,45.69,4,7.24,4,25.15,0
133.5,81,8,31.44,9,4.9,4,13.45,0
104.58,97,8,35.54,8,4.6,5,17.17,1
149.46,57,5,47.87,8,5.21,7,23.08,1
121.45,38,7,21.72,10,6.82,6,20.49,0
144.67,61,6,32.18,8,4.06,4,16.44,0
148.66,79,7,43.94,6,5.34,5,27.36,1
154.89,76,5,38.45,6,5.94,5,23.48,1
120.75,83,10,42.1,7,5.47,5,25.37,1
115.63,52,8,35.27,8,3.91,4,23.46,0
140.08,69,5,29.19,7,2.71,4,22.29,1
133.36,32,7,28.81,6,7.64,5,28.29,0
158.95,59,7,39.87,7,5.96,5,26.24,0
68.81,70,6,33.95,8,5.53,7,20.99,0
173.16,80,7,36.05,9,5.81,6,14.67,1
128.51,40,8,45.19,6,3.61,4,33.86,0
143.78,90,5,19.92,6,7.28,5,17.78,1
137.03,48,7,52.56,5,4.18,5,39.76,0
135.32,71,7,54.96,5,5.67,4,27.57,1
131.06,90,8,45.27,6,5.65,4,23.16,1
126.58,42,5,35.79,8,4.03,5,19.79,0
191.52,74,9,39.42,7,5.41,5,29.55,0
143.77,99,9,38.36,7,5.17,4,22.07,1
108.89,45,5,33.8,8,5.24,6,28.28,0
84.22,90,5,46.09,5,5.92,4,23.27,1
127.18,72,6,42.16,7,6.05,5,15.21,0
116.07,79,10,44.13,9,6.17,5,11.54,1
47.96,89,6,44.08,5,5.74,4,24.09,1
109.31,42,7,33.39,10,5.56,5,11.03,0
148.61,68,7,28.98,8,4.12,4,16.21,0
140.73,57,9,61.72,6,5.25,5,30.93,1
144.92,39,5,39.67,6,6.17,5,25.92,0
145.16,53,9,39.39,7,6.86,4,24.38,0
194.95,43,9,34.38,10,5.15,4,14.67,0
156.09,71,7,50.79,5,6.17,4,27.36,1
117.09,50,5,45.35,6,4.82,5,28.29,0
128.86,58,11,55.53,9,6.41,5,12.5,1
113.69,57,9,61.72,7,6.59,4,16.3,1
142.34,57,8,34.0,10,5.34,7,22.35,0
126.56,85,7,51.96,7,3.71,5,27.2,1
123.59,59,8,41.93,9,5.08,6,22.42,1
165.82,48,6,30.96,8,3.48,4,17.47,0
101.9,66,7,34.13,9,5.34,5,14.67,0
139.78,49,6,37.62,7,3.96,3,22.49,0
173.75,40,5,26.55,9,2.8,4,17.79,0
108.31,57,7,46.86,7,5.58,5,24.31,0
109.44,62,7,61.19,5,5.3,4,29.79,1
120.14,67,7,33.54,8,4.55,4,18.19,0
114.87,54,7,33.37,7,7.53,5,24.42,0
129.47,72,10,41.22,7,4.67,4,27.6,0
117.29,70,9,37.11,9,5.53,6,18.31,1
138.99,62,5,54.11,4,6.28,4,25.72,0
115.71,23,2,41.81,5,6.92,5,23.4,0
92.35,53,9,38.77,9,6.15,4,10.75,0
120.76,57,6,45.59,7,6.4,5,14.43,0
163.97,74,2,23.19,7,6.6,7,19.12,1
105.19,67,6,50.29,4,6.3,5,28.67,1
175.44,40,6,38.45,7,4.32,4,20.83,0
71.8,68,10,48.85,7,5.55,4,28.74,1
102.64,62,4,40.02,5,6.37,4,22.28,0
145.44,68,7,45.9,5,4.5,4,30.07,0
145.55,78,5,24.06,8,6.34,6,20.6,1
142.65,51,7,50.35,6,5.24,4,26.92,0
177.87,93,10,49.58,4,4.35,3,36.99,0
132.82,24,5,38.33,7,3.47,4,23.06,0
123.72,61,10,49.14,9,5.08,5,20.2,1
158.43,65,8,36.67,7,5.15,5,28.76,0
155.0,82,11,40.22,10,5.58,5,11.33,1
164.33,48,4,42.53,6,5.55,5,26.72,0
95.64,45,5,40.95,6,6.7,5,22.3,0
146.52,74,7,37.53,5,6.06,4,29.92,0
140.82,61,9,47.02,10,5.24,6,18.03,1
119.97,77,7,45.83,6,6.6,4,18.42,1
117.54,87,6,22.15,8,6.56,5,17.53,1
93.23,97,6,23.39,7,6.68,5,16.51,1
199.18,60,8,32.59,8,5.95,5,26.23,0
138.24,83,5,22.11,7,6.55,5,20.69,1
123.48,45,6,36.09,6,6.05,5,27.25,0
155.86,91,7,27.03,8,5.01,5,22.08,1
152.71,71,8,41.0,7,7.03,4,16.91,1
201.02,70,6,42.81,4,7.13,4,25.65,0
101.31,72,9,30.83,8,6.51,5,23.3,0
164.39,51,7,37.38,8,4.77,4,17.9,0
87.47,31,6,43.41,5,7.94,3,24.34,0
165.79,43,8,37.31,8,5.27,3,15.58,0
167.58,84,7,41.98,5,6.31,4,24.59,1
80.42,66,5,31.72,9,4.57,5,15.72,0
123.9,63,8,35.75,8,4.93,6,28.46,0
166.89,87,7,29.44,7,5.92,5,19.65,1
107.05,62,8,35.92,7,4.67,5,33.99,0
121.75,85,6,30.14,7,5.28,5,24.21,1
115.87,40,5,31.25,7,6.45,5,22.38,0
181.93,56,8,40.42,7,5.8,5,27.79,0
199.14,69,7,50.08,6,6.16,4,21.17,0
86.69,68,5,34.63,8,4.66,5,19.52,0
113.11,62,7,38.69,7,4.33,4,23.57,0
151.14,66,10,41.63,6,7.49,4,27.29,1
206.47,65,7,38.07,8,5.08,6,25.9,0
141.97,59,8,50.11,5,5.19,3,27.67,0
193.71,74,9,52.66,6,5.7,4,26.41,1
170.17,67,6,48.79,5,5.34,5,26.63,1
143.63,76,7,30.38,7,7.0,5,18.4,1
156.05,34,9,53.31,7,6.55,5,25.14,0
146.57,43,8,47.32,6,4.78,3,25.0,0
160.15,82,11,43.85,6,4.06,3,33.47,0
129.81,49,6,30.23,9,5.24,4,7.17,0
151.29,75,10,38.4,8,6.52,4,15.72,1
101.68,67,7,33.66,8,4.28,4,17.47,0
204.43,60,8,50.3,5,7.06,4,28.75,1
85.06,82,4,23.72,8,5.38,6,22.49,1
141.47,63,5,57.19,3,6.97,4,27.94,1
87.17,77,8,27.51,7,8.17,4,16.12,0
139.55,51,6,36.77,6,6.38,5,27.24,0
135.01,65,6,38.54,7,5.05,5,26.61,0
175.34,27,5,31.37,9,3.99,4,12.11,0
143.33,71,7,62.89,4,5.01,4,27.79,1
160.5,82,8,36.57,7,6.4,4,18.93,1
99.89,94,7,40.46,6,5.68,5,22.88,1
100.76,71,9,36.07,9,6.73,5,14.86,1
140.71,71,8,47.03,4,7.61,3,25.46,1
87.32,49,6,37.4,7,4.26,3,17.84,0
158.05,63,7,43.88,7,5.49,5,20.5,0
163.35,61,8,28.13,10,5.0,5,11.14,0
117.29,55,9,26.56,9,5.85,6,26.11,0
111.57,66,5,57.04,5,4.49,5,29.47,0
119.06,70,4,62.85,4,4.53,6,29.43,1
167.53,108,10,37.09,6,7.13,3,16.34,1
143.56,78,10,36.5,8,4.41,5,33.73,0
86.95,54,6,42.19,5,6.02,4,28.67,0
172.44,29,4,33.16,6,7.03,5,24.53,0
168.68,81,7,28.94,9,5.99,6,15.81,1
121.91,40,4,25.58,9,3.28,5,14.07,0
155.35,62,8,26.58,7,6.96,5,26.08,0
142.59,57,5,44.02,7,4.82,6,29.53,0
186.23,31,6,40.77,8,4.72,4,19.21,0
108.75,69,8,40.07,6,5.68,5,31.13,0
117.44,33,4,26.36,9,3.31,4,13.57,0
196.01,80,6,24.49,8,6.68,6,19.03,1
148.59,47,7,39.16,8,4.93,4,19.42,0
139.68,60,6,38.58,9,6.78,6,10.41,0
144.49,66,7,33.21,7,6.03,5,23.81,0
80.02,60,6,59.12,5,5.18,5,31.13,1
95.23,86,3,48.59,3,6.68,4,23.46,1
166.87,54,6,28.65,8,5.03,6,29.45,0
166.09,95,8,45.68,6,5.66,4,21.82,1
155.41,58,8,45.31,6,4.71,5,31.21,0
87.97,38,8,36.26,9,4.87,3,13.64,0
134.71,95,8,46.33,5,6.34,3,20.55,1
110.31,51,9,24.83,8,7.67,5,23.46,0
98.68,51,5,34.81,8,5.45,6,23.07,0
86.55,55,7,29.38,9,4.06,4,15.91,1
107.95,72,6,37.91,7,6.54,5,17.94,1
161.73,67,9,37.19,9,5.84,5,16.67,0
138.78,50,7,41.55,7,4.78,4,22.66,0
137.25,88,9,40.07,8,5.55,4,16.86,1
89.67,44,9,48.28,8,6.6,5,17.38,0
150.03,83,6,41.68,7,6.11,5,17.3,1
118.6,50,9,33.5,8,6.38,6,26.56,0
89.15,72,9,34.53,8,4.93,4,16.28,0
137.73,88,6,58.17,4,5.68,4,22.6,1
88.12,67,8,37.02,7,6.92,4,19.12,1
101.18,63,8,36.81,6,6.27,5,31.08,0
147.26,73,7,38.65,6,4.57,4,21.98,0
117.1,71,7,30.25,8,6.83,5,17.64,1
149.61,77,7,34.32,6,2.7,3,28.79,0
89.95,36,8,36.68,7,6.75,5,30.21,0
112.53,87,8,31.89,8,5.97,5,16.52,1
135.69,57,8,23.69,10,3.78,4,13.8,0
95.58,62,7,33.73,7,3.51,3,22.5,0
148.33,71,10,43.94,8,6.94,4,14.73,0
132.94,93,3,25.83,7,6.46,5,16.46,1
94.94,85,7,45.09,4,7.45,3,21.89,1
136.48,81,13,29.75,8,7.62,4,23.5,1
80.46,55,7,46.0,7,6.12,5,18.16,0
158.05,48,7,35.63,7,6.13,5,22.0,0
183.66,51,6,34.18,8,4.77,3,12.63,0
113.0,77,7,31.68,7,7.08,4,17.63,1
133.43,76,8,59.4,7,4.11,6,27.6,1
119.86,88,4,51.39,5,4.34,5,26.15,1
144.61,59,6,61.42,4,6.02,4,30.01,1
119.42,55,8,35.76,8,4.51,4,19.44,0
201.87,76,6,42.51,7,4.94,6,23.93,0
112.73,88,6,28.25,7,5.49,5,21.79,1
72.78,69,9,46.69,6,6.45,4,23.94,0
83.6,77,6,53.97,7,4.37,5,23.25,0
97.66,53,6,38.48,8,6.91,5,18.89,0
173.3,87,7,27.01,7,7.16,4,14.25,1
142.18,67,8,49.8,6,5.68,4,29.23,1
159.14,90,8,32.62,5,8.26,3,20.71,1
127.51,79,9,32.09,9,5.57,5,18.52,1
164.91,76,10,42.78,9,6.01,4,15.46,1
119.92,88,7,47.05,6,5.25,5,24.36,1
144.02,59,6,39.86,7,6.15,6,25.2,0
124.62,14,6,21.94,9,7.65,6,21.69,0
126.11,70,6,56.86,5,5.04,5,28.77,1
184.27,58,6,55.1,4,5.56,5,32.09,1
158.81,76,4,27.27,6,6.76,5,23.38,1
167.6,61,6,39.85,7,7.25,5,16.68,1
153.18,53,6,41.1,7,4.92,4,19.02,0
134.72,48,7,31.23,8,5.52,6,23.57,0
115.33,100,9,34.18,7,5.52,5,21.89,1
140.32,77,11,55.86,8,4.64,4,17.56,1
114.84,36,8,44.73,7,4.44,4,27.22,0
139.47,76,9,39.88,8,6.66,4,16.37,1
153.99,75,7,39.17,9,3.87,7,23.65,1
158.1,58,6,23.3,9,3.03,4,14.14,0
161.31,49,5,48.09,4,5.65,4,32.75,0
178.48,46,5,50.34,4,6.53,4,31.29,0
169.35,51,6,36.1,7,5.31,6,28.37,0
149.29,74,11,38.86,6,7.77,3,24.42,1
116.56,49,2,50.04,6,4.84,6,23.37,0
140.19,59,7,41.19,8,5.54,6,23.51,0
144.9,47,9,41.1,8,4.78,4,22.41,0
108.39,92,8,36.34,6,6.91,4,21.9,1
165.7,59,7,32.03,9,6.81,6,19.55,0
138.12,71,6,34.09,8,5.72,6,21.98,1
166.8,70,5,28.83,8,4.07,5,16.05,0
101.86,43,8,44.28,7,5.71,5,24.31,0
100.47,42,6,35.86,9,5.8,4,8.18,0
86.04,76,6,37.29,7,5.45,5,19.06,0
122.0,63,9,23.62,8,6.48,5,30.08,0
120.02,73,8,39.38,8,4.91,6,22.68,1
132.64,36,7,32.77,9,4.49,4,13.62,0
170.52,78,7,40.56,7,4.5,5,26.66,0
96.16,73,7,41.83,8,6.03,5,17.4,1
194.33,64,9,49.31,6,6.16,4,28.71,0
136.44,61,5,43.61,4,5.93,5,30.5,0
135.76,76,7,51.84,6,3.7,5,30.48,0
112.23,90,4,46.46,5,5.26,5,24.76,1
187.47,53,8,44.77,7,5.42,4,22.15,0
159.96,55,7,23.97,8,7.03,6,21.52,0
164.11,24,5,28.26,9,3.06,4,17.07,0
174.39,63,5,38.7,6,6.22,5,21.85,0
112.91,64,8,38.23,8,4.63,4,22.62,0
179.08,85,8,48.86,6,3.79,5,27.26,0
128.6,93,7,29.21,7,6.64,4,14.89,1
155.78,49,7,32.99,9,4.77,4,15.12,0
106.36,89,10,38.45,9,4.69,6,25.4,1
81.7,60,9,27.32,9,6.55,6,23.72,0
127.01,61,6,53.01,4,6.06,5,30.34,1
89.25,55,9,35.26,8,5.42,5,27.83,0
94.85,56,5,45.38,5,6.96,5,23.52,0
118.48,57,8,29.59,9,3.71,4,19.32,0
146.21,76,6,25.7,8,6.73,6,16.7,1
94.88,86,9,38.38,8,6.43,4,12.98,1
137.51,81,4,27.16,6,6.8,5,19.74,1
137.54,75,7,37.76,7,6.71,4,17.88,1
160.82,65,9,40.4,9,6.66,4,10.41,0
122.1,88,7,41.57,5,7.07,3,21.98,1
155.44,84,10,45.25,6,6.42,4,23.02,1
106.24,86,8,38.39,7,6.69,4,15.4,1
173.82,84,8,26.87,8,7.31,5,13.27,1
114.21,84,10,52.78,6,5.63,4,23.41,1
77.16,61,8,33.61,9,5.93,6,21.66,0
83.17,72,9,31.27,9,4.38,5,26.91,0
166.34,58,9,29.8,6,6.76,5,31.19,0
161.18,45,9,62.59,4,7.13,3,31.13,1
123.25,47,11,37.3,10,5.45,4,16.65,0
181.01,74,8,48.09,5,6.76,4,25.53,1
129.29,89,6,39.23,6,6.32,4,17.51,1
156.13,57,3,50.89,4,5.07,5,26.21,0
173.93,63,7,55.01,3,7.6,3,26.61,1
131.59,59,6,38.92,6,3.6,3,26.79,0
169.89,89,10,39.08,7,6.85,4,21.87,1
158.25,64,9,50.17,5,6.94,4,27.71,1
169.51,45,9,40.51,6,7.16,4,25.61,0
98.21,39,6,31.96,7,5.92,6,27.83,0
148.47,83,8,35.64,8,6.19,5,15.78,1
146.44,65,4,63.16,3,5.47,4,29.43,1
163.73,62,8,27.68,9,4.37,4,14.16,0
156.55,78,5,36.82,6,7.32,4,16.94,1
124.83,79,5,32.29,7,5.84,6,21.02,1
130.72,72,8,49.65,5,6.93,3,25.48,1
103.96,48,6,42.85,8,4.87,6,26.8,0
141.41,75,9,53.51,5,6.44,3,24.76,1
167.02,79,8,42.07,6,6.67,4,17.91,1
120.0,57,4,31.45,7,5.83,6,25.69,0
108.95,72,10,40.9,6,7.27,4,27.72,0
101.94,59,8,53.01,5,6.62,4,29.41,1
180.03,48,9,38.91,9,4.45,6,29.85,0
136.52,49,5,35.44,8,5.36,6,21.6,0
130.09,69,7,40.55,7,5.45,5,25.53,0
94.55,70,8,49.14,4,7.26,3,25.96,1
80.94,44,9,22.39,9,7.37,5,21.84,0
126.75,91,4,21.35,5,5.54,5,27.25,1
159.88,67,6,28.73,8,3.47,4,18.09,0
91.38,53,6,37.42,7,4.9,6,31.85,0
168.75,44,7,39.1,9,5.75,5,14.94,0
178.72,60,8,57.27,5,5.3,5,30.86,1
175.49,39,8,20.79,9,6.43,6,27.96,1
161.12,78,7,24.55,9,6.07,6,19.73,1
97.26,79,8,44.55,6,5.66,4,26.72,1
80.75,51,6,37.77,9,6.21,5,9.62,0
112.51,60,8,29.12,7,6.72,5,26.6,0
158.26,75,9,27.55,8,5.76,5,25.08,0
169.4,77,10,55.87,8,5.87,4,13.36,1
148.39,61,6,57.98,5,4.68,6,31.92,1
133.75,40,7,28.6,8,6.25,6,28.76,0
138.17,48,7,31.09,9,4.59,4,14.01,0
159.43,82,8,42.65,7,6.27,4,16.96,1
157.66,69,6,29.01,7,6.35,5,22.53,1
197.22,64,9,46.29,6,4.85,3,26.91,0
93.58,64,7,43.37,8,5.25,6,24.91,0
75.93,69,9,37.13,9,6.75,5,13.17,1
130.17,87,4,58.1,3,5.95,4,22.96,1
110.55,66,10,38.32,6,6.63,4,30.9,0
114.23,41,5,28.7,7,7.67,5,18.56,0
132.91,69,9,35.49,9,5.91,5,13.33,0
141.77,40,9,47.52,7,5.56,4,24.18,0
167.86,22,3,41.3,5,7.51,5,24.37,0
148.08,45,9,31.97,8,6.3,5,28.59,0
135.77,56,7,39.3,7,5.35,6,28.4,0
141.48,49,3,52.3,3,6.79,4,27.17,0
159.52,70,8,36.43,7,4.46,4,22.66,0
170.05,68,6,43.39,7,5.52,5,19.64,0
121.36,56,7,33.27,8,3.63,3,19.75,0
149.5,59,8,24.52,10,4.64,4,6.36,0
111.59,88,10,36.45,10,5.41,5,12.46,1
111.05,42,8,28.15,9,3.99,3,12.27,0
99.25,81,8,42.33,6,6.56,4,24.75,1
116.2,65,10,33.99,7,6.12,5,30.84,0
97.98,57,7,40.48,6,6.81,5,26.23,0
179.78,64,7,60.06,4,6.56,4,27.37,1
112.49,61,8,53.48,7,6.38,5,26.12,0
99.12,74,7,39.67,8,6.26,5,12.78,0
124.7,75,10,38.39,7,6.03,5,29.1,0
129.42,90,7,41.46,4,7.33,3,21.09,1
86.01,48,7,37.95,8,4.99,4,16.81,0
161.45,65,8,45.97,7,5.93,5,21.25,1
142.44,69,8,39.63,7,5.34,6,29.25,0
98.02,51,7,43.76,8,6.54,5,14.88,0
91.54,48,8,37.1,9,4.89,4,17.71,0
127.74,53,6,27.99,10,5.23,5,5.39,0
114.5,43,9,22.23,8,8.3,5,21.58,0
138.25,61,6,45.71,6,6.09,5,25.23,0
100.67,85,7,29.13,8,6.79,5,15.09,1
101.6,71,8,37.26,9,5.68,6,17.49,1
142.84,46,7,38.81,6,3.8,3,23.47,0
158.28,74,6,38.01,6,3.91,3,24.28,0
119.51,40,6,47.11,6,7.31,4,24.2,0
156.96,74,10,41.61,7,5.2,3,21.55,0
107.9,42,7,36.53,8,6.91,5,20.96,0
192.0,70,9,36.98,7,6.14,5,28.21,0
163.11,62,9,41.85,7,5.6,5,29.53,0
97.62,38,7,39.98,6,6.91,4,28.31,0
75.81,61,7,34.32,7,6.08,5,28.84,0
138.04,59,9,38.44,5,8.15,4,28.56,1
163.62,55,6,34.03,8,4.91,4,13.04,0
243.3,67,7,33.99,8,7.14,5,16.66,1
122.27,70,5,43.66,7,4.14,6,26.84,1
126.81,65,6,44.08,6,6.25,5,24.49,0
122.29,73,8,41.91,8,5.73,5,17.46,1
162.96,76,9,30.97,7,7.08,5,25.43,0
133.61,66,6,55.54,5,5.42,5,29.51,1
101.36,56,3,41.88,6,6.11,6,23.69,0
131.61,44,7,32.92,8,3.59,4,20.77,0
121.23,78,6,20.99,8,8.76,5,11.55,1
129.8,74,10,51.61,9,4.86,5,16.23,0
116.18,79,8,43.52,4,8.17,3,22.43,1
133.32,67,7,25.83,9,3.46,4,17.27,0
144.07,53,7,36.05,7,4.82,3,14.83,0
126.46,60,9,31.82,9,5.16,5,27.79,0
147.15,64,7,38.3,9,6.69,6,9.55,0
111.76,74,9,29.68,10,6.03,4,8.43,0
136.9,78,8,44.95,5,7.41,3,23.72,1
175.12,85,6,46.5,6,5.21,5,25.82,1
162.63,67,7,28.73,8,3.73,4,18.27,0
116.22,55,8,25.45,10,4.95,4,8.52,0
152.18,84,8,40.55,5,6.99,4,23.52,1
158.51,55,10,50.88,10,4.76,6,19.16,1
163.21,56,6,41.22,6,6.19,5,23.99,0
158.68,79,2,57.12,2,6.02,4,25.87,1
137.28,52,7,41.97,7,4.38,5,25.8,0
145.83,84,4,23.56,7,6.03,6,23.36,1
121.97,34,6,38.59,8,4.6,4,16.69,0
182.31,77,8,39.23,9,6.53,6,16.48,0
111.57,41,8,50.95,7,5.28,5,25.57,0
113.45,80,7,38.6,8,6.23,5,15.55,1
103.41,64,6,44.05,6,6.46,5,22.04,0
163.13,107,6,25.42,7,4.6,5,21.39,1
117.11,77,2,24.16,7,6.48,7,21.69,1
193.69,83,9,29.83,8,4.55,3,14.28,0
136.67,52,8,31.89,10,5.88,4,6.78,0
138.45,50,6,40.58,8,6.02,6,20.61,0
140.46,48,3,38.86,6,5.24,6,28.41,0
107.15,77,9,45.47,8,6.47,4,13.55,1
125.18,58,8,25.33,10,4.33,4,9.8,0
110.81,113,3,10.29,6,7.47,4,14.83,1
113.72,73,6,34.97,8,6.3,6,18.31,1
167.55,85,8,27.78,7,6.95,4,15.93,1
115.95,67,10,29.87,9,6.16,6,25.11,0
81.05,81,5,31.74,8,4.95,5,14.77,0
144.12,44,4,41.2,7,4.67,4,19.12,0
136.73,49,7,35.54,8,5.67,6,21.88,0
132.46,112,6,41.62,5,6.05,4,17.08,1
122.03,63,9,31.9,8,6.27,6,26.99,0
160.09,71,9,51.5,6,5.09,4,28.2,0
139.48,78,9,32.03,8,7.35,4,13.15,1
152.28,89,10,43.13,6,7.03,3,21.02,1
144.76,64,9,33.53,9,4.6,4,18.91,0
178.08,53,5,45.82,6,6.03,5,25.13,0
129.04,58,7,33.54,7,6.45,6,27.27,0
109.83,47,8,41.19,8,4.82,4,19.73,0
212.32,75,10,46.13,8,5.43,4,19.64,1
168.29,81,9,43.38,8,6.67,4,10.76,1
190.17,77,10,49.27,8,6.35,4,13.34,1
140.52,82,7,34.16,8,3.82,6,26.18,1
175.13,79,9,26.58,8,6.87,5,27.75,0
106.41,53,7,36.01,7,4.5,3,17.99,0
148.86,50,7,27.59,8,7.69,4,17.3,0
139.66,63,6,31.24,7,7.05,5,20.89,1
105.79,46,7,31.84,6,7.34,4,22.65,0
113.29,57,6,69.97,3,5.81,4,29.54,1
105.56,54,8,36.04,7,7.27,5,23.01,0
147.21,82,7,34.88,7,4.24,4,20.47,0
105.28,52,6,32.33,7,5.63,6,25.77,0
120.33,51,5,36.62,7,5.81,6,24.93,0
70.11,79,9,44.26,8,5.59,4,18.41,1
141.29,73,7,21.89,9,3.56,4,13.93,0
133.35,93,9,38.51,4,8.04,2,19.23,1
108.04,43,7,36.58,7,7.02,5,22.87,0
81.25,65,6,56.42,4,5.47,4,27.3,0
150.74,38,6,40.98,6,5.84,5,26.1,0
145.5,48,6,29.45,8,7.11,6,21.03,0
158.21,68,8,48.75,7,4.98,5,23.86,1
147.97,60,10,51.89,6,6.59,4,24.12,0
185.21,54,8,41.69,7,4.99,4,21.52,0
139.75,75,10,32.2,9,5.66,5,27.07,0
149.43,51,7,40.18,7,4.92,4,19.97,0
116.52,92,5,18.45,8,6.02,6,17.96,1
125.08,44,8,35.26,8,6.41,6,23.0,0
115.47,66,10,37.87,8,5.17,4,18.92,0
102.28,64,7,51.24,5,6.13,5,29.24,1
89.33,62,6,47.96,6,6.08,5,23.74,1
90.79,72,10,48.63,8,5.91,4,18.23,1
138.48,42,7,29.22,9,4.59,4,12.01,0
110.97,59,6,42.69,7,5.3,5,20.52,0
117.09,73,8,40.95,9,4.99,6,19.19,1
100.88,75,10,52.31,5,5.9,4,29.49,0
118.0,86,7,49.09,6,5.45,5,24.38,1
152.07,59,6,21.92,9,3.25,4,13.59,0
111.2,37,8,44.01,8,5.89,4,16.85,0
100.52,78,8,34.64,8,6.13,5,18.38,1
99.86,62,6,45.69,6,4.69,6,29.16,0
168.29,83,10,31.18,6,7.75,3,23.18,1
103.4,66,8,34.65,7,5.88,6,29.38,0
132.28,86,8,42.63,7,5.37,5,24.6,0
164.19,53,8,33.57,10,6.12,5,8.8,0
151.83,31,6,25.92,10,3.93,4,10.32,0
130.69,55,6,48.15,5,5.26,4,28.68,0
187.59,56,5,33.53,10,4.45,7,23.2,0
125.45,47,8,30.41,8,7.43,5,22.57,0
88.39,74,7,38.16,8,6.58,5,15.94,1
163.89,67,10,49.77,7,5.49,4,29.03,1
126.67,88,4,23.39,7,7.19,5,16.4,1
117.74,45,8,37.71,8,5.0,4,16.73,0
133.17,61,9,36.59,9,7.51,6,12.01,1
126.65,96,8,30.06,7,6.41,4,17.02,1
148.48,41,6,34.77,8,4.94,4,12.46,0
129.91,27,6,30.99,10,5.29,5,7.7,0
146.73,88,5,30.43,5,6.3,4,22.4,1
144.78,68,8,44.12,7,5.77,5,26.36,0
119.94,76,11,45.84,10,5.44,5,12.85,1
121.44,57,7,41.56,8,5.89,5,16.95,0
103.41,73,6,45.33,7,4.54,6,23.13,1
158.14,79,6,55.34,5,4.36,5,27.71,1
132.65,57,6,26.41,9,3.53,3,13.9,0
119.35,96,6,49.9,5,5.65,4,21.46,1
172.21,75,6,31.0,7,7.77,5,14.26,1
209.23,79,6,40.59,6,4.59,4,23.57,0
58.28,99,4,44.39,4,6.15,4,21.01,1
129.78,85,5,23.84,6,6.04,5,24.35,1
170.28,86,7,38.61,5,6.82,4,23.68,1
141.38,39,7,33.41,7,7.21,5,24.24,0
159.84,32,7,35.12,8,3.83,4,20.7,0
164.56,55,10,43.42,6,3.94,2,30.28,0
94.41,48,6,35.26,6,5.09,5,31.71,0
136.49,89,9,27.29,9,6.94,5,11.28,1
80.72,83,12,43.47,9,6.0,4,13.05,1
119.36,85,2,16.71,6,5.61,7,25.89,1
74.43,65,9,41.75,7,5.49,5,27.18,0
131.38,71,5,45.86,6,5.61,5,20.25,0
116.78,55,8,44.86,8,6.59,4,14.8,0
176.57,69,6,34.04,9,5.87,6,10.13,0
181.31,64,7,24.97,9,3.73,4,15.27,0
103.03,32,6,41.44,6,3.43,3,26.89,0
124.74,77,7,35.38,7,4.27,5,22.37,0
147.87,62,8,43.72,6,4.93,4,24.24,0
157.29,60,7,36.3,8,7.95,5,14.04,1
152.84,86,10,35.2,9,5.12,5,17.91,1
145.64,34,5,41.01,7,6.21,5,23.9,0
110.55,59,4,39.78,6,5.15,6,30.38,0
176.42,67,9,38.62,7,5.01,3,17.99,0
150.39,73,10,33.25,9,5.36,4,15.11,0
148.46,84,7,29.42,9,6.52,6,13.99,1
129.93,72,8,47.91,7,4.75,5,27.49,0
178.84,85,11,43.08,9,5.41,4,15.46,1
110.91,81,7,51.6,4,7.5,3,22.32,1
139.94,62,9,43.65,6,3.95,3,30.24,0
146.24,84,8,49.28,5,7.5,3,21.08,1
163.27,64,8,39.16,6,6.67,4,26.89,0
160.11,71,7,38.67,7,5.15,4,17.05,0
166.72,41,6,36.15,9,5.26,4,12.53,0
113.38,81,5,23.48,8,5.65,6,22.58,1
166.4,76,8,44.35,6,5.31,3,23.28,0
173.21,58,8,25.22,7,7.85,5,26.59,0
145.41,65,5,40.54,6,4.73,5,31.19,0
117.0,49,8,31.21,10,5.07,4,10.47,0
118.8,47,6,41.12,6,6.86,5,25.57,0
134.57,80,8,40.27,7,5.82,5,18.49,1
110.44,70,6,51.59,5,6.09,5,27.83,1
146.52,78,9,48.39,6,4.93,4,27.24,1
181.85,52,7,28.18,9,6.19,6,20.77,0
115.87,61,7,52.36,5,5.74,5,30.79,1
91.18,60,8,27.67,10,4.3,4,14.67,0
119.03,68,6,27.3,8,6.89,6,19.75,1
86.69,83,9,51.44,5,5.69,4,28.8,0
153.51,42,5,42.16,5,7.28,4,25.88,0
113.66,80,7,34.57,8,4.01,6,25.67,1
71.68,84,11,44.02,7,6.17,4,23.36,1
155.28,34,5,26.51,9,3.43,4,14.66,0
150.62,62,6,39.93,8,5.35,5,18.04,0
202.96,57,11,41.59,8,4.41,3,28.41,0
146.69,82,10,42.13,9,6.43,4,12.7,1
97.3,78,7,34.13,8,5.79,5,18.98,1
115.79,40,5,38.21,7,5.36,6,30.64,0
127.6,65,7,57.07,7,3.4,6,33.0,1
112.09,66,8,52.5,5,6.48,4,27.86,1
188.68,45,7,26.92,10,4.14,4,13.03,0
180.9,52,9,39.81,7,5.92,5,30.42,0
165.27,82,9,37.75,9,5.94,5,14.96,1
115.99,83,8,42.76,9,4.85,6,16.62,1
108.4,71,10,31.03,11,6.92,4,1.32,0
140.98,77,5,32.85,7,5.9,6,21.93,1
177.17,81,9,44.15,6,6.21,4,24.96,1
173.72,50,6,27.84,9,3.33,5,19.81,0
86.52,42,7,24.92,8,6.6,5,25.79,0
111.0,70,6,49.74,5,4.74,5,32.64,0
82.15,52,4,32.39,7,5.61,6,25.59,0
120.08,58,9,38.91,6,7.45,4,23.5,0
135.67,39,5,40.49,7,4.12,4,22.52,0
132.6,57,9,38.78,7,7.49,4,25.39,0
142.21,75,6,33.16,8,4.05,5,22.43,0
137.48,71,4,33.95,7,6.58,6,19.26,1
99.81,63,7,19.59,10,3.72,4,9.65,0
94.46,66,7,28.5,8,3.33,4,21.24,0
167.18,42,4,35.49,6,6.73,6,23.18,0
117.62,51,6,44.2,6,6.0,5,26.34,0
159.24,39,6,16.5,8,7.45,5,23.89,0
84.79,85,7,47.18,6,5.51,5,24.84,1
148.28,55,8,27.91,9,5.65,6,23.38,0
105.94,83,4,9.14,8,7.47,6,17.46,1
73.5,65,8,44.35,5,5.63,4,32.22,0
119.68,46,5,24.04,8,6.9,6,21.31,0
150.32,51,8,26.78,9,6.42,6,22.75,0
142.75,28,7,26.45,9,2.92,3,17.76,0
150.6,59,8,34.86,9,4.9,4,16.39,1
173.4,68,8,28.54,7,6.65,5,24.18,0
165.25,43,6,70.6,4,4.34,5,36.16,1
160.34,69,7,33.98,8,5.98,6,20.22,1
135.95,56,8,31.44,9,5.18,6,29.9,0
147.13,71,7,56.74,4,6.65,4,25.84,1
101.12,44,7,31.53,8,3.43,3,20.56,0
187.42,63,11,56.68,10,5.23,5,15.94,1
158.91,53,8,33.59,5,8.4,3,23.06,0
134.13,27,5,31.14,9,4.07,4,14.16,0
141.39,81,9,40.17,7,4.52,6,33.66,0
148.31,78,5,40.93,6,5.05,5,21.06,0
137.23,82,5,50.67,2,7.85,3,22.1,1
189.99,63,5,31.02,7,6.62,6,21.35,1
187.54,86,5,17.81,8,5.42,7,21.64,1
101.73,38,5,32.15,6,8.21,4,21.16,0
117.61,90,9,45.66,5,7.47,3,19.78,1
143.65,77,6,41.21,7,6.13,5,19.3,1
138.77,45,8,37.73,9,5.43,4,13.36,0
159.68,67,7,35.32,9,6.79,6,14.03,1
116.26,68,9,38.33,10,5.54,6,17.89,1
199.97,82,4,26.86,6,6.68,5,21.14,1
139.26,55,8,32.83,8,6.03,5,24.03,0
124.95,82,9,44.74,7,5.34,4,25.97,1
96.23,71,7,39.69,7,5.29,6,23.08,0
84.19,59,10,75.63,6,4.84,4,28.42,1
170.58,92,9,41.14,7,4.63,5,28.08,0
116.45,45,5,44.92,5,5.64,5,30.85,0
191.66,81,6,25.81,7,6.45,5,19.09,1
127.92,43,7,25.66,8,6.81,5,23.59,0
158.26,50,6,38.11,8,6.05,4,10.03,0
141.85,62,6,30.4,6,7.51,5,21.65,0
134.22,66,8,43.52,7,4.56,4,26.73,0
128.26,46,8,30.74,8,3.69,3,17.44,0
133.47,51,6,37.84,8,5.21,5,16.62,0
153.85,56,8,35.28,7,6.36,5,27.28,0
85.09,65,10,36.87,7,6.88,5,27.23,0
192.44,52,7,44.35,6,4.92,3,21.33,0
140.45,40,6,46.63,6,5.26,5,26.33,0
166.89,68,8,22.99,8,7.23,5,23.49,0
168.56,38,7,30.3,9,3.84,4,16.03,0
139.08,75,8,33.21,9,4.77,5,19.09,0
165.28,73,7,56.17,4,6.2,4,25.94,1
154.49,66,8,39.78,7,7.04,5,16.94,1
94.64,65,6,45.04,7,5.82,5,21.07,1
121.33,44,5,30.05,6,7.58,5,24.99,0
93.0,56,8,43.95,7,2.91,5,34.04,0
158.57,68,6,49.19,5,5.63,4,26.4,0
126.93,46,7,39.14,8,4.93,4,19.16,0
152.78,34,7,54.95,5,4.94,4,31.97,0
173.99,44,9,22.06,8,7.4,5,25.0,0
127.4,74,3,55.68,2,6.77,3,26.0,1
129.21,79,10,28.16,9,4.4,3,18.09,0
120.65,70,8,24.05,9,3.27,4,16.92,0
146.32,67,9,45.47,8,4.12,6,31.86,0
174.48,65,9,49.56,7,7.13,4,18.47,0
172.95,103,8,36.01,7,4.85,4,17.79,1
93.77,38,9,37.72,8,7.31,5,24.42,0
165.87,49,6,29.8,8,3.58,4,18.24,0
141.57,70,8,31.65,9,6.28,5,19.68,0
155.25,59,9,30.51,8,5.41,6,28.87,0
129.88,68,6,47.75,5,5.41,5,30.3,1
101.58,69,8,25.98,8,6.15,5,27.03,0
131.05,68,8,47.99,8,5.6,5,17.5,1
115.48,72,6,41.68,7,5.4,5,22.18,1
117.39,97,9,38.33,6,5.74,4,22.09,1
84.94,72,9,24.74,8,7.02,5,20.7,0
107.08,90,8,28.91,9,4.81,6,18.54,1
82.88,72,6,29.2,8,3.82,4,18.03,0
79.65,60,7,54.58,4,6.02,4,30.29,1
124.71,42,7,39.21,8,5.64,4,14.34,0
167.47,59,8,45.52,7,7.64,5,15.31,1
144.15,98,7,19.52,8,5.56,5,20.44,1
161.91,84,5,46.57,4,5.85,4,25.32,0
167.17,42,8,33.92,9,5.32,4,11.9,0
148.3,72,9,40.92,8,6.41,4,15.07,1
72.28,69,5,29.03,7,3.23,4,22.33,0
141.87,34,6,35.17,8,5.77,6,26.16,0
146.65,93,7,34.32,7,6.44,4,15.33,1
135.92,29,6,29.04,8,7.05,5,23.68,0
80.35,73,11,49.77,9,6.56,4,11.17,1
132.07,96,9,31.19,8,4.8,4,19.14,0
178.9,70,6,41.14,8,5.19,6,21.56,1
161.74,46,5,28.85,8,6.36,6,23.91,0
77.22,68,8,37.63,9,5.66,6,18.17,1
101.24,65,5,65.56,3,6.23,4,27.64,1
168.94,44,5,24.59,9,4.14,4,6.95,0
151.85,57,7,40.49,5,6.43,4,28.45,0
110.42,70,6,56.01,3,7.66,3,24.52,1
191.77,64,8,37.41,7,5.4,5,28.06,0
168.8,96,5,26.42,6,5.01,5,23.81,1
100.71,64,5,62.56,3,5.94,4,28.71,1
185.69,28,9,24.65,8,8.0,4,22.08,1
141.6,80,9,32.24,8,7.65,4,9.79,1
151.9,69,6,56.48,7,2.22,6,29.56,0
152.25,61,9,43.85,10,5.33,6,17.39,1
132.18,60,7,46.96,6,5.94,5,29.14,0
123.13,85,9,42.73,6,6.54,4,23.09,1
127.13,61,4,27.12,8,3.58,4,16.43,0
179.02,85,9,23.93,10,6.31,5,14.87,1
103.49,38,6,36.6,8,4.5,4,17.47,0
106.91,107,10,40.49,7,6.17,4,17.57,1
176.02,61,5,59.95,2,7.99,3,26.6,1
176.71,72,6,12.14,10,2.49,4,9.71,0
98.49,52,6,39.94,7,5.17,6,28.53,0
92.72,77,5,57.67,4,5.1,4,27.15,1
112.68,96,7,36.88,5,6.79,4,21.06,1
95.59,46,8,25.74,10,3.57,4,17.18,0
101.04,41,6,41.18,9,3.54,7,27.33,0
119.84,85,3,31.19,5,6.18,5,23.0,1
175.72,64,7,45.15,4,6.4,4,30.86,0
121.22,49,7,35.67,8,4.22,4,20.2,0
130.83,73,5,61.78,5,3.76,5,29.9,1
143.58,44,6,46.21,7,6.11,5,22.09,0
172.87,60,9,19.16,10,6.56,6,22.04,0
152.27,97,8,52.28,7,3.31,5,24.04,1
130.18,31,5,41.01,6,6.37,5,25.51,0
138.78,50,4,35.08,7,6.13,6,25.06,0
125.34,61,7,22.73,10,4.33,4,9.79,0
122.56,49,7,35.85,7,4.4,3,16.31,0
126.41,88,8,46.83,5,6.96,3,21.47,1
115.6,64,7,56.94,4,6.46,3,28.21,1
118.58,86,5,26.62,6,6.91,4,21.43,1
84.26,68,9,44.0,6,6.84,4,27.6,1
111.47,52,9,29.2,9,3.88,4,16.43,0
151.61,63,7,36.72,7,6.17,5,23.83,0
136.06,79,9,31.33,8,6.84,4,15.29,1
118.69,61,8,31.38,9,5.84,6,24.76,0
134.54,87,10,48.11,9,4.0,5,17.96,1
104.11,51,7,48.56,6,6.65,4,24.5,0
202.52,80,7,49.65,5,6.19,4,24.71,1
183.9,62,9,48.4,6,5.51,3,25.2,0
176.45,73,8,37.76,8,5.76,5,18.9,1
135.41,84,9,45.23,6,6.21,4,25.25,0
123.08,53,5,40.66,5,7.04,4,26.55,0
160.77,62,9,40.96,5,6.64,4,30.36,1
135.98,85,3,19.23,6,7.57,5,19.28,1
136.78,65,9,31.82,10,5.42,5,13.89,0
171.02,50,8,45.15,7,4.9,4,24.3,0
95.92,46,7,37.81,7,6.0,5,25.07,0
195.42,44,6,30.44,7,5.73,5,28.96,0
153.35,78,10,45.32,8,4.36,5,28.17,1
139.61,77,10,44.37,5,8.22,2,22.33,1
91.25,22,6,38.51,8,3.72,4,22.92,0
121.78,80,9,47.14,9,5.36,5,13.7,1
132.95,66,7,44.79,7,7.27,5,13.96,1
107.79,58,7,61.11,5,5.45,5,30.92,0
122.17,36,4,45.69,6,5.19,6,26.74,0
134.34,72,7,30.83,8,5.54,7,24.87,0
123.27,40,4,53.27,5,5.52,5,25.34,0
168.13,71,8,32.97,7,5.77,5,30.24,0
149.51,74,4,64.6,4,4.12,5,28.88,1
107.95,82,6,37.65,3,9.47,3,20.86,1
108.22,79,8,50.33,6,5.48,4,25.96,1
76.93,49,5,29.08,9,4.03,4,12.56,0
147.03,59,8,41.59,5,6.89,3,31.52,0
156.41,65,8,27.45,8,2.67,3,22.88,0
148.28,90,5,22.53,8,4.44,6,25.11,1
166.28,86,7,36.31,6,7.14,4,23.36,1
108.98,72,3,31.82,5,6.82,6,22.75,1
144.17,48,7,38.13,6,2.84,3,28.76,0
89.5,34,4,27.9,10,4.36,5,9.59,0
159.82,71,8,35.72,6,5.6,5,32.27,0
83.11,60,6,31.98,8,3.53,4,20.97,0
144.55,53,5,43.87,7,4.8,6,28.86,0
130.2,84,8,36.05,7,5.73,5,26.18,1
148.23,66,4,13.68,8,7.05,7,20.29,1
116.77,82,12,41.2,10,5.92,4,10.66,1
106.05,49,8,50.75,7,6.62,5,20.48,0
129.06,83,8,44.11,8,5.05,5,18.13,1
130.19,56,3,46.19,5,6.26,5,22.91,0
144.86,94,4,45.71,4,5.93,4,22.62,1
166.0,83,10,41.07,7,6.05,4,24.6,1
139.01,69,7,31.77,8,3.89,4,20.93,0
92.99,72,8,44.32,8,5.23,5,19.62,1
163.5,43,7,39.4,7,4.55,3,20.51,0
96.45,75,11,47.74,8,4.19,5,28.86,1
166.42,75,8,35.55,7,5.69,5,26.63,0
77.92,68,7,37.37,8,5.4,5,16.86,0
139.01,22,5,29.67,9,3.22,4,16.07,0
94.39,40,4,40.12,8,5.5,6,21.19,0
114.92,88,11,30.3,6,9.03,2,19.5,1
164.42,78,7,26.18,7,7.51,5,15.86,1
146.77,47,8,41.89,6,6.28,4,27.64,0
125.15,57,8,39.1,8,4.64,4,21.17,0
85.91,57,9,30.01,8,5.77,5,25.88,0
130.59,88,6,24.04,8,3.52,5,17.83,0
130.77,51,6,24.65,9,3.4,4,12.74,0
141.88,67,6,54.03,5,4.91,5,30.4,1
125.09,61,8,38.85,5,6.87,4,28.13,0
131.46,41,6,38.72,7,5.46,6,27.16,0
138.11,68,9,31.82,8,4.56,3,15.98,0
176.37,65,6,23.52,8,2.76,4,18.09,0
141.61,75,11,47.62,9,5.62,4,15.89,1
173.4,102,6,40.8,6,5.24,4,21.63,1
116.45,44,8,35.52,10,5.42,5,15.33,0
71.08,81,6,51.96,5,5.43,4,25.78,1
134.76,61,5,51.4,3,7.0,4,29.26,1
84.44,53,9,29.25,6,8.81,4,21.12,0
126.09,57,6,36.98,6,6.17,5,30.88,0
136.98,74,5,29.0,8,4.85,7,24.94,1
86.21,53,8,28.22,11,6.12,5,2.52,0
82.75,54,7,33.3,6,7.18,4,26.41,0
109.35,72,5,49.73,3,7.36,3,25.65,1
120.71,55,7,41.64,6,6.36,5,27.47,0
121.01,34,4,40.93,5,7.01,4,23.27,0
120.2,59,6,35.22,7,5.66,5,24.01,0
116.41,61,10,38.38,9,5.14,6,29.33,0
119.96,42,8,40.98,8,4.74,4,23.57,0
160.74,74,9,26.13,8,7.12,5,18.79,0
114.26,78,8,43.31,8,5.49,5,18.99,1
127.47,25,7,32.99,9,4.55,4,12.87,0
81.47,66,8,43.34,7,4.03,5,32.43,0
158.53,92,7,41.05,7,5.45,5,22.37,0
146.2,73,6,33.88,7,3.86,4,20.35,0
110.71,75,9,50.03,8,4.45,6,28.67,1
180.57,52,7,35.49,8,6.3,6,19.56,0
111.87,65,8,45.55,7,6.55,5,20.6,0
133.47,103,7,15.82,9,6.38,5,13.15,1
106.13,40,7,34.83,7,7.05,4,25.32,0
137.98,69,9,47.95,7,5.15,5,29.27,1
151.41,57,8,32.67,7,6.8,5,26.4,0
156.83,59,7,43.87,7,5.44,4,21.8,0
92.21,50,3,44.89,6,4.42,6,27.94,0
167.64,71,8,57.85,5,5.16,4,28.02,1
133.64,39,5,40.86,6,6.25,5,23.77,0
119.84,56,7,40.45,8,5.11,4,18.53,0
81.27,74,10,48.73,6,5.81,4,26.76,1
144.52,71,8,39.77,9,6.22,5,15.01,1
109.12,58,5,27.7,9,4.36,5,12.78,0
139.67,71,4,33.68,6,6.54,6,21.3,1
155.74,103,7,40.79,6,5.91,4,20.02,1
129.94,93,6,24.93,6,6.3,4,20.23,1
164.96,58,6,32.16,8,3.94,5,20.42,0
109.17,40,7,39.99,7,6.08,5,26.81,0
96.28,54,8,36.12,8,4.69,6,31.97,0
123.26,56,6,40.6,8,7.07,6,18.31,1
137.54,47,5,40.47,4,5.94,4,30.69,0
151.28,85,8,37.15,7,4.79,4,22.77,0
148.04,41,9,47.02,6,4.58,3,29.09,0
143.7,83,6,27.42,8,6.19,5,19.08,0
168.83,65,4,51.6,2,7.75,4,27.2,1
156.63,55,7,44.68,6,5.18,4,26.62,0
116.81,61,7,57.52,4,6.11,4,29.46,1
183.36,72,6,20.11,8,7.31,6,19.47,1
172.54,56,7,42.9,8,7.14,5,17.98,1
142.57,77,10,40.81,8,6.14,4,16.33,0
125.13,82,6,20.94,7,6.53,5,20.99,1
108.76,69,6,53.97,4,5.78,4,28.28,1
146.0,69,7,37.32,8,6.31,5,18.12,1
140.31,40,5,74.05,4,4.16,5,37.04,1
150.18,70,8,31.55,9,6.71,6,15.58,1
142.44,61,4,37.52,7,5.38,6,27.3,1
176.33,36,7,41.41,8,5.03,6,26.09,0
120.5,82,8,39.19,5,7.45,3,23.62,1
170.59,69,7,30.43,8,5.46,6,23.03,0
114.67,42,6,44.59,6,6.47,4,24.46,0
167.89,87,8,48.46,5,6.17,4,22.6,1
150.57,47,7,29.54,7,8.32,4,19.93,0
123.18,80,8,32.46,8,3.25,4,26.62,0
152.72,92,5,39.1,5,6.45,4,23.0,1
150.51,72,9,38.91,7,5.81,5,24.26,0
116.52,60,4,26.34,8,3.47,4,15.38,0
146.32,50,5,28.8,8,3.5,4,17.92,0
145.66,42,5,29.83,8,3.33,4,18.85,0
165.95,55,8,51.94,5,5.3,4,29.44,0
118.27,57,7,41.45,7,5.3,5,28.29,0
133.28,60,7,45.24,9,4.07,7,26.53,1
162.97,63,9,27.3,8,6.67,6,26.49,0
158.35,68,10,45.6,7,5.94,4,28.44,1
132.76,63,6,42.78,7,4.89,6,27.83,0
88.58,75,9,43.63,8,5.33,5,25.57,0
137.36,47,8,36.99,8,4.44,4,18.95,0
135.05,50,7,38.09,6,3.45,3,28.2,0
145.92,38,6,35.92,7,6.74,5,25.39,0
192.9,40,6,76.26,4,4.8,5,35.22,1
132.96,14,2,19.93,10,2.63,5,9.86,0
137.7,69,9,41.04,8,6.53,4,13.04,0
110.8,77,7,36.58,9,6.02,5,12.98,0
180.35,66,7,18.84,9,2.98,3,12.84,0
94.38,68,10,33.85,10,5.57,5,14.96,0
141.9,63,8,55.41,5,5.57,3,29.99,0
144.59,101,7,37.28,5,6.94,3,19.28,1
113.2,57,8,40.01,8,4.55,4,23.64,0
74.65,51,6,37.2,7,4.15,3,20.58,0
135.24,67,7,23.56,9,6.6,5,14.36,0
162.97,42,7,28.13,8,6.5,5,21.83,0
173.93,63,7,18.99,9,2.41,3,14.68,0
106.13,64,9,26.81,8,6.48,5,27.0,0
89.36,36,3,43.31,4,7.28,4,23.52,0
110.41,84,8,38.97,8,5.26,5,18.88,1
144.48,89,7,31.69,8,4.89,5,22.69,1
108.4,59,11,23.5,9,7.11,5,22.94,0
92.6,65,6,40.01,7,5.99,6,20.57,1
99.76,38,4,56.91,4,5.64,5,30.33,0
132.89,51,4,69.7,3,5.24,5,32.81,1
156.39,41,10,31.95,7,5.93,5,36.12,0
153.31,57,6,29.04,9,3.47,4,17.58,1
160.77,57,4,27.51,7,3.08,3,17.09,0
115.28,79,4,50.92,4,5.56,4,26.99,1
150.13,39,7,32.43,8,6.45,6,23.97,0
110.34,101,11,33.92,7,6.44,3,19.62,1
127.33,55,7,45.22,8,5.72,6,23.0,0
106.04,65,7,28.27,9,3.87,5,17.58,0
105.48,48,8,29.12,8,3.23,2,16.93,0
147.15,42,6,30.83,8,5.98,6,23.79,0
103.32,39,10,29.73,8,7.51,5,24.95,0
140.4,70,8,47.96,9,4.76,6,17.8,1
96.96,63,6,60.68,4,5.41,5,29.99,1
141.87,67,7,22.71,11,4.3,5,10.73,0
179.97,68,8,46.38,9,5.48,6,17.83,1
153.41,73,7,29.4,8,3.88,4,17.97,0
173.76,64,4,63.16,2,6.17,3,28.46,1
118.54,26,5,38.39,6,6.13,6,29.84,0
130.79,94,9,44.25,6,5.78,4,21.72,1
104.77,58,9,33.26,8,4.34,3,17.77,0
118.12,63,6,39.73,5,3.13,3,29.41,0
151.24,49,8,34.75,8,6.25,5,26.23,0
165.21,106,7,34.73,5,7.21,3,17.48,1
141.15,57,5,43.11,6,5.11,5,24.92,0
170.98,63,9,59.34,8,4.38,5,20.53,1
95.4,64,8,61.07,4,6.36,4,27.37,1
157.2,49,6,37.9,6,6.01,5,26.37,0
153.07,67,8,45.92,5,3.36,3,37.12,0
149.17,59,10,24.84,9,5.72,6,30.7,0
124.6,65,8,32.54,8,3.94,3,18.87,0
168.12,66,7,32.26,8,6.06,5,25.25,0
155.31,52,7,40.35,7,6.47,5,26.82,0
61.6,59,9,42.83,6,3.59,3,30.97,0
148.65,46,7,26.87,8,7.03,6,23.22,0
121.9,75,10,25.23,9,6.75,5,22.28,0
83.02,73,8,34.69,8,4.73,4,17.95,0
130.45,56,8,38.72,8,5.32,6,26.2,0
167.1,62,7,45.42,8,6.52,5,17.56,1
151.67,57,8,37.89,8,5.17,6,26.03,0
160.67,63,9,30.85,9,5.64,6,25.78,0
81.24,26,5,35.01,9,4.4,4,13.8,0
113.55,44,6,36.13,8,4.23,5,19.84,0
75.69,72,8,53.56,5,6.12,4,26.39,1
130.44,90,7,23.58,9,5.61,6,17.39,1
172.81,76,9,33.37,9,5.57,5,13.05,0
218.89,78,6,50.99,3,7.67,3,22.98,1
161.92,64,9,21.55,10,6.73,6,19.89,0
83.23,69,8,50.27,5,6.62,3,26.97,1
156.43,69,7,49.65,5,6.35,4,27.95,1
181.83,57,7,31.06,7,5.39,6,29.29,0
116.92,69,4,66.02,2,5.44,4,28.12,1
100.12,33,9,39.8,8,4.37,3,23.09,0
150.68,82,7,33.52,7,5.43,5,23.36,1
144.14,35,8,40.41,7,4.63,3,20.8,0
114.53,60,9,59.79,4,7.16,3,27.34,1
133.64,62,6,38.18,6,3.04,3,27.14,0
144.16,84,9,38.47,6,2.97,2,31.8,0
133.67,67,8,28.65,7,6.3,5,27.37,0
140.14,82,6,34.22,7,5.46,5,20.35,1
159.6,79,6,32.7,9,5.44,5,12.97,0
118.08,71,6,28.27,8,6.39,6,19.14,1
161.98,85,10,45.16,7,5.02,5,25.08,1
186.52,70,8,53.51,8,4.37,5,22.29,1
125.83,74,11,50.06,6,6.99,3,24.17,1
125.1,60,9,34.15,10,5.87,5,12.94,0
153.86,65,7,49.5,7,5.25,5,22.31,0
122.76,64,7,47.65,4,8.03,3,26.82,1
163.03,71,10,31.11,7,7.97,4,21.54,0
175.05,73,7,44.49,6,5.31,3,21.41,0
203.83,51,9,31.2,9,6.83,5,23.4,0
161.75,50,8,33.69,5,8.53,4,24.29,0
106.41,66,6,55.99,3,6.88,4,27.29,1
143.49,76,3,49.96,2,7.07,4,25.52,1
121.72,81,10,48.65,6,5.6,4,28.21,0
57.88,45,8,23.25,8,6.63,5,27.33,0
131.16,39,5,37.46,6,6.72,5,24.76,0
183.51,46,7,48.34,6,4.92,5,32.37,0
118.4,79,7,34.78,6,3.24,3,27.05,0
116.34,66,10,45.77,9,6.11,5,16.45,1
150.66,54,10,19.03,10,5.76,6,25.84,0
145.09,91,4,26.22,7,4.4,6,26.11,1
89.94,82,10,41.6,9,5.54,5,16.18,1
177.49,56,9,55.31,5,6.32,4,30.37,1
146.31,72,7,37.27,8,5.06,6,21.78,0
125.89,29,8,23.13,9,6.83,6,24.7,0
169.19,83,9,44.97,8,5.7,4,15.07,1
81.27,59,9,27.41,9,6.65,5,21.24,0
114.01,66,7,33.4,7,4.2,3,17.82,0
161.83,71,8,48.45,8,5.58,5,19.03,1
100.81,67,8,36.88,8,5.49,4,13.75,0
160.13,66,9,28.23,10,5.22,5,10.12,0
132.81,53,8,40.64,7,4.68,4,22.22,0
125.01,49,9,36.44,9,5.81,6,26.44,0
155.11,77,4,56.13,2,7.58,3,23.6,1
87.05,66,7,35.84,9,5.31,5,14.89,0
159.57,76,8,48.9,6,5.84,4,26.64,1
140.51,54,6,37.47,7,5.05,5,26.86,0
104.32,49,7,37.49,8,4.64,4,17.34,1
137.56,75,6,36.51,8,5.81,5,12.0,0
125.92,86,8,50.97,6,4.71,4,25.31,1
145.03,49,3,45.41,5,6.38,5,26.23,0
112.15,40,8,44.88,8,5.24,6,29.08,0
64.48,54,8,33.46,8,4.19,4,19.5,0
120.91,91,12,44.38,6,6.04,4,29.91,0
175.64,20,6,43.89,6,3.79,3,25.06,0
150.82,46,8,35.39,7,3.83,2,19.7,0
127.93,59,7,39.99,6,3.88,3,25.62,0
91.48,52,5,41.89,7,5.36,6,23.23,0
102.55,82,7,38.14,8,5.59,5,19.56,1
153.78,56,8,26.02,9,3.32,3,17.47,0
79.96,78,7,31.59,9,5.15,5,13.96,0
188.94,70,7,64.72,7,2.86,6,31.02,1
165.61,55,6,34.3,8,4.61,4,16.94,0
128.19,63,7,39.29,6,3.89,4,26.23,0
99.65,47,8,27.43,8,6.77,5,21.79,0
175.52,81,7,43.14,5,4.54,5,33.02,0
106.39,80,10,36.54,8,6.56,5,18.41,0
88.77,84,5,21.11,7,7.63,5,15.57,1
145.87,60,5,19.84,9,2.85,4,14.18,0
103.23,51,9,19.34,9,6.56,5,24.24,0
153.88,73,10,47.98,7,5.3,5,27.97,1
149.99,92,9,34.68,10,5.18,5,13.85,1
134.87,42,7,27.15,8,6.37,5,25.16,0
159.8,30,6,31.23,7,2.64,2,21.91,0
157.26,69,7,36.41,7,6.18,5,24.59,0
132.17,88,6,49.63,4,6.63,4,22.05,1
121.83,61,6,65.02,5,4.73,5,30.92,1
127.69,17,5,38.65,6,8.27,4,22.72,0
127.57,88,7,46.94,4,7.34,3,21.06,1
128.7,56,5,34.87,8,3.74,5,24.3,0
108.04,47,6,27.75,8,3.32,3,16.72,0
145.57,62,9,41.98,7,6.34,4,25.09,0
105.88,51,8,48.8,7,5.9,4,22.69,0
147.84,86,7,39.73,6,4.94,5,33.32,0
159.62,72,7,32.69,8,6.49,5,19.98,1
126.81,61,7,31.96,5,8.33,4,23.0,0
134.28,70,7,58.11,4,6.43,4,26.09,1
116.51,76,6,24.66,7,6.72,5,20.53,1
56.68,82,7,32.41,7,5.9,5,19.52,1
105.95,68,9,33.72,9,5.71,5,17.89,0
123.82,81,5,38.24,3,7.81,3,24.02,1
141.83,64,8,68.22,6,4.35,5,29.72,1
167.63,70,8,39.09,7,5.47,6,27.15,0
193.04,58,8,42.34,6,6.14,4,29.72,0
109.05,60,7,31.36,6,6.7,4,25.87,0
138.73,70,7,48.43,5,5.33,4,31.09,0
187.86,19,8,29.05,8,8.26,5,22.26,0
137.88,42,11,17.39,11,6.36,6,23.76,0
176.31,31,8,38.23,7,3.69,2,24.35,0
188.12,90,8,23.71,8,7.56,4,11.46,1
184.92,53,8,29.74,10,4.42,7,29.42,0
121.19,57,5,45.65,6,6.03,5,23.65,0
173.56,46,7,45.28,7,5.21,4,20.12,0
65.33,82,8,50.78,5,6.59,3,23.03,1
159.64,59,8,38.59,7,6.07,5,30.67,0
179.57,54,8,38.18,6,3.39,2,25.04,0
141.58,76,7,50.67,6,5.09,5,27.68,1
137.98,56,6,32.69,8,3.98,4,17.35,0
154.82,70,6,41.58,6,6.91,5,19.22,0
82.58,32,5,42.12,6,4.65,5,35.7,0
154.71,43,7,27.18,9,7.17,6,19.56,0
149.27,51,9,41.2,7,5.36,5,28.07,0
127.35,70,8,41.83,6,6.11,4,28.14,0
139.97,23,3,29.09,8,2.58,4,18.38,0
102.96,91,9,38.87,6,6.92,4,21.25,1
68.67,91,9,31.15,10,5.52,5,13.95,0
165.36,43,9,38.52,9,5.04,6,30.55,0
154.04,70,5,36.1,8,6.19,6,19.09,1
100.72,73,9,51.56,6,6.45,4,25.45,1
127.64,59,6,42.97,7,5.07,6,26.58,0
142.04,67,5,44.16,6,6.97,5,21.95,0
118.0,49,7,31.76,6,7.8,4,23.59,0
151.82,47,8,29.92,9,4.03,3,15.68,0
131.06,54,5,36.5,7,3.63,5,24.17,0
98.3,29,6,42.83,7,4.36,4,22.92,0
181.98,76,6,40.48,6,4.47,4,25.5,0
175.82,48,8,58.66,8,5.4,6,19.79,1
165.91,51,10,54.04,6,5.64,4,31.52,0
89.85,82,10,42.26,7,4.62,5,33.88,0
167.31,93,11,41.99,7,5.47,3,24.11,0
126.72,68,7,33.64,8,7.08,5,16.85,1
191.02,52,9,14.95,10,6.43,5,22.27,0
64.87,58,6,36.27,7,4.15,3,19.46,0
119.03,65,7,38.18,7,4.37,4,23.68,0
113.04,94,6,21.45,7,7.44,4,16.23,1
105.57,96,9,38.9,7,5.61,4,22.15,1
110.06,40,7,63.31,4,5.78,4,35.26,1
108.85,70,6,54.67,3,8.11,3,23.85,1
133.5,86,10,44.68,5,7.9,2,20.32,1
84.03,74,10,46.53,5,4.63,2,30.09,0
186.44,66,8,38.76,7,4.91,5,32.42,0
126.85,49,6,41.61,5,6.8,5,27.58,0
116.48,65,9,31.15,8,6.59,5,25.16,0
121.16,56,6,41.85,5,5.85,4,31.45,0
96.6,52,6,30.33,8,6.18,6,21.6,0
143.72,69,7,35.65,7,6.2,5,24.58,0
156.48,50,7,31.01,8,3.66,3,19.27,0
149.61,73,9,44.37,4,8.22,3,23.71,1
125.1,56,8,21.05,8,6.27,6,25.04,0
123.62,58,7,27.13,7,7.1,5,27.6,0
184.53,68,9,48.35,5,7.2,4,26.45,1
176.46,66,6,34.72,6,5.78,5,29.11,0
142.24,84,7,35.82,7,5.6,5,26.49,1
158.79,70,5,24.74,6,8.58,5,17.1,1
170.87,63,5,59.96,4,5.33,5,30.39,1
158.39,59,7,43.9,8,6.06,6,20.38,1
77.15,49,9,24.89,8,6.24,5,28.8,0
114.86,77,5,32.38,7,6.29,6,19.62,1
100.97,82,4,49.56,3,6.81,4,24.02,1
165.0,78,8,28.78,9,6.05,5,17.92,1
97.62,57,7,42.65,8,5.77,4,14.94,0
146.14,47,5,22.54,10,5.64,7,20.84,0
216.61,78,7,31.16,8,3.67,4,21.52,0
179.09,72,10,48.69,6,6.72,3,25.59,1
107.21,85,8,43.17,6,6.64,4,23.12,1
145.59,56,7,32.78,10,6.0,5,7.87,0
156.98,55,6,39.35,8,4.95,5,19.22,0
77.95,64,8,30.13,8,3.96,3,17.98,0
159.5,71,7,60.36,6,4.31,5,28.96,1
171.74,49,9,22.56,8,7.83,5,23.37,0
139.3,94,8,36.91,6,5.97,3,20.1,1
149.85,42,6,45.3,6,4.17,4,27.69,0
168.01,54,6,43.32,6,5.38,5,23.87,0
129.23,37,7,36.53,7,3.18,3,24.91,0
110.43,63,7,37.34,6,5.18,5,30.33,0
104.61,71,8,29.31,9,4.58,4,15.46,0
201.57,73,8,31.1,8,6.2,5,18.97,1
177.14,68,5,54.33,5,4.06,5,32.33,0
142.06,74,5,32.9,7,6.29,6,20.15,1
148.61,75,6,53.08,4,6.57,4,25.54,1
121.07,82,7,38.89,8,6.29,5,13.62,0
144.98,57,6,46.22,9,7.35,7,12.07,0
184.6,76,12,42.07,7,5.05,3,24.84,0
120.1,33,7,37.52,9,5.36,5,14.98,0
133.5,70,9,44.38,9,6.23,5,15.1,1
124.73,92,5,28.46,4,6.82,4,23.0,1
57.44,59,8,43.91,6,5.75,4,27.35,0
167.47,54,10,38.36,8,6.22,5,27.88,0
138.02,59,7,39.99,7,4.58,4,22.27,0
113.11,43,6,35.26,8,7.22,6,20.29,0
88.36,70,7,39.25,6,3.47,4,27.95,0
141.44,69,9,24.87,8,7.07,4,22.33,0
74.52,52,6,38.81,6,5.65,5,28.69,0
172.71,45,6,26.11,7,7.14,5,23.3,0
130.28,45,10,43.23,7,5.03,2,21.17,0
101.05,61,6,47.38,7,5.71,5,22.54,0
120.36,47,3,45.17,5,6.78,5,19.27,0
207.35,24,7,32.37,6,8.12,4,22.45,0
129.06,67,8,34.82,9,5.82,5,12.99,0
133.42,52,8,28.19,9,3.66,4,17.7,0
136.89,54,9,46.5,6,6.34,4,27.26,0
185.77,110,4,20.58,6,4.8,5,21.91,1
156.12,71,9,55.42,5,6.53,3,25.71,1
157.51,45,8,31.26,9,4.36,3,15.08,0
146.47,74,10,48.41,6,5.31,4,30.28,0
90.63,57,9,39.62,8,5.42,4,17.53,0
160.88,52,5,59.43,3,6.77,4,31.31,1
136.65,39,4,34.76,8,4.24,5,16.76,0
124.8,54,6,33.27,7,5.95,6,27.3,0
97.91,57,6,27.4,9,3.97,4,14.82,0
175.51,74,7,39.7,8,5.22,6,21.52,0
102.72,50,8,67.02,6,3.76,5,35.03,1
147.19,81,5,25.99,6,7.61,5,18.16,1
110.51,85,9,36.45,8,5.35,5,19.65,1
118.21,59,5,36.12,8,4.86,6,22.52,0
142.13,70,8,36.03,7,4.06,3,22.32,0
158.9,63,7,36.13,9,5.67,7,21.32,1
106.08,57,7,38.76,8,4.36,6,29.64,0
89.37,40,6,32.37,10,5.97,7,20.18,0
116.44,43,5,29.75,9,4.18,4,12.71,0
229.99,77,6,58.33,4,6.5,4,24.04,1
148.36,77,7,38.73,6,5.88,5,22.19,1
160.06,30,6,27.94,7,7.9,5,19.71,0
132.58,51,9,37.32,7,7.02,4,23.76,0
126.06,55,6,42.04,6,5.18,5,30.4,0
155.22,47,7,42.27,8,5.77,6,21.57,0
177.65,61,9,47.69,4,8.3,3,26.8,1
138.03,64,8,42.67,8,5.6,5,20.15,0
143.03,79,7,43.93,5,6.73,4,19.03,1
187.08,75,6,48.9,7,5.21,5,20.66,0
153.17,48,7,35.19,8,7.25,5,21.05,0
94.67,51,7,45.33,6,4.87,4,23.96,0
154.82,64,6,32.13,8,4.24,5,18.53,0
148.19,102,8,34.99,6,6.42,4,19.71,1
164.95,64,6,49.75,7,6.35,5,19.0,0
47.13,65,7,39.03,5,5.54,4,29.85,0
113.24,48,6,35.57,8,3.76,4,21.99,0
116.32,79,6,52.78,4,5.9,4,25.52,1
97.01,74,8,40.02,5,7.88,3,24.67,1
159.39,54,7,41.13,8,5.6,5,17.4,0
170.26,37,4,33.45,7,6.26,6,20.4,0
137.45,49,6,31.57,10,4.39,6,17.22,0
159.75,68,7,44.33,7,5.5,4,20.36,0
102.18,82,10,45.09,6,6.39,4,23.68,1
119.43,67,10,25.15,7,6.92,4,27.5,0
168.46,76,7,41.99,4,7.98,3,24.09,1
140.5,67,7,54.55,6,4.3,6,31.14,1
115.53,42,7,35.75,8,4.36,4,17.92,0
92.14,62,8,22.35,9,7.07,5,19.71,0
100.01,42,7,37.84,9,5.26,4,15.15,0
118.43,52,9,27.34,7,6.13,4,30.51,0
104.74,95,8,31.64,8,6.4,5,12.42,1
193.43,67,9,29.02,10,4.57,4,15.42,0
169.81,59,9,30.41,8,7.61,5,21.23,0
166.44,75,6,56.96,5,4.59,5,28.31,1
82.91,59,9,36.77,8,4.2,3,22.5,0
153.18,60,8,38.97,7,5.26,5,28.49,0
142.02,54,9,48.94,9,6.03,6,18.92,1
156.15,70,9,47.88,6,5.88,3,21.95,0
120.38,85,7,53.74,6,3.91,5,26.85,1
139.57,59,9,38.6,9,6.48,6,19.0,1
92.14,78,6,21.79,9,3.26,4,13.81,0
133.35,71,7,31.18,9,4.95,4,14.31,0
157.4,74,7,51.79,5,6.1,4,26.37,1
181.01,57,6,49.51,4,7.23,4,30.1,1
55.29,99,7,24.42,8,5.97,5,16.34,1
86.34,79,8,57.74,7,3.86,5,27.68,0
143.77,47,7,33.4,8,5.79,6,25.65,0
89.83,59,6,46.49,5,5.07,5,32.53,0
139.61,49,5,42.13,6,6.29,5,25.33,0
132.48,76,9,50.26,8,5.61,4,15.88,1
89.24,96,5,46.28,3,6.8,3,20.21,1
93.45,36,8,25.27,10,3.67,3,13.87,0
133.8,71,7,38.81,5,6.11,4,29.88,0
110.17,76,9,47.15,7,6.13,4,17.56,1
120.72,66,9,53.22,4,8.16,3,24.59,1
88.39,58,7,17.08,9,5.9,7,28.99,0
93.15,62,6,26.12,8,3.29,4,17.8,0
96.09,33,6,49.52,5,6.55,5,26.14,0
102.43,48,9,32.22,9,4.43,4,17.39,0
142.11,43,7,33.09,7,7.33,5,22.54,0
170.62,91,4,30.54,5,4.63,5,27.89,1
120.23,96,7,31.01,8,4.97,5,19.13,1
112.1,70,7,32.39,7,3.33,4,23.82,0
80.48,64,8,41.33,8,5.73,4,17.71,0
93.8,67,10,52.14,9,3.62,5,23.46,1
163.24,52,6,72.07,2,5.88,3,30.9,1
121.63,83,9,27.1,10,5.51,4,7.45,0
167.52,70,6,35.45,7,6.75,5,18.91,1
162.15,58,6,33.32,7,7.16,5,22.29,0
162.53,74,10,25.41,7,5.87,6,35.54,0
149.39,88,7,32.47,7,5.96,5,18.04,1
137.94,73,8,39.72,7,4.87,5,24.13,0
177.43,47,8,40.97,8,5.43,4,14.9,0
90.8,36,9,36.82,7,4.1,2,19.94,0
99.61,38,7,25.28,7,8.68,4,20.74,0
145.91,33,6,31.1,6,6.34,5,33.24,0
131.31,59,6,31.3,7,3.04,4,24.55,0
98.6,90,5,29.4,7,5.82,5,19.29,1
103.29,61,5,28.72,7,7.69,6,19.2,1
146.87,56,9,28.9,9,6.05,6,23.75,0
119.16,49,4,44.57,6,5.13,6,27.3,0
153.21,51,6,58.25,2,7.68,3,29.9,1
115.74,71,11,44.63,10,6.71,5,9.96,1
133.86,60,6,34.39,8,5.88,6,23.72,1
51.63,52,10,27.34,9,5.61,5,24.74,0
171.79,59,7,27.2,9,4.19,4,13.45,0
161.89,70,6,31.9,9,5.14,6,12.92,0
135.73,65,6,36.2,8,4.34,5,22.02,0
162.94,78,3,18.87,5,6.89,5,26.5,1
172.26,81,9,32.21,8,4.88,4,17.29,0
185.54,93,4,43.32,5,5.63,5,23.91,1
160.18,54,6,42.98,7,5.73,5,22.67,0
170.1,73,8,29.6,8,4.28,3,14.53,0
122.57,71,7,31.68,9,6.41,5,17.2,1
155.65,68,5,32.15,8,4.91,5,13.04,0
148.85,38,6,33.97,7,6.71,6,25.02,0
191.46,71,8,31.8,8,4.97,6,26.34,0
132.62,74,10,45.53,6,6.75,4,25.3,1
112.53,51,5,34.91,5,7.88,4,21.81,0
148.05,62,11,21.78,9,6.79,5,26.27,0
147.51,89,4,12.86,7,6.65,6,20.96,1
114.51,95,6,33.9,6,6.24,4,19.26,1
189.49,81,5,42.97,5,4.52,5,28.97,1
107.85,74,6,45.36,6,4.03,6,32.92,0
116.45,88,9,39.28,9,4.9,5,16.39,1
146.23,78,8,38.06,9,4.96,6,18.85,1
118.42,76,8,29.46,9,4.81,4,14.04,0
127.38,74,8,55.29,5,5.27,4,27.22,1
176.07,57,8,57.11,6,4.96,5,32.27,1
156.43,54,8,33.35,10,5.06,5,14.69,0
110.41,57,7,35.19,9,5.4,5,13.45,0
133.86,44,9,32.11,8,6.73,4,21.71,0
110.72,65,8,37.91,7,6.67,5,24.93,0
111.43,78,14,39.53,7,7.49,3,22.91,1
166.05,81,7,43.7,5,6.85,4,24.06,1
111.41,35,4,54.81,5,7.58,4,21.75,0
149.85,42,9,22.91,11,6.07,7,21.48,0
159.22,65,7,34.2,8,5.86,6,24.95,0
111.39,70,11,39.49,8,5.0,4,24.52,0
226.59,60,7,32.9,9,5.28,5,12.96,0
75.08,73,8,52.63,6,5.38,4,27.57,1
143.99,54,9,42.97,9,6.48,5,15.39,0
112.15,66,10,53.94,10,4.88,5,16.67,1
93.7,86,7,31.64,7,7.52,4,13.04,1
102.4,63,6,30.29,9,4.74,6,15.22,0
130.08,63,5,49.41,6,5.88,5,22.94,0
157.94,44,7,44.51,7,5.71,5,25.32,0
107.58,38,6,32.75,9,4.35,4,15.06,0
96.01,67,6,32.99,7,3.79,4,21.81,0
116.04,73,7,39.62,8,4.8,6,25.96,0
101.81,58,5,30.68,8,3.53,5,20.02,0
157.09,58,9,45.61,7,5.23,3,23.22,0
170.98,85,7,50.43,4,7.15,3,21.78,1
120.52,58,7,40.59,6,7.34,4,19.66,0
67.62,67,9,41.95,9,5.59,5,20.48,1
185.35,51,9,33.49,9,4.13,4,19.47,0
114.26,52,7,36.85,7,7.43,5,19.94,0
137.32,68,8,38.5,7,8.35,4,12.03,1
97.49,63,6,32.47,10,5.78,6,9.63,0
138.73,55,7,28.28,8,6.49,6,26.26,0
101.37,75,5,27.45,9,4.54,5,13.63,0
185.12,63,8,30.32,8,6.15,6,24.63,0
161.21,63,9,34.14,9,4.98,4,17.35,0
46.86,72,8,20.85,10,7.47,6,13.47,1
119.35,82,10,44.69,9,5.95,5,12.06,1
201.07,78,10,44.87,9,4.87,5,18.58,1
193.31,61,8,37.23,8,5.14,5,28.02,0
130.89,81,5,36.29,5,8.06,4,14.51,1
159.85,73,11,36.05,7,6.47,4,27.12,0
121.02,51,6,31.9,9,5.03,4,10.16,0
159.37,50,9,45.82,8,6.13,4,19.09,0
203.89,60,10,27.53,8,6.98,5,28.76,0
149.19,58,6,41.69,7,5.37,5,19.04,0
112.94,55,8,35.7,6,7.4,5,25.93,1
162.29,79,6,49.68,5,5.22,5,27.14,1
120.66,63,5,48.85,2,8.42,3,26.69,1
102.61,42,7,51.46,6,5.7,3,23.23,0
150.82,49,7,38.37,7,3.32,4,27.63,0
133.39,79,6,32.06,7,7.1,5,18.3,1
113.56,98,8,36.02,8,4.87,5,19.26,1
97.3,54,6,29.39,8,3.54,4,19.54,0
148.57,60,9,45.25,7,5.48,3,21.38,0
161.24,58,7,32.35,8,6.34,6,23.01,0
121.37,58,8,40.96,8,5.25,5,21.2,0
160.2,68,6,44.04,6,5.35,5,29.44,0
114.67,64,8,32.0,7,5.61,6,31.99,0
140.69,87,9,50.59,6,5.96,4,22.71,1
74.74,45,7,32.5,8,7.68,5,19.46,0
181.89,40,6,35.11,8,4.08,4,19.0,0
174.12,56,6,25.89,9,3.99,4,13.32,0
110.93,95,3,47.25,4,5.34,5,23.31,1
135.52,88,7,53.88,6,4.0,5,25.94,1
155.42,25,6,22.93,7,8.59,4,21.56,0
152.95,82,9,36.85,8,6.31,4,14.97,1
58.45,70,6,25.17,8,3.11,4,18.1,0
150.47,68,9,47.98,7,5.11,5,29.82,1
114.35,67,7,29.25,8,6.02,6,22.02,0
170.14,83,4,49.6,3,6.49,4,24.36,1
93.56,42,6,39.54,8,6.51,5,21.13,0
59.75,81,7,35.28,8,4.83,5,19.73,0
120.16,64,7,32.76,9,4.67,5,16.93,0
151.76,85,6,44.55,6,5.64,5,25.15,1
179.48,44,3,34.56,7,3.64,5,18.48,0
130.4,40,6,35.78,10,6.47,5,5.56,0
100.2,63,6,43.52,7,5.81,5,17.39,0
93.6,93,7,24.54,8,5.69,5,17.48,1
156.0,47,7,32.91,7,6.42,5,30.22,0
86.87,76,9,45.6,6,5.14,4,26.12,0
153.75,77,8,37.71,6,6.63,5,26.45,1
157.87,60,7,38.99,6,5.76,5,25.97,0
105.55,87,10,32.63,8,4.47,6,31.22,0
121.65,79,9,48.43,8,6.51,4,12.1,1
133.68,52,8,25.67,8,7.67,5,20.59,0
95.53,65,11,28.81,9,6.07,5,24.75,0
120.36,97,6,28.7,7,5.3,5,20.58,1
105.18,76,10,53.26,5,5.51,4,32.93,0
136.62,72,10,18.84,10,7.21,6,18.59,0
149.39,61,6,26.39,10,4.76,5,9.08,0
209.45,60,8,42.31,7,4.9,4,23.34,0
143.47,82,10,37.43,8,4.28,6,29.02,0
116.48,35,5,38.22,6,7.17,5,25.79,0
154.18,86,3,50.2,3,6.16,4,24.04,1
170.09,85,7,37.53,7,4.81,5,22.23,0
172.5,61,7,28.82,7,7.25,5,24.69,0
157.49,62,9,34.09,7,6.04,5,28.8,0
160.5,62,9,50.77,5,7.0,4,28.1,1
117.43,45,8,39.59,8,5.48,4,14.71,0
168.72,53,7,51.71,6,5.35,5,33.67,1
139.49,65,6,51.53,6,4.58,6,28.34,0
164.14,60,9,43.33,10,5.47,6,17.57,1
132.37,51,6,36.38,9,5.7,5,12.08,0
166.12,85,7,36.08,6,6.57,4,17.68,1
94.57,60,7,36.43,8,6.02,6,20.72,0
112.81,105,9,31.41,6,7.19,3,17.83,1
149.07,35,6,29.52,9,4.09,4,13.51,0
52.61,60,9,52.45,7,6.47,4,23.28,0
120.06,25,3,23.43,10,3.73,5,8.02,0
89.91,69,11,28.64,8,5.62,5,29.6,0
147.3,74,6,37.39,6,6.08,5,25.04,0
123.23,80,9,49.08,8,4.96,5,19.04,1
165.44,53,4,64.25,3,6.23,5,31.46,1
73.08,62,12,32.45,7,7.56,4,30.29,0
106.8,84,7,39.29,4,8.13,3,22.07,1
164.25,64,6,46.6,5,6.14,4,27.62,0
100.12,34,4,46.27,6,5.71,6,26.75,0
112.07,81,8,33.08,7,7.58,4,15.54,1
139.85,61,8,33.18,8,3.74,4,21.77,0
140.91,41,6,39.13,7,4.51,3,18.09,0
134.81,50,6,33.25,6,6.42,5,25.4,0
164.37,82,6,27.94,8,6.86,6,13.54,1
181.44,48,7,47.45,7,6.12,4,18.29,0
145.54,89,7,35.53,7,6.0,5,16.79,1
128.63,59,8,33.92,8,6.34,5,25.18,0
132.64,61,7,48.9,5,5.54,4,29.48,0
79.93,84,6,33.15,8,4.55,6,22.8,1
183.67,64,9,32.15,6,5.48,5,34.22,0
108.18,60,8,40.68,7,4.15,4,25.95,0
139.01,76,6,32.68,7,4.03,3,17.32,0
204.66,74,9,35.53,10,5.74,6,15.11,1
123.14,74,9,40.59,8,6.22,5,15.09,1
194.3,52,9,20.54,9,7.7,5,17.62,0
145.36,48,6,45.43,4,6.9,4,27.95,0
115.13,55,7,32.49,10,5.6,5,8.27,0
111.35,67,6,48.15,4,6.88,4,27.97,1
154.01,67,6,33.58,9,3.47,8,26.45,0
167.65,52,9,34.05,10,6.13,4,8.58,0
169.42,82,8,36.93,6,6.28,4,25.73,1
107.06,59,8,34.34,7,6.04,5,26.62,0
141.35,48,6,39.2,8,5.08,4,17.91,0
136.51,70,7,44.03,8,3.95,6,28.81,0
134.4,63,7,41.55,8,5.13,5,21.77,0
120.97,91,8,24.24,8,6.67,4,15.7,1
159.32,40,8,35.14,10,5.83,4,8.42,0
128.42,74,9,38.18,8,5.08,4,19.74,0
136.26,68,6,32.67,7,4.01,4,19.75,0
65.53,85,4,22.89,7,6.02,6,20.49,1
106.42,49,7,45.86,6,5.23,4,20.85,0
112.73,71,3,25.55,5,7.85,5,21.64,1
152.39,63,8,38.13,8,5.83,4,14.46,0
162.36,83,7,39.01,4,7.82,3,22.62,1
116.3,59,9,38.81,7,5.45,5,30.5,0
162.97,76,2,52.16,0,9.13,2,22.26,1
97.51,41,5,32.18,7,6.48,6,25.09,1
163.64,53,9,48.22,6,6.52,5,31.97,1
135.47,89,8,44.6,6,6.07,4,22.78,1
140.96,37,8,71.47,6,4.38,5,36.79,1
148.83,53,6,28.82,10,4.87,5,11.15,0
215.08,102,7,18.71,8,5.77,5,19.21,1
210.39,111,6,23.18,7,5.61,4,17.8,1
152.12,88,9,43.52,9,5.19,5,14.8,1
90.62,75,6,35.34,8,5.05,6,21.14,1
148.03,70,7,33.34,8,4.16,4,20.68,0
162.52,86,11,40.25,10,4.13,5,16.46,1
150.84,81,8,40.75,8,3.93,6,28.7,0
186.99,51,9,60.73,6,4.29,5,34.35,1
127.26,64,8,34.93,8,5.37,4,13.71,0
140.67,51,7,40.6,7,6.19,5,21.69,0
206.9,75,9,41.86,7,4.96,5,26.17,0
113.22,40,7,38.71,8,5.47,6,26.71,0
123.08,69,11,39.31,8,5.68,5,26.75,0
96.26,69,8,45.98,7,6.47,4,18.01,0
110.52,95,6,42.26,5,5.7,4,22.42,1
83.67,66,9,41.36,9,6.42,5,16.03,1
137.96,58,9,57.07,5,6.66,4,28.86,1
192.08,61,6,57.24,5,5.02,5,31.42,1
97.13,58,9,30.2,7,7.71,4,22.16,0
149.04,59,8,35.86,7,6.95,5,24.41,0
106.36,81,6,35.42,7,5.74,5,20.81,1
133.07,43,8,37.46,8,5.12,3,14.11,0
127.67,53,6,50.74,4,6.13,4,25.78,0
173.71,64,8,40.1,9,6.08,5,15.66,0
121.55,38,7,35.68,8,4.17,4,19.48,0
139.02,63,8,30.08,8,5.7,6,30.48,0
87.5,71,4,57.75,3,6.74,4,26.08,1
141.83,77,8,49.87,8,5.88,5,13.91,1
123.79,101,8,49.11,6,5.0,4,20.83,1
172.5,53,8,28.53,8,6.32,5,24.96,0
167.06,63,5,25.44,7,7.29,5,22.6,1
127.11,54,8,23.36,10,3.78,3,10.51,0
141.49,73,7,25.06,9,3.63,4,15.27,0
187.8,66,6,43.06,7,5.14,6,23.65,1
147.47,70,9,43.21,6,4.41,3,29.55,0
236.19,28,7,31.73,7,7.45,5,23.17,0
163.88,67,8,34.89,9,5.35,4,15.31,0
67.75,101,7,42.36,8,3.56,6,24.12,1
143.2,71,5,53.49,3,7.65,4,25.01,1
96.4,42,10,42.5,8,4.7,4,25.0,0
64.07,72,3,60.21,3,5.5,5,27.86,1
127.96,77,9,52.97,6,5.13,4,26.61,1
149.8,67,7,39.37,8,6.66,5,17.86,1
188.09,77,5,52.33,4,6.62,4,25.28,1
154.83,56,7,31.55,6,7.21,5,25.1,0
87.09,72,9,29.73,9,4.28,4,17.87,0
180.35,48,8,31.7,10,4.98,4,13.06,0
111.88,87,6,42.3,4,7.85,4,21.3,1
169.87,74,9,47.43,7,7.36,4,12.52,0
159.79,79,4,45.5,3,7.27,4,24.76,1
198.86,52,8,44.26,6,4.54,4,27.52,0
114.79,87,4,52.73,4,5.65,4,24.05,1
142.53,53,6,39.28,7,4.95,6,29.5,0
122.82,56,5,28.19,9,4.57,4,10.69,0
119.97,45,8,31.4,6,7.87,4,27.07,0
114.29,37,6,29.73,8,3.41,3,16.03,0
129.28,68,9,43.34,8,6.42,5,16.95,1
126.9,60,8,32.28,8,5.4,6,29.31,0
118.88,72,9,38.07,9,5.47,6,18.51,1
210.39,69,8,40.27,7,6.84,4,21.63,0
148.48,74,9,39.86,8,6.32,5,17.0,1
135.09,66,8,33.65,7,5.71,5,27.47,0
127.89,80,9,48.68,6,5.91,4,24.82,1
102.98,45,10,31.96,9,4.08,2,17.21,0
106.36,57,7,44.43,6,5.82,5,25.8,0
125.29,50,6,39.82,8,5.53,6,23.32,0
154.32,65,7,23.77,7,1.94,2,22.19,0
153.76,47,5,39.73,6,4.11,4,23.52,0
121.27,62,8,40.31,7,4.16,4,25.93,0
203.14,82,6,58.24,4,5.45,4,24.59,1
114.04,75,12,39.22,7,7.28,4,24.74,1
96.84,78,9,38.18,8,5.98,5,16.87,1
115.32,85,10,33.42,9,5.8,5,15.52,1
88.75,71,5,55.89,2,6.89,3,26.29,1
140.64,70,7,29.0,8,3.5,3,18.62,0
126.78,76,8,38.93,8,5.75,5,19.1,1
58.37,66,8,41.72,8,6.36,4,13.36,0
113.23,50,6,31.94,7,7.2,5,22.47,0
125.51,76,7,35.76,7,6.47,5,19.95,1
183.6,68,8,42.2,8,6.55,5,16.38,1
176.39,71,9,24.97,10,4.17,4,13.1,0
143.9,73,9,54.63,6,5.58,4,26.67,1
120.45,54,7,40.52,9,4.99,6,23.84,0
187.95,59,8,31.6,8,4.43,4,15.4,0
168.76,63,11,55.37,6,6.03,4,28.22,1
135.85,50,9,31.32,8,7.21,4,20.49,0
114.87,49,7,60.5,5,5.29,5,33.92,1
54.8,60,8,42.85,7,5.43,5,24.75,0
159.35,74,7,30.55,8,6.06,6,20.3,1
130.6,43,7,45.25,7,6.09,5,21.63,0
97.93,43,4,62.79,5,5.1,5,30.19,0
148.83,52,7,33.33,7,3.14,3,21.79,0
152.79,73,9,48.9,8,4.75,5,20.32,1
145.76,59,6,37.47,7,6.97,6,19.26,1
107.25,68,9,37.38,9,5.48,5,17.24,0
155.89,93,8,46.78,7,5.29,5,22.43,1
149.57,69,5,38.3,8,5.94,6,17.89,1
129.73,80,7,46.45,6,5.45,5,27.06,0
159.94,47,5,29.89,8,6.29,6,21.68,0
138.18,55,10,30.7,9,5.69,6,28.36,0
122.48,84,9,36.51,7,7.02,3,15.37,1
117.03,60,6,49.57,7,4.39,6,28.65,0
183.21,44,8,32.47,10,5.29,5,13.06,0
119.29,78,10,44.87,5,7.7,3,23.03,1
139.64,67,5,57.22,5,4.3,5,31.47,1
131.34,69,5,63.92,5,4.22,5,29.89,1
148.44,74,6,58.35,4,5.29,4,31.64,0
112.44,99,6,17.2,7,7.37,4,15.73,1
140.89,89,7,34.85,8,5.57,5,16.63,1
160.55,80,6,25.39,9,4.39,4,10.66,0
40.81,81,10,48.78,9,5.56,4,13.49,1
154.29,57,6,33.84,8,4.86,5,15.55,0
142.66,73,7,31.27,8,4.45,5,17.96,0
124.96,56,9,17.44,9,6.92,6,26.37,0
144.23,71,9,38.18,10,5.78,6,14.9,1
140.54,75,6,60.74,5,4.29,5,28.45,1
139.88,55,6,26.54,10,5.4,7,21.11,0
204.99,88,8,36.58,9,6.14,6,15.16,0
147.21,68,6,47.52,6,5.97,5,23.45,0
132.78,43,8,38.81,8,6.78,5,22.45,0
133.69,71,6,31.21,7,6.17,5,28.29,0
131.79,22,6,28.43,10,4.1,4,10.58,0
50.06,59,9,53.93,8,3.89,6,33.77,0
130.15,95,7,48.22,5,5.69,4,21.37,1
139.04,86,6,46.96,5,5.89,4,24.34,1
148.64,78,7,40.59,7,6.4,4,17.57,1
174.15,87,7,26.82,9,5.65,6,17.25,1
139.92,84,7,34.8,9,4.36,6,20.85,1
113.84,54,9,49.2,7,5.76,4,25.63,0
148.37,60,8,32.55,7,7.13,4,21.01,0
152.31,81,9,33.97,9,6.35,5,13.89,1
96.1,46,7,33.3,9,4.82,4,13.51,0
209.79,74,10,50.32,8,5.57,4,17.34,1
90.38,70,8,29.41,9,6.63,5,17.91,1
143.3,60,6,38.86,6,5.55,5,27.87,0
107.06,95,6,22.48,8,5.82,6,17.71,1
162.28,83,6,30.6,7,5.75,5,21.3,0
122.02,98,8,34.51,6,6.95,4,19.98,1
162.52,81,7,53.03,5,6.26,4,23.71,1
76.5,40,7,36.71,8,4.33,3,18.14,0
159.79,69,5,39.9,6,8.66,5,12.3,1
190.39,54,5,33.38,7,5.49,6,24.79,0
170.39,43,8,21.32,10,7.74,6,15.7,0
132.97,95,8,30.58,7,5.45,4,19.24,1
133.37,51,8,32.39,9,5.02,4,12.22,0
84.76,68,6,39.42,6,6.07,5,29.47,0
74.27,35,5,30.15,6,8.96,5,20.27,0
153.1,60,7,36.65,8,4.98,6,26.65,0
190.15,72,8,34.01,9,5.05,7,23.75,0
60.52,25,5,21.21,7,8.47,5,17.64,0
152.42,25,7,35.5,8,7.8,5,22.42,0
133.27,37,6,33.41,7,7.3,5,20.72,0
88.49,53,6,32.51,7,6.64,5,23.77,0
122.12,31,5,27.44,10,3.83,4,12.68,0
235.44,77,4,55.39,2,7.83,3,22.94,1
142.51,71,8,39.83,7,5.52,5,26.75,0
190.2,77,9,35.56,9,5.11,5,19.16,1
161.86,91,4,38.59,5,5.22,5,23.29,1
102.29,58,9,46.26,7,4.96,4,28.13,0
151.13,69,8,47.71,8,5.72,5,18.33,1
94.54,99,4,14.68,6,5.1,5,27.54,1
102.77,85,7,46.71,6,4.81,4,22.67,1
138.27,69,6,41.53,6,6.74,5,19.1,1
147.55,59,7,29.27,8,6.1,5,24.79,0
128.67,64,8,40.78,6,5.55,5,28.81,0
180.79,62,9,53.64,5,6.3,4,28.76,1
87.97,56,6,32.79,8,6.35,6,19.17,0
86.95,71,10,37.06,8,4.82,6,32.97,0
139.07,69,7,34.99,8,4.52,6,25.41,1
139.18,52,6,49.41,6,5.01,5,30.59,0
100.34,85,8,35.89,8,5.23,5,20.43,1
143.06,58,7,46.62,4,7.0,4,28.83,0
188.02,83,10,40.12,6,7.82,3,21.82,1
173.71,83,4,57.52,4,4.14,5,26.94,1
148.26,55,8,46.46,8,6.96,5,16.34,1
131.17,38,7,36.64,10,5.87,5,10.48,0
104.49,83,8,26.55,10,5.98,6,14.32,1
152.3,89,6,44.94,5,6.22,4,23.34,1
126.66,44,8,34.22,8,4.12,3,19.29,0
132.35,59,7,31.79,8,6.18,5,25.8,0
126.2,48,6,39.39,5,6.32,4,27.83,0
82.74,71,8,28.12,8,6.64,5,19.05,1
141.95,63,7,34.9,8,5.83,5,21.82,0
134.52,56,5,51.4,4,7.16,4,22.87,0
142.4,47,8,47.75,6,5.41,3,22.86,0
195.22,69,7,29.54,8,3.83,4,18.37,0
93.6,64,6,20.02,10,4.1,5,8.17,0
152.26,25,6,31.3,8,2.84,3,21.17,0
120.43,75,8,43.0,7,7.15,4,14.09,1
116.35,53,8,35.69,7,6.61,5,26.25,0
95.56,34,7,37.88,7,3.88,3,22.56,0
169.94,60,6,38.09,7,6.19,5,23.27,0
113.96,51,7,32.71,7,3.21,3,22.14,0
136.08,83,1,6.01,6,8.06,6,21.44,1
102.47,72,7,33.8,9,5.33,5,13.89,0
140.58,75,7,31.68,7,4.07,4,19.88,0
167.04,35,6,21.87,10,3.59,4,9.37,0
109.79,102,5,36.35,4,6.86,3,19.95,1
144.76,45,4,40.43,6,6.46,6,25.69,0
141.64,53,11,50.73,10,5.14,6,18.48,0
112.81,70,4,45.89,6,4.28,5,25.92,0
137.87,72,7,32.66,7,7.45,5,15.8,1
119.03,61,8,39.84,5,6.8,3,26.86,0
131.26,62,7,43.07,8,6.31,5,14.27,0
78.6,82,7,41.08,6,5.62,5,26.6,1
139.74,48,2,33.38,5,6.82,5,21.83,0
103.6,87,6,48.29,4,6.71,4,22.4,1
170.34,66,7,38.62,9,5.28,6,21.06,1
111.13,45,7,27.8,9,5.94,6,23.99,0
127.69,82,7,36.43,6,3.75,3,23.75,0
142.13,42,6,32.2,10,5.29,5,10.38,0
117.83,76,7,29.23,10,5.79,5,8.1,0
110.93,76,11,33.52,8,5.81,5,32.01,0
133.94,43,6,50.73,6,5.79,5,24.22,0
131.18,48,7,28.81,10,4.69,5,11.26,0
95.74,92,8,34.83,7,6.05,4,16.23,1
114.5,86,9,41.53,6,5.56,4,24.92,1
151.36,73,9,47.74,6,5.57,4,27.6,1
156.23,77,6,47.27,5,5.39,5,27.8,1
103.14,50,9,44.28,9,7.83,5,12.56,1
172.53,75,5,31.51,7,6.33,6,18.94,1
172.93,64,8,40.85,6,6.81,5,24.47,0
135.92,64,2,60.74,2,5.98,4,29.69,1
171.6,83,10,45.7,9,4.72,5,16.17,1
147.17,64,8,21.7,10,5.87,7,24.9,0
103.93,44,7,40.05,9,5.69,5,15.59,0
134.66,52,6,35.29,8,4.36,4,17.2,0
135.75,64,9,49.87,8,6.05,5,17.92,1
144.57,56,8,24.01,10,3.17,4,16.24,0
193.38,38,10,31.46,8,7.25,5,25.79,0
132.77,74,8,35.61,8,6.78,5,15.05,1
160.65,80,8,43.51,6,6.03,4,25.66,1
160.86,71,7,43.77,6,6.2,4,26.57,0
114.63,60,6,29.81,9,3.53,5,23.16,0
134.31,82,6,46.78,5,6.01,4,25.38,1
117.5,63,7,25.57,9,2.72,4,21.8,0
174.05,91,9,37.51,8,4.67,5,25.25,1
71.51,64,11,54.78,7,5.49,4,28.82,1
151.03,52,6,39.3,7,4.41,6,32.41,0
133.29,53,8,30.88,9,6.7,5,17.54,0
176.6,44,5,37.7,8,4.82,4,17.75,0
157.12,87,4,25.4,6,6.75,5,18.5,1
203.88,69,8,44.86,7,5.18,5,27.32,0
160.42,66,8,32.02,7,6.73,5,26.54,0
154.3,77,7,50.89,4,6.12,4,25.75,1
87.93,51,4,32.43,7,3.8,4,16.73,0
110.03,54,6,42.57,6,3.86,4,26.58,0
161.59,48,4,33.28,8,4.66,5,13.38,0
151.32,51,6,25.75,9,3.43,4,14.79,0
158.87,68,5,24.42,7,7.04,6,20.95,1
136.38,57,9,35.94,7,6.12,5,30.87,0
88.35,41,9,16.48,10,6.16,6,27.02,0
117.96,41,6,35.94,7,7.64,5,18.0,0
101.68,72,9,46.85,6,5.32,5,32.07,0
162.65,86,6,40.91,4,7.12,3,23.33,1
136.09,78,8,55.7,6,5.22,4,25.75,1
167.3,76,4,45.85,4,6.01,5,27.7,1
147.02,50,8,51.98,4,7.84,4,30.27,1
140.59,76,5,52.5,5,5.08,5,27.96,1
223.36,34,4,29.96,8,3.11,4,18.36,0
150.32,39,6,33.14,9,4.29,4,17.7,0
120.78,97,7,31.9,7,5.7,4,17.8,1
134.36,84,6,29.28,8,4.55,4,13.77,0
128.68,63,8,29.44,8,6.03,6,24.54,0
166.52,70,8,29.03,9,4.41,4,14.78,0
132.79,78,8,57.78,4,6.76,3,23.16,1
165.05,55,9,40.01,8,5.37,5,20.16,0
212.44,66,6,37.5,6,4.0,4,23.19,0
133.73,62,7,37.46,6,6.91,5,25.57,0
148.38,81,7,44.53,5,6.89,4,24.33,1
122.99,80,7,48.48,6,5.58,4,26.04,1
139.53,67,6,60.25,4,5.08,5,29.17,1
120.73,55,6,40.7,6,5.88,6,28.0,0
108.92,93,10,43.77,9,3.37,5,21.79,1
173.17,45,6,42.44,7,5.46,5,27.01,0
117.11,99,11,42.53,7,5.93,4,19.77,1
102.33,59,6,29.48,9,4.14,5,15.5,0
165.9,81,6,27.87,8,5.72,6,20.17,1
84.4,85,7,42.25,5,6.72,4,23.41,1
101.15,71,7,49.75,5,6.29,4,27.35,1
99.16,87,5,47.07,5,5.11,5,25.52,1
215.43,61,7,37.38,7,4.21,4,21.8,0
137.78,59,6,35.42,7,3.86,4,22.47,0
149.49,65,9,48.78,6,6.52,4,28.23,1
161.8,56,11,35.46,11,6.39,5,10.67,1
86.24,30,6,34.6,9,4.51,4,14.67,0
142.92,50,7,50.52,7,6.41,5,20.9,1
185.88,56,5,49.34,5,6.04,5,28.53,0
157.34,80,6,14.54,10,6.83,7,14.71,1
163.4,53,7,62.47,4,5.55,4,32.14,1
143.22,60,7,43.43,6,6.17,4,23.51,0
107.45,52,6,39.68,8,5.07,6,26.48,0
111.12,82,9,35.4,7,6.73,4,16.15,1
182.49,52,6,37.56,7,3.97,4,23.27,0
130.68,60,8,36.45,7,6.32,5,24.36,0
112.93,108,8,43.08,7,4.84,4,19.63,1
134.98,64,9,56.43,7,6.72,5,28.0,0
137.69,43,8,39.62,8,5.84,5,21.86,0
174.22,79,10,35.96,11,4.72,6,16.91,1
130.68,76,6,36.61,7,5.9,5,25.16,0
132.05,55,6,27.69,7,8.03,5,15.94,0
75.78,44,6,37.81,7,3.65,3,21.87,0
105.44,57,7,26.58,9,3.98,3,11.29,0
136.23,54,6,47.83,3,6.81,3,33.38,0
180.1,60,7,58.7,5,5.4,4,30.69,1
129.25,60,7,26.13,10,4.15,4,13.13,0
142.33,31,6,43.78,8,5.69,5,18.04,0
161.16,62,8,34.65,8,6.15,5,21.99,0
171.09,68,7,36.98,7,4.24,4,22.7,0
147.87,58,7,48.59,7,6.19,5,21.82,1
171.25,62,10,33.96,9,6.33,5,21.19,0
148.2,65,6,51.93,5,6.18,5,29.77,0
131.96,68,7,41.53,5,6.56,4,31.97,0
83.58,42,9,59.4,9,6.89,5,15.5,1
117.61,60,6,44.75,8,5.82,6,21.89,0
152.59,81,10,39.75,5,8.84,2,20.83,1
171.58,87,7,28.02,8,5.49,5,20.09,1
123.01,70,8,31.13,9,5.37,4,11.53,0
217.21,103,6,36.77,5,6.0,4,20.58,1
82.65,60,9,50.31,6,6.01,4,22.31,0
130.69,49,4,48.08,6,4.35,6,26.46,0
182.02,69,8,32.37,8,4.17,3,18.53,0
133.44,54,7,33.87,9,5.74,4,9.55,0
91.46,44,7,41.88,9,7.39,5,4.85,0
118.2,65,8,29.58,8,3.29,3,21.12,0
119.01,35,6,33.01,7,7.2,6,29.84,0
150.83,57,7,32.45,10,5.72,6,18.03,0
202.09,59,4,32.99,7,6.11,6,25.32,1
175.49,49,7,27.22,10,3.95,4,13.92,0
144.01,82,9,39.89,8,5.04,5,19.64,1
122.77,42,6,34.94,6,9.05,4,16.45,0
95.37,45,8,32.94,10,5.36,4,10.67,0
108.18,76,5,61.47,5,4.38,5,27.91,1
138.28,97,10,22.22,9,7.21,4,10.26,1
177.59,53,10,47.51,9,7.9,5,11.56,0
140.93,62,10,61.8,6,4.63,4,30.15,1
156.86,68,9,47.73,6,7.31,3,17.23,1
141.86,51,8,30.41,9,5.49,6,23.99,0
137.57,93,6,30.12,7,5.3,5,20.57,1
116.99,48,9,20.23,8,8.47,5,23.89,0
81.0,60,9,47.22,4,7.92,3,27.68,1
117.42,79,8,55.89,6,4.22,5,27.3,1
108.39,80,10,42.72,7,5.68,4,25.94,1
151.77,95,5,40.07,6,5.2,5,24.02,1
76.58,66,7,61.85,5,5.06,5,28.94,1
155.01,23,5,34.64,8,3.15,3,20.35,0
81.13,76,6,47.94,5,5.35,5,27.73,1
129.11,71,4,24.82,7,6.49,6,22.86,1
113.25,59,4,60.22,1,7.84,3,27.78,1
154.67,72,9,47.06,6,6.51,4,26.54,1
143.95,52,10,58.63,9,4.31,6,22.44,1
166.96,71,9,43.38,8,6.24,4,17.52,0
151.07,83,7,33.09,7,6.69,5,16.18,0
140.98,54,6,44.07,6,4.96,5,24.44,0
133.24,57,6,40.33,7,5.8,5,23.11,0
152.84,91,5,40.1,7,5.21,6,21.69,0
148.05,66,8,38.19,10,5.48,6,17.91,1
142.79,55,4,42.83,6,5.35,6,25.8,0
72.73,71,9,47.09,7,6.66,4,15.07,1
125.55,63,7,33.26,6,6.94,5,27.48,0
156.1,57,9,42.1,7,5.12,4,21.82,0
150.13,69,7,41.72,7,7.16,5,15.18,1
94.8,71,6,27.52,9,4.62,5,10.67,0
107.01,53,7,40.95,8,5.52,5,18.08,0
98.36,48,6,36.56,7,6.5,5,24.21,0
74.57,58,7,41.17,7,5.96,5,24.66,0
131.29,59,6,33.47,6,5.33,5,31.96,0
100.56,72,9,34.33,10,6.6,6,13.02,1
101.0,69,9,48.6,7,5.29,5,29.26,1
137.08,65,5,59.69,4,5.29,5,30.15,1
139.15,31,7,36.75,8,4.67,3,14.38,0
96.94,38,6,30.95,8,3.06,4,20.41,0
98.86,61,7,29.53,8,3.0,3,20.51,0
125.64,74,9,57.48,6,5.12,4,26.7,1
96.12,77,7,36.28,7,4.29,4,22.71,0
135.41,47,7,41.3,8,4.1,6,27.57,0
153.45,67,9,32.01,7,5.31,5,33.28,0
173.15,64,11,57.92,10,5.26,5,14.43,1
136.8,95,8,37.51,6,6.21,4,22.03,1
144.1,31,4,43.24,6,4.93,5,29.71,0
123.42,78,6,23.07,8,6.64,6,19.53,1
126.0,94,2,18.14,6,5.48,6,26.55,0
118.4,50,4,28.14,8,2.64,5,21.1,0
111.08,45,9,46.36,8,6.13,4,18.57,0
156.72,63,7,30.41,8,4.21,4,14.37,0
127.53,55,10,65.86,6,4.55,5,31.76,1
146.56,84,8,24.86,8,3.27,3,17.37,0
139.44,33,8,43.22,8,4.69,4,22.53,0
134.58,57,8,35.98,8,4.93,4,15.78,0
138.04,51,9,31.91,8,6.15,5,28.16,0
117.12,80,3,11.53,8,6.08,7,23.37,1
189.25,56,4,53.64,5,4.58,5,32.22,0
130.63,76,6,35.7,7,5.42,6,22.55,1
113.94,67,8,31.8,9,6.92,6,15.27,1
160.49,75,9,35.28,8,7.44,4,12.64,1
140.79,86,5,46.75,4,6.95,4,22.92,1
148.27,63,8,33.35,9,4.72,4,17.74,0
118.49,82,8,43.48,8,3.67,7,29.12,0
147.14,84,8,44.03,7,5.44,5,24.52,0
112.03,83,10,38.96,5,8.12,3,21.36,1
183.59,73,6,65.2,4,4.66,4,27.67,1
120.87,96,7,20.05,9,3.81,4,11.99,0
126.55,71,6,24.04,8,5.29,6,25.13,0
131.16,56,7,42.94,7,4.86,5,23.69,0
151.35,75,10,40.93,8,6.13,4,17.75,1
129.36,54,7,34.54,7,6.01,5,25.4,0
151.1,37,6,34.41,7,3.26,3,21.11,0
123.42,72,11,38.02,8,5.53,5,30.54,0
99.34,50,5,31.88,8,3.93,4,16.44,0
107.5,47,7,29.43,7,5.83,5,25.77,0
198.53,52,8,48.57,7,5.94,5,22.04,0
228.88,63,7,37.47,7,4.24,3,23.43,0
158.94,71,10,47.94,7,6.41,4,21.53,0
133.81,50,8,32.33,10,5.88,5,10.14,0
177.28,48,7,29.44,9,4.64,4,11.78,0
144.89,64,5,35.61,8,6.16,6,19.59,1
158.35,75,7,35.14,6,3.78,3,24.44,0
102.9,70,7,37.65,8,5.92,5,15.4,0
87.67,42,3,32.0,7,3.6,4,17.19,0
109.95,57,7,30.45,9,4.78,6,25.33,0
158.61,58,10,22.56,10,6.48,6,21.86,0
173.37,56,10,30.42,8,6.17,5,26.06,0
67.42,92,6,46.77,3,8.09,2,18.9,1
135.25,43,6,35.05,8,4.49,4,17.02,0
147.12,59,7,27.29,7,2.46,2,20.64,0
161.41,54,10,25.46,9,6.38,6,24.33,0
136.56,82,9,27.01,10,6.43,5,13.05,1
180.63,44,6,42.9,6,5.96,5,26.07,0
115.66,68,7,31.6,8,3.63,3,20.02,0
168.2,67,8,31.05,9,5.24,4,11.91,1
157.52,58,5,45.32,6,5.27,6,30.81,0
132.05,62,8,39.1,7,4.47,4,22.82,0
146.01,54,8,33.43,7,6.53,5,24.51,0
159.88,52,5,40.05,6,6.92,4,18.64,0
175.31,48,7,52.08,6,5.31,5,29.81,0
164.88,53,8,43.54,6,6.08,4,31.04,0
157.57,61,9,33.83,7,5.41,5,30.98,0
108.65,84,7,51.26,3,7.78,2,20.98,1
139.97,49,8,37.23,8,4.31,4,21.49,0
107.38,103,6,25.57,6,5.92,4,19.06,1
124.95,72,6,32.51,8,6.46,6,18.96,1
151.63,57,9,35.98,9,5.87,4,10.49,0
88.66,84,10,42.44,7,6.02,4,24.25,1
118.34,41,7,48.71,6,4.75,4,26.88,0
137.58,55,8,39.09,8,4.44,4,20.3,0
122.19,81,9,38.2,6,7.31,4,23.88,1
96.24,68,8,39.36,6,7.01,4,25.57,0
172.53,70,7,31.96,8,7.44,5,15.78,1
106.81,74,2,56.75,2,7.02,4,25.45,1
140.75,66,7,41.1,6,5.66,4,27.17,0
165.98,40,3,29.94,6,7.81,5,20.08,0
166.53,99,5,18.98,5,7.07,4,20.57,1
125.33,89,7,53.71,5,5.34,4,23.28,1
130.8,74,9,50.93,6,6.17,4,25.85,1
108.27,52,9,38.93,7,5.17,5,30.36,0
116.93,67,8,33.41,8,4.23,3,19.08,0
96.47,85,6,49.65,3,7.12,3,22.32,1
173.08,84,9,45.62,8,4.77,4,20.0,1
122.4,50,6,25.28,8,8.0,5,17.39,0
163.2,42,5,32.75,8,3.35,4,19.74,0
162.64,60,9,37.95,8,5.61,4,15.91,0
118.59,68,7,42.96,6,5.92,5,29.61,1
111.16,55,9,39.66,8,5.07,5,25.02,0
147.82,85,7,31.34,8,5.66,5,17.83,1
119.23,49,8,35.94,8,4.83,3,17.69,0
110.06,94,5,42.89,5,5.55,5,23.36,1
141.57,80,6,38.99,4,7.49,4,24.62,1
101.47,54,8,27.72,9,5.99,6,23.46,0
120.51,61,7,46.92,6,4.82,4,26.59,1
152.17,65,5,60.28,3,5.78,4,28.97,1
125.72,47,6,31.08,6,7.16,5,25.65,0
158.9,69,8,45.21,6,5.47,5,28.7,0
96.35,56,8,53.78,5,4.89,4,33.11,0
127.16,62,8,30.05,8,5.14,6,30.5,0
100.78,65,7,57.93,4,5.86,4,28.77,1
120.95,59,8,36.77,6,5.81,5,29.18,0
172.95,37,6,28.35,8,2.43,3,21.72,0
106.89,65,6,34.07,8,4.74,5,17.1,0
74.7,67,9,37.3,10,4.98,6,20.99,1
96.57,61,8,42.2,7,5.19,5,31.3,0
169.23,64,7,21.67,10,4.66,7,22.33,0
117.08,86,8,31.52,7,6.67,4,16.74,1
70.19,50,7,37.1,8,4.87,4,17.74,0
97.24,57,7,44.23,7,6.5,5,26.4,0
171.32,84,3,24.79,5,7.0,5,22.85,1
149.54,55,6,58.94,5,5.22,5,32.54,1
81.09,49,4,44.68,5,5.96,4,26.25,0
111.78,32,7,26.77,10,5.88,7,20.8,0
141.6,69,5,36.24,5,7.1,5,22.91,1
122.79,75,12,39.77,6,7.94,3,23.52,1
158.13,52,9,47.08,8,6.44,4,18.17,0
98.1,51,7,41.62,5,6.27,4,29.05,0
116.29,40,4,47.93,4,6.31,4,28.48,0
152.87,79,6,46.9,3,7.64,3,23.42,1
132.5,61,8,31.08,8,3.88,4,20.14,0
170.9,58,9,37.96,7,6.28,5,25.96,0
175.05,82,5,50.31,4,6.35,4,24.53,1
168.65,67,5,64.35,3,5.9,4,27.62,1
122.37,95,7,48.26,6,3.95,5,24.49,1
137.52,42,7,25.77,10,4.5,4,9.57,0
191.01,78,10,42.66,7,5.64,4,22.14,0
102.48,37,5,37.0,7,7.19,5,18.35,0
148.38,70,8,42.27,4,8.83,3,24.3,1
201.11,53,8,29.66,9,6.18,6,23.7,0
93.72,85,6,24.06,9,4.8,6,22.89,1
143.95,67,10,46.43,9,6.24,5,15.44,1
164.43,58,10,46.03,7,5.15,4,25.86,0
104.53,67,8,50.63,6,5.35,5,29.73,1
83.23,32,5,30.31,9,4.1,5,14.8,0
192.55,77,5,27.57,7,6.0,6,22.07,1
132.79,61,7,39.99,7,4.72,4,20.11,0
143.92,91,6,55.13,5,4.6,5,23.8,1
140.66,76,4,55.83,4,4.78,5,28.45,1
82.27,87,3,46.21,2,7.23,3,22.64,1
143.75,50,8,29.19,7,7.9,5,22.73,0
87.09,90,6,22.89,7,5.6,5,22.76,1
98.15,98,8,19.47,8,6.38,5,15.08,1
102.05,68,7,49.37,4,7.52,3,26.15,1
147.08,49,6,39.31,7,4.91,4,18.29,0
148.18,92,4,52.98,3,6.0,4,22.05,1
128.33,28,6,36.67,9,4.44,4,18.21,0
131.57,47,6,32.05,8,3.75,4,17.98,0
147.2,77,9,41.52,6,6.36,4,26.03,1
97.46,61,9,28.51,7,7.49,4,21.2,0
89.32,61,6,39.15,7,4.92,5,25.1,0
191.46,44,7,31.63,7,7.87,5,23.42,0
125.22,46,7,40.44,7,4.7,4,18.78,1
132.73,69,8,59.08,5,5.55,4,27.61,1
131.12,80,10,31.98,9,4.95,6,26.87,0
163.62,87,8,49.11,5,6.4,4,22.39,1
170.92,49,7,31.8,8,6.18,5,27.49,0
99.71,92,11,37.54,9,5.04,5,23.79,1
88.9,92,8,33.39,7,5.83,4,18.02,1
47.74,51,7,35.23,7,5.85,5,30.45,0
125.74,51,7,27.0,9,3.75,4,15.52,0
147.65,86,5,45.24,3,7.27,4,22.57,0
166.46,31,8,44.94,7,5.21,3,21.43,0
161.07,59,5,39.53,7,5.17,5,26.48,0
86.33,84,7,46.0,5,5.45,4,25.45,1
198.19,35,7,12.65,9,7.78,5,23.15,0
161.9,59,2,24.87,7,7.5,7,21.73,1
173.33,48,7,29.05,8,6.74,6,22.02,0
83.42,58,10,54.01,9,5.67,5,15.12,1
167.05,84,6,51.65,4,5.18,4,32.65,0
103.06,60,8,51.5,6,5.08,6,32.17,1
111.1,86,10,53.26,7,4.66,5,24.17,1
214.28,90,7,40.53,7,5.63,4,18.3,1
104.69,37,10,71.66,5,5.9,4,34.08,1
90.81,52,6,44.12,6,6.42,5,23.3,0
171.22,29,6,40.23,6,2.76,3,28.64,0
123.42,64,8,34.68,10,5.91,5,12.03,0
149.48,69,7,57.37,4,7.01,3,25.58,1
105.88,56,10,32.39,7,8.2,4,22.67,0
90.79,70,8,66.27,7,2.88,6,30.7,1
170.7,66,6,49.9,4,6.71,4,28.56,1
130.27,51,8,27.32,7,7.85,5,23.95,0
140.33,77,11,28.75,10,6.31,6,22.34,0
121.29,92,6,43.3,5,5.85,4,22.98,1
130.85,46,6,42.39,6,6.56,5,23.79,0
69.6,76,8,33.4,8,6.38,5,17.31,1
138.85,57,5,31.66,8,5.07,6,24.82,1
115.82,93,8,29.95,8,4.74,5,16.23,0
155.59,46,9,23.04,10,5.74,6,27.08,0
177.45,61,4,35.38,7,6.94,6,19.83,1
129.72,75,5,28.25,7,5.82,6,23.48,1
175.5,69,8,59.74,5,5.82,4,27.09,1
133.53,57,10,39.54,7,4.14,2,25.37,0
146.23,59,6,24.03,9,3.48,4,13.13,0
91.03,66,8,34.84,7,4.1,4,22.61,0
163.54,54,7,31.46,8,6.13,6,25.44,0
137.98,43,4,40.55,4,8.18,4,25.21,0
91.58,79,8,38.23,7,3.92,4,29.39,0
134.94,44,6,40.18,4,7.06,4,31.13,0
129.54,60,5,35.86,7,4.53,4,16.77,0
170.37,74,8,33.04,8,5.2,6,29.16,1
152.51,56,8,49.32,7,5.78,5,24.13,0
111.48,71,7,36.55,7,7.03,5,17.94,0
85.58,61,5,32.31,7,7.01,6,21.81,1
104.52,54,10,23.76,10,5.32,6,26.54,0
87.79,73,8,44.12,9,4.9,6,19.92,1
153.66,69,9,30.78,8,5.66,5,26.79,0
190.49,86,6,41.07,6,5.18,5,21.85,1
104.55,50,5,32.19,9,4.77,5,12.49,0
152.98,46,7,25.61,8,2.98,3,19.16,0
153.89,81,11,32.56,8,6.63,4,25.11,1
139.93,76,5,59.36,4,5.36,4,26.86,1
142.09,74,7,32.26,10,5.85,6,10.29,0
198.97,86,7,44.57,5,6.87,3,22.77,1
114.45,83,7,51.74,5,4.76,5,26.16,1
83.03,54,7,51.13,6,6.06,4,22.61,0
141.67,63,8,18.64,8,6.94,5,24.21,0
154.58,53,9,33.65,8,3.66,4,24.62,0
98.5,58,8,63.49,5,5.02,4,30.96,1
139.91,58,7,36.9,7,3.91,4,21.35,0
129.0,46,8,37.1,8,4.96,3,15.9,0
103.27,82,9,42.97,6,6.79,4,23.67,1
173.4,100,7,23.75,8,6.33,5,15.37,1
129.51,81,9,48.77,6,5.34,5,27.54,0
155.36,43,7,41.65,8,5.52,4,17.31,0
148.86,60,8,34.22,8,7.13,5,20.95,0
91.98,54,5,35.93,5,7.77,4,22.75,0
117.04,76,9,47.61,7,6.52,4,18.31,0
171.44,51,6,41.19,7,5.89,6,28.03,0
165.34,44,7,30.09,9,6.02,6,19.66,0
149.35,72,8,30.78,7,6.22,6,29.48,0
170.54,76,9,32.94,10,5.16,6,17.85,1
125.06,59,6,27.85,7,6.77,5,24.89,0
114.13,60,8,25.15,9,3.38,3,15.26,0
116.26,64,8,33.18,8,4.81,3,15.91,0
128.62,62,9,36.96,8,4.92,4,18.21,0
158.49,50,9,59.19,5,6.01,4,31.99,1
168.97,58,4,62.56,4,4.31,5,33.43,1
141.63,38,5,28.3,9,3.73,4,15.0,0
149.2,60,10,41.89,8,5.6,4,21.68,0
144.24,56,6,42.55,6,5.63,5,25.04,0
203.68,58,7,37.0,7,3.15,4,28.41,0
158.7,71,9,32.63,10,5.98,5,9.56,0
167.97,46,4,40.86,6,5.7,5,25.82,0
104.55,83,6,52.88,4,6.07,4,24.04,1
164.36,67,10,44.25,8,5.76,5,19.17,1
117.99,62,9,53.24,8,7.51,6,19.63,0
172.04,80,6,23.69,9,3.76,4,14.75,0
141.75,37,5,34.2,9,5.31,5,9.51,0
151.7,63,7,30.53,7,6.48,5,22.11,0
217.38,42,5,32.58,8,3.94,4,16.18,0
152.12,73,8,43.9,7,5.18,4,24.26,0
149.01,55,8,57.29,7,6.17,5,20.04,1
121.71,33,7,21.69,8,7.43,5,26.41,0
149.32,52,5,41.49,6,5.9,5,24.34,0
162.35,71,7,46.55,5,4.99,4,30.7,0
141.82,48,9,44.11,6,3.6,2,29.74,0
92.47,45,8,42.29,7,4.72,4,23.25,0
101.56,77,7,41.09,7,6.23,5,16.79,1
161.55,58,7,27.39,9,3.97,4,14.83,0
138.44,68,9,40.24,9,5.78,5,17.76,1
105.47,52,6,31.95,10,5.63,5,9.96,0
161.29,60,5,62.45,4,5.34,5,30.96,1
184.76,81,9,30.96,9,5.79,6,19.61,0
161.23,62,7,65.55,4,6.49,4,27.37,1
167.93,44,7,27.08,10,4.43,5,10.11,0
134.9,73,7,37.33,7,5.52,5,21.84,1
156.17,46,6,44.07,8,6.25,5,14.58,0
196.46,97,7,23.11,8,6.5,5,14.89,1
155.55,51,6,66.68,4,4.76,5,33.46,1
146.4,48,9,47.52,6,5.02,3,25.64,0
92.78,67,10,22.43,8,5.83,6,32.74,1
141.66,53,5,46.11,6,5.2,5,23.98,0
117.91,62,9,25.66,9,6.08,5,20.71,0
118.27,52,6,36.71,6,5.8,5,27.14,0
65.33,67,7,28.99,10,6.51,6,16.32,1
124.5,44,6,34.39,9,4.38,5,17.47,0
111.73,34,9,31.27,8,6.72,5,27.09,0
103.74,79,9,48.26,6,5.84,4,24.21,0
197.08,59,5,44.2,5,5.79,4,27.22,0
144.9,68,10,44.59,5,7.77,3,25.6,1
123.57,60,7,34.37,10,4.47,7,22.36,0
95.57,78,10,38.4,7,3.97,3,26.56,0
158.5,53,8,39.6,10,5.75,7,20.14,0
157.91,35,5,32.37,7,7.06,6,24.98,0
153.74,80,7,26.05,9,6.0,6,17.99,1
120.36,104,9,45.23,8,3.74,5,22.18,1
57.85,66,9,25.78,8,6.11,5,29.07,0
132.39,61,7,42.75,7,5.45,6,25.8,0
96.6,72,7,53.02,4,5.37,4,30.54,0
94.01,72,6,29.05,8,4.93,4,11.49,0
167.25,47,4,33.21,6,7.06,5,21.12,0
88.8,80,9,45.16,8,4.87,5,20.75,1
149.81,53,6,47.54,6,4.79,5,29.63,0
180.4,78,8,29.68,8,5.9,5,23.63,0
88.54,55,6,45.93,5,5.39,5,30.87,0
143.01,43,7,41.15,9,6.44,5,11.94,0
115.83,71,7,36.8,7,7.62,5,13.58,1
111.09,73,6,26.0,7,2.42,3,22.45,0
78.39,59,6,39.94,8,5.08,5,19.98,1
105.57,63,8,51.92,7,5.99,5,19.24,1
97.93,43,7,36.82,7,3.63,3,22.67,0
125.66,63,10,52.39,7,5.53,5,29.63,1
114.79,77,10,46.42,8,5.29,4,19.34,1
187.45,62,4,25.68,7,7.15,6,22.73,1
201.54,53,8,45.54,6,4.87,4,25.73,0
162.61,66,7,38.13,7,6.37,5,25.76,0
141.92,72,7,63.06,4,6.09,4,25.64,1
153.01,44,6,49.28,5,5.47,5,30.23,0
149.3,27,6,37.19,8,3.79,4,21.42,0
111.19,90,7,36.99,4,8.35,3,20.3,1
121.23,89,7,32.82,7,5.55,5,20.58,1
138.28,42,8,25.71,11,3.89,7,28.17,0
140.51,37,5,42.75,7,6.86,5,20.25,0
168.45,84,7,44.23,7,5.81,5,22.73,0
85.45,72,9,54.54,6,4.73,5,28.53,1
153.77,52,5,41.67,4,8.37,4,24.7,0
117.97,67,4,64.36,5,3.63,6,31.55,1
132.72,52,7,42.53,7,4.74,4,23.2,0
71.34,64,6,42.55,6,3.91,4,29.43,0
135.39,78,9,47.11,6,6.65,4,24.42,1
156.29,59,8,39.58,6,6.82,4,22.54,0
107.27,64,9,25.65,8,6.24,6,28.33,1
127.9,60,9,42.87,8,6.02,5,21.24,0
163.07,56,9,39.1,7,4.98,6,32.57,0
112.55,56,7,39.02,9,5.49,5,17.87,0
171.4,85,9,46.65,5,7.82,3,20.56,1
149.5,72,10,30.24,8,4.65,5,36.58,0
180.04,52,9,58.25,6,5.35,5,32.65,1
79.46,84,6,26.73,8,5.45,6,20.28,1
136.44,57,6,29.16,8,3.53,4,17.45,0
104.78,90,6,48.78,5,5.61,5,23.24,1
117.14,69,8,36.9,7,5.99,5,27.2,0
189.85,42,6,31.51,8,5.7,6,25.56,0
129.57,82,7,52.41,6,5.61,5,24.9,1
148.29,68,10,44.71,7,6.22,3,18.41,0
113.99,49,6,34.28,8,4.05,4,18.06,0
141.25,80,9,41.43,9,4.93,5,19.44,1
129.65,75,8,40.68,8,5.82,5,19.96,0
114.48,71,5,55.13,4,5.86,5,27.68,1
147.86,55,7,62.53,3,7.11,3,29.01,1
142.1,53,7,23.94,7,8.67,5,20.02,0
102.16,66,7,37.69,5,5.92,4,35.33,0
164.59,84,10,44.6,7,6.15,4,23.57,1
76.17,55,9,38.11,8,5.67,4,13.2,0
133.78,74,7,34.34,7,4.1,4,20.1,0
144.76,60,5,28.89,7,3.38,4,18.74,0
127.33,55,8,37.63,5,7.9,4,25.65,0
91.97,73,8,32.68,9,6.91,5,11.53,1
150.02,73,7,29.77,7,6.7,5,24.77,0
158.9,41,7,28.23,7,7.03,4,24.32,0
137.36,97,5,16.97,8,4.95,6,22.78,1
122.98,74,7,51.92,5,5.59,4,27.52,1
101.91,80,7,54.01,5,5.54,5,25.51,1
183.04,57,7,40.63,7,4.3,4,25.31,0
106.26,60,6,44.89,5,7.15,4,23.56,0
102.31,74,9,35.79,9,5.88,5,17.7,1
80.67,72,7,39.68,8,6.16,5,15.39,0
128.78,79,9,39.4,9,6.11,5,18.12,0
149.19,57,9,34.56,7,6.77,4,25.22,0
169.09,71,7,48.55,5,6.4,4,27.41,1
137.72,70,8,45.51,6,4.74,5,34.22,0
136.75,58,7,52.48,4,6.56,4,30.2,1
80.18,44,6,40.88,7,6.14,6,25.2,0
118.41,59,10,54.28,9,5.25,5,18.53,1
139.1,50,6,33.25,9,5.14,5,10.87,0
124.57,40,6,28.91,9,3.98,4,13.1,0
183.54,71,8,51.41,6,6.48,5,23.82,0
120.68,58,7,35.02,9,4.62,5,18.69,0
65.52,70,7,43.34,4,8.39,3,24.91,1
130.92,49,6,20.52,9,5.52,6,27.03,0
153.46,81,7,45.63,4,7.79,3,22.65,1
106.48,46,4,47.5,5,6.3,5,26.48,0
129.59,65,10,30.02,9,7.32,5,20.8,0
130.17,71,8,36.97,9,5.98,6,16.38,1
174.51,74,10,26.22,9,4.38,3,13.37,0
186.58,78,12,31.59,9,5.43,5,26.75,0
121.94,68,6,55.28,4,6.51,4,27.33,1
179.05,85,9,42.76,7,5.35,5,25.15,1
133.58,63,9,36.55,8,5.15,4,18.89,0
142.17,58,7,35.96,9,5.8,5,11.56,0
132.05,44,7,36.04,9,4.98,4,14.76,0
93.58,76,8,40.7,9,7.03,5,11.2,0
128.07,83,8,44.03,8,6.63,5,17.25,0
106.39,24,4,36.05,8,3.8,4,18.11,0
108.07,70,9,42.68,9,5.02,5,18.2,1
180.92,55,7,45.42,6,6.7,5,25.1,0
136.49,93,8,22.3,8,5.51,5,19.4,1
135.65,47,7,38.1,7,7.39,5,24.69,0
172.99,77,6,30.19,7,6.21,5,19.82,1
104.14,66,8,36.34,7,4.22,4,22.65,0
153.06,55,7,29.63,10,4.76,5,12.22,0
71.75,97,7,37.25,4,8.11,2,18.76,1
132.53,45,7,30.11,6,8.66,4,22.0,0
170.68,65,5,37.1,7,7.28,5,17.03,1
105.01,55,5,39.38,8,5.49,5,13.19,0
131.67,58,8,38.36,6,6.85,4,25.75,0
144.33,70,8,35.91,9,6.08,5,13.4,0
95.83,99,5,25.27,6,6.48,5,17.33,1
140.48,90,7,29.41,8,4.22,4,16.71,0
117.53,73,7,55.61,4,6.77,3,25.29,1
82.71,71,7,47.81,6,5.13,5,31.62,0
157.83,53,8,41.6,6,5.98,5,30.51,0
107.55,61,8,42.06,7,6.9,5,18.43,1
86.6,65,7,42.37,8,6.17,5,19.14,1
139.51,43,9,22.93,8,7.37,5,26.4,0
169.09,52,11,25.96,8,6.53,5,33.25,0
154.81,62,6,34.8,7,6.1,5,23.18,0
137.47,56,6,34.49,7,6.25,6,23.41,0
124.61,86,5,27.06,8,5.39,6,21.42,1
95.36,59,5,30.85,6,6.18,5,28.45,0
147.48,73,9,41.94,8,6.27,4,17.39,1
175.59,77,6,32.89,8,5.94,6,19.28,1
124.19,83,7,23.43,9,4.27,6,24.62,1
109.91,42,5,23.14,8,7.76,5,14.91,0
147.05,86,8,41.53,7,5.29,5,25.19,1
158.37,65,11,51.59,6,6.24,4,27.74,1
131.75,46,4,34.86,7,6.15,5,20.8,0
136.92,48,8,44.23,7,5.67,4,17.91,0
137.91,64,7,48.15,6,5.01,5,27.97,0
140.61,61,4,35.22,6,7.27,6,20.07,1
154.67,76,8,32.77,7,6.72,4,24.39,1
161.87,64,6,56.59,5,4.23,5,28.03,0
159.39,60,4,24.57,8,3.06,4,13.12,0
126.58,53,8,39.34,8,6.05,5,21.81,0
126.17,55,8,39.26,7,4.63,3,19.29,0
127.95,40,7,17.08,9,7.78,6,22.51,0
185.06,78,11,48.8,9,4.9,4,18.59,1
110.83,58,8,61.42,5,5.64,4,30.21,1
123.07,59,8,45.92,6,4.91,4,25.62,0
131.48,49,7,32.79,9,5.72,6,21.63,0
110.03,41,6,43.12,6,7.22,4,23.82,0
127.56,60,7,33.31,6,7.14,4,25.8,0
82.91,39,5,43.07,6,6.4,6,24.72,0
127.76,64,9,34.45,9,5.38,4,14.38,0
192.0,64,4,47.9,5,5.02,5,26.44,0
113.88,110,8,37.34,7,5.58,5,18.52,1
150.03,68,6,40.61,4,8.1,3,26.65,1
154.2,88,4,48.95,4,5.43,4,24.64,1
147.57,32,6,26.33,9,6.29,6,22.92,0
128.21,101,5,56.36,5,3.5,5,22.76,1
172.9,37,9,31.82,8,7.53,5,24.34,0
183.78,53,6,43.53,6,3.85,4,27.07,0
122.47,90,9,44.33,7,4.37,5,25.36,1
112.07,98,4,20.55,7,5.91,5,19.71,1
215.73,81,6,55.39,5,4.7,5,26.56,1
110.62,73,9,52.55,7,4.73,5,28.16,1
105.79,68,9,54.39,6,5.25,5,28.6,1
149.05,66,7,40.99,7,6.88,5,17.64,1
143.74,56,7,31.33,7,6.53,5,26.78,0
130.28,70,11,51.71,7,6.6,4,24.03,0
124.15,42,5,49.6,6,4.68,6,28.79,0
155.47,87,7,29.34,7,6.81,4,18.73,1
44.44,39,8,36.77,9,5.17,4,15.59,0
146.34,58,7,28.97,8,5.99,5,25.95,0
164.0,88,6,15.48,8,6.33,6,18.04,1
87.17,81,5,29.31,6,7.71,4,16.32,1
163.48,52,8,34.69,7,7.51,5,21.63,0
81.69,50,4,46.8,6,5.46,6,25.11,0
109.05,54,11,28.05,8,6.7,4,29.52,0
69.35,77,4,52.98,3,6.47,4,25.51,1
130.91,63,6,46.35,8,5.96,6,19.3,1
135.32,44,7,34.34,8,3.95,3,17.44,0
112.92,49,6,27.28,7,8.02,5,18.55,0
171.38,28,7,39.34,6,3.38,2,25.33,0
131.34,53,9,38.08,6,6.47,4,28.82,0
143.48,85,7,41.56,7,5.17,4,21.78,1
142.9,76,12,31.5,10,5.36,6,27.55,0
63.36,83,9,35.94,7,4.54,4,22.59,0
170.15,96,4,42.61,4,6.31,4,21.71,1
101.66,72,7,36.82,8,5.13,6,27.06,0
82.46,43,5,13.25,9,1.0,3,16.94,0
193.47,46,6,55.26,5,5.87,5,25.07,0
121.46,71,7,29.95,6,7.61,4,21.39,0
191.45,82,12,42.17,10,5.55,4,13.06,1
125.42,53,5,30.33,8,4.08,4,14.63,0
156.67,25,3,30.12,7,6.66,6,21.71,0
135.19,46,8,34.87,8,3.69,4,22.44,0
83.17,85,9,31.67,9,5.33,5,17.62,1
150.91,83,9,38.36,9,4.33,6,24.16,0
148.95,86,4,54.94,5,4.94,5,25.13,1
164.89,88,6,27.07,6,5.94,5,24.17,1
142.25,73,9,41.1,8,4.99,5,26.49,0
164.87,53,8,29.45,8,3.72,3,16.71,1
134.81,69,7,36.89,7,4.22,4,22.12,0
157.31,78,10,47.75,6,5.04,4,27.15,0
180.98,68,8,45.93,7,6.39,5,17.72,1
142.74,52,7,29.5,9,5.74,6,23.67,0
139.35,79,9,30.29,9,5.21,4,13.51,0
117.01,60,8,42.5,8,5.42,4,20.84,0
153.89,58,7,50.37,6,5.72,4,25.73,0
101.93,67,9,34.22,9,4.86,4,18.75,0
182.72,59,9,49.12,6,5.3,3,27.31,0
55.3,36,6,39.89,7,5.41,6,30.48,0
170.41,76,11,36.18,11,5.4,6,13.59,1
136.99,77,9,46.72,6,4.54,5,31.27,0
150.28,37,7,31.39,10,4.24,5,16.79,0
118.27,55,7,68.58,5,4.26,5,32.58,1
145.45,37,8,45.93,9,6.78,6,14.92,0
134.19,64,8,36.56,8,4.12,4,22.14,0
112.08,74,8,23.54,7,7.67,5,23.16,0
100.23,81,7,33.03,8,6.19,5,17.05,1
166.89,66,8,52.53,8,5.81,5,16.63,1
159.86,70,7,54.33,4,7.17,4,25.34,1
109.7,68,9,35.61,7,5.18,5,30.19,0
135.58,65,7,39.29,6,3.9,3,25.33,0
139.67,53,7,34.54,7,6.48,5,23.6,0
133.81,38,5,22.75,10,3.79,4,8.28,0
128.43,68,7,32.0,7,6.99,5,21.6,1
179.04,60,9,29.54,9,5.77,5,24.2,0
88.8,52,7,30.55,6,1.71,2,29.47,0
120.97,55,6,42.01,7,6.17,5,21.35,0
136.14,44,5,19.98,11,4.1,4,3.66,0
148.25,30,7,57.27,6,5.86,4,27.0,0
105.97,67,7,37.83,8,5.26,5,17.11,0
147.0,64,6,41.93,7,6.48,5,20.34,1
155.29,59,8,56.93,5,6.55,4,29.01,1
135.43,76,7,30.91,8,6.22,6,17.38,1
151.52,73,7,57.42,5,4.67,5,28.48,1
200.93,56,9,26.45,7,7.3,4,25.73,0
169.57,54,8,36.17,9,5.48,4,12.9,0
154.34,55,8,42.14,8,5.13,4,20.87,0
163.36,59,6,33.98,9,5.1,5,15.13,0
107.08,73,8,46.2,4,8.38,3,23.26,1
150.68,90,7,14.83,9,6.56,6,14.96,1
165.63,56,6,47.91,6,4.95,5,29.03,0
90.69,39,6,28.99,7,7.04,5,25.71,0
132.16,59,10,57.69,7,4.92,5,31.12,1
152.56,50,7,33.61,10,5.14,5,14.37,0
143.24,80,6,29.6,7,7.54,5,16.04,1
166.48,48,9,17.18,9,7.25,6,25.78,0
199.51,83,10,44.3,8,7.03,5,17.88,0
153.38,55,5,45.1,6,6.28,5,22.46,0
188.15,87,8,45.07,5,6.0,4,23.61,1
153.08,87,8,45.37,4,7.54,3,21.19,1
102.3,58,8,43.1,6,5.17,4,31.21,0
98.67,97,8,37.7,5,6.99,3,15.64,1
107.58,66,10,26.54,8,6.66,5,28.2,0
178.12,51,8,42.41,6,6.22,4,29.97,0
145.21,46,7,39.55,7,6.26,5,23.96,0
91.91,78,4,30.55,7,6.1,6,21.37,1
109.71,52,8,40.2,7,3.98,3,25.19,0
144.54,77,9,39.5,9,6.34,5,14.18,1
125.21,46,8,29.55,10,4.92,4,11.32,0
146.49,33,4,26.97,8,6.17,6,25.9,0
187.33,83,7,45.46,5,6.67,4,23.81,1
128.28,64,7,68.45,5,4.35,5,30.06,1
89.26,49,8,33.29,8,3.53,3,23.73,0
125.27,43,6,29.74,9,6.91,6,17.2,0
100.63,49,5,35.0,6,2.22,4,30.77,0
143.01,74,11,53.81,5,5.94,3,30.81,0
178.09,56,7,36.19,8,4.83,5,17.14,0
93.54,76,5,47.92,5,5.32,5,28.1,1
141.92,48,5,42.86,6,6.48,5,23.41,0
141.01,77,8,36.28,5,6.75,4,27.67,0
90.01,53,7,34.19,6,8.22,4,19.59,0
116.82,56,8,30.19,7,6.21,6,29.66,0
148.44,66,7,61.29,5,5.14,5,29.1,1
69.19,44,9,26.29,9,7.7,5,20.77,0
103.66,81,8,36.75,4,8.97,2,21.79,1
135.61,46,7,44.89,7,4.38,4,26.83,0
87.53,79,10,44.88,8,6.8,4,13.28,0
169.36,96,5,57.08,6,3.27,5,24.54,1
133.64,87,7,27.96,8,6.45,5,15.93,1
103.22,64,6,36.68,5,7.24,4,24.74,0
127.08,52,8,44.1,6,6.6,5,29.43,0
145.55,73,4,50.21,4,5.76,5,28.44,1
147.73,63,15,66.3,11,4.5,4,14.28,1
130.17,44,6,54.52,3,6.62,3,28.81,0
125.23,55,6,45.65,7,5.69,5,22.76,0
122.9,39,6,38.3,7,6.05,5,27.04,0
137.79,63,9,46.02,5,4.37,3,28.79,0
140.46,46,8,26.74,9,6.27,6,23.29,0
175.6,72,7,34.46,8,6.74,5,18.46,1
57.87,99,7,25.17,7,5.92,4,18.65,1
135.08,77,9,47.58,6,5.1,4,27.42,1
114.57,78,7,51.66,5,6.26,4,25.0,1
141.92,89,6,38.81,4,7.58,4,21.77,1
133.56,76,11,31.59,6,6.71,3,29.63,0
166.11,79,7,24.08,9,4.27,3,12.55,0
129.89,57,7,42.13,7,7.23,4,16.59,0
147.15,38,9,40.39,8,4.75,3,21.72,1
125.14,66,6,40.88,6,6.77,5,21.55,1
159.58,34,8,44.91,7,4.9,3,22.35,0
96.06,79,7,36.87,7,6.49,4,18.28,1
156.3,95,2,17.52,6,6.31,6,21.37,1
169.64,82,8,38.94,8,6.02,5,15.95,1
125.65,62,6,30.03,8,5.62,6,23.21,0
112.27,85,9,39.76,9,3.4,6,24.3,1
131.27,77,8,42.11,8,5.46,5,18.27,1
93.32,102,4,46.96,5,5.39,5,20.78,1
98.74,84,7,33.81,9,6.68,5,11.72,1
207.59,71,9,38.84,9,5.55,6,18.85,1
135.56,70,8,40.68,7,4.86,4,22.06,0
175.08,40,8,44.83,7,5.22,4,23.03,0
161.96,77,5,49.36,4,6.49,4,26.03,1
138.12,63,6,45.04,6,6.4,5,22.24,1
172.88,35,5,39.42,6,7.73,4,21.01,0
124.46,79,8,39.82,6,6.17,4,28.65,0
145.43,85,5,26.51,7,5.12,6,24.18,1
88.28,65,7,34.36,8,5.09,4,15.64,0
142.81,47,11,51.16,4,8.14,3,30.14,1
51.3,68,7,20.34,9,1.9,3,23.12,0
153.37,92,8,41.53,7,4.64,5,24.71,1
133.67,68,7,30.1,8,5.97,6,23.74,0
159.94,57,8,40.09,8,5.33,4,18.33,0
148.01,60,4,61.23,2,6.98,4,28.49,1
131.21,55,8,38.7,8,4.96,4,19.22,0
158.5,68,5,50.69,5,4.48,5,27.57,0
156.22,53,6,29.3,10,5.01,6,9.76,0
187.07,46,5,42.47,5,5.69,5,30.97,0
170.79,57,8,40.39,8,4.87,6,29.06,0
187.23,81,7,50.75,5,6.39,4,24.07,1
184.97,66,9,35.23,8,5.19,6,27.66,0
136.43,76,5,36.2,6,6.1,5,21.53,1
112.94,26,4,28.46,8,2.81,4,17.36,0
177.96,59,5,56.19,3,6.8,4,29.47,1
216.66,75,7,37.35,8,6.47,5,17.12,1
59.02,65,9,56.35,6,4.43,5,30.74,1
147.84,82,5,53.26,5,4.64,5,26.75,1
96.75,51,9,39.46,7,3.63,3,27.93,0
123.23,68,7,49.18,4,5.59,4,32.59,0
176.67,50,7,36.26,8,8.2,6,14.78,1
193.01,62,8,38.3,7,4.98,3,18.47,0
172.78,46,5,41.13,7,5.38,5,21.34,0
127.81,59,8,27.37,10,4.31,7,25.98,0
110.81,63,6,28.11,7,7.33,5,18.69,0
129.43,74,9,45.3,6,6.47,4,26.06,1
114.92,78,8,38.69,7,7.03,4,14.34,1
101.16,60,9,45.85,9,6.6,5,13.34,1
152.28,78,8,32.09,8,5.47,5,27.99,0
151.38,93,4,23.3,5,6.75,5,21.29,1
163.82,33,7,31.88,8,7.38,6,23.96,0
120.07,63,7,41.86,8,6.24,5,20.65,1
107.03,75,8,50.63,7,5.16,5,19.51,1
138.85,45,4,32.8,7,3.38,4,19.62,0
123.42,58,9,38.47,7,4.28,3,23.55,0
193.9,57,6,32.04,6,5.58,5,29.65,0
108.3,73,11,45.22,6,7.4,3,24.31,1
124.43,64,7,41.05,5,7.11,4,25.04,0
156.24,73,5,55.11,3,6.56,4,25.96,1
111.21,80,7,27.26,8,6.67,5,16.11,1
151.2,77,10,38.34,9,5.75,5,18.53,0
146.54,90,6,31.74,6,6.66,5,17.07,1
158.5,84,8,40.52,8,5.79,5,17.11,1
104.47,61,5,35.79,8,4.28,5,19.08,0
165.62,62,6,41.13,8,6.61,6,17.65,0
206.87,89,7,24.57,8,5.53,6,18.97,1
146.89,48,9,41.47,8,5.9,5,25.91,0
161.43,73,8,50.87,5,4.81,4,32.21,0
116.69,74,9,36.42,9,6.36,5,15.92,1
175.6,60,10,40.57,9,5.88,5,23.23,0
135.72,61,6,32.28,7,6.19,5,20.89,0
103.89,47,9,32.32,7,6.4,5,29.0,0
128.23,74,7,39.82,9,4.64,6,21.6,1
174.65,49,8,39.32,8,5.12,4,16.38,0
107.12,69,7,41.38,7,6.59,5,21.47,0
168.94,54,6,36.62,8,4.24,4,20.31,0
120.33,75,8,46.57,7,6.47,4,17.11,1
144.01,71,10,42.41,10,5.35,6,14.87,1
161.32,27,5,34.75,7,6.2,6,27.12,0
131.85,44,8,39.31,8,4.91,4,19.38,0
159.45,59,6,33.83,5,7.56,4,19.36,0
61.07,37,4,25.28,9,3.16,4,13.01,0
83.84,50,7,39.65,6,6.69,5,30.0,0
116.91,49,6,38.24,8,4.94,5,23.3,0
136.67,49,6,37.56,7,4.83,4,16.53,0
125.04,46,5,31.48,9,4.86,5,10.43,0
145.1,71,8,25.64,7,7.02,5,23.23,0
112.2,82,5,57.43,4,5.5,4,24.95,1
68.08,66,8,26.21,10,3.99,4,17.51,0
146.56,43,6,35.09,8,4.1,4,18.66,0
54.52,65,7,51.36,5,5.78,5,29.46,1
93.3,38,5,38.84,5,7.33,4,24.77,0
189.5,76,7,30.14,8,3.97,4,19.68,0
164.11,51,6,36.77,6,6.33,4,26.52,0
194.02,72,9,33.73,10,5.3,6,17.77,1
149.91,76,7,48.68,5,5.67,5,27.02,1
134.08,48,6,39.14,7,6.96,5,20.96,0
108.15,68,7,31.25,5,6.01,5,31.25,0
100.15,64,10,34.27,7,7.92,4,20.82,0
155.06,52,9,46.73,6,4.8,3,26.65,0
117.14,48,7,27.43,8,6.93,5,20.65,1
89.94,36,8,35.9,9,5.02,4,15.62,0
187.91,64,8,54.83,4,6.12,4,28.65,1
225.82,58,8,45.58,7,5.46,5,27.87,0
93.49,93,4,47.36,3,6.35,4,21.91,1
122.74,70,8,37.3,8,5.53,5,18.2,0
137.64,72,8,46.82,6,6.31,4,24.01,0
139.22,66,8,45.53,6,4.63,4,28.04,0
167.9,82,5,33.43,6,5.28,5,24.99,1
120.69,81,9,37.35,8,4.94,4,21.77,0
129.9,41,12,54.64,10,7.55,5,12.16,1
157.77,70,8,50.27,5,5.64,4,28.37,1
141.84,73,8,30.5,9,5.57,6,20.06,1
128.75,62,7,40.49,7,4.62,4,21.83,0
124.44,72,9,55.1,6,5.01,4,27.63,1
148.34,80,8,24.36,8,3.23,3,17.9,0
104.0,29,6,54.06,5,4.84,4,30.95,0
178.15,93,8,40.35,8,4.62,5,24.57,1
124.78,59,10,26.61,8,6.01,5,29.98,0
102.6,57,7,39.15,5,6.85,4,27.07,1
137.15,62,11,52.73,7,5.24,4,30.03,1
176.64,49,8,29.38,9,5.74,6,24.0,0
124.01,63,7,37.77,8,5.43,6,24.84,1
100.58,47,5,23.39,9,3.15,4,13.24,0
182.09,53,10,38.09,7,5.93,4,31.16,0
116.29,74,7,27.3,9,3.68,4,16.79,0
158.33,120,6,34.69,6,5.14,4,17.47,1
148.96,60,8,30.84,9,5.94,6,21.41,0
154.16,59,4,62.78,3,4.55,5,33.67,0
144.19,68,7,61.39,5,5.29,4,28.09,1
115.43,52,8,27.6,7,7.36,5,23.17,0
78.7,61,11,49.35,8,7.37,4,17.04,0
114.49,100,0,9.98,5,5.01,6,30.93,1
123.95,60,9,33.24,7,5.7,4,28.03,0
151.69,51,8,44.71,7,7.41,4,20.54,1
175.45,56,8,62.66,5,5.89,4,30.24,1
137.11,62,8,25.11,8,6.39,6,26.02,0
183.65,90,9,42.71,6,5.5,4,23.12,0
177.29,56,7,31.49,8,5.98,6,24.47,0
112.26,59,5,58.39,5,4.82,6,32.65,1
138.77,34,9,43.83,6,3.86,2,25.68,0
163.93,43,9,42.64,7,4.91,4,32.04,1
203.58,62,9,28.79,7,7.58,5,26.1,0
127.83,56,7,28.57,7,6.5,4,26.09,0
117.6,55,9,47.92,8,6.67,5,19.06,0
104.2,69,10,40.25,10,5.77,5,15.74,1
130.3,52,9,50.48,6,4.93,4,30.45,0
126.66,85,8,25.73,9,3.78,5,19.04,0
108.68,67,6,55.28,5,5.08,5,30.01,1
144.02,42,7,39.18,9,5.8,5,14.46,0
136.01,81,10,34.31,9,6.81,4,11.29,1
103.76,48,6,32.46,8,6.62,6,21.77,0
91.45,53,9,34.96,8,6.25,5,26.84,0
134.78,45,8,37.81,7,5.67,5,29.16,0
105.35,82,8,37.49,8,5.66,5,19.4,1
134.8,37,7,39.52,7,7.05,4,21.12,0
113.52,66,6,32.66,8,4.76,7,24.39,0
131.44,91,8,46.69,5,6.36,4,21.51,1
147.75,61,8,28.66,8,5.61,6,29.97,0
115.06,61,8,32.88,7,3.18,3,26.78,0
140.55,89,6,43.4,3,7.65,3,21.23,1
161.36,49,10,56.63,5,7.75,3,29.4,1
143.53,41,5,19.57,9,6.81,7,20.95,0
133.2,61,7,45.31,5,5.48,4,30.74,0
120.89,59,9,59.85,6,5.4,5,30.24,1
144.18,87,7,27.97,8,6.21,5,17.54,1
167.25,62,9,27.44,7,5.82,5,31.11,0
178.06,27,4,34.01,6,7.11,5,24.25,0
131.89,45,8,42.78,8,5.93,4,18.1,0
124.24,69,6,32.22,8,6.8,5,17.79,1
168.28,58,7,31.41,7,5.76,6,27.29,0
100.32,42,6,36.25,7,7.04,5,21.54,0
177.5,76,7,34.62,8,5.22,4,15.67,0
140.25,58,11,39.03,6,5.76,4,35.27,0
142.05,53,4,49.92,5,5.63,5,26.49,0
184.07,30,7,35.72,8,3.47,3,22.05,0
73.49,50,6,39.69,7,6.33,5,25.2,0
152.68,67,6,59.62,5,4.97,5,29.53,1
145.14,66,7,35.45,7,4.95,5,30.22,0
138.22,59,7,38.98,6,4.64,5,34.8,0
99.42,62,7,57.79,4,6.42,4,28.61,1
154.57,67,6,30.55,6,7.88,5,18.85,1
83.91,45,5,34.93,6,5.8,5,29.24,0
96.59,40,7,34.97,5,6.3,4,32.77,0
122.21,73,9,38.84,8,6.78,5,14.53,1
113.06,80,8,31.85,7,7.7,4,13.98,1
153.82,51,7,35.85,7,5.9,5,27.74,0
150.99,92,7,30.74,7,6.51,4,17.08,1
149.8,48,4,52.55,6,5.85,6,25.59,0
136.65,64,8,40.46,8,6.48,5,13.27,1
110.61,66,8,27.31,10,4.98,4,9.64,0
167.46,54,8,58.22,8,6.59,5,15.33,1
111.31,59,8,48.43,6,5.64,5,31.78,1
162.48,82,9,26.2,10,4.96,6,23.54,0
128.01,64,9,32.75,8,4.02,3,20.74,1
163.91,63,8,43.89,7,3.94,6,34.96,0
86.78,66,8,43.21,9,5.34,6,19.29,1
124.06,45,8,42.57,8,5.98,5,22.75,0
152.07,60,6,40.16,5,5.96,4,30.32,0
113.97,61,8,19.25,8,6.84,5,24.29,1
124.55,32,7,46.56,7,5.82,4,19.37,0
189.77,29,7,28.97,10,4.47,4,10.25,0
145.55,68,10,38.29,6,7.15,4,27.35,1
172.66,60,5,32.19,8,4.7,5,13.39,0
171.98,86,6,41.71,4,7.08,4,23.13,1
42.98,85,7,48.28,7,5.45,4,16.27,1
148.37,61,9,54.65,5,7.0,4,27.77,1
62.03,85,8,50.56,6,5.78,4,23.59,1
131.84,50,6,40.09,7,4.48,3,20.87,0
83.77,46,9,10.35,12,5.64,7,25.2,0
96.78,45,7,31.51,9,4.45,5,15.8,0
118.15,75,6,37.95,7,5.39,5,17.3,0
178.61,33,6,38.42,8,4.5,5,19.88,0
126.74,57,7,36.26,8,4.13,4,21.6,0
117.95,59,7,25.89,7,7.98,5,21.72,0
78.62,70,8,35.18,9,5.05,5,16.59,0
156.63,53,7,54.01,5,6.39,5,31.52,1
124.63,55,9,25.57,8,7.85,5,20.16,0
104.84,71,9,55.54,6,6.73,3,15.79,1
157.86,39,7,42.37,7,4.32,5,27.36,0
74.06,85,6,33.3,4,8.35,3,22.26,1
135.73,62,7,47.21,4,5.89,4,34.12,0
154.96,86,7,48.87,4,6.98,3,22.2,1
67.58,70,8,51.58,5,6.63,4,26.72,1
110.22,75,3,25.15,6,7.14,6,19.37,1
65.67,58,8,36.15,8,4.83,4,16.88,0
109.92,48,6,39.01,6,6.36,6,27.62,0
99.64,70,9,40.06,10,6.02,6,14.36,1
170.35,82,10,50.94,6,5.49,5,32.92,0
105.79,75,9,29.98,9,5.52,6,19.73,0
136.44,84,9,41.06,6,5.48,5,31.72,0
116.95,36,7,42.63,8,5.47,4,16.82,0
179.09,39,6,38.77,7,5.79,5,24.78,0
140.86,95,8,31.38,8,5.74,4,17.33,1
73.29,89,6,25.73,8,6.07,5,17.36,1
171.53,59,8,36.75,9,5.71,5,15.87,0
94.57,81,7,38.89,8,5.52,5,17.24,0
104.68,84,9,42.91,5,7.41,3,22.11,1
111.41,65,7,33.04,8,6.53,6,18.77,0
123.53,53,7,37.99,8,4.56,5,22.12,0
153.84,48,10,34.49,8,4.4,3,18.86,0
174.06,51,7,32.69,8,3.98,3,16.59,0
175.43,44,8,31.22,10,5.18,4,9.3,0
163.92,43,7,32.88,7,6.85,5,23.32,0
110.32,54,7,33.97,7,6.19,5,26.98,0
84.6,94,10,33.79,8,5.3,5,26.73,0
75.35,53,7,51.17,7,7.07,6,17.76,0
147.74,40,8,31.45,9,5.56,6,27.68,0
145.23,63,9,36.13,7,6.42,5,26.95,0
164.34,87,8,36.49,8,4.62,5,19.52,1
172.9,56,7,24.12,10,6.13,7,21.61,0
150.08,71,7,39.67,8,6.47,5,15.62,1
160.14,54,8,43.97,6,4.74,4,25.33,0
156.93,90,4,32.09,5,6.11,5,23.89,1
146.85,60,8,49.69,7,4.81,5,28.15,0
125.51,62,9,32.23,9,4.65,4,16.14,0
151.77,67,4,64.69,5,3.26,6,32.26,1
123.26,69,6,35.83,8,5.92,6,19.95,1
119.76,49,5,42.03,3,6.87,4,31.85,0
123.64,75,8,40.35,6,4.8,4,24.71,0
166.04,48,6,47.38,8,7.03,6,15.44,0
127.43,54,5,19.12,10,3.47,4,7.75,0
144.59,67,8,39.35,7,5.23,5,30.75,0
126.32,46,9,27.66,8,8.59,5,19.37,0
113.12,54,2,70.45,2,5.02,5,32.9,1
119.8,48,8,45.12,6,4.58,3,24.93,0
133.33,34,9,44.31,7,4.75,3,21.24,0
107.0,99,6,22.15,6,6.64,4,19.86,1
149.34,81,8,39.67,6,6.06,5,25.84,1
186.27,35,8,38.86,8,5.66,5,26.96,0
160.06,100,7,47.54,6,5.3,4,20.95,1
143.39,56,10,53.34,10,6.2,5,12.96,1
93.08,82,11,40.13,9,5.41,4,16.13,1
155.22,81,6,26.61,8,5.52,6,22.51,1
120.52,72,6,44.83,4,6.3,4,28.06,1
118.98,72,10,47.73,7,6.0,5,24.2,0
191.94,59,9,32.09,9,5.1,6,25.2,0
148.08,52,10,34.02,7,6.35,4,31.28,0
121.62,54,8,30.82,9,4.33,4,14.23,0
91.94,53,6,32.3,7,5.62,6,29.6,0
103.98,79,6,37.03,6,7.54,4,16.08,1
150.0,86,8,33.31,9,5.4,5,18.03,1
107.43,59,8,39.29,8,5.98,6,21.34,0
86.92,56,6,38.07,8,4.82,5,20.5,0
142.08,57,10,53.34,9,5.01,6,18.73,1
114.12,63,7,40.07,9,6.35,5,12.37,0
167.48,58,8,37.9,7,5.83,5,30.9,0
136.44,67,8,50.16,7,5.92,5,18.9,1
134.15,61,8,32.9,7,6.93,5,24.96,0
111.23,83,7,52.93,5,5.85,4,24.17,1
81.82,65,9,33.1,9,5.28,7,28.14,0
106.62,90,6,8.85,9,6.47,6,18.61,1
126.66,45,5,38.86,8,5.48,6,23.98,0
130.19,71,7,49.34,4,6.33,4,27.33,1
137.65,89,7,47.9,4,7.26,3,20.58,1
156.15,53,7,47.84,7,6.43,5,18.23,0
151.91,44,6,36.77,7,5.68,6,28.77,0
124.37,55,6,29.03,7,6.5,5,24.5,0
165.26,87,6,28.68,7,6.11,5,20.82,1
143.17,35,8,37.52,6,7.38,4,30.48,0
168.35,76,6,44.51,3,8.76,3,22.77,1
63.47,69,9,43.01,9,6.0,5,16.68,1
133.53,72,8,25.76,9,3.74,4,16.41,0
192.72,56,8,37.81,6,6.36,5,26.14,0
148.83,80,8,40.21,4,7.67,3,23.58,1
113.45,66,8,43.94,6,4.89,3,23.18,0
133.75,46,6,36.6,7,7.29,5,16.69,0
177.19,77,11,38.31,8,4.67,5,30.61,0
120.58,41,5,35.33,5,7.19,5,27.13,0
168.95,61,9,32.74,9,5.83,6,25.97,0
124.41,79,4,33.89,6,6.05,5,21.39,1
116.4,53,8,45.54,7,4.84,4,28.01,0
139.41,46,4,32.41,9,5.24,5,9.51,0
131.18,40,5,23.91,10,5.84,6,16.29,0
127.07,84,3,62.69,4,3.86,5,26.8,1
176.83,66,4,22.32,11,5.24,6,1.77,0
115.73,56,7,40.46,7,5.91,5,26.76,0
88.22,79,7,41.19,8,4.94,6,20.62,1
160.01,81,7,29.99,8,3.99,4,20.27,0
91.49,44,6,29.99,9,4.12,5,14.78,0
140.88,72,9,37.7,8,6.56,5,16.03,1
115.07,49,6,37.8,8,4.75,4,17.99,0
127.3,72,4,59.38,3,5.6,4,27.69,1
85.19,69,4,20.04,7,7.33,6,20.12,1
166.44,31,7,33.61,8,3.77,3,17.08,0
130.4,75,7,35.43,7,5.95,5,21.95,1
134.01,34,4,42.4,6,5.8,6,25.27,0
123.27,40,7,39.48,6,6.47,5,28.68,0
172.68,71,6,30.63,8,5.86,6,21.3,1
167.62,58,9,35.09,8,5.5,5,30.57,0
139.8,30,6,26.35,10,3.5,4,13.41,0
128.85,73,7,29.0,9,5.95,6,19.92,1
122.26,46,7,22.46,9,7.04,6,23.03,0
210.19,69,8,37.27,9,6.56,6,15.52,1
115.3,78,8,16.23,11,4.01,4,7.59,0
191.99,63,7,40.5,6,6.12,5,24.35,0
125.93,79,7,42.53,5,7.0,4,24.83,1
179.32,46,7,31.03,9,3.84,4,17.6,0
107.13,55,10,42.05,9,6.5,4,15.23,0
135.35,46,9,34.6,9,4.72,4,17.12,0
98.6,38,5,32.82,7,2.58,4,24.82,0
175.65,48,7,29.82,9,4.25,4,13.22,0
123.03,67,7,49.32,4,6.0,4,29.37,1
166.35,89,4,25.3,6,6.67,5,19.46,1
144.13,66,6,56.47,5,6.03,5,28.31,1
154.03,49,6,42.55,6,6.02,5,27.35,0
105.32,67,6,48.36,3,8.04,3,26.04,1
188.92,69,7,31.69,9,4.94,5,15.36,0
165.45,92,6,45.91,5,6.55,4,21.63,1
130.66,57,10,37.55,9,4.94,4,20.51,0
164.68,43,6,36.54,8,4.68,4,16.77,0
143.21,52,8,42.1,8,5.55,4,17.99,0
141.25,86,5,26.78,7,4.61,6,26.2,1
152.99,63,6,43.73,5,5.56,5,32.85,0
122.6,62,10,33.18,7,5.53,4,31.1,0
147.67,75,7,34.89,8,5.14,4,15.99,0
95.21,59,7,42.36,8,6.81,6,16.53,1
96.31,89,10,37.92,9,6.2,4,12.02,1
144.64,75,6,39.97,6,6.5,5,19.69,1
97.9,36,7,35.83,9,4.48,4,17.14,0
155.5,65,7,14.66,9,1.74,3,17.2,0
171.79,43,5,31.85,7,8.12,5,17.65,0
119.84,70,11,41.89,6,7.71,3,25.14,1
131.16,96,7,29.51,7,5.03,5,21.03,1
177.31,80,7,43.22,6,6.26,5,25.45,1
163.57,67,9,37.96,7,5.98,5,28.45,0
190.15,38,6,46.26,4,6.77,4,29.33,0
100.08,86,8,46.1,5,6.7,3,22.44,1
55.27,57,8,59.33,8,5.11,5,19.83,1
139.97,70,7,25.35,8,2.96,4,19.39,0
137.19,59,7,34.28,6,6.8,4,27.31,0
147.91,88,10,47.66,5,7.06,3,20.65,1
134.92,84,10,49.82,6,6.43,5,23.82,0
147.55,38,4,38.88,6,5.48,6,29.94,0
123.97,74,5,33.73,6,6.39,5,21.33,1
145.83,76,4,39.48,6,5.52,6,22.53,1
189.75,88,9,48.97,6,6.48,3,21.58,1
137.48,63,7,47.98,9,4.89,6,21.34,1
125.51,77,10,40.84,7,6.58,4,25.61,1
153.57,18,5,39.77,8,5.0,4,15.23,0
101.49,92,9,43.39,5,6.49,3,21.32,1
165.6,38,4,45.69,6,5.38,6,26.7,0
119.71,56,6,34.15,8,4.67,5,16.35,0
82.96,56,5,43.27,6,5.09,5,27.66,0
88.73,48,8,40.55,7,4.27,3,24.12,0
104.62,53,7,38.83,7,4.38,4,21.08,0
170.08,66,9,46.66,9,6.09,5,13.49,1
116.17,70,6,44.8,8,6.91,5,13.32,0
108.73,32,6,32.57,6,8.04,4,23.71,0
178.82,86,10,39.86,9,3.58,6,27.95,1
170.79,70,9,37.48,9,6.44,5,16.18,1
127.56,71,8,31.05,9,4.78,4,15.8,0
169.01,78,10,31.07,10,6.3,5,15.37,1
151.64,70,8,42.24,7,5.32,4,22.04,0
96.43,63,7,44.52,6,4.95,4,23.99,0
116.18,33,6,35.96,9,5.59,4,8.97,0
171.28,44,6,37.62,8,4.52,5,19.63,0
146.81,81,3,58.64,3,5.72,4,25.08,1
124.02,77,5,24.85,6,7.24,5,21.13,1
148.08,79,6,53.05,6,5.22,5,19.36,1
123.63,62,6,38.69,8,5.73,6,21.2,0
151.06,76,5,30.61,7,6.17,6,22.79,1
136.62,67,7,37.02,8,5.31,5,17.41,0
102.98,51,5,20.37,11,4.22,5,4.34,0
154.58,78,9,58.15,8,3.86,5,20.13,1
174.69,53,7,39.51,9,6.75,6,18.47,1
140.39,47,8,35.29,7,3.51,3,21.97,0
148.53,77,9,43.55,5,7.07,3,24.69,1
139.96,48,9,38.72,8,4.87,3,18.8,0
127.83,75,9,56.46,8,5.03,4,17.65,1
145.67,75,10,32.78,7,6.52,4,28.26,0
184.29,93,5,28.29,7,5.83,5,19.35,1
123.85,64,10,39.95,7,4.93,3,23.15,0
87.36,67,9,47.97,7,5.35,5,30.19,0
151.24,76,4,24.85,6,7.82,5,17.73,1
133.38,50,7,37.2,8,5.09,6,28.88,0
112.59,88,9,51.64,7,4.48,5,24.36,1
68.85,55,3,66.85,3,5.07,5,32.91,1
91.64,75,5,50.52,3,6.74,4,25.86,1
139.63,80,7,55.54,6,4.76,5,27.63,0
113.85,82,8,41.11,7,4.77,5,29.16,0
158.74,83,7,35.94,6,6.59,4,18.18,1
172.95,73,7,41.56,4,7.84,4,25.25,1
95.21,53,8,43.96,6,4.42,3,27.2,0
193.08,79,8,37.53,8,5.15,4,18.85,0
96.77,67,7,25.7,11,5.4,5,7.58,0
101.62,54,6,40.16,7,3.65,4,27.71,0
63.89,75,7,56.84,5,5.32,4,26.8,1
131.28,46,6,35.39,8,4.33,3,16.6,0
145.67,62,9,38.45,8,5.98,6,25.5,0
34.41,65,7,46.89,7,6.4,5,19.65,1
152.95,63,8,31.67,9,4.57,4,16.51,0
92.87,76,8,30.09,8,6.16,6,20.49,0
105.69,51,7,40.11,7,6.7,5,23.97,0
145.28,67,9,33.9,7,5.97,5,26.51,0
119.2,35,7,34.56,9,4.93,4,13.22,0
186.22,59,6,25.97,9,3.94,3,11.61,0
124.19,84,10,39.35,7,5.46,4,25.6,1
198.34,57,8,37.21,7,7.45,4,22.19,0
214.68,86,8,51.05,6,5.61,4,23.58,1
161.24,39,8,34.73,7,6.51,5,27.29,0
135.29,82,9,35.39,8,5.08,5,20.54,1
133.48,69,8,43.31,8,6.95,5,12.89,1
119.11,72,8,43.53,7,5.37,4,23.24,0
86.87,56,5,33.44,7,3.0,4,24.93,0
151.78,63,11,43.9,8,6.45,4,17.65,0
86.85,48,6,36.46,8,5.09,4,14.88,0
150.26,40,6,34.16,8,5.63,6,26.13,0
142.03,59,8,29.87,10,5.06,4,10.82,0
118.09,72,9,47.1,5,7.33,4,24.8,1
104.01,62,13,51.14,11,5.85,5,12.04,1
139.61,62,9,44.04,8,4.53,5,30.5,0
81.38,81,8,35.77,10,6.54,6,10.52,0
180.61,33,4,40.56,6,5.87,6,25.94,0
171.42,72,8,37.9,8,5.63,5,23.64,0
161.29,65,6,33.94,7,3.72,4,23.8,0
158.75,81,8,48.28,6,5.85,4,24.98,1
128.34,71,9,42.06,6,5.49,4,30.97,0
147.23,55,7,28.24,8,3.15,3,19.27,0
101.44,60,6,45.19,4,6.64,4,27.74,0
129.99,76,10,47.28,9,4.19,5,20.03,1
164.36,91,5,45.59,3,7.22,3,21.2,1
124.59,94,5,17.25,7,5.7,5,23.98,1
162.02,59,6,34.61,7,3.45,4,24.88,0
173.86,60,8,37.23,8,5.99,5,25.89,0
217.89,64,8,31.3,8,3.1,3,23.77,0
135.21,38,8,31.93,10,4.24,4,17.35,0
135.23,57,5,45.1,6,4.19,6,32.98,0
95.61,88,10,34.21,7,7.05,4,22.32,1
159.04,76,8,37.2,8,5.5,4,15.87,0
149.51,71,11,43.54,9,6.9,5,16.52,0
122.89,82,11,43.79,7,5.96,4,22.1,0
101.53,53,9,35.56,9,5.13,6,27.3,0
104.17,40,7,31.02,8,2.37,3,25.97,0
126.71,76,7,43.01,4,2.86,3,36.05,0
89.96,72,5,23.13,7,7.45,6,17.86,1
162.55,69,6,43.12,6,5.27,5,25.75,0
150.24,86,7,36.87,6,7.56,4,14.32,1
118.54,60,8,71.4,6,4.14,5,30.7,1
172.81,65,10,40.35,9,6.38,5,14.96,0
103.28,92,8,33.28,7,5.48,4,20.63,1
179.82,39,7,53.92,5,5.89,4,23.74,0
102.79,66,7,41.1,7,4.98,4,21.46,0
167.38,78,5,50.19,4,5.5,4,27.26,1
20.0,78,7,49.86,5,6.43,4,24.96,1
147.64,97,9,44.61,5,7.59,2,17.8,1
70.06,24,7,42.63,9,5.94,5,15.26,0
134.48,79,4,27.0,6,7.45,5,20.14,1
95.32,56,9,33.47,7,6.71,4,25.48,0
91.62,71,11,52.23,8,4.9,4,19.37,1
153.15,69,8,41.38,9,5.86,6,17.48,1
176.61,92,7,42.99,7,3.9,6,26.19,1
95.67,79,7,44.44,5,7.08,3,24.2,1
170.51,62,9,32.84,7,5.65,5,35.27,0
169.44,54,9,20.49,10,6.64,6,20.73,0
126.24,57,6,53.59,5,5.44,4,28.04,0
131.61,50,6,32.16,7,8.25,5,15.2,0
135.37,56,7,38.0,7,4.12,3,23.22,0
158.14,43,9,42.65,8,5.24,4,21.0,0
93.3,95,4,44.24,3,6.24,4,22.23,1
130.77,70,8,54.71,6,5.42,5,28.24,1
159.12,76,8,35.99,7,5.93,5,24.37,0
136.07,67,9,39.44,6,5.56,4,31.3,0
150.97,57,6,56.9,4,5.9,5,31.43,1
165.52,59,6,58.45,6,3.62,6,34.28,1
122.69,57,6,32.62,8,6.12,6,23.71,0
136.52,71,7,44.97,7,4.28,5,29.92,0
125.06,58,8,33.85,8,4.13,4,20.12,0
133.81,72,8,45.21,7,5.8,5,23.38,0
146.64,23,6,35.03,9,4.52,4,15.49,0
131.58,53,5,40.01,6,3.76,3,23.24,0
147.08,50,8,35.45,8,4.16,4,20.36,0
71.48,38,8,45.89,7,5.08,3,23.3,0
183.78,43,7,41.39,8,5.19,4,19.4,0
114.63,59,9,30.21,7,6.18,5,30.36,0
118.55,42,6,29.51,8,3.56,3,17.54,0
146.11,54,8,37.3,10,6.84,5,8.33,0
158.37,74,8,38.24,9,6.62,5,12.11,1
124.17,56,4,24.73,9,2.75,5,18.28,0
168.82,42,8,46.28,7,4.97,3,23.48,0
107.06,64,7,26.0,10,5.18,4,5.13,0
116.48,80,7,31.47,7,5.95,5,20.15,1
119.64,54,9,33.07,7,5.57,5,32.43,0
136.72,83,6,50.16,4,6.06,4,24.42,1
166.28,56,6,33.68,8,4.02,4,19.86,0
150.8,51,7,43.73,8,5.88,4,17.56,0
130.86,107,10,37.93,6,6.61,3,17.29,1
148.4,87,8,24.8,8,3.43,3,18.61,0
132.61,46,7,32.57,9,5.18,5,11.0,0
158.09,64,9,50.94,7,6.24,5,24.5,0
129.29,76,9,28.63,9,3.46,4,22.75,0
186.35,63,10,59.3,8,4.05,5,30.96,1
79.42,52,7,38.08,8,4.96,5,19.75,0
129.23,79,9,46.06,5,6.36,3,25.15,1
96.0,115,8,36.87,5,6.66,3,15.72,1
164.08,73,7,51.12,4,7.05,4,25.17,1
93.97,39,6,37.66,7,6.82,5,20.67,0
170.82,108,7,21.63,8,5.3,5,16.5,0
154.27,43,5,66.99,3,5.3,5,35.22,1
160.89,74,5,51.16,6,4.63,6,29.51,0
109.53,72,6,54.67,4,5.95,4,27.3,0
140.81,84,10,39.91,9,5.82,5,13.08,1
155.62,70,6,38.85,6,6.46,5,21.19,1
133.17,56,10,24.37,10,3.77,3,15.24,0
116.39,58,8,33.72,8,7.45,5,17.09,1
149.73,81,8,43.26,7,5.09,5,25.55,0
171.18,49,7,33.14,8,3.99,4,18.5,0
135.28,64,9,54.72,5,6.76,4,27.22,1
178.81,73,8,39.59,8,5.72,5,18.25,1
147.35,64,8,23.55,10,6.31,6,19.94,0
136.56,72,5,34.85,6,6.3,5,23.16,1
141.48,61,6,64.43,3,6.69,4,27.58,1
60.02,54,12,37.27,7,6.59,4,30.99,0
104.3,72,8,50.15,7,4.69,5,29.11,1
99.22,71,6,47.32,7,4.29,6,22.31,0
163.77,42,6,21.11,9,7.71,6,22.46,0
128.49,84,11,41.29,6,5.0,2,23.35,0
111.03,79,11,57.25,9,5.39,4,10.34,1
140.2,53,6,32.17,9,6.59,6,15.1,0
167.02,55,6,32.58,8,5.48,6,25.44,0
126.51,46,3,54.82,5,4.6,6,29.16,0
73.63,66,9,34.12,9,5.72,6,22.24,0
129.7,75,7,43.55,6,5.24,4,22.33,0
140.18,55,9,55.83,8,7.17,4,14.59,1
160.68,72,10,30.47,8,6.07,5,27.75,0
125.59,73,10,40.29,7,5.54,3,18.66,0
137.38,86,9,53.24,6,5.2,4,23.65,1
129.07,72,8,48.14,8,6.4,5,14.63,1
165.13,27,5,39.72,7,5.78,6,23.87,0
197.61,68,8,30.98,9,4.66,6,25.31,0
138.39,66,8,42.16,7,4.81,5,25.25,0
125.37,43,11,29.4,8,7.74,4,26.45,0
98.81,79,5,52.47,5,4.64,5,27.98,1
141.33,61,6,51.77,4,5.89,4,30.32,0
123.59,96,5,21.46,7,5.95,6,18.58,1
165.35,52,9,30.14,8,6.46,5,27.02,0
113.69,66,7,35.73,6,5.45,5,33.38,0
92.87,55,7,46.12,7,5.45,5,28.11,0
96.82,90,8,23.99,9,4.87,4,9.64,0
122.5,71,5,39.47,6,6.74,5,19.45,1
145.86,61,12,53.77,11,5.0,5,14.54,1
141.37,52,6,47.44,7,6.67,5,21.46,1
112.39,59,8,46.3,9,4.43,6,23.8,1
132.01,41,6,33.81,9,5.7,6,19.93,0
166.98,74,10,42.02,7,5.07,4,27.69,0
119.15,87,7,24.36,8,6.89,5,15.65,1
117.35,37,7,35.28,9,4.82,4,14.14,0
144.75,65,7,30.35,8,5.14,6,27.18,0
54.85,78,6,39.09,6,5.66,5,25.51,0
112.59,55,6,39.6,6,4.26,4,22.16,0
86.28,68,12,50.43,7,6.13,4,26.81,1
121.54,81,1,11.91,6,7.11,6,24.43,1
184.6,34,7,31.28,7,7.49,4,26.0,0
71.36,55,5,36.14,7,3.09,4,26.32,0
122.75,64,7,39.4,5,6.95,4,26.09,0
144.99,66,5,39.48,8,5.94,6,15.16,0
141.42,78,6,41.83,3,8.47,3,22.97,1
130.31,74,7,45.0,6,5.59,4,22.25,0
153.62,80,4,20.26,7,6.58,6,21.44,1
149.93,47,8,37.94,9,5.33,5,17.61,0
131.67,27,4,32.8,8,3.26,4,17.58,0
170.98,60,7,31.28,8,6.36,5,22.44,0
76.81,57,7,38.71,9,6.73,5,8.46,0
158.28,62,6,26.22,8,5.79,6,23.78,0
124.04,74,7,32.76,8,5.06,5,24.35,0
126.87,59,8,39.86,9,5.93,4,14.18,0
135.54,75,12,48.16,9,5.29,4,15.94,1
177.49,54,7,33.28,8,5.79,6,24.43,0
146.1,76,7,38.21,7,4.83,4,18.45,0
169.19,65,9,28.01,9,4.35,3,13.94,1
148.86,65,8,41.7,8,5.81,5,24.28,0
145.97,71,7,47.69,4,7.4,3,25.79,1
121.29,78,8,45.93,5,7.38,3,23.78,1
145.83,51,8,30.41,8,5.55,6,27.15,1
162.19,48,8,33.26,8,6.76,5,25.08,0
103.25,37,4,44.69,6,6.65,5,23.22,0
144.34,67,8,50.68,7,7.09,6,20.93,0
136.33,60,8,23.88,10,4.22,4,9.04,0
147.49,74,10,53.32,9,4.53,5,16.03,1
117.5,74,7,38.72,7,4.87,4,20.88,0
115.56,57,4,47.04,5,4.57,5,29.66,0
164.94,80,6,49.88,4,5.68,4,26.02,1
159.95,84,8,26.15,8,6.08,5,19.35,1
143.08,76,8,31.34,9,4.94,4,16.49,0
165.23,32,4,36.11,6,6.55,5,24.9,0
180.64,98,5,38.73,5,6.95,4,20.39,1
130.64,49,7,59.24,4,6.98,4,31.16,1
143.37,70,9,36.66,8,6.59,5,19.98,0
121.17,67,7,43.25,4,6.81,3,27.62,0
130.47,66,5,41.91,7,4.7,5,24.0,0
75.89,83,7,46.69,6,6.1,4,17.67,1
145.08,75,10,40.58,9,7.04,4,11.99,0
123.08,40,5,35.34,8,4.5,5,17.26,0
135.43,85,5,30.69,7,7.14,5,15.35,1
90.88,81,3,20.13,6,7.0,6,21.91,1
145.53,96,6,50.46,6,4.73,5,22.73,1
124.14,71,6,33.37,7,6.15,5,23.66,0
126.06,84,9,36.12,9,6.2,5,13.26,0
122.87,74,9,46.18,6,6.03,5,26.65,1
172.97,80,8,58.39,6,4.08,5,26.95,1
201.67,42,5,39.0,6,5.35,6,28.45,0
130.72,63,10,61.94,6,5.9,4,27.6,0
175.24,38,7,31.87,9,3.19,4,22.27,0
139.0,70,9,29.38,7,6.7,4,25.38,0
131.31,74,10,28.62,7,7.33,4,23.59,0
165.56,69,6,58.83,4,5.31,5,28.44,1
184.08,48,5,33.49,8,4.58,5,15.06,0
137.2,86,3,9.47,8,6.4,7,21.49,1
134.92,54,7,22.32,8,1.81,3,23.04,0
168.84,49,6,42.54,8,4.98,7,27.92,0
120.17,81,8,47.09,5,6.82,3,23.75,1
87.51,61,8,36.38,9,6.37,6,17.28,1
150.97,50,6,40.75,6,6.45,5,23.85,0
119.94,83,11,41.35,8,7.56,3,10.76,1
115.79,64,10,53.49,9,5.38,5,15.75,1
174.3,46,5,34.17,5,7.32,4,25.32,0
179.08,58,8,38.89,8,5.51,4,16.75,0
94.21,52,7,52.16,5,4.94,5,33.46,0
130.89,76,7,32.9,8,5.77,5,20.98,1
132.38,42,7,32.45,8,3.37,3,19.68,0
141.21,77,8,37.69,8,5.58,5,19.6,1
134.77,76,9,34.26,9,7.2,5,12.73,1
109.07,84,9,49.08,6,5.09,4,25.31,1
171.92,77,8,44.22,8,5.41,5,17.9,1
144.61,64,8,30.33,9,4.46,4,14.35,0
107.43,71,7,38.79,7,4.81,5,27.09,0
109.33,47,7,41.87,6,7.13,4,22.46,0
93.05,78,9,49.4,6,5.66,4,25.91,1
118.05,70,10,48.0,7,5.95,4,27.7,1
113.07,58,8,43.85,8,7.45,5,12.72,1
97.64,69,9,28.46,9,4.15,3,16.04,0
168.34,73,9,35.0,7,6.4,5,30.08,0
116.17,84,5,29.21,5,7.12,4,21.7,1
165.92,65,7,41.9,7,5.1,4,23.16,0
151.04,56,6,37.51,6,5.69,5,29.8,0
144.57,41,6,47.01,7,5.41,5,23.38,0
112.39,80,10,20.71,9,5.56,6,25.03,0
166.72,63,6,53.55,3,7.46,3,27.31,1
109.29,75,7,18.72,9,2.93,4,14.83,0
186.85,62,10,35.82,8,4.3,3,20.8,0
119.79,56,6,46.77,5,4.18,3,28.03,0
183.77,66,8,47.88,6,6.63,4,19.97,1
153.75,70,5,26.24,9,4.36,4,11.99,0
145.09,52,6,34.4,6,7.51,5,24.34,0
134.18,71,8,30.11,8,4.2,4,19.45,0
143.31,33,6,37.45,8,4.57,4,16.27,0
121.5,63,7,58.6,7,4.88,5,21.71,1
163.76,64,8,47.76,7,6.24,5,23.12,0
162.28,68,8,33.67,6,6.99,5,25.85,0
81.23,73,8,35.03,6,6.45,4,27.45,0
124.46,75,9,23.66,8,6.53,5,24.15,0
142.78,58,8,31.15,8,4.87,5,29.45,0
166.58,75,8,48.49,6,5.38,5,27.45,1
114.17,34,7,33.02,8,3.82,3,16.2,0
161.75,47,9,49.78,7,6.44,3,18.7,0
149.78,102,9,43.69,6,6.7,3,17.67,1
189.03,47,5,42.12,6,4.76,5,30.31,0
133.68,86,7,47.83,6,5.56,5,25.74,0
169.4,47,7,40.35,7,4.97,4,17.59,0
103.49,71,9,35.92,10,5.36,6,15.9,1
150.82,68,6,38.74,6,5.25,6,31.44,0
95.75,84,6,26.38,7,5.95,5,21.39,1
136.53,56,9,39.29,7,4.58,3,21.92,0
186.17,65,9,43.24,7,5.67,4,28.53,0
118.37,55,6,38.8,5,6.59,4,27.78,0
136.41,62,8,32.96,7,5.86,5,26.52,0
157.65,74,10,50.94,5,7.35,3,23.69,1
125.81,59,7,47.0,7,5.02,5,25.83,0
142.23,40,6,23.62,9,7.02,6,19.55,0
122.4,81,8,37.73,8,5.13,5,20.89,0
175.47,58,6,24.51,9,3.05,3,15.88,0
157.22,42,6,26.45,8,7.42,6,20.92,0
111.75,65,8,34.78,7,6.22,5,24.25,0
98.35,44,6,34.9,8,6.29,6,20.94,0
117.76,49,10,20.22,11,6.75,6,20.55,0
145.5,76,5,56.62,4,5.71,4,26.36,1
138.16,73,7,26.46,10,5.83,6,17.94,1
144.88,55,6,43.07,7,5.17,5,22.65,0
161.18,50,6,39.85,6,6.65,4,23.76,0
100.36,76,7,29.14,8,6.07,5,20.78,1
149.05,62,6,30.61,9,4.56,4,13.18,0
117.48,75,7,35.24,8,4.78,5,18.43,0
153.84,43,8,36.47,10,4.69,7,24.04,0
143.64,66,7,47.97,6,5.53,5,24.87,0
102.11,58,10,21.4,10,5.6,6,29.16,0
138.92,71,9,35.7,8,7.95,4,12.44,1
135.48,77,6,31.73,8,5.57,6,21.37,1
159.32,49,6,38.29,7,5.71,5,24.34,0
146.51,69,9,44.72,7,5.22,4,25.63,0
151.77,65,6,48.74,7,6.14,5,18.88,1
150.53,91,10,46.9,7,5.49,4,22.47,1
159.86,59,7,41.75,7,4.1,4,26.37,0
113.71,58,9,41.03,7,4.66,3,22.5,0
124.1,58,6,23.85,9,3.09,4,16.59,0
157.21,53,7,22.07,9,6.99,7,22.68,0
128.47,58,9,40.61,7,5.24,5,30.55,0
180.31,83,4,13.5,8,6.13,7,21.49,1
147.82,80,10,47.87,7,5.65,4,25.41,1
133.43,70,7,25.5,7,7.25,5,21.01,0
153.04,72,8,51.81,5,6.2,4,26.75,1
132.92,39,6,22.66,9,2.81,3,13.89,0
157.7,42,9,27.92,9,6.09,6,25.45,0
135.85,35,8,15.85,12,3.44,4,6.87,0
118.01,81,11,34.49,8,4.66,3,20.7,0
195.4,60,10,50.47,5,6.73,4,29.03,1
173.21,75,6,33.54,8,6.12,6,19.04,1
89.1,82,7,39.77,8,4.71,6,25.46,0
135.09,57,10,34.54,9,5.7,6,25.94,0
121.44,51,6,29.95,7,7.88,5,20.31,0
165.81,79,9,35.38,7,6.13,5,27.85,0
77.86,73,8,49.71,6,5.96,4,26.81,1
87.93,88,4,62.71,5,3.39,6,26.03,1
184.68,62,5,43.57,6,4.59,5,27.74,0
137.43,56,6,47.52,6,5.28,5,27.92,0
104.1,74,8,39.02,7,6.15,5,18.71,1
112.79,62,7,59.32,5,5.57,5,29.89,1
105.06,53,7,38.23,8,5.1,4,17.37,0
61.29,71,8,30.54,6,7.64,4,20.09,0
97.51,58,9,35.03,8,5.4,5,25.64,0
145.03,56,5,29.58,8,7.09,6,16.38,0
107.41,61,7,43.51,5,6.09,4,32.54,1
131.29,51,9,26.33,11,5.03,4,7.95,1
122.44,73,13,33.96,9,6.87,4,23.39,0
198.65,73,9,33.03,8,4.24,4,20.7,0
117.31,41,6,36.71,9,5.49,5,11.7,1
138.85,63,4,20.71,9,3.54,4,9.07,0
152.61,67,7,41.56,7,7.57,4,14.68,1
211.72,53,9,28.51,8,7.34,5,25.87,0
129.98,60,8,47.59,7,6.6,4,16.75,0
135.84,55,7,34.49,8,6.05,6,26.36,0
105.99,51,8,39.68,8,6.59,6,21.66,1
104.81,54,6,28.49,7,6.58,5,23.22,0
147.44,64,9,41.81,5,6.74,4,29.66,0
232.84,43,6,44.27,6,3.6,4,30.57,0
137.37,86,6,52.65,4,6.28,4,22.67,1
149.06,89,6,26.77,8,5.28,6,21.43,1
107.94,60,7,40.63,8,5.58,4,15.49,0
119.26,40,4,50.48,5,6.95,5,22.92,0
110.44,63,7,35.48,9,6.11,6,19.21,1
118.94,54,5,30.28,8,5.96,7,24.16,0
182.27,52,7,43.78,5,6.68,4,26.77,0
101.23,68,5,36.95,8,5.05,7,23.04,1
76.9,88,6,27.95,7,6.14,5,19.01,1
101.57,57,5,48.91,6,4.38,5,27.38,0
118.83,65,10,27.29,11,5.59,6,21.42,0
110.37,75,6,57.02,4,5.26,4,27.41,1
157.41,70,4,25.49,8,7.1,6,18.61,1
154.86,79,11,42.23,9,5.92,4,15.08,1
172.74,31,5,42.69,9,6.49,5,8.92,0
140.81,62,9,31.52,9,6.11,6,21.91,0
146.35,92,4,53.33,4,4.48,5,24.8,1
71.17,53,6,43.17,6,6.02,5,25.99,0
108.08,44,8,40.36,5,7.83,4,26.65,0
60.19,62,7,37.93,7,4.13,4,24.98,0
69.33,44,8,36.83,7,6.31,5,27.32,0
176.59,51,5,33.15,8,5.74,6,21.41,0
94.56,74,7,58.02,6,4.26,5,28.77,1
212.65,83,5,43.0,4,7.32,4,23.52,1
156.08,52,9,36.96,8,6.22,5,26.19,0
107.33,57,7,37.61,4,7.65,4,30.36,0
102.66,85,8,38.61,9,4.17,6,18.63,1
190.54,65,7,40.51,8,5.91,6,19.35,1
116.16,86,4,37.46,5,6.26,4,22.12,1
181.66,47,8,59.44,8,5.07,6,22.96,1
138.76,90,5,49.77,5,4.48,5,25.19,1
176.18,41,6,33.29,8,3.93,3,16.52,0
130.22,77,11,16.06,10,8.32,6,19.02,0
96.96,52,5,26.55,8,5.68,7,25.54,0
178.5,82,9,53.54,6,5.96,4,23.63,1
138.06,79,6,49.56,5,4.97,5,27.66,1
164.88,48,8,41.45,8,5.44,5,18.96,0
158.2,53,10,33.88,8,6.66,5,24.9,0
122.15,82,9,34.36,8,5.43,4,15.99,0
138.17,75,5,25.77,8,5.58,7,22.43,1
103.57,68,6,37.45,7,6.9,5,20.06,1
167.57,62,8,38.88,5,7.14,4,27.88,0
93.87,74,8,34.32,8,6.38,5,17.63,1
110.88,53,8,39.78,7,6.39,4,26.67,0
177.54,95,9,32.86,8,5.61,4,15.85,1
103.61,68,6,52.61,5,5.23,4,29.59,0
148.91,52,8,34.82,7,7.82,4,23.1,0
155.33,65,8,30.05,8,3.61,3,19.05,0
117.17,76,8,46.09,7,5.47,4,18.92,1
115.85,59,8,42.26,8,5.53,5,24.65,0
76.96,76,9,43.73,8,5.02,5,24.64,0
178.22,53,7,33.38,8,6.24,6,26.1,0
168.72,44,6,38.66,6,7.59,3,19.06,0
151.66,66,9,42.05,7,4.59,4,25.63,0
142.65,55,7,27.07,8,5.73,6,25.81,0
134.33,50,5,31.51,8,3.57,4,19.79,0
98.14,59,10,48.78,10,6.59,5,12.77,1
114.92,68,7,39.95,7,4.64,4,21.75,0
147.92,40,12,48.99,6,7.39,4,33.16,1
149.02,47,7,39.46,8,5.07,4,18.06,0
125.38,71,8,60.49,5,4.22,4,31.47,0
154.14,45,8,41.08,7,4.74,3,21.14,0
129.29,66,6,46.98,6,5.45,5,28.43,0
130.06,53,4,31.16,7,5.59,6,24.31,0
109.46,41,7,37.51,6,7.0,5,25.79,0
82.7,74,8,55.53,7,5.3,5,19.95,1
88.27,54,8,34.3,10,3.56,7,27.88,0
76.07,88,8,31.91,8,6.68,5,13.63,1
124.32,52,8,27.37,10,4.64,4,10.77,0
119.96,73,7,28.8,8,6.84,5,17.97,1
119.89,80,8,35.69,8,5.27,5,16.76,0
117.49,85,6,57.93,5,4.81,5,24.96,1
153.47,56,9,26.92,9,5.79,6,24.99,0
97.05,57,6,47.95,6,4.74,5,28.87,0
206.0,83,4,61.01,4,4.81,4,25.57,1
113.29,78,8,42.0,8,5.31,5,19.22,1
137.09,60,9,32.66,9,5.15,3,12.05,0
130.14,55,7,26.69,5,8.9,3,23.84,0
93.0,71,8,54.35,5,6.25,4,26.62,1
138.04,91,9,34.16,8,5.22,5,26.33,0
194.28,51,7,34.51,9,5.74,4,9.86,0
152.16,77,9,44.36,8,7.15,5,15.0,0
146.38,81,7,36.14,8,5.77,5,18.84,1
91.02,62,8,50.24,5,6.21,5,29.41,0
147.42,53,7,31.58,9,4.75,6,23.77,0
182.24,99,6,43.31,5,5.62,4,21.45,1
112.25,66,8,28.39,9,4.24,4,15.62,0
167.87,66,8,46.77,7,5.36,5,30.31,1
197.13,62,4,31.82,6,5.47,6,25.59,0
100.15,52,6,27.48,7,2.64,3,20.61,0
123.6,84,9,38.28,9,5.63,5,16.11,1
93.16,87,8,31.96,8,4.09,5,23.33,0
142.73,58,6,30.15,8,3.74,4,17.96,0
157.84,66,8,39.17,9,5.62,6,18.73,1
183.82,77,7,50.35,5,6.3,4,25.49,1
160.68,22,8,44.21,8,5.53,3,16.47,0
151.95,46,5,35.98,7,4.14,4,18.62,0
126.27,54,5,61.43,3,5.73,5,32.23,1
144.21,45,7,32.46,7,7.25,5,24.32,0
184.62,59,6,31.96,4,8.21,3,25.51,0
147.58,77,7,48.22,4,5.9,4,31.4,0
144.32,81,7,42.87,5,6.61,4,24.81,1
122.81,74,11,35.45,9,4.89,6,28.45,0
104.88,46,7,35.95,8,4.17,4,20.91,0
120.86,34,4,36.51,7,6.08,5,23.79,0
174.81,51,9,36.56,8,4.55,4,20.91,0
150.66,69,9,33.97,9,5.55,4,13.87,0
122.01,55,7,37.55,6,6.28,5,28.57,0
191.16,71,7,50.26,5,5.77,4,28.22,1
92.92,73,8,52.76,5,6.27,4,25.82,1
105.8,62,9,32.69,8,6.71,5,22.48,0
166.66,92,5,25.46,6,5.36,5,25.46,1
108.63,52,7,31.67,6,6.01,5,30.26,0
103.41,46,7,38.51,7,6.33,5,24.53,0
189.06,48,7,28.79,7,6.34,5,26.44,0
116.32,47,5,26.72,8,3.37,4,14.45,0
172.4,61,7,49.02,5,4.57,4,31.16,0
90.06,49,6,38.61,9,4.93,7,24.26,0
103.27,46,5,30.2,8,3.16,3,19.58,0
100.32,64,12,49.15,8,6.04,4,28.29,1
145.43,83,9,33.19,5,7.91,3,23.05,1
190.05,74,9,24.58,7,6.7,5,26.9,0
121.41,83,6,43.5,5,5.58,5,26.02,1
153.57,49,5,30.62,8,5.95,6,18.8,0
175.29,55,6,34.75,7,5.51,5,24.1,0
135.42,87,10,41.2,8,6.12,4,13.08,1
125.25,48,5,42.7,4,7.99,4,23.75,0
70.78,57,8,37.33,9,5.48,4,14.83,0
126.12,57,6,40.55,6,7.2,5,21.44,1
133.19,53,10,30.03,8,6.41,5,29.52,0
95.75,83,7,45.72,7,6.58,5,18.02,0
107.48,93,9,39.81,6,6.2,4,21.94,1
189.58,38,7,40.48,5,7.75,3,24.52,0
164.83,57,7,25.9,9,5.59,6,24.77,0
190.53,87,6,39.49,7,4.79,5,22.0,1
114.47,66,7,38.27,8,5.17,5,18.52,0
122.73,71,6,56.76,5,5.16,5,28.55,1
137.5,79,9,42.0,5,7.49,3,23.56,1
170.54,66,10,48.92,7,5.89,5,28.61,1
98.77,51,5,36.4,8,5.15,4,13.01,0
100.41,54,8,24.95,9,6.18,6,26.13,0
167.22,92,7,42.49,7,3.88,5,23.3,1
142.37,91,8,48.66,6,5.5,4,22.92,1
150.24,43,7,38.36,7,3.82,3,22.13,0
140.14,39,5,32.55,6,7.91,5,23.85,0
119.93,43,8,47.29,7,5.7,4,23.52,0
161.29,71,8,39.19,8,6.1,5,17.81,1
105.57,73,4,35.69,6,6.22,5,22.87,1
111.34,68,9,31.79,10,6.26,4,6.02,0
159.42,57,6,61.32,4,5.11,4,31.91,1
205.53,47,8,22.87,10,6.14,6,22.0,0
140.65,59,9,23.35,9,2.78,3,19.67,0
130.49,84,6,30.32,9,3.98,6,24.2,1
131.09,61,5,23.77,9,4.23,4,7.4,0
188.03,93,7,23.72,8,6.32,5,15.14,1
143.0,86,8,38.81,7,5.24,4,20.4,0
132.28,73,7,53.79,4,6.51,4,25.79,1
173.34,61,7,39.36,5,6.31,4,29.18,0
144.84,46,6,37.78,9,5.3,5,17.06,0
110.93,48,7,35.55,8,4.44,4,19.22,0
142.27,44,9,55.58,10,5.44,7,17.12,1
152.43,65,8,40.28,8,4.94,6,26.74,0
108.68,63,9,27.18,8,5.9,6,27.84,0
125.35,60,7,34.44,7,5.59,5,31.55,0
159.6,58,5,33.67,9,5.04,7,23.59,1
138.74,70,9,43.88,8,6.41,5,17.49,0
66.52,73,4,56.5,3,5.85,4,27.43,1
76.34,67,8,26.18,9,5.93,6,23.46,0
125.39,64,9,37.27,8,4.86,4,19.03,0
106.62,82,9,36.83,7,6.95,4,16.5,1
103.09,60,7,32.75,8,6.99,6,18.67,1
146.18,56,7,43.5,6,5.83,5,30.32,0
129.13,29,5,42.58,6,5.34,5,27.36,0
215.06,67,8,30.9,8,4.58,4,14.18,0
170.12,81,4,50.5,3,6.91,4,24.1,1
108.85,67,8,38.92,7,5.21,5,30.14,0
140.69,55,4,26.97,8,2.88,5,19.83,0
108.0,63,8,39.12,6,6.03,4,28.28,0
124.56,43,8,29.86,7,6.15,5,32.5,0
83.29,90,12,34.24,8,6.8,3,21.63,1
167.13,67,8,40.35,8,4.87,5,27.08,0
170.82,59,6,69.77,5,3.69,5,32.62,1
167.67,55,10,32.17,8,6.77,4,23.83,0
107.1,76,9,32.98,8,4.68,5,31.06,0
108.16,55,4,27.8,8,2.94,5,21.9,0
147.23,59,9,39.97,9,6.62,4,11.2,0
152.84,45,6,18.42,11,4.21,4,3.52,0
119.8,52,7,30.41,7,6.66,5,25.59,0
102.25,45,5,26.91,9,3.78,4,12.51,0
117.2,79,4,25.74,6,7.43,5,19.08,1
149.15,57,8,52.19,6,4.92,6,32.98,0
156.5,94,5,22.49,7,5.13,5,24.41,1
202.79,75,6,47.82,4,6.85,4,25.7,1
173.24,56,7,34.52,6,6.61,5,28.44,0
147.12,57,8,44.78,7,4.31,5,32.38,0
94.62,64,9,60.49,6,5.62,4,28.31,1
141.24,50,7,29.16,5,7.37,4,31.81,0
108.67,104,6,16.81,7,6.02,5,19.42,1
135.68,34,6,47.93,6,5.57,4,20.35,0
95.55,84,7,51.29,4,6.99,3,22.14,1
141.48,53,6,52.58,6,4.38,5,32.41,0
172.78,66,8,39.54,7,5.34,5,29.62,0
111.69,82,7,54.47,5,6.37,4,23.13,1
152.79,81,4,63.08,3,5.6,4,24.5,1
117.61,71,7,32.61,7,3.22,3,24.05,0
143.98,51,6,31.44,6,2.0,3,28.61,0
134.23,89,9,37.67,9,5.22,5,14.85,1
120.8,46,8,43.73,8,5.8,4,18.15,0
100.94,49,7,34.11,8,4.48,3,15.52,0
86.63,62,12,37.68,8,4.98,5,36.03,0
94.08,46,6,42.71,4,7.95,3,26.32,0
196.26,70,8,33.13,7,3.81,4,22.87,0
129.0,82,9,47.4,6,6.63,3,23.3,1
94.12,56,8,37.34,7,6.62,5,22.86,0
139.08,76,8,37.71,9,6.03,5,15.24,1
185.2,67,5,57.14,3,6.51,4,27.64,1
137.42,68,8,30.82,8,3.76,4,21.15,0
108.03,96,9,43.26,5,7.45,3,18.3,1
80.18,50,6,32.37,8,6.12,6,24.31,0
129.5,86,10,46.69,6,6.84,3,21.47,1
74.27,81,7,43.69,7,6.06,6,19.82,0
130.56,80,7,44.29,5,7.26,4,26.65,0
134.4,102,7,32.27,6,5.82,4,19.46,1
131.6,67,5,35.37,8,5.09,5,14.22,0
157.33,93,9,34.95,9,4.57,5,18.74,1
89.33,80,9,47.64,6,5.53,3,25.94,0
108.38,75,6,56.65,5,5.81,4,26.11,1
99.75,85,6,40.65,5,5.62,5,26.1,1
184.22,56,6,30.2,7,2.97,3,20.76,0
109.32,86,8,40.81,6,4.52,3,24.48,0
137.76,67,11,18.74,9,6.75,4,26.08,0
138.47,72,10,29.29,8,5.43,6,32.93,0
134.51,78,9,51.89,5,5.89,3,26.3,0
162.84,50,8,29.87,8,7.64,5,21.6,0
118.68,57,8,35.48,7,6.88,5,20.66,0
137.32,91,6,43.19,5,6.15,5,23.0,1
96.86,85,8,44.11,7,5.35,5,25.3,1
84.52,80,7,39.29,4,8.39,3,22.79,1
128.15,71,8,39.73,9,6.11,6,13.25,1
114.05,61,4,32.75,7,6.51,6,23.68,1
118.51,39,4,29.32,10,4.82,5,7.91,0
158.67,28,6,42.03,6,6.26,5,32.21,0
101.36,79,9,29.87,10,5.96,6,15.47,1
96.49,56,7,31.96,8,6.84,6,22.05,0
91.16,71,4,29.93,9,5.35,6,9.31,0
126.51,72,7,42.62,6,5.45,5,29.38,1
128.09,57,6,36.4,8,5.87,6,24.51,0
125.07,78,8,44.49,4,8.37,3,22.33,1
114.34,64,9,28.31,7,7.56,5,28.06,0
172.36,83,9,35.94,5,8.18,3,21.96,1
129.22,104,8,37.58,6,5.94,4,19.67,1
142.57,65,9,41.62,7,5.68,5,29.1,0
149.19,69,8,56.93,6,4.53,5,29.53,1
144.34,88,6,21.93,8,4.78,6,23.53,1
184.26,65,7,30.0,8,3.95,4,17.11,0
133.05,96,5,11.89,7,7.34,5,15.42,1
114.01,65,7,40.97,7,4.7,4,22.9,0
157.68,53,5,16.4,9,2.18,4,14.43,0
150.57,71,9,47.02,7,6.15,4,20.27,0
169.88,77,8,34.05,8,3.46,6,30.67,0
166.52,69,6,41.23,7,4.79,5,22.2,0
65.24,62,6,38.95,8,6.1,5,13.45,0
116.91,40,5,35.88,8,5.17,6,28.23,0
130.49,79,9,33.86,8,5.16,6,26.21,0
162.59,77,8,34.2,7,4.84,3,14.41,0
152.02,80,10,39.59,6,5.39,4,28.93,0
150.34,44,5,35.05,8,6.68,6,19.34,0
125.71,64,6,48.67,6,6.44,5,21.48,1
137.28,47,6,34.58,9,4.9,4,14.46,0
124.17,63,9,39.26,10,6.46,6,14.49,1
143.84,34,5,52.74,6,4.69,5,29.94,0
158.04,78,6,51.75,4,6.44,4,24.87,1
103.79,67,8,38.13,8,5.19,4,18.17,0
140.66,111,7,23.08,8,5.43,5,16.5,1
121.31,78,6,36.35,7,7.2,5,14.57,1
124.32,86,6,48.45,4,6.29,4,23.46,1
140.83,71,8,30.73,8,7.23,5,15.67,1
127.18,44,8,38.63,9,5.35,4,15.93,0
135.29,65,10,56.77,6,5.21,5,29.04,1
118.14,39,6,34.96,7,5.84,6,27.38,0
193.24,58,4,66.64,3,5.44,4,31.08,1
141.86,59,7,45.6,5,7.69,4,25.71,0
200.95,29,4,33.72,8,3.56,4,18.01,0
152.61,33,8,24.63,10,7.75,6,21.1,0
141.66,80,7,46.11,4,6.86,3,24.34,1
149.14,63,6,28.38,9,4.45,5,15.02,0
168.56,76,9,36.94,9,6.79,5,14.3,1
67.1,77,9,49.72,7,6.68,5,19.92,0
108.08,27,5,27.3,7,7.24,5,23.61,0
80.34,66,7,34.61,8,6.45,6,21.0,0
141.78,89,6,30.43,6,5.9,5,21.79,1
149.78,50,6,28.4,10,4.96,5,9.5,0
117.97,76,11,40.45,10,5.78,5,14.02,1
131.48,53,7,36.86,6,8.8,4,17.24,0
143.0,61,7,40.61,9,6.49,6,16.08,1
142.37,57,11,60.12,9,5.84,5,14.87,1
168.07,75,9,50.47,5,6.71,3,24.83,1
102.53,73,8,41.53,7,6.54,5,17.73,1
134.27,40,6,41.34,6,5.1,6,34.33,0
156.96,68,8,36.39,5,6.9,3,27.87,0
96.94,66,8,32.02,7,5.64,5,30.1,0
118.0,64,7,40.29,8,6.35,6,18.19,1
147.49,41,6,44.35,7,5.2,5,20.54,0
171.91,35,5,31.46,8,3.71,3,15.21,0
122.01,87,8,36.94,8,5.58,5,17.88,0
131.73,63,6,27.53,9,3.66,5,17.78,0
130.24,69,6,28.59,8,7.94,5,14.5,1
109.08,72,9,42.41,7,5.57,5,29.06,0
143.58,87,5,43.21,7,6.0,6,20.06,0
123.13,69,8,40.28,7,5.88,5,25.4,0
160.86,52,6,73.63,5,3.57,6,34.31,1
118.88,69,8,42.83,5,3.9,3,30.56,0
127.68,83,7,51.0,6,5.04,5,25.94,1
140.17,64,7,35.52,7,3.9,4,23.75,1
129.15,72,10,52.9,7,5.32,5,27.53,1
126.07,68,11,21.74,10,6.49,5,23.22,0
98.93,52,9,42.92,9,6.96,5,12.67,0
98.11,90,7,39.64,5,6.25,4,23.45,1
125.31,46,7,33.35,8,6.7,5,23.63,0
132.31,67,8,26.12,7,6.59,5,25.71,0
144.64,30,5,36.59,8,4.27,3,15.55,0
197.82,51,8,42.61,7,4.87,4,22.94,0
131.44,70,7,38.96,8,6.05,6,17.39,1
81.32,55,5,48.69,5,6.26,4,22.19,0
196.49,89,8,46.11,8,3.31,6,27.08,1
122.26,68,5,37.87,7,4.91,6,24.9,0
170.81,62,9,59.85,5,5.94,4,28.36,1
112.84,67,6,27.79,9,3.83,4,15.79,0
150.12,79,9,48.67,6,5.87,4,25.37,1
170.35,96,5,51.0,4,5.89,4,21.03,1
111.95,42,7,44.99,7,5.22,4,21.05,0
164.61,48,8,35.93,9,5.53,4,12.11,0
147.24,73,10,42.77,9,4.78,5,19.79,1
151.4,83,6,52.68,5,3.86,5,32.94,0
77.67,56,7,35.27,8,4.43,4,18.5,0
145.24,57,7,29.01,9,6.36,6,18.91,0
120.0,89,6,29.98,6,6.74,4,19.52,1
133.33,74,7,31.33,9,6.06,6,17.7,1
143.85,75,5,24.94,8,6.35,6,20.24,1
175.59,55,6,29.65,8,2.89,4,21.62,0
144.59,65,9,32.36,8,4.41,4,19.03,0
139.65,61,3,28.28,6,6.96,6,25.51,1
105.63,72,5,36.12,7,6.24,5,21.6,1
136.53,78,5,18.89,8,7.6,6,16.54,0
134.09,83,6,36.95,6,6.24,4,20.45,1
182.46,68,6,46.64,7,5.84,6,19.02,1
152.39,59,7,39.08,8,5.92,4,11.78,0
106.09,44,7,40.32,7,5.25,4,16.58,0
120.96,81,10,34.4,9,5.81,4,14.2,0
169.26,49,5,39.93,7,5.24,5,27.18,0
171.07,91,7,34.58,7,5.13,5,20.22,1
166.74,65,8,29.01,8,4.15,3,16.1,0
110.2,28,5,20.18,10,3.26,4,8.5,0
96.93,65,8,38.03,8,5.06,6,28.02,0
106.31,39,7,36.21,7,4.32,3,17.34,0
142.22,66,7,37.53,8,5.42,6,22.25,1
104.93,67,11,50.53,8,4.67,5,29.71,1
133.11,30,5,33.66,7,2.49,3,24.6,0
144.72,40,6,35.53,8,7.04,6,23.61,0
99.08,55,9,30.55,8,6.42,5,27.95,0
171.15,60,9,32.66,8,4.84,5,30.61,0
134.06,48,7,50.86,4,4.05,2,32.34,0
97.45,46,7,31.4,9,4.4,4,15.43,0
143.8,56,7,32.38,10,5.72,5,10.0,0
136.27,79,5,26.27,10,4.96,6,9.04,0
159.26,80,7,45.7,6,4.95,5,27.3,0
107.91,27,10,54.49,5,4.32,2,34.73,0
115.58,63,5,46.26,6,5.54,5,24.67,0
135.39,54,8,42.64,7,4.01,4,28.21,0
160.76,45,7,24.98,10,3.79,4,13.25,0
96.1,51,5,37.55,8,4.86,6,25.09,0
113.01,51,4,42.84,6,4.39,6,30.96,0
90.7,46,9,45.0,8,6.47,4,14.78,0
115.87,35,8,43.15,8,5.6,4,16.99,0
163.9,74,6,54.15,4,6.97,4,24.87,1
95.12,60,6,44.69,6,5.45,5,29.53,0
127.87,60,7,55.98,3,6.93,4,28.73,1
123.0,73,5,35.6,7,6.08,6,20.87,1
171.92,68,10,49.58,8,7.47,5,18.06,0
108.55,49,7,38.71,8,6.33,6,21.19,0
132.08,61,10,30.33,8,6.63,5,23.31,0
147.8,76,8,25.79,10,4.02,5,16.26,0
130.29,48,10,49.51,7,5.88,4,24.01,0
143.77,52,6,40.0,8,4.79,6,23.37,0
152.53,53,9,37.88,8,5.91,5,26.71,0
140.0,71,7,45.45,5,5.41,4,28.67,0
133.02,77,6,26.79,10,4.97,5,8.47,0
106.7,86,7,29.84,8,4.1,4,18.75,1
141.7,54,6,34.09,8,4.03,4,19.6,0
123.06,61,6,41.03,6,5.53,5,25.52,0
153.31,96,8,17.76,9,5.64,5,17.53,1
154.2,62,9,38.83,9,6.31,5,18.16,1
82.74,82,7,46.04,4,7.37,3,22.9,1
119.66,73,8,47.24,9,4.25,6,19.39,1
131.5,96,6,35.63,6,5.67,4,19.58,1
145.11,59,5,45.23,6,4.8,5,25.04,0
178.31,82,8,57.32,6,5.28,5,24.29,1
169.11,53,8,45.33,8,7.17,5,13.73,0
138.2,75,8,38.64,8,4.57,5,25.08,0
163.76,83,8,38.66,8,5.95,5,14.55,1
124.16,27,6,41.2,6,3.59,3,25.35,0
138.11,61,10,52.17,9,6.37,5,13.52,1
125.33,60,10,48.15,9,5.81,5,16.05,1
143.89,49,7,50.27,7,6.26,4,20.34,0
152.92,54,6,42.37,6,5.1,5,32.05,0
138.2,71,10,23.54,9,7.15,5,23.01,0
162.37,34,6,48.38,7,5.63,5,23.4,0
160.09,68,9,57.32,7,6.22,4,15.05,1
136.53,16,8,39.06,9,4.98,4,17.53,0
137.14,39,6,25.19,9,6.97,6,21.22,0
111.58,76,5,59.99,5,4.26,5,28.5,1
126.63,61,11,31.15,8,7.23,4,25.3,0
143.95,46,5,43.3,7,5.84,5,23.4,0
127.02,57,9,17.95,10,5.93,7,27.8,0
140.23,94,8,32.13,7,6.13,4,16.3,1
121.14,75,10,41.27,7,6.59,5,25.74,1
132.58,54,7,38.18,6,7.59,5,21.86,0
139.05,51,6,32.37,8,5.73,6,26.54,0
53.65,60,5,44.08,5,4.54,5,32.08,0
102.5,94,5,30.36,5,6.08,4,22.27,1
64.23,50,8,43.72,8,4.98,5,27.57,0
154.3,74,9,40.45,6,3.66,3,30.6,0
107.23,72,8,43.17,6,6.24,5,28.42,0
159.02,56,6,58.69,4,6.32,4,30.37,1
119.34,88,9,28.28,9,5.51,4,10.23,0
118.85,55,8,26.28,12,6.1,5,1.16,0
113.41,59,7,23.84,9,3.37,3,14.48,0
155.17,79,6,43.26,5,4.36,5,37.18,0
205.26,47,5,38.25,6,5.69,5,26.8,0
135.67,96,6,37.74,4,7.8,4,19.53,1
150.5,55,6,42.39,7,5.41,4,17.78,0
88.07,86,6,47.5,4,6.15,4,23.78,1
126.33,51,7,38.24,7,6.23,5,28.15,0
131.87,41,6,51.48,7,7.32,6,15.31,0
133.22,19,3,32.38,8,3.31,4,18.06,0
141.51,28,5,38.9,7,3.07,4,25.87,0
155.97,76,9,30.48,9,6.57,5,16.23,1
96.28,106,8,20.02,9,5.49,5,16.21,1
174.05,59,7,38.94,8,5.1,6,24.78,0
150.4,76,4,30.54,7,3.61,5,19.28,0
95.27,25,6,35.17,8,4.36,3,14.31,0
165.64,84,1,22.35,4,6.51,6,25.81,1
183.63,48,7,38.9,6,6.44,5,25.49,0
133.64,49,6,50.05,5,6.92,4,26.77,0
143.18,89,8,29.5,7,6.38,4,17.73,1
109.73,64,10,64.86,6,4.62,4,29.15,1
190.84,61,6,20.25,9,3.05,4,13.48,0
134.02,72,9,34.93,8,4.87,3,16.99,0
129.82,70,8,55.52,6,6.06,4,18.23,1
174.6,58,6,31.56,8,4.12,4,16.44,0
68.76,67,4,34.91,7,5.51,6,25.1,1
119.24,16,5,38.79,8,3.76,4,19.06,0
109.18,80,6,23.5,9,6.36,6,17.28,1
128.59,79,12,40.9,10,6.6,4,10.69,1
170.34,67,9,35.34,8,5.57,5,29.92,0
165.28,81,4,28.65,7,6.1,6,19.22,1
156.55,68,11,30.07,9,5.34,5,27.89,0
154.86,67,7,30.4,8,6.21,6,21.77,1
118.78,95,4,21.33,6,7.42,5,16.26,1
181.18,57,6,34.95,6,6.76,5,22.39,0
110.35,61,8,51.15,5,5.91,4,30.18,1
131.45,49,9,41.19,7,4.46,3,24.49,0
100.81,57,7,46.74,4,6.42,3,30.05,0
92.39,85,7,44.62,6,5.79,5,23.56,0
79.44,103,4,23.06,6,5.31,5,21.05,1
140.33,74,10,43.19,9,5.92,5,15.39,1
107.18,75,9,39.82,7,4.61,5,30.56,0
167.83,45,6,42.54,7,4.82,4,20.77,0
123.86,70,9,47.2,8,6.77,5,17.92,0
108.42,26,7,28.21,9,3.48,3,13.49,0
81.91,58,7,24.89,11,3.92,7,21.54,0
78.89,98,10,34.89,6,8.15,3,17.67,1
74.03,55,6,46.52,6,5.84,5,27.56,0
165.47,61,7,30.9,8,5.42,6,28.56,0
154.54,52,9,20.72,10,3.07,3,14.47,0
143.6,66,8,45.96,6,5.28,3,23.62,0
80.19,57,7,33.06,9,4.93,4,14.69,0
117.02,55,6,60.19,5,5.32,5,32.16,1
89.11,45,9,35.79,9,4.53,3,17.89,0
161.97,61,10,39.45,10,6.25,5,16.41,0
101.11,45,6,40.37,4,7.23,3,28.43,0
103.46,89,8,42.05,5,7.96,3,20.08,1
158.22,55,5,23.74,7,1.88,3,22.53,0
132.92,59,8,50.5,5,5.7,3,25.9,0
201.62,64,8,52.26,6,5.72,4,26.8,0
172.43,51,7,64.44,5,5.76,5,31.61,1
209.46,46,5,32.17,8,6.39,6,21.78,0
126.12,73,6,29.16,9,5.55,5,8.07,0
136.75,52,4,17.16,10,4.08,4,0.0,0
128.23,76,4,21.71,7,6.45,6,21.98,1
146.31,73,8,37.47,7,4.17,4,24.2,0
172.14,65,11,52.84,9,5.94,5,14.36,1
118.33,52,3,28.99,7,6.6,6,22.23,0
94.94,78,8,40.87,5,6.21,4,29.64,0
120.02,51,8,34.68,7,3.26,3,23.76,0
106.58,74,7,37.86,8,5.18,5,22.34,1
120.15,44,6,24.87,9,7.31,6,18.22,0
139.5,64,7,32.59,7,3.39,3,22.49,0
68.18,54,7,32.18,8,4.33,4,16.75,0
128.66,57,4,40.47,5,6.98,5,24.39,0
130.89,39,4,46.46,4,7.12,4,27.69,0
103.73,88,7,44.27,5,6.08,4,23.5,1
149.21,35,6,71.38,4,5.5,5,36.31,1
175.51,65,6,50.25,6,5.0,5,27.37,0
115.34,81,6,28.89,8,5.86,6,19.24,1
137.51,67,8,21.61,8,2.73,3,18.62,0
93.85,78,8,41.44,9,4.28,7,24.41,0
105.2,87,11,37.84,8,5.89,5,24.05,1
111.26,71,7,34.68,7,5.96,5,26.77,0
160.72,49,8,30.72,9,4.87,7,29.25,0
128.86,77,9,40.78,9,5.37,5,16.23,1
124.32,49,9,70.63,6,4.68,5,32.6,1
157.72,74,7,44.71,6,4.41,5,31.22,0
142.18,54,7,41.46,4,7.13,3,29.89,0
166.01,44,9,28.94,9,7.06,5,21.1,0
158.01,69,7,48.54,5,6.62,4,27.51,1
114.87,56,9,24.35,7,8.48,4,23.1,0
129.41,66,10,50.19,5,6.76,4,27.18,1
137.7,77,6,31.02,7,6.25,5,20.82,1
195.24,73,3,25.19,6,6.72,6,22.16,1
132.67,60,7,24.87,9,3.8,4,12.68,0
147.18,77,10,22.46,10,5.64,6,25.92,0
200.27,62,6,45.21,5,6.16,5,25.95,0
118.16,53,9,45.75,10,5.92,6,17.31,1
117.01,41,4,35.49,6,6.1,5,23.29,0
106.15,61,9,40.3,8,4.83,6,30.3,0
135.13,83,6,45.91,4,7.91,4,21.61,1
163.04,78,10,39.94,6,5.38,4,32.8,0
67.95,48,7,45.84,6,5.68,4,29.57,0
154.1,93,9,44.56,5,6.81,3,20.15,1
118.52,101,9,30.45,10,3.34,6,19.8,1
62.46,86,10,55.0,6,6.52,4,28.58,0
130.52,42,7,44.31,7,5.34,4,20.04,0
147.04,55,6,42.87,6,5.53,6,29.11,0
170.02,85,8,40.49,8,6.1,4,15.63,1
123.64,71,6,50.32,5,5.32,5,25.52,0
92.26,77,11,42.84,6,7.03,3,24.31,1
209.16,54,6,28.74,9,4.82,4,10.18,0
158.08,82,5,23.04,8,4.44,7,26.16,1
103.5,79,8,39.97,7,6.12,4,19.23,1
205.37,78,6,29.14,6,7.61,4,18.59,1
121.43,90,6,25.5,7,6.63,5,17.88,1
137.21,57,5,41.46,6,5.84,6,28.71,0
178.11,78,5,27.74,8,4.69,7,25.5,1
88.25,52,9,40.92,7,5.88,5,28.13,0
160.46,65,8,51.63,5,7.29,4,26.78,1
120.33,96,6,22.03,6,6.62,4,18.59,1
197.3,74,9,59.39,6,5.22,4,26.33,1
147.59,61,9,38.78,8,5.45,4,17.52,0
142.44,78,8,56.16,5,5.36,4,25.85,1
153.39,35,10,29.34,8,8.78,4,20.73,0
147.76,84,6,28.08,7,5.05,6,24.32,1
138.42,72,11,35.88,8,5.65,5,24.15,0
137.31,78,10,50.63,8,5.59,4,14.65,1
121.33,56,7,35.71,6,5.76,5,31.04,0
135.52,57,8,28.71,8,3.31,3,20.11,0
139.55,71,6,38.82,6,3.61,4,27.45,0
127.81,79,8,63.67,7,3.44,5,27.4,1
113.21,68,8,45.49,6,5.24,4,26.22,0
114.4,79,5,41.86,4,7.64,4,24.14,1
77.56,48,7,38.3,8,4.88,4,18.49,0
159.16,58,7,40.64,7,5.11,4,18.73,0
132.28,72,4,57.75,5,4.45,6,29.65,1
121.26,88,7,45.35,4,6.88,3,22.03,1
117.65,70,7,35.66,5,7.86,4,27.18,0
177.65,59,7,42.16,8,5.75,5,18.37,0
139.98,76,7,46.85,6,5.42,4,24.54,0
151.52,94,7,44.8,5,6.02,4,21.98,1
148.75,68,7,42.7,6,6.84,4,20.01,1
151.21,68,6,56.35,3,6.9,3,26.6,1
132.64,48,7,32.22,8,6.36,5,23.87,0
112.85,36,7,42.26,8,5.65,5,15.44,0
108.63,60,6,33.89,8,4.38,5,17.71,0
131.53,79,4,15.34,7,7.57,6,19.06,1
116.27,46,8,36.01,6,7.07,4,26.08,1
164.15,50,7,26.4,10,4.4,4,11.33,0
196.48,66,9,33.3,9,6.29,5,18.72,0
167.72,79,7,46.97,5,6.69,4,24.59,1
122.15,45,7,34.85,7,7.03,5,24.37,0
131.02,68,6,37.17,6,3.63,4,26.4,0
156.03,60,8,40.72,6,6.54,4,24.1,0
111.28,59,7,19.9,7,6.63,5,26.64,0
153.66,60,7,35.47,9,5.4,5,13.5,0
134.95,81,7,29.59,8,6.87,5,17.0,1
92.47,41,8,32.63,9,4.8,3,13.58,0
183.22,63,8,54.05,8,5.76,5,17.42,1
133.29,44,7,36.31,8,4.76,4,17.05,0
135.32,49,7,36.09,8,4.46,4,18.98,0
122.75,102,7,29.11,5,8.33,3,17.98,1
115.29,81,8,44.14,5,6.85,3,23.84,1
122.99,32,7,37.27,6,7.62,4,23.3,0
101.95,78,8,25.63,8,3.19,4,19.13,0
150.01,72,11,50.72,8,7.21,4,9.98,1
157.1,60,9,41.66,7,5.88,5,29.49,0
118.99,37,5,34.72,8,3.54,4,20.34,0
150.59,78,9,39.56,7,7.28,4,14.15,1
154.49,51,5,34.74,7,7.59,5,17.77,0
126.69,81,8,27.85,9,4.54,4,14.94,0
122.94,55,7,28.17,10,5.35,5,7.19,0
176.06,36,4,31.73,8,3.2,4,19.71,0
155.33,72,11,47.49,7,6.46,4,23.65,0
112.62,62,5,38.41,5,2.68,4,32.75,0
175.85,60,9,47.45,8,6.88,4,15.64,0
135.51,73,8,42.0,7,5.29,5,21.77,0
120.24,75,13,30.45,7,7.68,3,27.57,0
166.87,68,8,39.61,8,7.54,5,11.96,1
137.02,61,8,46.38,6,4.59,4,29.87,0
187.44,78,7,53.63,6,5.03,5,26.61,1
178.03,67,9,32.41,8,6.35,5,25.61,0
93.45,81,7,35.29,7,5.36,5,26.26,0
87.0,68,10,47.39,7,5.83,4,28.39,1
63.56,60,8,48.8,7,5.78,5,25.35,0
134.97,80,7,32.24,7,7.03,5,15.11,1
147.0,61,7,54.81,4,7.16,3,27.98,1
153.52,72,10,42.13,9,5.85,5,17.33,1
137.79,35,5,32.4,6,5.82,6,30.89,0
99.45,81,5,48.29,3,7.46,3,23.24,1
104.31,74,11,35.33,10,6.12,5,13.76,1
183.91,85,8,52.84,7,3.87,5,26.34,1
120.03,83,9,30.88,8,3.84,3,19.73,0
97.37,79,10,48.21,7,5.49,4,25.7,1
132.87,76,10,44.65,7,6.08,4,25.81,1
103.74,71,6,48.49,4,5.87,4,28.72,1
118.25,77,9,17.85,11,3.87,4,9.12,0
131.17,73,8,47.97,5,4.56,4,30.96,0
42.97,83,7,45.63,4,8.04,3,21.39,1
154.38,90,6,58.17,4,5.61,4,22.25,1
92.38,73,6,60.64,4,5.37,4,27.03,1
200.72,37,8,64.25,4,6.75,4,34.14,1
130.92,57,8,47.95,8,6.68,6,19.71,0
101.64,77,9,35.33,8,6.17,5,16.33,1
123.65,80,7,31.29,8,7.62,5,13.33,1
155.6,56,5,46.91,5,5.25,4,28.99,0
70.41,77,6,37.91,8,4.48,6,23.44,0
81.38,64,7,35.82,8,4.9,4,16.64,0
92.41,65,8,38.76,7,4.57,6,30.62,0
176.1,67,9,41.72,8,5.54,4,19.35,0
138.6,44,4,52.58,3,6.41,4,28.2,0
104.22,31,6,34.59,9,4.36,4,16.88,0
126.91,80,7,40.08,7,6.23,5,16.0,1
122.17,80,6,53.09,5,4.83,5,26.71,1
190.01,66,7,30.33,8,5.86,6,23.45,0
113.66,51,6,34.52,7,6.32,5,25.03,0
155.69,65,7,29.63,8,3.91,4,18.1,0
139.61,63,4,41.12,4,7.42,4,22.13,0
135.5,59,9,29.26,8,6.96,5,22.42,0
149.3,73,6,36.27,7,6.32,5,18.9,1
114.0,70,5,35.03,8,3.99,7,26.5,0
109.93,84,7,46.02,6,5.68,4,25.01,1
149.68,73,7,38.6,9,4.82,6,20.74,1
103.67,88,8,34.72,8,5.28,5,19.95,1
124.25,80,7,41.32,8,5.08,5,20.78,1
144.23,77,9,49.08,4,7.17,3,23.93,1
148.53,39,6,40.58,7,5.05,5,29.29,0
151.68,43,8,37.65,7,7.0,4,22.03,0
184.57,58,7,38.3,7,4.01,4,23.92,0
193.23,66,9,39.69,7,4.35,3,25.42,0
180.65,82,9,41.45,9,4.81,5,16.94,1
139.78,68,10,36.14,9,4.99,5,19.1,0
229.84,51,7,39.3,9,6.49,6,19.63,1
119.25,57,8,48.67,8,6.75,5,17.52,0
119.59,52,6,36.26,9,5.51,5,12.98,0
79.24,81,5,54.73,4,6.19,4,24.42,1
135.03,80,7,37.82,7,5.69,5,20.24,1
192.53,81,10,43.52,7,5.21,4,26.31,1
124.43,69,7,23.76,8,3.27,2,12.61,0
210.69,62,10,47.32,7,5.83,3,23.93,0
107.82,54,7,28.49,7,7.06,5,22.02,0
173.93,74,5,33.06,8,6.43,6,17.46,1
173.36,62,7,41.37,7,5.69,4,16.29,0
83.66,81,8,41.37,8,5.56,5,16.39,1
123.39,62,4,52.27,3,7.12,4,28.9,1
134.4,78,7,35.62,6,7.31,4,17.84,1
80.11,81,6,32.28,7,6.09,5,18.6,1
147.0,67,5,36.39,6,7.74,5,18.51,1
106.41,47,5,30.12,8,3.92,3,13.57,0
178.36,91,8,26.93,9,5.86,5,15.34,1
97.41,85,10,39.86,8,6.18,4,14.01,1
180.2,57,7,27.25,8,7.42,6,24.14,0
121.69,55,8,23.52,10,6.07,6,21.39,0
144.59,38,7,32.64,8,7.77,6,21.62,0
141.01,80,6,42.62,6,6.4,4,19.77,1
92.27,51,8,47.14,7,5.62,5,23.28,0
131.82,61,9,48.87,8,5.92,5,19.71,1
101.07,65,7,42.08,7,5.14,6,26.31,0
107.92,59,7,65.67,4,5.55,4,29.79,1
117.36,104,7,37.78,7,5.1,5,21.32,0
183.53,90,7,51.46,4,6.25,3,21.49,1
159.54,58,6,29.54,9,6.51,6,17.04,0
160.86,93,4,19.57,6,6.32,5,22.28,1
108.37,56,5,35.7,7,6.77,6,21.79,0
162.21,54,5,36.04,7,6.65,5,21.0,0
202.13,77,9,36.73,9,7.26,5,10.37,1
127.25,51,10,45.55,7,6.13,4,28.89,0
127.44,51,9,42.93,6,3.95,2,26.43,0
58.22,47,4,27.57,9,4.12,5,12.18,0
143.21,59,8,49.52,5,5.33,4,27.08,0
158.81,75,11,44.83,10,5.75,5,12.09,1
96.23,86,4,22.66,7,5.96,6,20.94,1
143.74,82,7,33.75,7,4.01,4,21.4,0
132.94,71,8,46.79,9,4.15,6,21.4,1
65.02,44,10,63.59,6,7.49,5,28.67,0
117.93,61,8,46.68,9,5.81,6,15.63,1
134.2,58,8,35.61,7,6.93,5,23.67,0
127.4,49,6,44.28,6,5.21,5,29.65,0
132.04,28,7,25.88,8,7.97,5,19.35,0
155.51,73,8,40.5,6,6.57,4,24.73,0
116.08,89,7,42.55,6,6.05,4,19.21,1
148.16,98,10,53.33,7,7.67,5,22.34,0
135.29,55,6,29.27,8,7.04,6,18.8,0
164.01,76,9,47.06,5,6.48,4,25.39,1
94.18,64,7,38.22,7,5.93,5,25.45,1
140.89,70,8,36.49,7,5.06,5,28.88,0
152.85,55,8,31.04,9,3.98,4,17.81,0
119.88,68,8,38.26,7,5.55,5,29.24,0
112.96,37,5,42.46,7,4.9,6,28.48,0
141.23,69,7,33.25,7,5.22,5,29.81,0
142.71,74,9,39.45,8,7.09,4,13.67,1
128.9,77,7,42.57,6,5.84,5,27.32,1
88.92,83,7,48.21,5,6.29,4,24.23,1
189.38,65,7,42.43,8,6.18,5,15.83,0
155.9,57,8,38.17,8,4.99,4,17.55,0
91.68,77,7,33.28,8,5.25,6,21.34,1
160.34,72,5,36.35,6,5.27,5,24.52,0
120.27,76,9,48.38,5,6.84,3,24.81,1
164.08,87,6,42.37,5,6.37,4,23.77,1
94.94,64,7,49.79,4,6.77,4,28.53,1
141.89,59,6,55.17,5,5.73,4,28.51,0
170.78,71,5,29.77,8,6.78,6,18.73,1
148.87,69,6,31.71,8,4.44,6,26.81,0
104.18,63,7,43.09,9,4.67,7,21.71,1
187.36,62,7,44.58,8,6.53,6,16.13,0
90.91,72,5,51.98,4,6.33,4,26.96,1
178.87,77,6,35.31,6,6.03,5,23.23,1
144.26,79,9,35.98,8,4.85,4,20.64,0
185.18,103,9,43.63,8,4.56,5,21.08,1
135.74,47,7,29.39,9,3.76,4,17.9,0
143.41,71,6,52.23,3,6.69,3,26.68,1
179.1,70,8,53.08,8,5.83,5,17.01,1
90.9,65,8,39.73,7,4.16,6,35.19,0
157.61,80,8,34.92,8,6.17,6,20.64,0
137.77,77,7,32.84,8,4.4,4,18.91,0
158.97,77,6,30.66,8,6.3,6,19.38,1
146.66,48,6,37.95,8,5.35,5,16.32,0
146.25,52,7,43.58,7,5.39,4,20.09,0
120.61,68,9,45.16,8,5.64,5,19.46,1
115.06,69,8,34.3,9,5.17,4,15.38,0
107.38,71,9,45.65,7,6.41,4,19.31,0
108.66,51,9,49.58,8,6.83,5,18.14,0
128.68,71,8,45.18,7,5.13,5,28.82,0
163.44,65,10,32.18,7,5.8,4,29.01,0
143.68,56,6,68.14,5,3.33,6,34.4,1
130.33,51,6,43.57,7,5.92,5,15.87,0
152.32,74,6,51.74,3,7.2,3,25.05,1
110.66,65,9,37.12,9,5.9,4,14.71,0
152.29,73,8,41.67,7,4.38,5,26.85,0
84.57,54,7,36.03,8,5.89,6,25.19,0
137.56,89,7,35.79,7,6.38,4,14.11,1
143.63,66,6,27.0,9,4.14,5,14.48,0
137.05,68,6,40.11,6,5.8,5,25.2,0
162.16,76,9,44.37,6,6.57,4,25.6,1
153.44,57,8,35.5,8,4.91,6,27.09,0
120.27,76,10,36.97,8,5.31,5,25.76,0
124.32,79,10,47.91,9,4.78,5,16.95,1
117.38,61,8,45.76,7,5.08,5,26.88,1
152.19,46,5,37.59,8,5.3,5,13.56,0
203.91,73,8,33.2,9,5.33,5,13.18,0
151.38,57,8,40.59,9,6.84,6,16.63,1
112.03,61,6,25.38,9,3.9,4,12.25,0
134.75,68,9,35.42,7,6.05,5,28.99,0
122.31,58,10,39.77,7,5.68,4,26.23,0
162.43,58,7,30.26,8,3.97,3,14.96,0
124.68,54,6,32.44,8,4.21,4,18.05,0
112.01,62,8,38.8,8,4.7,5,24.47,0
133.04,91,7,53.75,6,5.02,4,23.06,1
150.36,60,5,41.23,7,6.21,6,23.3,1
150.69,52,7,59.77,4,6.7,4,30.94,1
112.87,54,3,61.89,2,6.5,4,31.3,1
161.06,77,6,48.77,4,6.04,4,26.45,1
157.02,56,5,38.0,7,3.96,5,24.67,0
119.01,68,5,22.4,10,4.33,5,8.05,0
114.9,25,5,40.59,6,2.95,3,26.01,0
111.22,70,6,49.51,5,5.17,4,27.08,0
102.65,65,9,30.41,7,6.44,5,29.4,0
104.6,75,6,35.06,7,6.35,5,20.68,1
179.56,60,9,37.26,6,6.61,4,29.17,0
159.6,77,10,54.59,7,5.74,4,24.65,1
126.98,84,4,21.81,7,6.19,6,20.35,1
145.2,60,7,29.8,10,5.72,5,7.2,0
165.65,89,5,47.0,5,6.0,5,23.42,1
121.79,38,7,33.42,9,4.72,4,13.4,0
111.08,86,10,37.93,7,6.13,4,24.23,1
135.83,43,9,43.66,9,6.58,4,13.34,0
168.92,85,7,25.28,9,5.66,6,19.39,1
79.89,62,10,37.85,7,4.61,3,22.43,0
156.67,65,5,62.81,4,5.08,5,30.07,1
135.44,63,7,29.13,8,6.34,6,24.88,0
141.35,39,5,38.39,6,7.43,5,21.52,0
153.91,58,10,36.51,8,6.06,5,24.65,0
97.8,55,8,31.03,9,5.1,6,24.53,0
150.56,62,8,56.08,5,5.91,4,28.11,0
74.12,66,10,23.41,8,7.01,5,27.19,0
120.1,80,6,47.55,3,7.72,3,22.68,1
85.36,60,7,42.5,7,4.8,5,29.75,0
87.47,54,6,35.1,7,5.55,6,30.69,0
99.14,75,6,36.74,9,6.18,6,13.12,0
144.76,66,10,57.97,7,4.26,5,29.9,1
131.49,56,4,35.47,8,4.93,5,14.19,0
137.27,93,11,35.67,6,7.91,3,19.04,1
92.23,97,8,45.82,6,5.39,4,21.5,1
153.82,82,6,35.22,7,5.67,5,19.96,1
157.46,44,6,31.78,9,3.93,4,16.51,0
137.07,64,8,37.95,7,5.75,5,31.05,0
138.72,49,7,32.92,8,6.01,5,24.94,0
169.33,46,8,30.36,6,8.44,4,26.46,0
151.41,56,8,35.77,7,6.94,5,25.58,0
93.96,53,8,30.08,8,7.4,5,23.21,0
91.24,78,5,31.77,8,6.89,6,14.58,1
119.81,80,8,35.87,9,4.9,6,18.94,1
135.06,92,7,24.09,8,6.29,5,18.03,1
170.69,54,7,47.67,7,6.03,5,19.79,0
136.41,70,9,42.78,7,5.27,5,27.05,0
109.18,67,11,47.66,7,5.83,4,28.4,1
130.55,68,9,50.23,6,5.79,3,24.44,0
159.17,78,8,35.75,8,6.12,5,17.2,1
108.27,49,7,31.14,8,3.28,4,20.18,0
154.21,66,9,33.11,9,4.7,6,26.91,0
120.92,42,7,14.92,10,6.07,6,24.13,0
103.08,57,8,37.6,8,5.29,6,27.74,0
185.3,58,6,35.82,7,3.86,4,21.77,0
112.22,77,10,39.96,6,6.99,4,24.78,1
72.15,36,5,36.23,6,7.07,4,22.27,0
165.11,61,10,57.92,8,6.38,5,13.94,1
187.87,82,8,44.06,5,6.64,3,24.02,1
167.13,76,10,54.71,5,6.37,4,28.16,1
118.86,59,9,30.75,8,5.74,5,28.99,0
151.65,71,6,40.55,8,3.83,6,27.12,0
141.29,97,5,40.58,4,6.17,4,22.01,1
128.79,68,6,35.55,8,6.13,6,20.74,1
150.7,63,5,48.83,5,6.14,5,23.36,0
134.26,49,7,34.51,8,4.56,4,17.86,0
137.0,93,8,43.06,5,6.47,3,21.6,1
131.44,58,6,32.59,9,5.66,7,22.9,1
112.71,70,6,37.2,7,5.91,7,24.54,0
148.07,71,5,34.48,8,5.9,6,20.09,1
113.13,57,6,63.03,3,6.44,3,29.61,1
121.7,69,9,48.67,9,5.01,5,19.1,1
156.12,65,9,34.9,8,4.45,3,20.19,0
116.29,67,10,36.67,7,6.41,4,28.11,0
162.32,103,12,32.53,8,6.45,3,18.59,1
140.82,69,6,32.2,9,6.76,6,16.14,1
123.43,87,8,53.23,7,3.53,5,26.38,1
201.65,39,5,36.6,9,5.23,7,24.5,0
141.4,63,5,42.68,6,6.7,5,22.29,0
148.4,57,9,50.47,6,4.71,4,32.83,0
121.41,74,8,47.18,6,6.12,4,26.65,1
174.17,54,7,45.44,7,5.69,5,19.81,0
148.81,41,8,33.68,8,6.72,5,23.42,0
88.84,86,6,37.91,6,4.76,5,24.31,1
160.2,67,6,45.2,7,5.63,6,23.35,0
88.0,35,8,40.97,7,4.55,3,18.52,0
141.98,56,7,46.92,8,6.33,6,19.1,0
82.67,37,6,42.77,9,6.98,5,8.37,0
198.56,43,8,31.29,9,3.49,4,21.8,0
148.17,71,8,42.7,6,6.81,4,25.14,0
169.23,75,5,39.57,7,6.08,5,20.17,1
114.7,39,7,40.27,6,3.15,3,28.97,0
124.1,87,8,30.53,6,7.2,4,23.58,1
136.4,76,9,25.73,9,3.7,3,16.48,0
179.44,59,8,39.62,6,6.85,5,28.17,0
176.25,64,8,43.82,7,6.31,5,19.52,1
140.11,80,10,44.91,7,6.05,4,24.94,1
133.36,88,7,34.62,9,6.54,6,10.91,0
155.95,86,5,29.94,5,6.85,4,20.91,1
75.46,86,6,42.52,4,7.53,3,22.21,1
163.34,53,8,24.82,10,3.91,4,11.99,0
98.43,61,12,33.97,8,5.9,4,32.83,0
152.89,76,7,41.22,6,4.93,5,28.98,0
132.87,58,6,43.12,5,5.37,5,31.96,0
153.91,58,5,34.3,8,5.1,4,10.73,0
184.18,68,9,39.14,8,6.11,5,18.65,1
122.49,52,5,44.88,5,6.79,4,23.26,0
141.59,76,6,34.26,7,6.95,5,17.05,1
85.73,62,7,40.15,7,5.06,5,26.19,0
168.0,58,8,42.85,10,5.77,7,16.01,1
117.68,62,7,28.06,9,5.04,4,6.92,0
96.21,83,11,46.47,8,5.9,4,14.01,1
110.03,85,7,27.3,8,5.53,5,20.38,1
145.82,49,6,36.6,8,4.61,6,28.37,0
131.79,42,6,40.31,7,4.59,4,19.94,0
197.95,91,7,48.27,6,5.09,5,23.58,1
154.02,63,9,24.0,7,7.53,5,25.72,0
130.04,36,8,40.58,8,4.99,4,18.52,0
153.26,56,5,30.31,7,5.55,6,27.14,0
168.93,45,7,33.69,8,7.46,6,18.77,0
142.97,47,4,35.78,8,5.04,5,14.54,0
104.32,93,7,29.53,8,5.6,5,17.12,1
176.38,77,10,38.56,8,5.7,4,19.49,1
152.42,57,6,37.21,5,6.73,4,26.41,0
77.47,73,9,27.68,10,7.65,5,11.13,1
154.87,40,5,39.01,7,5.55,5,25.66,0
128.21,45,7,45.44,5,4.34,2,25.21,0
177.12,54,5,35.44,6,6.59,5,19.31,0
130.29,56,8,21.63,10,3.97,4,10.89,0
146.89,34,6,29.57,8,6.63,5,22.7,0
151.9,80,10,49.67,8,4.91,5,17.26,1
199.89,79,11,42.88,9,5.72,4,13.79,1
121.98,71,8,46.4,5,7.76,4,25.06,1
110.62,95,5,15.7,7,6.65,5,19.78,1
101.24,51,7,37.76,7,5.83,5,25.08,0
129.37,48,7,28.57,9,7.16,5,19.72,0
96.32,78,9,39.37,8,5.66,5,25.64,0
185.29,48,6,20.22,10,2.94,3,12.44,0
168.89,81,4,54.25,2,7.04,3,23.49,1
136.17,61,10,57.31,6,5.36,4,29.74,1
124.31,66,7,30.57,9,6.2,6,19.22,0
155.57,71,8,46.07,6,5.62,5,28.58,1
93.6,70,8,40.55,6,6.95,5,23.87,0
170.69,71,7,35.62,8,6.48,6,16.79,1
156.45,61,10,31.65,9,5.02,3,12.67,0
145.63,84,8,33.08,8,6.14,5,17.2,1
134.93,87,6,38.07,6,6.33,4,18.85,1
166.99,80,9,37.8,9,4.96,6,18.55,1
174.86,81,6,33.43,6,7.27,4,17.13,1
135.33,83,6,50.48,3,7.75,3,21.53,1
174.56,37,5,18.43,10,2.75,4,11.11,0
146.75,100,9,36.51,6,6.55,3,19.79,1
159.75,68,7,26.88,8,3.73,4,17.42,0
186.58,65,8,40.11,7,6.11,5,24.96,0
107.38,43,10,52.43,10,5.78,6,16.84,1
90.13,65,8,52.03,6,4.67,5,31.09,1
148.82,82,6,28.0,8,6.5,6,15.74,1
143.56,67,8,50.04,6,7.2,4,15.27,1
146.08,85,7,33.71,7,5.77,5,19.33,1
74.66,35,9,37.4,10,5.69,5,15.23,0
115.14,42,7,29.36,8,6.78,5,24.49,0
96.57,43,7,35.39,6,7.58,4,22.73,0
103.89,44,5,34.4,8,3.83,4,20.39,0
151.73,43,6,32.12,8,2.98,4,22.78,0
149.43,54,6,43.17,6,4.25,4,25.58,0
175.95,74,9,46.37,7,7.65,3,11.92,1
134.51,72,7,36.18,8,6.61,5,16.9,1
160.37,56,9,15.99,8,7.22,5,28.06,0
151.86,87,10,30.22,7,7.73,4,22.07,1
139.69,45,5,25.84,10,4.26,5,10.01,0
111.0,48,6,31.4,9,4.5,7,28.18,0
158.72,62,7,36.08,6,6.54,4,27.85,0
129.77,75,6,50.86,3,7.13,3,24.87,1
194.88,94,7,38.86,5,7.53,3,20.08,1
128.67,37,7,43.38,6,4.11,3,25.41,0
171.51,56,8,37.17,7,6.63,5,27.63,0
122.8,44,5,33.83,6,7.33,5,21.28,0
126.12,86,10,37.84,6,7.41,3,22.01,1
190.02,53,8,34.25,7,7.06,5,24.45,0
110.66,69,8,46.99,9,4.63,7,24.8,0
173.25,63,8,42.91,6,5.65,5,30.78,0
130.87,65,8,59.17,5,5.79,4,28.19,1
136.7,73,10,46.98,10,5.89,5,12.66,1
109.28,75,8,36.66,8,6.0,6,24.75,0
105.53,70,8,52.68,6,4.2,5,26.14,0
93.05,85,6,48.53,5,4.93,5,26.21,1
112.53,44,8,33.67,8,4.37,3,15.53,0
135.57,77,8,49.98,5,7.22,3,23.45,1
146.33,64,8,46.9,5,7.79,4,26.9,1
148.6,52,8,38.82,6,6.86,4,26.63,0
140.94,67,10,19.1,9,5.86,6,27.29,0
80.96,84,9,40.08,7,6.21,4,24.26,1
122.28,50,6,40.68,8,6.15,5,13.23,0
172.88,83,9,46.34,7,5.55,5,24.92,1
173.73,35,8,36.55,9,5.19,4,13.86,0
129.99,80,5,26.97,7,6.58,5,20.76,1
121.37,75,11,54.46,9,4.92,5,15.3,1
98.91,60,8,34.05,8,6.24,5,26.0,0
155.12,41,6,29.31,8,6.45,5,23.57,0
61.99,81,6,32.03,8,5.51,6,19.58,1
120.74,54,9,22.46,10,6.35,6,22.57,0
69.31,77,6,55.59,5,5.21,4,26.91,1
177.87,53,9,35.05,8,6.27,5,25.34,0
139.03,61,9,28.49,8,7.06,5,25.39,0
128.47,81,6,36.99,8,4.43,6,22.55,1
96.54,51,6,43.2,8,6.14,5,14.27,0
171.44,96,5,32.29,5,6.72,4,18.1,1
134.11,71,6,57.61,4,5.14,4,28.54,1
117.4,83,7,54.38,3,6.76,3,22.61,1
174.58,63,7,42.62,8,6.39,6,15.34,0
144.44,69,8,23.84,9,7.22,5,17.63,1
114.61,56,6,65.04,5,4.6,5,32.45,1
112.64,66,3,51.78,3,5.49,5,30.93,1
135.84,89,5,29.43,7,5.92,6,18.68,1
116.09,57,5,43.08,6,4.64,4,22.9,0
132.37,51,6,37.98,6,6.16,5,26.59,0
139.76,45,7,32.37,8,3.52,3,19.6,0
148.43,51,8,52.25,6,5.32,4,29.53,0
61.94,67,9,39.64,10,6.77,6,12.12,1
116.63,79,6,52.96,4,6.45,4,24.66,1
150.48,56,9,37.82,7,6.18,5,25.99,0
86.58,61,8,32.03,9,4.76,4,14.84,0
143.99,100,7,31.12,6,6.02,4,19.53,1
116.84,45,3,23.61,10,4.41,5,4.7,0
125.41,82,8,49.98,6,5.63,4,24.82,1
128.49,54,9,25.21,9,6.09,5,24.01,0
122.95,50,6,35.79,6,6.21,5,29.85,0
180.14,46,7,40.93,8,5.54,5,16.4,0
160.29,47,6,23.01,8,6.86,5,20.33,0
151.07,79,7,49.09,5,6.44,4,24.77,0
158.03,84,4,54.73,3,6.26,4,23.53,1
152.58,67,7,40.86,6,3.42,3,29.26,0
164.72,75,6,37.44,6,6.29,5,21.43,1
115.12,65,9,41.71,7,5.05,4,21.22,0
181.26,69,6,42.04,6,5.85,5,25.58,0
97.34,51,7,31.92,8,3.74,3,17.01,0
105.74,64,6,41.77,6,4.82,5,29.41,0
142.53,61,8,39.37,7,4.63,3,20.12,0
150.24,60,8,41.47,8,7.57,5,15.92,1
101.12,37,7,37.41,7,5.86,5,28.34,0
128.19,85,8,29.35,8,3.36,3,21.38,0
180.33,68,6,23.91,8,3.23,3,15.38,0
143.5,104,1,4.73,6,5.77,6,24.75,1
129.83,76,10,47.24,5,8.22,2,22.21,1
112.21,80,11,39.7,11,6.28,5,8.4,0
122.3,43,5,32.18,7,2.72,4,23.69,0
161.34,54,8,46.74,7,4.87,6,29.04,0
107.87,44,10,45.9,8,5.47,4,22.05,0
155.31,86,8,42.87,6,6.04,4,17.72,1
136.42,62,7,41.2,6,3.72,3,26.62,0
199.97,46,5,39.16,5,6.68,5,28.77,0
127.82,81,8,37.01,9,5.92,5,14.4,1
137.79,75,8,44.27,5,6.06,4,30.51,0
184.56,85,8,46.31,5,6.57,4,22.92,1
113.32,69,9,47.3,6,6.56,4,27.25,1
73.13,69,8,25.97,10,4.82,4,10.09,0
126.14,65,8,32.95,7,6.36,5,27.52,0
102.85,56,7,26.14,9,7.37,6,16.45,0
132.8,75,5,23.35,8,7.24,6,17.39,1
120.72,40,8,43.55,8,5.45,4,19.09,0
141.36,42,4,48.04,4,6.23,4,26.26,0
92.44,70,10,53.18,6,6.09,4,26.42,1
164.74,83,10,48.87,7,5.36,4,24.71,1
107.4,64,9,43.78,9,6.3,5,16.28,1
92.77,36,6,33.16,8,3.55,4,19.61,0
163.24,78,7,46.39,6,5.69,5,26.66,1
74.94,81,6,15.65,8,7.41,6,17.95,1
120.33,31,6,37.08,6,7.15,5,25.28,0
125.15,91,7,51.82,4,4.91,4,28.64,0
128.81,54,8,45.78,7,5.11,5,26.98,0
177.11,62,4,34.35,5,7.15,5,25.72,1
81.41,90,7,50.13,5,4.83,4,24.22,1
120.6,44,5,41.54,4,7.76,3,28.64,0
131.8,77,8,42.4,5,5.46,4,30.6,0
122.51,84,10,44.09,8,5.55,4,16.44,1
157.1,33,7,37.26,6,3.51,2,22.45,0
140.74,71,10,47.98,9,5.46,5,14.54,1
141.24,55,5,70.19,4,4.77,5,32.14,1
149.31,48,6,44.83,7,5.13,5,26.13,0
143.28,49,7,28.03,9,3.16,4,20.63,0
139.94,105,11,37.12,7,6.73,3,17.29,1
120.57,57,7,40.48,10,5.31,7,20.12,1
115.91,75,11,51.27,9,5.56,4,15.12,1
182.21,83,7,54.48,3,6.95,3,22.26,1
120.2,60,7,31.59,10,5.6,4,7.6,0
152.29,61,7,60.5,4,6.27,4,28.74,1
150.81,41,9,38.87,8,4.67,4,20.15,0
130.52,53,5,25.07,10,4.68,5,9.91,0
74.48,61,9,26.31,8,7.47,5,21.19,0
131.02,74,8,39.42,9,5.91,6,16.94,0
159.27,59,9,48.55,6,7.97,3,15.64,1
108.35,59,7,34.38,8,4.35,4,18.65,0
122.68,76,6,40.28,7,6.13,5,20.76,0
149.85,54,8,35.41,8,5.38,6,26.34,0
76.12,76,9,36.02,8,6.46,4,15.95,1
123.37,40,7,32.47,8,7.06,5,20.53,0
101.64,64,8,37.73,5,6.97,4,27.88,0
144.09,67,8,38.81,8,5.61,4,14.66,0
146.13,61,4,47.0,5,5.24,5,24.56,0
148.65,57,7,41.27,5,5.63,4,33.57,0
172.56,78,8,40.08,8,6.15,5,15.44,1
108.82,50,9,46.78,7,5.62,4,24.56,0
110.16,70,7,34.06,8,4.7,4,16.17,0
112.77,70,8,39.33,7,4.84,4,21.64,0
117.62,55,8,25.27,8,6.3,5,23.85,0
115.38,82,7,27.06,7,3.06,3,21.57,0
91.52,43,8,31.8,8,2.9,2,21.93,0
105.87,56,5,31.84,7,3.8,3,16.42,0
138.25,88,7,54.17,6,5.11,4,23.68,1
101.06,90,10,36.36,7,6.81,4,21.62,0
168.41,102,6,39.72,5,6.15,4,20.42,1
191.32,89,11,39.98,10,4.58,5,15.91,1
163.64,74,8,33.78,8,7.02,4,17.16,1
140.59,28,7,19.71,11,3.37,4,10.6,0
130.65,64,4,67.18,2,6.15,4,28.16,1
122.22,56,8,43.02,6,4.18,5,35.11,0
109.54,81,10,51.68,8,4.57,4,19.91,1
200.85,94,7,35.53,5,7.77,4,20.07,1
126.95,48,5,33.33,6,6.96,5,22.26,0
121.7,54,8,38.31,7,3.71,4,27.25,0
106.94,39,7,25.05,8,8.04,5,19.36,0
120.31,46,5,37.19,7,5.92,6,24.17,0
160.37,42,9,42.71,9,5.7,4,17.88,0
126.38,48,8,40.49,7,3.93,4,26.45,0
150.23,70,9,31.01,8,3.87,3,19.04,0
78.11,81,9,49.62,8,3.95,5,20.72,1
172.89,58,6,33.61,7,5.84,5,22.28,1
114.79,96,7,37.98,6,6.45,4,21.32,1
120.67,45,5,33.69,6,7.66,5,26.28,0
90.74,39,5,32.38,8,4.03,4,15.27,0
103.24,43,6,33.41,8,3.58,4,21.87,0
116.4,52,8,31.07,9,5.99,6,24.64,0
91.79,27,6,44.35,7,4.74,4,22.95,0
121.15,71,11,20.24,9,5.72,5,28.64,0
144.64,85,9,32.29,10,4.72,5,18.59,1
125.6,83,8,47.41,6,5.54,4,25.89,0
138.5,35,5,42.49,6,5.4,5,26.04,0
135.43,68,9,36.61,7,4.27,4,22.7,0
128.89,89,7,37.08,7,4.63,5,23.6,0
101.67,55,6,68.78,6,2.62,6,35.61,1
131.22,44,6,29.69,8,5.63,6,22.26,0
124.85,67,8,39.06,6,7.88,4,19.09,0
92.0,73,8,56.33,5,6.18,3,25.65,1
143.01,79,7,51.23,6,5.26,5,26.45,1
164.9,68,8,49.77,5,6.4,4,27.66,1
173.83,79,7,34.22,9,5.8,6,13.84,0
144.97,76,9,42.98,8,4.88,5,21.15,1
117.07,79,4,32.15,6,6.68,5,21.51,1
112.89,80,6,26.66,7,6.92,5,16.79,1
104.69,99,6,31.64,5,6.23,4,18.6,1
136.94,54,8,26.18,7,7.32,5,26.32,0
158.29,98,10,39.37,7,5.41,4,22.94,0
176.56,51,9,26.83,9,6.96,6,20.67,0
97.17,53,6,32.23,5,6.8,4,27.77,0
106.2,82,9,35.55,8,6.86,5,12.23,1
139.22,70,7,32.09,8,6.79,5,18.8,1
81.87,39,6,40.44,8,5.43,5,15.56,0
127.57,61,11,31.47,9,6.74,5,22.41,0
194.51,95,8,27.74,8,6.37,5,13.32,1
149.25,87,3,44.55,3,6.63,4,23.86,1
145.24,51,10,26.97,8,6.81,5,27.0,0
188.22,69,8,55.35,6,5.04,5,28.89,1
104.71,44,9,34.28,8,4.02,3,20.41,0
83.45,63,6,34.35,8,4.95,4,14.45,0
146.6,65,6,37.86,7,5.25,6,25.56,1
118.01,48,9,28.28,8,5.61,5,31.07,0
76.41,90,8,27.33,5,8.61,3,20.98,1
87.32,61,6,43.6,6,5.98,5,23.55,0
91.04,77,6,37.9,8,4.69,6,23.56,0
121.91,89,10,39.23,8,6.47,4,15.63,0
112.82,63,9,43.69,9,5.84,5,17.27,1
170.23,28,5,24.28,10,4.5,4,4.24,0
65.03,100,7,38.47,5,7.16,4,18.92,1
77.46,60,9,35.26,7,5.41,5,32.82,0
126.89,95,7,34.54,8,5.01,5,18.72,1
90.92,65,7,37.74,8,4.88,6,25.42,0
65.18,90,5,47.31,6,4.82,5,24.92,1
124.59,56,11,27.36,9,7.81,5,22.68,0
145.34,46,5,28.63,10,5.15,5,7.43,0
93.78,62,5,39.11,7,4.52,5,24.13,0
105.98,53,6,59.47,3,6.74,4,30.62,1
85.67,59,8,32.78,7,7.07,5,25.5,0
133.76,50,8,33.26,7,2.68,3,25.9,0
104.37,70,8,30.22,10,5.64,6,15.92,1
187.23,38,10,28.71,10,6.08,6,24.84,0
137.91,102,9,42.71,6,5.85,4,19.67,1
152.01,79,7,39.27,7,4.78,4,21.87,0
140.0,55,9,44.88,10,7.56,5,9.9,1
141.8,81,5,54.63,4,5.58,4,25.27,1
143.69,70,8,35.6,8,4.88,5,19.1,0
110.44,98,9,42.25,8,4.46,5,23.05,1
165.54,77,9,50.14,7,3.94,5,29.05,1
133.22,70,6,29.06,7,3.65,3,17.62,0
139.8,44,8,24.74,9,5.38,6,25.01,0
122.66,54,8,33.76,9,4.96,5,14.25,0
175.94,49,7,28.34,10,4.17,4,14.58,0
153.88,65,8,39.29,8,5.99,5,14.4,0
97.61,60,7,23.49,7,7.16,6,25.58,0
144.66,71,10,48.73,8,5.52,4,19.97,1
124.43,45,6,37.05,9,5.9,6,19.53,0
105.86,67,6,33.31,8,4.71,5,16.45,0
130.62,62,10,35.87,7,5.38,4,30.43,0
101.73,81,8,53.2,5,6.42,4,23.49,1
126.5,44,9,36.18,8,4.22,6,35.09,0
137.2,18,5,33.93,8,6.62,6,21.32,0
140.57,68,7,54.82,5,5.98,4,27.99,1
146.27,89,9,47.47,6,5.84,4,22.54,1
110.66,35,5,38.8,6,5.58,5,29.8,0
74.64,53,9,33.56,9,5.34,6,25.29,0
132.24,72,5,47.69,4,6.79,4,27.05,1
157.59,75,11,40.62,5,8.3,2,23.21,1
194.76,61,9,52.19,6,6.03,4,25.37,0
134.39,73,8,29.57,8,6.05,5,24.74,0
178.04,74,7,38.33,7,6.0,5,24.02,0
149.48,106,9,22.17,9,4.89,5,17.29,1
122.98,99,5,40.72,5,5.86,5,21.69,1
131.97,58,8,30.39,9,5.17,4,9.93,0
105.6,43,6,34.52,8,4.57,4,16.05,0
147.28,71,8,53.11,6,5.3,4,28.22,1
164.86,54,8,42.7,8,6.11,4,15.38,0
110.7,80,6,36.99,6,6.06,5,22.88,1
151.34,65,10,41.3,9,6.43,5,15.82,0
140.61,43,6,38.17,6,6.89,4,25.75,0
177.91,71,6,28.62,10,5.22,6,11.2,0
145.34,33,2,48.41,5,5.2,6,25.97,0
138.53,76,9,50.16,6,5.4,5,26.76,1
153.35,76,5,53.5,2,7.57,3,24.04,1
158.2,33,6,31.32,10,4.23,5,15.26,0
129.19,86,6,50.97,5,5.91,4,23.72,1
106.7,82,7,48.7,4,6.54,4,23.93,1
164.57,77,10,39.46,5,8.72,2,22.1,1
159.87,46,5,39.24,7,5.96,6,22.5,0
73.66,84,9,39.11,9,5.57,5,15.98,1
96.21,65,6,38.66,8,4.61,6,26.37,0
163.61,52,3,38.0,4,7.52,4,23.12,0
166.54,59,6,37.65,7,4.9,4,16.27,0
120.81,67,7,31.1,6,7.16,5,29.16,0
176.68,38,6,38.25,8,4.89,4,16.77,0
150.63,84,12,37.63,11,5.39,5,10.27,1
110.78,61,8,35.83,8,4.13,4,22.47,0
91.95,47,8,45.74,6,5.87,5,28.52,0
170.55,74,8,50.51,5,5.74,4,27.08,1
133.1,79,8,46.85,6,5.81,4,23.41,0
167.93,74,2,28.63,5,4.76,7,31.55,1
148.83,71,7,38.91,8,5.99,5,19.55,1
111.3,51,7,44.35,6,5.26,5,28.15,0
136.27,52,5,37.89,5,7.07,4,24.22,0
118.77,57,8,29.01,7,5.94,5,27.34,0
150.56,67,8,41.03,9,4.71,6,26.29,0
133.35,71,8,34.81,7,5.79,5,23.8,0
145.07,73,5,45.2,6,3.83,6,29.18,0
146.96,76,12,56.09,9,5.18,4,13.37,1
120.27,77,8,31.67,9,4.76,4,16.8,0
92.73,50,8,59.62,4,6.92,4,30.58,1
100.27,46,6,44.05,6,5.78,5,29.73,0
108.34,60,9,34.37,8,6.96,6,26.13,0
174.49,55,6,29.11,7,7.06,5,23.19,0
97.32,81,7,28.33,8,6.83,5,16.87,1
94.24,76,8,53.05,6,5.64,4,25.94,1
121.52,47,8,36.63,8,4.62,3,18.27,0
137.28,77,6,40.42,5,6.01,4,27.64,0
181.9,53,10,45.07,9,5.97,6,18.93,1
134.25,64,9,31.35,8,3.73,3,20.51,0
149.92,73,8,45.07,5,6.7,4,26.45,1
102.53,87,9,47.53,7,6.64,4,19.19,0
96.15,64,10,27.42,9,5.7,6,28.72,0
127.01,31,7,33.0,9,4.31,4,16.33,0
132.44,62,6,50.79,5,6.18,5,30.06,1
149.7,32,5,45.77,6,6.28,5,24.41,0
142.22,69,8,33.84,6,7.05,4,24.95,0
76.65,20,7,46.16,6,4.43,3,25.48,0
143.96,62,7,29.75,8,3.6,4,19.77,0
138.53,25,4,35.42,9,4.96,5,11.05,0
181.04,78,6,39.13,8,4.92,6,22.49,1
153.26,54,9,46.53,7,5.22,4,24.14,0
109.92,49,6,28.88,9,3.88,4,15.85,0
151.45,49,8,28.77,9,4.11,3,13.52,0
114.95,63,4,38.22,7,4.98,5,16.32,0
116.48,58,7,45.67,8,6.67,5,17.31,1
176.28,79,6,27.02,6,7.26,4,22.58,1
122.27,86,7,44.29,5,6.3,4,24.9,0
147.26,78,9,28.34,8,3.43,4,23.24,0
165.07,33,9,49.19,8,5.76,4,22.07,0
162.85,45,9,65.51,6,4.39,5,35.4,1
117.7,68,7,44.33,6,5.91,5,26.92,0
199.46,79,7,31.54,8,4.48,4,15.72,0
146.64,79,5,61.73,5,4.52,5,26.47,1
131.28,51,6,30.32,9,5.31,4,8.48,0
125.3,98,7,32.66,4,8.76,2,17.68,1
105.05,64,10,36.78,9,5.66,4,16.63,0
112.23,83,7,35.16,7,6.79,5,15.65,1
112.29,60,9,29.73,8,6.26,5,25.53,0
87.58,63,8,37.46,9,5.89,4,14.19,0
146.2,106,8,37.71,6,5.7,4,19.68,1
169.53,67,9,38.16,6,7.75,4,27.1,1
106.49,59,10,27.46,7,7.79,4,25.47,0
163.7,57,5,58.07,3,6.72,4,29.96,1
168.07,46,7,35.81,7,6.31,5,23.4,0
134.71,75,7,59.87,4,5.34,4,26.52,1
140.77,88,9,29.43,9,5.9,5,14.12,1
151.99,58,7,48.33,6,5.64,4,25.74,0
163.17,61,7,34.44,9,6.12,5,8.55,0
111.74,52,6,49.58,6,6.3,5,26.16,0
101.4,66,10,24.4,8,6.77,5,26.54,0
165.55,55,10,35.82,8,4.65,5,31.04,0
166.16,46,6,31.83,8,6.66,5,22.6,0
158.41,42,5,34.14,5,7.15,5,27.06,0
100.45,33,5,51.16,5,6.0,4,27.05,0
131.44,54,3,36.86,7,6.31,7,22.46,1
128.69,69,6,58.84,4,4.98,4,30.58,0
190.77,29,7,42.04,8,5.12,4,18.78,0
137.32,82,6,46.17,3,7.93,3,22.36,1
123.36,67,8,32.22,8,6.73,5,20.71,0
162.32,80,8,46.77,6,4.87,5,29.29,0
141.98,67,7,46.73,6,6.77,4,23.87,0
98.08,33,6,36.42,9,4.82,5,15.76,0
112.35,84,6,44.72,5,5.62,4,25.55,1
106.62,34,4,42.39,8,4.18,7,27.07,0
119.61,87,10,33.15,9,6.03,4,14.43,1
150.1,49,7,40.97,7,4.7,4,21.1,0
146.4,39,6,29.32,9,3.51,4,16.6,0
112.9,76,8,59.25,5,5.43,4,25.66,1
126.92,55,8,33.48,7,5.48,5,30.8,0
136.52,46,6,42.16,6,6.82,5,24.33,0
56.12,49,7,42.56,5,5.76,5,34.44,0
123.69,70,10,35.87,9,6.38,5,15.28,1
150.79,49,8,35.3,8,4.24,3,18.09,0
95.23,36,7,30.22,10,5.07,4,9.56,0
113.11,92,6,44.38,4,6.56,4,21.85,1
121.64,45,7,33.82,9,5.87,6,21.46,0
120.43,37,5,37.68,7,5.94,6,24.73,0
159.11,52,4,45.02,6,3.79,6,29.38,0
149.85,65,10,33.02,8,5.6,5,27.79,0
104.23,47,7,41.76,7,4.49,4,23.39,0
147.51,68,5,47.54,4,5.13,4,29.15,0
115.0,43,8,46.48,7,5.36,4,21.98,0
160.52,58,5,42.02,5,5.6,5,26.98,0
187.09,25,4,33.06,7,7.05,6,20.27,0
49.62,69,8,28.1,9,4.58,4,13.6,0
90.49,51,8,46.15,8,6.96,5,19.02,1
146.08,64,8,20.73,10,3.77,4,11.67,0
161.26,56,5,43.37,7,5.62,6,24.05,0
69.18,58,7,43.53,5,5.19,4,32.07,0
149.38,105,4,33.85,5,5.41,5,22.12,1
105.21,83,8,38.33,8,5.51,5,18.73,0
145.33,84,11,45.3,9,5.53,4,13.82,1
88.36,70,7,37.82,7,5.26,3,15.8,0
143.52,66,9,56.1,5,5.65,4,32.84,0
173.52,54,6,33.28,6,7.47,5,22.07,0
121.36,45,9,40.26,8,5.38,5,29.88,0
97.18,56,10,26.16,9,6.89,5,21.95,0
177.71,53,6,26.25,8,3.07,4,17.26,0
159.81,80,5,37.16,6,5.99,5,21.4,1
107.59,52,6,33.21,7,7.14,6,23.09,0
94.76,39,9,31.37,9,4.35,3,14.91,0
150.0,44,6,24.92,10,4.29,4,9.33,0
131.62,55,8,41.31,8,5.44,5,21.65,0
119.97,50,7,44.17,6,4.79,5,29.89,0
192.89,74,9,41.22,6,4.43,4,28.63,0
91.5,57,5,61.77,2,7.17,3,28.74,1
147.7,51,8,35.21,9,4.77,4,17.73,0
111.32,48,5,43.44,7,4.23,6,30.01,0
113.32,65,5,43.19,6,5.7,6,23.81,1
157.94,34,6,34.03,7,6.84,5,27.77,0
150.93,74,8,33.63,8,5.63,6,24.64,0
123.07,75,12,25.12,9,6.62,5,27.35,0
90.34,71,7,48.71,7,6.66,5,18.84,0
127.6,86,8,42.7,4,5.77,4,32.51,0
140.86,62,7,42.83,6,4.05,4,27.92,0
101.12,58,9,40.47,7,4.89,3,20.91,1
123.27,62,7,34.06,9,5.21,4,12.2,0
148.79,71,8,28.88,9,6.5,5,20.18,0
163.73,74,6,48.71,5,5.85,5,25.54,0
138.72,48,8,43.09,8,5.48,4,19.01,0
101.11,61,7,43.64,6,6.01,5,27.81,0
207.36,84,7,29.66,9,5.19,5,11.92,0
142.82,80,8,57.77,5,5.86,3,23.95,1
140.9,76,8,29.26,10,5.9,6,16.39,1
137.33,53,9,49.84,7,5.55,5,27.73,0
163.19,95,11,38.47,8,5.11,5,22.85,1
108.3,64,8,44.67,6,5.22,4,24.9,0
141.05,56,10,37.55,8,5.78,6,31.94,0
187.78,52,8,64.95,5,5.61,5,31.39,1
148.68,87,8,39.92,7,4.43,6,28.23,0
182.78,80,5,36.57,7,5.43,6,22.22,1
58.99,44,9,23.89,8,8.16,5,27.1,0
151.06,48,5,26.87,9,4.16,4,10.17,0
165.43,61,9,46.92,5,5.25,4,35.71,0
97.36,80,6,49.83,3,7.98,3,22.22,1
100.29,88,7,34.34,7,4.85,5,22.01,1
100.89,82,9,45.72,6,6.49,4,23.83,1
115.34,59,5,42.61,6,4.06,5,31.76,0
114.73,71,8,40.86,8,6.82,5,14.07,1
98.74,69,8,41.22,7,7.78,4,13.49,1
181.22,67,5,40.31,7,6.03,6,19.51,1
106.28,68,7,41.29,7,4.75,4,22.55,0
108.75,44,7,30.98,9,4.82,4,11.87,0
95.29,90,9,46.97,7,4.55,5,24.65,1
137.71,56,8,31.64,9,5.13,4,13.59,0
83.52,68,6,28.98,7,6.81,6,20.4,1
172.2,57,7,38.82,8,5.25,5,16.07,0
92.01,85,10,37.35,10,4.76,5,16.44,1
81.95,58,5,36.93,7,4.23,5,22.69,0
100.2,35,8,44.53,6,5.18,5,33.07,0
148.26,66,9,26.04,10,4.51,4,11.29,0
142.1,57,5,32.58,5,2.28,3,27.73,0
145.54,71,9,39.54,7,5.02,4,22.35,0
154.97,68,4,55.07,4,5.44,5,29.72,1
103.37,75,6,32.91,8,5.91,6,20.92,1
95.91,33,6,43.33,8,5.0,5,19.53,0
144.91,40,6,39.67,8,4.56,6,29.57,0
137.64,63,6,44.9,6,5.86,5,24.49,1
178.35,44,7,28.76,7,8.36,5,20.85,0
147.1,37,4,37.26,5,6.66,4,25.45,0
87.91,83,8,40.65,6,5.47,5,26.39,1
81.15,60,9,39.56,8,5.6,4,16.91,0
91.37,50,9,40.44,8,5.22,3,17.84,0
134.25,67,10,48.01,9,6.15,5,15.1,1
124.84,55,7,25.39,8,2.47,3,20.79,0
118.37,35,8,40.47,8,5.32,4,16.82,0
139.81,74,6,29.23,8,3.9,4,17.41,0
85.17,73,7,32.76,7,3.71,3,20.03,0
160.57,62,8,29.01,10,5.74,6,20.5,0
126.76,49,6,36.65,7,3.53,4,24.77,0
122.78,91,7,26.92,7,6.37,5,18.84,1
122.48,38,5,53.14,6,4.88,5,26.91,0
100.45,86,6,27.39,7,3.0,4,20.68,0
109.06,69,6,49.03,4,6.69,4,27.61,1
137.97,52,8,41.08,8,5.35,4,19.65,0
113.09,81,9,49.12,6,6.11,4,24.15,1
159.79,104,8,29.99,7,4.71,4,21.55,1
151.63,58,8,34.29,8,5.52,5,26.82,0
135.71,47,7,42.4,5,7.02,4,26.89,0
99.41,60,6,30.09,8,4.21,3,13.68,0
151.92,56,7,35.72,8,4.5,4,19.09,0
126.56,68,7,38.48,7,5.93,5,25.22,0
125.63,48,5,30.29,6,6.84,5,25.87,0
176.7,20,6,31.27,9,3.54,4,15.6,0
130.89,54,6,47.64,7,4.78,6,25.79,0
129.34,22,5,33.23,9,4.07,4,15.75,0
177.39,75,6,63.55,4,5.1,4,26.46,1
149.9,62,7,40.81,5,5.85,4,29.06,0
206.97,72,8,51.96,4,8.11,3,23.51,1
99.92,67,9,45.13,7,7.4,4,14.65,1
124.66,63,10,54.23,8,4.45,5,31.27,1
104.36,88,8,38.04,6,6.27,4,24.24,0
177.11,29,7,32.64,8,3.29,3,21.32,0
160.82,66,8,34.41,8,4.06,4,23.12,0
118.85,40,6,23.38,10,3.26,4,12.77,0
107.76,50,5,44.32,6,5.67,6,27.2,0
123.93,84,8,42.62,7,4.99,5,26.14,1
154.92,79,8,52.95,4,5.59,4,29.68,0
154.7,81,7,51.26,5,6.25,4,24.18,1
122.76,70,8,45.87,7,6.26,5,19.61,0
194.6,19,7,34.98,9,4.31,4,16.41,0
129.61,66,6,38.16,7,4.3,4,22.52,0
175.42,52,6,44.28,8,5.09,6,22.59,0
103.33,63,9,36.85,9,5.17,6,24.92,0
127.51,66,9,36.85,8,5.44,5,25.43,0
207.67,36,6,31.16,7,7.1,5,28.67,0
108.73,55,9,62.61,4,6.73,3,28.93,1
151.3,89,3,10.22,6,7.43,5,21.66,1
136.08,67,8,36.34,6,6.42,5,30.6,0
76.73,69,5,26.8,7,7.23,6,20.78,1
108.11,65,8,33.73,9,5.44,6,21.48,1
142.27,57,7,37.43,8,6.62,6,19.27,1
134.04,80,9,39.75,7,4.58,3,24.98,0
109.11,48,6,40.59,5,7.08,4,22.05,0
147.09,71,10,44.95,7,5.47,5,28.62,0
111.07,89,8,44.39,5,6.31,4,22.72,1
75.8,68,10,26.85,9,6.4,5,24.77,0
166.72,34,7,50.75,6,5.18,4,25.94,0
140.66,83,8,49.5,6,5.69,4,24.55,1
126.48,81,6,28.65,9,5.25,5,9.75,0
89.25,44,8,47.68,6,4.88,4,27.4,0
105.84,82,6,55.65,4,6.22,4,23.63,1
128.54,81,8,33.66,7,4.31,3,19.05,0
128.93,89,7,43.07,5,6.56,4,22.51,1
154.12,82,7,45.45,6,4.52,5,29.79,0
163.75,74,11,39.61,10,7.25,5,6.08,1
76.59,112,8,35.58,6,6.43,4,16.76,1
145.11,97,7,20.59,9,5.02,6,19.8,1
105.6,82,9,32.41,8,6.12,5,17.18,1
147.61,57,7,36.47,7,3.53,4,26.34,0
154.85,48,7,36.03,8,4.74,4,18.27,0
107.98,43,6,28.63,10,5.0,5,7.2,0
154.89,61,8,30.06,8,4.11,3,17.49,0
124.22,68,7,32.4,6,5.59,5,28.18,0
121.87,86,9,32.67,9,5.15,5,17.99,1
126.8,70,7,35.5,8,6.48,6,16.69,1
170.67,49,7,36.31,6,7.13,4,24.63,0
152.51,68,10,44.6,9,5.77,5,15.86,1
81.83,68,10,49.57,9,6.34,5,12.74,1
107.81,55,5,40.93,6,5.82,5,28.92,0
112.29,48,6,36.72,9,5.91,5,10.09,0
162.08,65,8,36.1,8,5.0,4,19.26,0
85.97,82,7,36.48,8,5.43,5,20.32,1
129.27,31,7,25.63,8,7.46,5,22.15,0
149.27,42,5,45.2,5,6.1,5,31.74,0
103.7,47,6,37.25,7,6.42,5,22.77,0
188.72,44,8,33.98,9,7.0,6,20.9,0
102.71,91,8,38.15,5,7.41,3,21.03,1
103.99,40,6,38.88,7,3.61,4,25.33,0
194.37,74,8,46.58,5,7.41,4,24.56,1
86.27,71,7,43.25,5,4.58,4,27.83,0
134.94,102,8,37.64,7,5.2,5,21.54,1
166.35,76,9,46.3,7,6.95,4,15.46,0
124.2,72,7,35.81,8,7.01,6,21.33,0
167.65,75,8,34.98,9,5.04,6,19.08,1
81.7,98,7,35.7,5,7.49,3,19.56,1
155.88,52,5,27.5,7,2.01,4,23.85,0
169.25,99,6,22.34,8,5.62,6,17.21,1
91.1,41,7,37.41,8,4.66,4,17.81,0
117.69,33,4,29.4,9,3.36,4,15.02,0
113.24,59,6,40.18,6,6.08,5,25.37,0
141.6,94,7,27.29,7,5.13,5,22.43,1
158.43,48,9,34.34,9,6.55,6,24.18,0
111.44,37,8,42.86,8,5.85,4,14.7,0
134.09,50,9,46.35,7,5.79,3,20.07,0
193.04,90,4,23.34,7,5.65,6,22.13,1
116.02,49,7,38.95,7,6.51,5,24.13,0
93.83,28,6,28.51,8,2.9,2,15.84,0
81.46,47,6,36.71,7,5.78,6,24.23,0
118.02,76,6,30.34,8,4.76,6,26.24,1
118.46,66,5,21.61,9,2.83,5,16.3,0
93.25,83,6,39.37,3,8.71,3,21.61,1
135.14,60,7,38.13,8,5.86,5,15.13,0
152.41,59,10,56.86,9,5.31,5,16.06,1
165.26,57,5,63.06,3,6.22,4,30.12,1
136.77,51,9,28.36,9,6.78,5,25.5,0
103.85,39,4,44.94,6,6.05,6,24.51,0
96.52,51,7,47.72,8,4.68,6,28.24,0
174.27,88,4,15.11,6,6.89,5,21.47,1
172.39,97,8,37.84,6,6.11,4,21.34,1
206.21,70,9,44.3,6,6.89,4,26.75,1
163.87,44,5,32.24,9,4.26,5,17.38,0
101.07,61,5,52.19,5,5.71,5,26.7,0
167.47,58,7,35.13,7,5.8,5,26.74,0
76.14,63,9,49.99,8,6.23,5,15.54,1
79.92,69,7,47.01,6,4.39,5,27.48,0
152.62,66,6,33.9,7,7.38,5,16.91,0
141.95,46,7,37.42,8,5.85,6,26.5,0
164.04,57,6,25.37,7,8.25,6,19.35,0
81.89,62,7,61.23,6,4.18,5,31.73,1
160.41,65,5,54.58,3,7.96,3,25.96,1
92.49,45,5,39.49,5,7.5,5,21.49,1
96.22,55,9,32.89,9,5.16,6,29.22,0
145.73,85,2,57.6,3,5.39,5,24.93,1
122.94,101,9,36.76,5,8.34,3,16.45,1
134.08,69,9,30.57,8,6.6,5,24.8,0
152.19,47,4,39.91,6,3.46,5,26.69,0
134.22,39,5,41.52,8,4.99,6,27.15,0
124.13,66,8,41.08,8,6.97,5,16.04,1
162.38,54,5,20.94,9,2.76,4,15.52,0
68.46,90,6,24.37,7,6.31,5,18.08,1
153.88,36,4,37.12,7,6.39,6,20.63,0
172.24,88,6,29.66,7,6.53,5,16.93,1
161.01,59,6,42.25,7,6.05,5,22.92,0
172.79,88,8,42.93,5,6.74,4,22.3,1
160.26,89,6,31.77,7,6.37,4,18.79,1
79.35,78,6,24.04,7,6.69,5,22.17,1
83.37,68,6,38.59,8,5.05,6,23.88,1
175.67,85,6,47.99,4,6.47,4,23.55,1
116.55,58,8,42.29,9,6.46,5,14.11,0
136.22,90,9,27.83,9,6.9,4,11.75,1
142.02,61,11,22.91,9,6.67,6,30.4,0
40.76,29,7,32.99,9,5.36,6,27.71,0
193.2,53,7,52.37,5,6.29,5,32.07,1
191.62,37,9,22.43,10,6.44,6,25.43,0
74.94,65,8,30.42,8,4.1,4,17.22,0
123.58,53,13,14.3,11,7.04,6,25.51,0
104.33,64,7,34.67,8,3.86,4,22.95,0
166.56,92,11,26.74,9,4.88,6,30.99,0
150.86,71,4,32.12,7,5.85,6,23.27,1
117.71,56,8,26.77,10,4.16,5,15.26,0
113.65,64,10,54.08,6,6.06,4,27.99,1
155.18,72,9,34.57,6,5.87,4,31.23,0
111.07,80,9,46.31,5,7.39,3,22.74,1
140.01,71,8,29.96,7,7.06,5,25.72,0
52.42,70,5,31.57,7,7.47,5,17.45,1
137.46,80,10,52.24,7,5.59,4,17.29,1
125.25,64,6,41.9,7,6.73,5,17.3,1
160.62,59,8,46.74,8,6.09,5,18.78,1
153.98,67,2,24.22,6,7.37,6,23.55,1
145.16,68,6,23.77,8,2.14,3,21.96,0
162.61,84,10,45.32,9,5.7,4,13.96,1
161.26,46,14,64.6,12,5.48,5,11.6,1
134.79,69,8,48.09,6,7.24,3,17.94,1
164.21,67,10,23.44,9,5.09,5,31.67,0
139.71,86,10,47.71,6,5.29,4,28.34,0
130.07,41,6,36.39,8,6.39,6,21.13,0
104.13,48,7,67.4,4,4.82,5,33.92,1
124.02,26,7,34.38,9,4.37,4,15.32,0
127.58,78,12,28.12,10,5.63,6,24.03,0
139.43,67,7,66.73,6,4.21,5,29.5,1
120.78,72,9,43.32,7,6.3,4,19.23,1
156.64,89,7,36.83,6,5.72,5,24.77,1
167.46,53,7,35.39,6,6.39,4,25.59,0
125.89,76,10,25.42,9,6.57,5,26.38,0
144.2,88,7,41.06,7,5.42,5,19.48,1
89.11,75,10,44.47,7,6.27,4,25.99,1
107.73,55,9,66.87,6,4.45,5,32.04,1
153.08,102,5,40.31,5,5.61,5,21.35,1
102.09,80,9,43.9,5,7.16,4,23.43,1
148.39,64,7,50.24,6,4.79,5,27.43,1
130.59,63,8,37.61,10,6.21,6,16.01,1
139.3,88,4,24.28,5,6.61,5,22.35,1
124.29,38,6,28.05,9,3.72,3,14.17,0
131.55,73,7,31.33,6,2.84,3,24.94,0
136.88,58,8,41.92,9,6.74,5,10.57,0
132.32,71,5,57.21,4,5.7,4,27.89,1
120.71,62,7,33.84,8,4.36,4,19.33,0
68.53,69,8,37.07,7,6.26,5,24.3,0
157.94,97,8,44.83,5,6.44,3,20.23,1
154.4,94,5,21.33,6,7.82,4,14.91,1
112.74,66,7,50.58,5,4.39,4,30.93,0
125.75,53,9,37.9,7,7.31,4,23.84,0
139.16,65,6,31.34,8,6.74,6,19.64,0
105.81,81,10,47.1,8,5.03,4,18.88,1
125.26,63,6,47.5,3,8.29,3,27.11,1
84.14,69,7,46.5,6,5.69,4,22.69,0
113.93,66,8,34.92,9,5.23,5,16.88,0
87.65,67,8,40.84,6,5.88,4,29.78,0
95.26,84,8,50.81,5,6.09,4,23.4,1
171.91,54,6,34.82,7,8.1,5,18.17,0
148.57,69,9,33.1,10,5.78,5,13.06,0
133.11,66,8,28.01,9,3.7,4,17.12,0
152.67,67,7,39.53,7,4.88,4,21.82,0
124.09,50,5,38.18,7,3.49,4,27.51,0
145.48,57,6,62.89,4,5.1,4,30.01,0
123.54,85,8,43.43,6,5.59,4,25.04,1
141.66,32,4,32.93,9,4.53,6,15.18,0
128.72,49,6,39.49,7,4.34,4,22.64,0
150.56,68,9,38.59,11,4.67,7,17.45,1
171.24,50,9,41.81,8,4.67,6,31.34,0
140.33,65,5,55.37,2,7.73,3,26.62,1
127.97,61,10,31.9,9,5.85,5,23.6,0
76.48,51,6,33.24,8,3.82,4,18.2,0
143.27,51,8,38.18,6,5.64,5,32.19,0
135.18,88,8,31.05,8,6.41,5,14.72,1
133.82,78,6,54.91,5,5.02,5,26.89,1
120.52,102,5,15.44,7,6.1,5,19.49,1
148.52,62,6,21.54,10,3.25,5,14.98,0
120.03,68,7,44.78,8,6.15,5,17.12,1
122.77,49,8,42.11,8,5.93,4,15.49,0
115.51,37,6,27.39,10,4.33,4,10.63,0
204.27,52,7,33.86,7,6.54,5,25.32,0
164.26,71,4,20.76,7,7.72,6,18.89,1
73.73,80,6,46.04,4,6.94,4,24.25,1
104.45,78,6,57.1,6,3.95,5,28.29,0
128.86,74,7,53.57,5,5.44,4,27.34,1
152.32,71,8,26.41,9,6.95,6,14.76,1
126.07,73,7,32.72,8,5.54,5,23.47,1
121.5,75,7,44.14,7,5.29,5,21.16,1
102.28,82,3,19.88,7,5.84,7,23.36,1
145.83,41,10,26.0,9,7.93,5,20.33,0
138.74,65,8,38.21,8,6.87,5,16.43,1
135.23,80,5,53.29,4,6.01,4,25.05,1
90.94,77,10,28.77,10,5.82,6,21.2,0
136.69,85,4,37.31,6,5.84,5,20.16,1
133.02,22,6,37.57,7,2.95,3,24.62,0
137.0,85,6,30.24,8,4.84,6,22.18,1
111.86,51,6,51.35,4,5.72,4,28.52,0
127.9,79,7,42.54,7,5.28,5,22.89,0
116.59,83,8,50.26,7,7.14,5,19.24,0
158.16,78,9,31.17,10,6.08,6,14.93,1
142.57,85,6,33.21,6,7.1,4,16.83,1
136.31,45,4,42.61,7,5.08,6,23.51,0
148.62,81,8,25.7,9,6.64,5,14.81,1
96.18,76,9,44.66,7,5.47,5,27.33,1
127.7,78,6,38.59,7,6.82,5,17.25,1
178.07,54,9,30.24,10,4.35,6,25.16,0
178.51,65,8,41.75,6,6.01,5,26.42,0
174.91,59,7,71.39,4,4.68,4,30.22,1
158.94,54,4,32.94,5,6.68,5,25.23,0
120.57,81,6,61.26,4,4.81,4,25.69,1
137.0,69,6,26.1,9,4.29,4,11.09,0
59.01,37,8,37.42,9,6.0,4,9.13,0
127.74,59,7,33.51,8,4.52,4,16.96,0
169.01,49,3,53.63,4,6.51,5,23.59,0
210.13,33,7,31.84,6,9.04,4,23.85,0
88.52,48,6,40.78,8,6.32,6,21.03,0
69.19,59,7,50.22,8,6.56,5,16.3,1
116.67,80,5,16.48,8,7.02,6,19.11,1
106.79,64,7,31.81,9,5.08,5,14.19,0
152.54,73,9,56.35,6,4.98,4,27.34,1
89.11,64,7,47.7,5,5.03,5,30.72,0
136.84,63,11,43.41,6,7.83,4,26.76,0
156.22,76,5,35.16,7,4.17,5,22.35,0
115.54,90,6,44.76,6,4.98,5,24.93,1
99.11,25,9,45.19,8,5.85,4,17.62,0
129.47,69,9,53.07,5,6.79,4,25.78,1
170.04,73,9,45.21,9,4.79,5,19.58,1
127.75,60,7,45.32,6,4.8,4,24.98,0
146.29,61,8,34.2,7,6.1,6,30.04,0
145.86,59,9,32.54,7,7.89,5,24.88,0
100.67,60,6,34.24,7,4.19,6,30.48,0
91.94,56,6,34.69,8,4.2,5,18.95,0
97.55,43,6,27.2,8,6.9,5,18.85,0
192.31,67,9,40.44,8,5.85,4,16.51,0
210.92,73,9,56.66,6,7.22,5,25.32,0
123.12,87,6,47.57,4,6.78,4,22.41,1
118.37,93,8,33.74,8,6.28,4,14.24,1
155.21,79,6,18.43,8,8.16,5,12.84,1
76.29,69,11,46.87,9,6.04,4,13.94,1
89.91,65,7,38.47,6,8.25,4,16.2,1
107.56,58,8,28.92,10,4.97,5,13.28,0
137.7,65,11,50.77,9,6.35,5,12.47,1
117.77,82,9,41.98,7,6.61,4,14.19,1
105.67,55,7,33.34,8,4.1,4,17.06,0
81.56,86,6,40.33,5,5.97,4,25.31,1
70.59,83,9,41.92,4,8.44,3,20.81,1
157.97,69,8,40.57,8,5.38,5,23.56,0
99.72,82,8,50.81,6,5.37,5,25.39,1
147.82,54,7,26.62,8,7.65,5,19.53,0
182.11,48,7,30.59,8,6.68,6,23.47,0
166.22,62,8,34.01,8,7.42,5,15.78,1
125.43,69,9,31.45,10,5.04,6,25.71,0
116.99,94,5,50.83,3,6.48,3,20.66,1
104.48,64,7,40.78,9,4.55,7,21.3,1
160.97,68,10,45.85,5,7.53,3,25.88,1
143.12,63,7,38.01,6,5.19,5,30.05,0
136.76,87,5,42.24,6,4.97,5,22.25,1
180.27,51,4,43.05,5,5.6,5,27.62,0
148.81,53,4,56.33,7,3.77,7,25.51,0
158.54,56,5,45.79,6,5.16,5,26.49,0
109.67,50,4,44.03,5,5.84,5,30.17,0
170.63,44,7,40.29,7,4.61,4,20.78,0
130.83,29,3,38.45,6,7.2,5,24.56,0
140.84,55,6,31.69,9,5.14,5,11.58,0
164.4,56,11,67.73,9,2.44,6,34.34,1
127.82,57,8,32.4,9,5.64,6,24.31,0
135.46,70,7,59.75,4,4.58,3,30.36,0
58.89,73,5,43.38,5,6.73,4,22.17,1
136.95,39,4,31.95,10,5.74,6,4.37,0
89.64,26,6,42.22,7,6.26,5,25.89,0
55.83,96,5,30.58,5,6.32,4,20.19,1
157.1,51,8,45.23,6,5.16,3,23.17,0
116.15,57,6,30.56,8,4.2,4,16.56,0
145.6,66,5,57.39,2,8.21,3,25.04,1
148.02,110,6,39.8,6,5.32,5,19.17,1
107.25,60,7,45.21,7,5.1,4,23.49,0
94.73,66,8,28.14,7,7.06,5,26.08,0
150.75,56,9,44.56,8,6.52,5,18.79,0
149.85,52,8,39.65,7,6.42,5,27.64,0
196.88,70,9,38.74,8,5.59,5,25.17,0
174.84,58,10,30.47,10,4.79,5,24.36,0
192.32,28,3,41.35,6,6.4,5,24.44,0
158.49,55,3,46.95,6,5.38,6,23.83,0
165.07,50,6,33.35,9,5.28,5,12.67,0
129.33,79,7,38.06,7,6.1,5,18.68,1
161.06,73,10,42.67,7,5.64,4,21.81,0
162.32,31,7,53.54,5,4.68,3,30.98,0
136.26,67,9,40.11,8,4.83,5,27.63,0
149.5,84,11,42.94,8,5.97,4,23.8,0
165.65,79,8,47.07,5,6.74,4,24.1,1
132.49,73,10,36.2,9,5.48,4,15.99,0
161.21,36,6,38.29,6,6.75,5,28.78,0
199.1,56,5,67.53,3,5.9,4,30.39,1
107.76,60,9,44.56,8,6.74,4,14.0,0
192.44,66,9,30.45,9,5.06,6,27.51,0
142.2,80,8,39.56,8,6.25,5,15.79,1
118.3,47,8,34.42,7,7.01,5,23.85,0
113.66,63,5,54.25,2,8.65,3,25.77,1
151.96,67,4,44.22,5,6.6,5,24.55,0
127.74,41,5,33.92,7,6.82,6,25.3,0
104.91,75,8,26.47,8,6.56,5,20.34,0
76.83,67,6,33.02,7,6.63,6,20.69,1
126.32,75,9,45.29,8,6.78,5,16.87,0
191.78,68,6,26.05,9,3.95,5,16.06,0
169.28,50,6,27.27,9,3.59,4,15.28,0
184.68,53,5,40.58,5,6.33,4,26.63,0
154.52,55,7,30.59,10,5.01,5,10.79,0
156.14,82,8,48.95,5,6.28,4,23.84,1
183.57,82,9,35.91,6,5.69,4,31.54,0
172.75,75,5,53.22,3,6.28,4,26.35,1
88.02,53,7,25.84,7,7.98,4,22.15,0
98.78,55,6,52.11,5,5.94,4,25.62,0
117.84,51,7,33.09,9,4.49,5,17.21,0
135.61,82,5,29.86,7,5.18,6,24.27,1
124.99,80,6,37.9,6,5.56,5,22.31,1
113.63,34,4,37.08,6,3.0,4,24.3,0
114.89,87,6,48.85,6,4.79,5,25.37,1
119.28,84,9,41.63,7,7.68,3,11.43,1
151.34,65,8,44.98,7,5.39,4,23.68,0
113.79,58,4,38.65,6,6.14,5,24.46,0
129.45,35,8,44.45,8,6.39,4,14.01,0
135.52,75,5,62.87,7,2.29,7,31.29,1
131.83,70,8,29.41,8,7.23,5,18.39,0
112.82,87,7,24.06,9,3.8,4,17.02,0
161.32,61,9,29.54,9,4.5,3,12.4,0
185.07,75,8,30.12,9,4.55,4,15.84,0
79.13,46,7,35.92,10,6.23,5,9.42,0
148.15,47,8,42.7,8,4.96,6,27.29,0
116.62,56,6,49.06,5,5.43,4,28.41,0
133.33,46,9,18.57,10,8.31,5,17.55,0
152.81,59,4,44.64,5,4.13,5,31.42,0
130.09,70,6,46.09,5,7.15,4,18.73,1
94.23,65,9,53.32,5,7.09,3,26.58,1
157.66,51,7,30.03,9,3.98,4,18.7,0
140.61,85,8,35.93,5,6.58,4,27.89,0
72.41,58,7,41.96,7,5.33,5,26.74,0
99.13,43,2,54.14,6,3.84,6,27.82,0
156.25,42,6,26.56,7,6.99,5,24.91,0
105.36,64,10,38.97,8,6.27,5,27.22,0
189.72,86,5,22.31,7,6.52,5,19.45,1
131.13,78,10,34.83,7,4.96,5,32.69,0
86.94,78,9,52.19,5,6.27,4,24.4,1
82.71,83,8,47.06,6,6.37,4,23.51,1
137.23,74,8,51.31,7,5.02,5,21.86,1
158.71,55,7,22.73,10,3.67,4,13.1,0
159.78,66,8,29.43,5,8.95,3,19.85,0
84.03,88,7,45.8,4,7.56,3,20.67,1
99.84,46,7,27.08,7,9.19,4,15.59,0
148.98,65,4,36.87,7,5.37,6,22.7,0
105.04,33,6,22.18,11,3.67,4,9.58,0
144.65,71,7,22.76,10,4.37,5,11.24,0
85.4,71,6,34.09,7,5.85,5,19.66,0
146.58,57,7,40.62,6,7.43,4,26.17,0
160.13,85,9,41.57,8,5.43,4,17.82,1
112.6,85,5,26.41,6,7.13,5,19.1,1
163.9,61,8,41.4,8,4.91,6,27.81,0
191.22,44,8,35.91,9,5.74,4,10.61,0
96.89,97,8,41.56,5,7.01,4,19.44,1
128.89,75,7,56.46,4,6.81,3,24.45,1
117.4,89,9,42.76,4,7.69,2,20.35,1
153.09,64,6,32.0,9,4.69,5,14.46,0
160.07,63,9,28.74,8,4.17,2,13.42,0
112.64,67,9,52.48,6,5.49,5,28.88,1
130.75,61,8,34.62,5,7.58,4,28.8,0
93.87,61,7,61.33,4,6.3,4,28.48,0
155.04,87,8,46.14,4,7.79,3,20.33,1
110.94,55,7,36.53,7,4.23,3,19.26,0
150.74,43,5,33.44,9,4.15,5,18.85,0
65.3,76,9,26.61,10,5.46,5,8.97,0
174.81,86,8,26.65,8,3.59,3,18.06,0
163.38,61,7,38.61,6,6.83,5,26.03,0
90.51,88,7,46.09,5,5.75,4,23.92,1
126.8,66,8,46.79,6,5.13,4,26.77,0
133.27,75,7,36.35,7,4.66,6,27.51,0
126.86,97,6,59.12,6,3.15,5,23.9,1
153.78,58,11,34.19,9,6.67,5,25.99,0
159.62,52,9,43.68,9,6.5,5,14.94,0
141.48,61,8,31.85,7,6.48,5,28.4,0
156.65,77,10,33.36,8,4.91,5,33.33,0
126.88,86,9,48.11,8,3.49,5,27.23,1
164.08,80,11,45.02,8,5.68,4,25.05,1
156.45,71,6,44.37,4,5.78,4,31.25,0
119.81,91,8,41.35,5,6.39,4,22.27,1
121.62,56,7,41.94,8,6.12,5,15.43,0
123.86,52,9,65.93,4,7.18,3,28.46,1
195.15,100,9,39.84,6,6.5,3,19.53,1
161.0,80,7,32.38,8,5.49,6,19.25,1
65.3,76,8,41.06,8,6.47,5,14.79,1
136.76,73,7,39.15,5,6.82,4,27.29,1
133.55,49,7,39.07,8,5.16,5,18.79,0
94.17,70,6,51.99,5,5.37,5,29.14,1
129.75,65,6,51.28,3,7.03,3,27.87,1
95.18,52,6,61.24,5,4.45,5,34.38,1
130.66,63,8,48.18,5,6.13,3,23.86,0
150.19,61,9,35.62,7,5.6,5,31.3,0
133.22,64,6,24.9,10,4.31,5,9.69,0
85.39,86,5,28.99,7,6.01,6,18.26,1
179.89,57,9,25.98,10,5.16,7,27.06,0
203.23,48,7,38.35,6,6.16,4,28.78,0
72.08,57,6,64.97,2,7.0,3,28.32,1
133.37,84,7,33.97,7,6.92,4,15.72,1
176.51,51,10,42.88,10,8.13,5,9.28,1
153.67,48,9,28.97,10,6.35,6,20.2,0
151.12,54,6,24.63,10,4.29,4,10.56,0
115.45,33,5,36.03,9,5.31,5,11.81,0
134.94,63,8,43.33,7,5.17,5,23.62,0
151.82,62,6,39.07,7,4.46,4,19.86,0
150.06,66,6,31.33,7,3.67,4,20.02,0
131.74,75,4,53.17,2,7.46,3,24.53,1
160.28,65,9,41.41,8,5.78,5,19.5,0
150.97,46,7,34.23,7,6.59,5,26.54,0
99.35,38,7,46.24,7,5.4,4,20.7,0
181.53,79,7,39.36,4,8.91,3,21.88,1
191.19,44,7,39.22,8,4.88,5,18.13,0
110.11,65,5,38.84,5,6.01,5,26.36,0
143.34,69,9,44.03,8,6.72,5,18.53,0
69.28,67,6,25.18,9,3.47,4,16.44,0
116.77,72,8,54.95,4,6.37,4,25.89,1
131.2,68,7,39.54,8,5.5,6,20.32,1
154.3,58,10,34.33,9,6.38,5,20.33,0
140.46,54,7,32.81,8,4.39,4,16.16,0
151.65,70,5,34.18,7,6.57,5,21.12,1
126.46,40,5,29.27,8,3.89,3,13.71,0
157.4,59,7,66.68,5,4.47,4,31.36,1
167.34,79,6,53.39,4,6.12,3,24.93,1
149.75,70,10,42.88,7,8.02,3,12.94,1
146.45,56,9,45.89,7,5.35,3,22.77,0
149.14,76,6,30.21,7,3.39,4,23.18,0
155.51,49,8,27.98,8,6.61,6,25.97,0
136.77,71,9,26.42,9,5.46,5,26.9,0
143.75,67,7,39.21,7,6.96,5,17.0,1
105.58,57,6,59.8,3,6.8,4,29.57,1
114.78,26,8,39.86,8,3.7,3,25.21,0
117.26,79,6,52.65,5,5.64,4,25.97,1
134.8,26,7,24.22,10,3.1,4,14.13,0
67.15,58,6,39.01,9,6.08,6,14.72,0
70.12,62,8,31.54,8,3.74,4,20.89,0
105.93,59,9,42.59,7,4.78,3,25.32,0
159.41,90,6,44.62,6,4.4,5,25.97,1
134.82,51,6,31.21,9,4.07,5,17.29,0
122.16,80,6,40.26,5,6.34,5,26.35,1
115.42,54,8,32.5,9,6.45,6,20.26,0
128.51,33,7,32.81,7,7.31,5,24.69,0
154.1,63,5,56.65,5,4.49,5,32.07,1
104.25,25,5,36.23,8,6.31,6,22.04,0
124.98,60,6,55.4,4,5.74,4,30.83,1
84.43,39,5,33.49,7,6.18,5,22.18,0
175.41,68,8,26.62,9,4.09,4,13.81,0
98.7,58,7,24.37,10,3.2,5,18.13,0
198.59,73,8,29.46,10,4.94,5,15.32,0
73.35,74,10,48.12,7,6.2,5,23.62,0
125.65,75,11,31.33,9,5.65,6,26.36,0
88.44,65,8,17.64,8,7.49,5,22.98,0
115.66,59,6,32.09,8,4.26,4,16.25,0
61.22,63,10,21.05,8,7.67,5,20.97,0
144.83,92,11,38.92,7,5.91,4,22.49,1
126.02,44,8,28.95,8,7.69,5,21.6,0
46.04,60,5,38.91,5,6.73,5,24.92,0
99.36,99,5,9.57,9,6.51,6,16.13,1
143.21,99,8,32.39,7,6.57,4,20.75,1
116.72,61,7,40.11,5,7.77,4,22.44,0
52.87,82,8,31.88,10,5.31,6,17.0,1
170.92,35,8,23.15,10,6.82,6,22.35,0
125.09,61,7,38.18,7,5.21,5,28.14,1
136.18,44,9,56.88,9,6.15,6,16.89,1
135.22,60,8,33.91,7,6.94,5,26.33,0
114.17,62,8,38.52,5,7.91,4,28.47,1
134.49,36,9,50.14,8,6.39,4,20.54,0
172.61,81,10,53.14,7,4.86,4,19.2,1
108.21,66,8,34.83,6,3.2,2,26.21,0
132.29,66,5,36.15,8,4.9,5,16.97,0
149.86,52,8,41.83,7,6.59,5,24.74,0
148.45,73,7,26.93,10,4.6,5,12.0,0
94.11,47,7,35.33,8,6.54,5,22.29,0
135.66,73,7,59.93,6,4.58,5,28.04,1
142.98,82,8,31.81,8,4.69,4,16.67,0
175.41,69,8,26.35,10,4.79,5,10.86,0
117.37,55,5,32.85,7,6.09,5,22.88,0
122.27,45,7,32.95,8,3.99,4,19.82,0
132.77,85,10,37.12,8,5.9,4,15.7,0
106.58,68,7,55.15,5,5.52,4,28.52,1
92.27,70,10,40.72,7,6.19,5,29.48,0
178.91,31,4,37.71,7,7.53,5,16.41,0
177.24,49,6,43.6,7,5.29,4,17.99,0
195.82,81,7,30.07,7,7.44,4,16.61,1
144.93,29,5,27.97,10,4.41,4,9.45,0
153.99,71,8,35.8,6,3.47,3,27.67,0
145.13,96,12,25.03,10,6.61,6,20.73,0
161.15,86,9,31.38,8,4.72,4,17.69,0
174.73,38,6,28.47,6,7.79,5,25.26,0
92.94,91,9,32.15,8,5.09,4,17.33,0
61.96,68,8,38.81,8,7.18,5,16.25,1
172.78,48,4,18.02,10,2.94,4,10.15,0
110.71,46,9,31.92,8,7.51,5,24.94,0
83.94,70,9,29.2,7,6.06,4,30.5,0
142.97,73,7,44.88,4,7.71,3,25.08,1
108.05,45,5,46.42,6,5.77,5,26.01,0
149.05,57,6,27.52,10,5.48,5,5.12,0
164.83,45,6,35.4,7,7.46,5,18.5,0
106.78,84,8,31.16,8,6.68,4,16.4,1
122.06,67,8,37.81,7,6.23,4,22.75,0
103.41,75,7,50.26,5,3.64,5,35.29,0
178.52,77,8,45.11,5,6.78,4,25.19,1
134.62,75,9,38.5,8,4.26,5,29.64,0
126.1,78,6,64.1,5,3.55,5,28.05,1
137.49,65,6,36.01,6,7.21,5,20.21,1
144.58,32,6,19.01,11,3.86,4,5.92,0
101.58,60,8,24.92,9,6.31,6,24.66,0
190.92,41,7,18.99,9,7.39,6,18.72,0
113.24,82,7,41.89,7,5.97,4,18.6,1
153.46,44,5,45.03,7,5.07,6,24.36,0
150.99,54,8,28.28,8,6.84,5,25.42,0
154.77,66,6,35.86,6,6.51,5,25.2,0
148.92,39,5,35.4,7,6.57,5,24.92,0
106.61,36,4,40.39,6,5.67,6,25.86,0
144.18,72,8,51.21,7,3.7,5,28.28,0
142.03,50,8,42.06,7,4.72,4,25.0,0
125.02,29,7,38.6,9,4.96,4,17.65,0
135.57,70,8,57.82,6,5.02,4,28.27,1
127.6,64,12,35.19,8,5.65,5,30.89,0
145.18,54,10,56.01,9,6.63,5,14.35,1
154.02,47,8,31.44,7,6.34,5,26.67,0
43.35,92,10,34.38,7,6.9,4,21.51,1
99.1,82,10,32.63,9,4.35,6,30.03,0
125.67,56,6,37.76,8,5.36,6,24.54,0
103.31,74,7,29.98,8,4.04,4,17.83,0
160.35,67,5,52.17,3,7.16,4,27.38,1
149.85,86,6,31.49,8,4.77,6,22.08,1
95.89,56,6,48.22,6,5.69,5,21.74,1
139.63,40,6,28.26,10,3.79,5,16.03,0
116.29,55,7,34.54,8,4.27,4,19.04,0
90.4,79,10,44.62,7,6.21,4,20.3,0
185.6,56,9,33.81,9,6.02,5,22.99,1
92.27,60,9,35.49,8,4.21,6,33.18,0
164.62,75,6,35.03,8,6.19,5,18.95,1
188.35,74,7,31.82,7,5.96,6,25.14,0
81.37,57,7,34.17,8,5.67,6,27.74,0
178.72,63,8,58.87,7,4.01,6,31.92,1
187.88,78,7,49.22,5,5.86,4,25.95,1
131.36,79,9,34.24,9,5.46,5,16.12,0
133.24,31,7,47.47,7,4.72,4,27.56,0
91.15,64,8,39.3,8,5.37,4,18.11,0
135.38,61,8,45.25,5,6.97,4,29.62,1
103.59,78,9,43.87,4,8.48,2,21.86,1
150.23,61,10,29.35,8,7.28,4,23.38,0
163.87,77,7,45.36,6,6.17,4,23.15,0
163.43,64,7,41.11,7,7.77,5,14.53,1
133.27,54,7,38.4,6,3.62,3,24.06,0
110.76,55,10,54.15,9,5.01,6,20.86,1
159.72,62,7,24.73,9,3.16,3,16.66,0
145.84,62,5,39.51,6,3.82,4,26.23,0
155.5,96,7,22.95,8,6.2,5,17.91,1
93.65,74,8,42.44,6,4.72,4,24.29,0
125.57,55,8,61.57,4,6.65,3,29.49,1
153.69,107,3,27.59,4,5.97,4,23.16,1
130.15,26,4,27.06,9,3.23,4,14.16,0
98.48,81,10,33.3,7,6.16,5,26.97,0
101.45,78,7,32.59,8,6.39,6,15.44,1
152.04,58,8,37.81,9,5.13,6,24.22,0
133.8,61,7,39.14,7,4.42,4,23.1,1
100.7,56,6,36.98,8,4.55,5,18.23,0
164.18,64,8,51.06,7,6.42,5,24.72,0
145.92,91,7,30.13,8,5.01,5,20.55,1
137.46,61,10,48.7,6,5.31,3,25.38,0
104.59,67,7,29.1,9,4.39,4,13.71,0
78.22,73,10,45.07,6,6.63,4,26.02,1
110.73,68,11,50.37,10,4.77,5,18.32,1
155.43,104,7,36.31,6,5.98,4,20.23,1
128.5,74,6,47.34,3,7.52,3,25.06,1
92.64,66,8,38.2,9,5.64,5,17.74,0
164.22,62,7,58.96,5,5.34,4,30.18,1
160.65,71,4,54.4,3,6.1,4,27.91,1
151.94,50,7,36.86,5,8.3,4,23.82,0
144.18,48,8,21.34,9,7.22,6,21.1,0
172.09,65,9,38.81,6,5.88,5,31.21,0
106.26,94,6,22.15,7,6.88,5,15.85,1
118.53,83,9,46.14,6,6.38,4,23.48,1
97.95,61,5,36.0,7,5.77,6,23.59,0
137.47,85,9,40.97,6,4.7,3,26.01,0
117.75,80,9,43.65,7,5.73,4,20.58,0
55.68,65,4,46.82,6,5.36,6,24.04,0
169.35,55,11,16.3,11,6.42,6,27.69,0
131.28,78,7,36.76,5,7.59,4,24.76,1
119.71,52,6,38.65,8,4.9,5,19.36,0
152.66,54,7,39.79,8,5.41,4,17.27,0
90.04,80,10,44.9,7,5.3,4,26.2,1
104.05,66,9,54.29,6,5.82,4,28.22,1
127.92,50,6,34.34,6,6.85,5,24.94,0
96.91,52,9,29.6,7,6.84,5,26.07,0
143.67,71,6,38.19,7,5.98,6,21.93,1
124.38,65,9,55.39,6,6.42,4,25.41,0
184.18,48,7,37.0,8,4.59,4,19.74,0
76.44,86,6,45.56,3,7.87,3,21.24,1
87.13,66,7,32.49,9,5.06,5,14.86,0
123.36,59,10,37.94,9,6.26,4,13.28,0
178.31,31,9,20.88,9,7.42,5,23.03,0
63.23,55,8,32.67,9,4.44,4,16.74,0
119.57,52,7,34.05,6,6.15,5,32.61,0
143.78,72,9,48.48,7,6.43,4,15.88,1
79.82,59,9,36.24,9,5.59,4,16.02,0
133.54,45,5,36.69,7,5.45,6,28.46,0
133.72,48,6,45.22,5,7.63,4,24.87,0
134.93,53,7,34.9,5,7.69,4,27.64,0
144.32,54,9,38.88,6,6.4,4,27.0,0
132.51,67,9,41.96,7,4.8,5,26.52,0
131.24,66,5,53.5,4,5.68,5,29.75,1
150.97,48,4,41.36,6,5.13,6,26.22,0
165.29,58,8,36.24,9,4.7,5,20.14,0
177.75,78,6,39.07,6,5.98,5,21.19,1
123.38,81,4,53.93,3,6.09,4,25.17,1
186.76,42,8,31.64,8,6.73,5,23.83,0
129.4,35,4,51.14,5,6.14,6,26.97,0
156.34,50,4,33.06,7,3.8,4,18.31,0
98.66,45,5,40.21,6,6.48,5,25.04,0
177.13,54,8,39.42,10,6.94,5,8.25,0
81.4,77,8,46.37,5,5.68,4,27.46,0
113.21,86,10,25.26,8,6.56,5,22.74,0
77.42,92,7,50.35,6,5.64,5,21.84,1
162.39,66,5,53.92,4,6.23,5,28.73,1
118.4,76,8,46.03,6,6.48,4,25.75,1
160.02,75,8,36.51,8,5.68,5,19.26,1
119.81,51,7,24.97,10,3.91,4,11.6,0
110.32,51,8,38.05,7,6.62,5,26.43,0
161.49,37,5,39.83,8,5.7,6,25.66,0
148.76,81,8,49.53,7,3.12,5,30.97,0
148.43,96,7,17.28,8,5.5,5,20.68,1
143.26,62,9,39.29,10,6.05,6,16.19,1
129.24,72,9,53.47,7,5.52,4,17.95,1
111.16,88,5,19.62,6,6.5,5,21.87,1
119.18,87,9,40.3,6,7.25,4,21.67,0
133.47,83,10,46.52,7,6.07,4,23.64,1
129.6,52,7,40.08,7,5.26,6,29.89,0
174.39,81,9,33.71,8,4.78,5,20.1,0
135.67,61,8,38.55,8,4.94,6,30.97,0
167.77,88,9,37.18,6,6.51,4,23.2,1
112.62,39,7,49.71,9,6.26,7,18.33,1
118.67,64,8,34.8,7,5.45,5,29.3,0
154.55,67,5,37.9,7,5.8,6,22.36,1
110.75,68,9,41.03,9,6.24,5,15.54,1
88.06,65,7,37.51,6,6.65,4,26.02,0
115.12,49,5,27.73,8,2.68,3,17.57,0
135.05,42,3,48.66,6,6.52,5,21.36,0
152.67,47,8,36.81,8,4.58,4,18.64,0
155.5,80,5,26.56,8,5.18,6,23.27,1
145.01,91,6,41.0,5,5.79,4,21.17,1
168.69,78,10,30.41,9,5.97,5,25.07,0
101.68,47,7,31.02,7,7.11,6,27.76,0
91.83,47,8,41.37,8,5.68,4,16.76,0
184.33,72,6,40.88,7,5.01,5,24.01,0
133.81,53,7,39.49,8,5.44,5,25.0,0
150.2,72,10,34.64,8,6.97,5,22.53,0
119.45,86,6,40.08,5,6.15,5,24.98,1
133.06,75,9,38.35,9,5.63,5,17.26,1
178.86,92,6,43.65,5,6.18,4,22.66,1
118.16,50,7,32.99,7,6.58,4,25.19,0
117.47,72,7,66.49,7,2.73,6,30.68,1
135.87,48,6,43.68,7,5.79,5,21.6,0
94.42,66,10,35.05,8,4.56,4,22.09,0
185.09,67,6,45.39,6,6.46,5,18.89,1
111.26,72,7,54.45,4,5.95,4,27.11,1
116.27,50,7,46.7,6,5.05,5,32.03,0
130.26,34,7,41.04,6,3.51,3,25.57,0
71.74,86,10,46.46,9,8.01,5,11.32,0
157.56,40,6,46.21,6,4.84,4,24.68,0
137.14,53,6,22.27,10,3.67,4,11.4,0
171.83,96,6,21.79,8,6.17,5,15.7,1
151.93,43,7,35.92,8,4.39,4,20.58,0
103.69,82,7,37.63,8,4.91,6,20.71,0
98.61,62,7,42.04,7,5.34,4,18.07,0
156.0,68,8,36.68,6,6.37,5,26.49,0
103.66,43,6,33.84,8,5.06,6,27.88,0
109.61,103,7,36.47,5,7.4,3,17.99,1
131.2,33,8,39.3,9,5.49,4,13.71,0
141.64,55,11,43.63,8,5.88,4,20.86,0
119.65,49,6,40.55,6,7.01,5,23.24,0
200.73,61,5,43.21,6,4.96,6,28.01,0
102.9,55,9,41.85,7,5.08,3,22.38,0
124.6,60,9,57.32,5,5.54,4,30.21,1
168.2,64,8,29.8,8,6.84,5,18.57,0
170.19,24,6,19.41,10,2.1,3,15.49,0
154.93,67,9,29.08,9,6.16,6,25.22,0
157.59,60,8,25.09,9,6.21,6,25.14,0
134.85,68,2,55.79,1,7.49,3,26.58,1
113.34,62,10,37.71,6,7.33,3,27.48,0
171.51,76,5,54.71,2,7.8,3,23.24,1
193.38,57,8,35.51,8,5.98,5,20.06,0
113.92,82,6,28.92,7,7.08,5,17.34,1
108.21,62,9,35.67,7,6.2,5,29.31,0
89.86,60,7,40.12,7,5.05,5,19.63,0
139.33,60,7,32.76,9,4.37,4,16.33,0
159.78,62,6,34.4,8,5.81,6,22.03,0
120.36,78,6,42.76,5,6.82,4,25.78,1
160.19,97,9,38.51,8,4.75,5,23.26,1
144.03,51,8,49.08,8,6.64,5,18.64,0
107.25,73,7,35.28,8,7.79,5,12.48,1
163.73,68,8,36.94,7,4.94,5,29.16,0
150.48,48,6,29.28,10,4.98,5,9.66,0
161.01,71,12,42.55,10,6.19,4,14.19,1
56.17,48,7,35.63,9,4.65,5,18.12,0
173.32,37,8,39.39,7,4.27,3,22.6,0
110.56,59,9,54.73,9,5.54,5,17.13,1
104.47,81,8,43.29,7,5.65,5,18.25,1
114.51,77,6,46.53,4,6.87,4,25.35,1
179.06,79,9,37.34,7,5.12,5,29.35,0
114.2,72,5,54.48,3,6.31,4,26.98,1
172.2,60,9,46.96,9,3.66,6,26.55,0
68.35,75,10,53.09,7,5.99,4,25.15,1
101.37,64,5,61.3,2,7.14,3,27.08,1
148.84,26,5,35.18,7,3.23,4,22.26,0
133.12,59,6,56.7,3,6.93,3,29.21,1
135.44,49,6,38.97,7,4.61,4,19.85,0
112.79,76,6,37.85,7,6.07,5,18.92,0
127.63,48,6,48.25,6,5.78,5,26.62,0
126.19,50,6,36.01,8,4.97,6,25.41,0
96.41,38,10,19.29,10,7.36,5,24.35,0
96.6,93,8,34.02,9,3.74,6,20.89,1
182.15,43,5,44.22,6,5.2,5,29.53,0
133.34,79,4,47.71,4,6.6,4,25.51,1
129.73,64,8,40.5,8,5.67,4,17.74,0
119.86,79,7,48.5,5,5.66,5,26.16,1
156.31,20,8,27.67,10,4.13,3,10.98,0
165.03,45,6,30.67,6,1.62,2,28.82,0
153.83,70,9,47.08,8,6.83,4,13.75,1
115.25,86,5,50.29,3,6.89,3,22.45,1
120.96,93,7,33.8,6,7.23,4,15.07,1
149.77,64,6,41.53,8,4.66,6,25.95,1
158.1,46,8,36.44,8,4.05,4,22.71,0
135.19,56,6,34.04,8,4.11,5,20.13,0
118.15,31,7,34.32,7,6.76,5,25.6,0
124.4,51,6,52.52,4,6.78,5,32.17,1
104.68,69,8,44.17,9,5.11,6,18.12,1
185.31,71,8,46.74,6,5.02,5,29.0,0
162.11,54,5,19.81,9,2.82,4,13.66,0
122.15,43,7,34.8,7,2.98,3,24.11,0
162.2,72,6,53.49,4,6.65,3,26.23,1
143.65,55,8,37.75,6,3.48,3,26.89,0
170.11,52,7,35.81,6,7.93,4,21.31,0
113.1,88,11,46.03,7,6.22,5,25.2,0
200.94,78,11,26.54,11,7.12,5,7.79,1
183.07,72,6,53.43,4,4.62,5,32.36,0
118.58,55,8,43.3,8,7.03,5,10.67,0
171.54,64,10,30.12,10,5.78,4,8.44,0
134.93,76,7,35.3,7,6.91,5,18.73,1
131.06,55,7,41.46,8,6.43,5,11.59,0
106.03,78,9,27.87,7,8.11,4,24.56,0
40.47,55,6,43.61,8,4.13,7,27.52,0
96.18,68,7,47.5,7,6.5,4,19.13,1
89.81,77,7,53.79,6,4.93,5,27.05,1
141.94,80,9,46.13,6,6.49,4,24.1,1
136.46,85,6,55.75,5,4.63,5,25.52,1
158.53,83,7,32.91,8,6.14,5,18.31,1
120.32,61,9,43.88,8,5.79,5,20.77,0
166.55,46,7,18.5,11,7.43,7,14.14,0
99.93,70,8,43.04,9,5.01,5,20.53,1
175.02,87,10,38.72,6,7.01,4,22.32,1
159.05,67,8,55.41,6,6.65,5,26.4,0
127.65,77,8,45.71,6,5.98,4,25.81,0
143.44,48,8,42.34,7,4.79,4,20.77,0
133.64,76,5,36.2,5,6.25,5,24.11,1
147.93,72,6,31.43,8,5.87,6,22.43,1
107.1,62,7,23.05,7,6.61,5,26.24,0
117.47,61,8,36.59,8,4.5,3,19.92,0
123.65,65,7,43.97,8,3.94,6,26.59,0
95.26,58,7,27.39,9,4.53,4,11.91,0
152.9,47,7,39.23,7,4.38,4,21.67,0
173.78,79,7,32.86,8,5.23,4,14.94,0
156.47,80,7,38.62,7,5.54,5,19.9,1
176.14,63,7,47.29,7,5.6,5,21.49,0
80.65,55,7,35.86,9,5.95,5,10.31,0
103.65,65,5,31.15,7,4.28,4,15.57,0
70.75,41,3,38.48,5,5.67,6,29.39,0
110.15,76,8,44.24,7,4.75,6,28.75,1
186.44,65,8,60.63,5,5.52,4,28.45,0
152.05,49,6,33.48,8,4.5,4,13.64,0
81.36,77,8,32.65,7,8.16,4,11.17,1
114.0,64,8,38.46,7,5.64,5,25.92,0
115.68,78,5,60.11,3,6.0,4,24.93,1
122.93,64,5,41.83,7,5.17,6,24.52,1
142.13,54,5,46.64,5,6.41,4,21.01,0
155.33,57,8,57.99,6,4.89,5,32.03,1
171.0,64,8,36.9,8,5.06,5,26.11,0
100.04,55,10,52.03,9,5.94,6,15.97,1
127.89,59,5,36.92,8,5.18,5,15.76,0
74.02,60,10,56.44,9,4.58,5,20.03,1
109.57,65,10,47.02,5,7.21,4,27.15,1
147.33,48,6,28.69,8,3.17,3,19.42,0
117.94,64,9,41.39,8,5.26,5,26.31,0
156.82,50,9,45.39,7,5.43,3,20.45,0
182.21,45,7,27.73,10,4.67,4,8.66,0
142.65,89,7,27.21,7,6.41,5,17.31,1
109.61,47,6,25.78,9,4.2,4,9.94,0
114.91,57,7,38.15,7,6.76,4,20.81,0
110.65,71,9,49.59,9,4.54,5,19.51,1
125.15,87,11,46.2,7,5.23,4,28.44,0
181.33,58,6,40.74,8,7.67,6,13.51,1
112.79,88,9,42.94,5,7.23,3,21.21,1
135.84,77,10,46.5,9,5.21,5,16.46,1
135.07,99,8,42.28,6,6.45,4,19.69,1
155.05,54,8,22.51,8,6.73,6,28.25,0
170.42,71,10,50.94,7,6.77,4,20.14,0
145.35,44,9,35.73,8,4.34,3,17.04,0
163.58,59,8,31.89,9,4.07,5,20.19,0
87.9,73,8,49.36,5,7.09,3,25.08,1
129.85,56,9,27.56,8,6.93,5,27.32,0
96.68,80,4,13.08,8,6.16,7,22.92,1
94.43,52,6,37.29,6,6.78,5,26.67,0
162.62,81,5,31.61,7,4.34,4,14.91,0
148.24,54,10,22.27,10,6.18,6,24.12,0
83.53,73,10,49.43,6,5.54,4,27.18,1
101.05,86,5,20.29,7,7.04,5,17.85,1
105.98,70,11,36.44,8,4.72,3,19.84,0
154.11,68,9,44.74,6,5.0,3,25.62,0
153.17,50,7,41.97,8,5.27,6,25.47,0
94.85,31,5,32.24,7,7.71,5,20.52,0
174.32,86,6,32.01,7,4.85,5,24.19,1
153.87,91,7,27.45,8,5.72,5,18.38,1
101.66,85,8,41.54,5,6.75,4,23.51,1
86.18,62,10,48.59,10,5.41,6,15.69,1
114.28,66,8,37.24,9,6.33,5,10.92,0
102.73,57,4,46.38,6,4.95,5,24.96,0
140.65,83,9,30.43,9,7.37,4,10.76,1
119.9,64,9,48.71,6,4.67,4,32.68,0
127.0,61,8,16.82,9,6.42,5,24.21,0
97.78,77,8,44.92,7,4.78,6,31.52,0
149.79,83,9,39.91,6,4.46,3,24.98,0
166.4,78,9,47.02,7,5.99,4,21.81,0
124.06,65,7,61.26,5,5.29,4,29.04,1
114.92,39,2,40.25,7,5.46,6,18.27,0
151.42,37,6,25.86,6,8.44,5,26.39,0
186.03,59,8,33.82,7,7.44,4,22.62,0
85.28,44,6,29.02,9,4.7,4,10.52,0
115.49,39,8,38.38,7,6.46,5,27.71,0
116.2,52,7,32.45,6,8.76,4,20.59,0
122.17,85,8,31.8,7,3.83,4,22.46,0
105.01,36,3,43.15,5,5.37,6,30.98,0
75.44,71,10,54.22,9,4.56,5,19.14,1
123.97,26,7,37.9,9,4.57,4,16.96,0
127.45,79,3,21.14,7,6.47,6,20.45,1
97.21,80,12,19.38,10,5.93,5,24.95,0
106.1,64,8,58.21,6,6.49,4,19.5,0
95.36,71,9,44.21,8,6.1,5,16.46,1
173.92,74,9,44.81,4,8.8,3,22.41,1
148.41,54,6,26.98,7,6.15,5,25.95,0
66.72,37,5,36.8,7,7.26,5,19.2,0
144.59,45,7,30.12,8,2.79,3,22.42,0
139.42,80,8,49.94,7,3.95,5,28.23,1
94.01,70,8,30.07,7,5.61,5,26.56,0
123.99,32,5,35.84,8,4.3,3,14.67,0
111.75,94,6,19.06,8,6.15,5,17.86,1
85.14,61,11,27.87,10,6.46,5,23.3,0
133.46,63,7,38.89,7,4.63,4,20.88,0
129.8,39,10,47.3,9,7.29,4,12.51,1
168.46,73,8,48.75,7,4.9,6,28.83,1
99.82,46,8,36.53,7,6.5,5,28.06,0
134.42,45,7,39.25,7,3.83,4,25.72,0
202.09,64,11,36.91,10,6.78,5,13.2,1
103.01,71,6,39.01,7,6.49,5,19.37,1
155.3,59,7,38.26,6,6.83,4,22.27,0
127.02,55,8,26.16,9,4.22,3,11.65,0
134.18,81,11,30.04,8,6.02,5,26.89,0
116.43,71,10,47.87,7,5.71,4,27.85,1
122.6,65,6,43.0,6,4.26,5,30.02,0
156.0,66,6,40.1,6,3.95,5,26.25,0
141.38,65,7,40.44,7,4.08,4,27.61,0
85.97,31,8,39.46,9,5.09,4,15.78,0
130.57,47,6,26.72,9,3.9,5,14.34,0
147.38,75,9,42.66,7,6.63,4,21.8,0
168.7,61,8,37.9,6,2.78,3,30.28,0
150.67,55,8,41.72,8,5.3,6,25.16,0
137.82,42,7,33.05,8,4.19,3,16.18,0
113.3,61,8,31.97,8,4.51,4,16.08,0
162.1,36,5,42.94,5,7.3,4,24.88,0
85.51,56,8,31.38,8,3.42,3,21.19,0
183.77,46,6,42.59,7,4.91,6,26.46,0
174.33,78,9,38.36,8,6.44,4,17.75,1
108.23,51,5,38.17,5,6.45,5,28.61,0
151.66,57,7,39.55,7,6.22,5,24.01,0
148.1,78,9,44.76,7,6.03,5,25.73,1
91.58,96,9,45.98,7,4.3,5,23.28,1
114.56,43,8,11.97,11,6.67,6,21.65,0
146.84,70,7,57.96,5,4.73,5,29.17,1
118.02,69,8,33.29,5,7.01,4,28.72,0
156.64,80,10,42.79,7,5.77,4,21.86,1
109.17,47,8,32.54,8,4.4,3,13.78,0
90.97,66,10,54.25,8,6.18,4,16.53,1
128.2,53,8,32.82,8,6.55,5,24.44,0
128.79,62,6,41.88,7,5.6,4,16.44,0
187.46,96,7,45.52,5,5.85,4,21.42,1
99.46,64,10,51.67,10,4.4,6,17.85,1
177.0,91,10,46.25,8,5.7,4,12.89,1
119.65,84,7,42.92,6,5.8,4,25.2,1
184.56,66,9,49.41,4,8.51,2,24.48,1
172.46,50,8,25.2,7,7.37,5,26.08,0
104.05,42,8,40.76,7,4.14,4,24.11,0
106.54,86,8,41.64,7,4.73,6,29.2,0
174.94,112,9,23.64,6,7.97,3,15.71,1
145.94,56,7,29.89,8,5.87,5,24.74,0
95.84,80,8,46.22,6,6.85,4,23.74,1
193.56,75,0,21.03,6,6.75,7,22.89,1
190.91,60,7,45.33,6,5.35,4,26.25,0
147.4,83,12,33.56,7,8.12,3,21.6,1
115.72,48,6,44.35,8,4.66,6,24.96,0
180.42,48,7,31.34,8,4.06,4,17.92,1
159.56,82,8,27.32,8,5.55,6,23.86,0
177.15,65,8,30.91,8,5.44,6,28.95,0
98.27,32,4,37.8,7,6.9,5,21.43,0
138.34,43,6,29.63,9,4.31,5,14.43,0
97.87,61,8,36.31,7,6.01,5,27.61,0
110.71,53,9,43.6,7,4.46,3,26.87,0
132.37,44,7,46.12,8,6.92,5,11.89,0
165.64,91,7,40.98,6,5.35,5,24.13,1
147.78,55,9,31.3,6,8.0,4,22.84,0
50.32,45,4,64.87,2,6.47,4,33.14,1
137.23,78,9,41.08,6,4.47,3,27.44,0
93.17,36,7,36.78,9,5.81,5,9.98,1
95.3,79,8,35.02,5,7.39,4,24.89,1
196.04,62,7,34.98,8,7.88,5,15.21,1
127.11,86,3,56.06,3,5.07,5,25.39,1
179.03,61,9,42.12,10,6.36,6,14.16,1
201.6,61,7,54.66,8,4.5,6,23.8,1
101.53,67,5,62.51,4,5.21,5,29.12,1
150.17,65,9,46.02,7,5.99,4,22.29,0
185.1,82,7,50.68,5,6.27,4,24.11,1
103.77,64,6,52.5,4,6.2,4,29.47,1
100.2,57,7,44.07,6,7.33,4,19.88,1
136.8,68,8,36.02,8,6.05,5,19.36,1
146.95,79,6,23.08,8,6.53,6,18.15,1
124.68,57,8,45.3,9,5.73,6,19.37,1
194.51,50,6,33.71,9,5.02,5,13.37,0
193.18,94,5,48.65,4,6.34,4,21.4,1
81.38,77,8,40.44,5,7.07,4,25.43,1
119.92,42,7,34.9,6,9.0,4,22.54,0
117.25,67,11,22.66,10,4.48,6,34.29,0
106.93,46,7,33.17,8,4.11,3,17.59,0
111.02,38,3,52.74,5,5.17,5,24.92,0
124.98,52,5,33.73,8,4.3,5,17.26,0
154.9,98,5,19.68,7,5.29,5,24.18,1
107.49,78,7,38.49,6,5.34,5,28.39,1
146.76,72,7,52.09,3,7.32,3,25.16,1
143.61,90,13,39.52,5,9.52,1,16.18,1
133.45,48,7,39.44,8,5.9,6,22.96,0
147.29,61,7,38.37,7,7.7,5,18.4,1
166.76,70,6,57.28,4,5.39,5,28.21,1
158.37,62,10,48.39,9,6.45,5,12.26,1
109.28,97,7,36.42,7,6.02,4,14.22,1
121.31,70,9,43.96,6,5.37,4,31.1,0
103.19,76,8,50.64,7,6.69,5,22.13,1
142.23,74,8,57.88,4,6.89,3,23.91,1
83.0,85,7,49.55,5,5.96,4,23.95,1
115.66,72,7,42.75,6,6.94,5,20.87,0
155.74,79,7,52.34,5,5.78,4,25.19,1
112.02,98,4,20.02,6,5.96,5,22.15,1
73.29,53,8,32.85,8,6.39,5,24.84,0
155.17,63,10,41.35,7,6.28,5,29.63,0
132.51,43,4,40.36,6,5.67,5,28.74,0
160.6,72,10,48.33,8,7.18,4,12.25,1
160.74,35,7,29.53,10,3.95,5,17.61,0
167.81,49,6,57.46,5,4.83,5,35.24,1
178.4,81,8,25.66,10,4.53,4,12.22,0
90.86,42,8,25.94,9,4.04,3,10.46,0
130.98,71,7,37.41,7,4.4,4,24.47,0
153.8,49,7,35.04,8,4.71,6,27.89,0
117.21,45,6,26.06,8,6.83,6,23.35,0
137.59,62,6,56.56,5,5.12,5,31.26,1
163.49,72,9,42.62,7,5.46,5,28.66,1
148.72,81,6,22.25,8,6.02,6,19.54,1
139.72,44,10,38.89,9,5.64,4,15.01,0
135.57,69,7,35.49,8,5.57,6,21.41,1
57.09,25,5,37.69,8,4.6,4,15.49,0
174.63,65,8,30.56,9,6.31,6,21.81,0
141.09,38,4,44.86,7,4.84,6,25.69,0
87.93,51,8,42.66,8,5.48,4,18.51,0
153.12,44,7,36.35,6,6.36,5,28.63,0
121.29,44,10,36.25,10,5.68,6,23.59,0
123.08,47,7,47.48,5,6.86,4,27.89,0
170.33,81,5,49.21,4,6.15,4,25.31,1
191.91,70,8,29.93,10,7.05,6,11.94,1
123.33,67,9,49.18,9,6.19,5,14.44,1
113.26,59,8,36.4,6,6.52,4,26.91,0
128.85,95,6,43.72,6,4.19,5,24.95,1
179.33,69,9,41.98,9,6.5,5,17.78,0
133.63,54,8,38.59,8,5.15,3,17.34,0
203.78,85,6,45.28,3,7.26,3,22.76,1
131.61,46,6,43.97,8,5.54,6,20.31,0
136.02,61,7,63.44,4,4.99,4,30.58,1
79.87,72,5,25.03,8,8.02,6,15.03,1
129.92,62,6,37.54,7,4.09,3,21.09,0
129.67,76,5,49.25,3,7.56,3,24.36,1
188.58,44,7,33.31,7,7.68,5,22.14,0
127.62,62,8,29.61,9,4.64,3,12.46,0
99.97,64,6,54.66,4,6.24,4,28.81,1
84.68,81,10,39.75,8,5.87,4,17.1,0
165.14,67,8,44.66,7,5.68,4,21.28,0
108.38,42,7,28.69,10,4.82,4,9.11,0
140.93,79,6,43.54,4,7.36,4,24.24,1
152.29,66,8,44.05,8,5.55,5,21.1,1
113.26,83,9,48.89,6,5.45,5,26.12,0
153.76,84,9,46.26,6,6.7,4,22.77,1
103.42,66,4,27.96,7,7.26,6,18.47,1
107.56,72,8,54.16,6,5.56,5,27.33,1
125.93,51,3,39.87,5,6.79,4,21.73,0
102.0,59,7,33.84,9,4.95,5,15.37,0
146.35,72,9,45.42,9,5.09,5,17.44,0
131.23,68,6,40.15,7,7.3,5,14.27,1
182.11,40,6,35.13,7,3.19,4,25.21,0
134.95,70,9,46.87,8,5.77,5,16.38,1
128.6,20,9,54.68,8,7.33,5,16.41,0
107.68,50,5,46.69,4,5.71,4,31.4,0
113.91,77,8,32.79,9,5.65,6,17.58,1
136.89,100,3,44.03,2,7.4,3,18.9,1
107.39,52,7,32.61,10,5.4,5,11.81,0
112.11,56,8,33.82,7,6.47,5,25.68,0
163.49,59,7,45.54,8,6.47,5,16.54,0
138.81,52,6,39.12,8,5.01,5,18.01,0
100.53,36,7,42.7,6,6.53,4,28.0,0
139.65,62,7,58.42,5,5.34,5,30.51,1
99.81,80,3,47.44,3,6.59,4,25.54,1
138.81,74,9,42.79,8,7.23,4,12.88,1
121.15,88,6,48.39,5,5.34,4,24.45,1
59.55,73,5,46.49,6,5.0,5,26.49,0
144.9,52,9,37.09,7,3.66,2,24.44,0
140.91,63,9,42.32,7,5.28,4,23.35,0
124.91,68,12,52.55,10,5.21,5,13.77,1
144.89,31,6,26.15,9,2.96,3,17.38,0
130.68,86,7,26.06,8,6.16,5,17.37,1
139.15,54,7,29.19,8,6.45,5,22.43,0
135.89,70,11,44.58,7,5.06,5,35.31,0
230.26,66,8,31.75,10,7.01,6,12.88,1
170.78,61,7,35.59,8,4.96,6,30.41,0
101.59,76,9,26.39,8,6.27,5,26.44,0
243.71,56,5,36.46,8,4.66,5,17.25,0
154.2,49,6,26.93,9,4.33,4,10.13,0
122.97,45,8,33.79,8,3.99,3,19.4,0
161.38,84,7,49.51,4,6.93,3,22.39,1
79.01,65,8,32.53,8,4.25,4,19.71,0
149.4,81,6,41.87,4,7.88,4,23.22,1
165.92,65,5,35.78,7,6.65,6,21.28,1
87.29,48,6,28.05,9,4.12,3,11.23,0
124.89,92,8,44.61,7,5.28,5,23.23,1
166.27,89,11,33.59,9,4.43,5,24.83,0
178.3,81,3,35.22,6,4.86,6,27.31,1
146.94,75,6,41.89,8,5.38,6,19.75,1
145.14,105,6,29.67,6,5.85,4,19.83,1
80.56,96,7,37.39,7,5.97,4,16.22,1
174.5,51,7,26.18,8,6.5,5,25.62,0
132.72,110,4,12.55,6,5.6,5,24.02,1
173.51,63,7,52.7,5,5.98,4,24.71,0
166.09,67,9,32.07,8,6.02,5,26.67,0
152.75,80,6,60.67,4,6.08,4,23.73,1
120.53,63,7,45.03,8,6.79,5,15.26,0
178.53,73,8,32.1,8,4.01,3,19.52,0
137.77,50,6,32.71,9,5.05,7,25.83,0
124.68,72,6,42.68,3,7.89,3,25.75,1
111.02,48,7,34.02,7,6.16,5,29.03,0
125.77,54,6,46.93,6,5.0,5,27.25,0
133.46,84,7,44.17,5,5.6,4,27.44,0
148.24,70,7,31.54,7,3.5,4,21.64,0
180.63,80,5,26.31,7,5.98,6,22.42,1
118.26,68,5,45.77,6,4.9,5,21.72,0
212.47,43,9,34.4,9,5.04,3,13.16,0
131.46,56,9,41.32,7,4.91,3,22.99,0
155.16,44,6,29.3,7,7.23,5,25.31,0
106.03,46,7,29.7,9,4.24,4,14.06,0
170.75,66,9,51.22,6,5.18,4,30.64,0
118.42,75,6,35.87,8,5.67,6,20.34,1
144.01,51,7,46.23,6,5.09,4,24.03,0
165.27,55,7,28.63,9,4.97,4,8.48,0
62.13,57,6,38.61,6,5.3,5,30.52,0
133.19,56,7,31.24,8,4.24,4,17.44,0
117.56,62,8,21.44,7,6.25,5,29.89,0
144.87,64,9,29.54,8,6.61,5,24.07,0
133.31,92,6,31.82,6,6.48,4,17.71,1
163.52,68,6,37.56,8,5.02,6,25.35,1
80.9,71,5,57.96,4,5.05,5,28.73,1
126.65,49,6,38.39,8,4.98,6,22.03,0
185.08,91,5,21.82,7,6.28,5,20.3,1
73.29,77,5,24.98,6,8.36,5,16.29,1
149.62,66,6,41.22,6,5.0,4,21.94,0
131.33,78,6,38.13,7,6.96,5,16.09,1
99.21,64,7,41.57,8,5.74,5,21.28,1
118.87,95,7,49.28,6,4.43,5,23.4,1
178.58,86,10,38.89,8,6.19,4,15.53,0
106.87,49,8,37.64,9,5.2,5,18.45,0
164.6,53,9,34.14,10,5.23,4,14.78,0
107.27,55,8,36.53,9,4.57,5,20.91,0
136.66,71,5,59.69,4,5.14,4,28.51,1
131.0,67,8,49.28,4,7.38,4,26.69,1
142.98,74,10,38.17,8,7.48,4,11.68,1
121.2,61,6,40.01,8,4.95,6,23.87,0
134.29,62,8,32.94,8,5.78,6,28.65,0
143.03,83,6,48.05,5,5.39,4,26.05,1
166.44,69,8,34.24,8,4.62,4,18.28,0
137.38,67,9,32.23,7,5.2,5,28.66,0
133.84,52,5,26.61,8,6.36,6,20.84,0
200.16,91,11,42.45,6,7.28,3,19.82,1
153.83,46,6,40.03,7,4.11,5,25.3,0
143.91,76,5,59.49,5,4.37,5,28.12,1
119.01,70,8,37.74,7,4.21,4,23.72,0
176.55,85,7,40.68,6,4.41,5,30.04,0
98.86,72,8,43.58,8,5.0,6,20.15,1
209.1,50,8,39.26,6,3.52,3,28.15,0
145.4,72,8,36.42,8,5.93,5,19.68,1
165.21,57,7,36.94,9,6.08,6,19.77,0
165.85,67,5,51.7,3,6.47,4,28.53,1
141.67,80,7,43.16,4,8.23,3,22.34,1
140.2,58,9,37.07,6,6.33,4,33.19,0
130.78,32,7,35.93,10,5.48,4,10.51,0
165.36,68,7,52.22,4,6.69,4,27.27,1
149.63,79,8,44.04,4,7.65,3,23.42,1
152.16,66,7,44.13,6,4.85,5,30.8,0
82.34,47,7,38.4,7,4.84,3,18.07,0
122.92,85,4,31.25,6,6.76,5,19.61,1
137.57,65,7,23.62,9,7.52,6,15.7,1
129.68,63,9,45.97,10,4.79,6,17.79,1
115.11,90,7,31.7,7,5.66,5,19.66,1
119.43,34,4,45.73,4,6.88,5,27.22,0
97.81,58,6,49.58,5,5.34,5,32.17,0
133.17,54,8,45.8,9,7.13,6,16.2,0
124.38,70,8,40.93,6,4.44,3,25.34,0
137.96,86,2,56.7,2,6.27,4,23.29,0
172.15,52,7,34.7,5,6.88,4,27.63,0
174.13,53,8,41.29,7,4.64,4,22.43,0
164.01,25,5,35.81,7,3.65,4,20.82,0
133.25,95,9,44.7,8,4.55,5,23.22,1
122.78,71,10,36.05,11,4.23,6,19.75,1
146.67,88,9,47.74,7,4.74,5,24.71,1
142.64,68,5,16.12,10,2.32,4,14.36,0
144.9,66,7,58.77,6,4.64,5,30.1,1
72.85,66,11,30.34,10,4.57,6,26.01,0
140.14,99,10,28.73,9,4.73,4,17.28,0
119.88,69,7,35.41,7,5.52,6,26.52,0
183.59,57,7,53.12,5,5.72,5,31.88,1
143.38,84,11,48.7,7,6.41,3,22.19,1
115.38,42,5,45.34,5,6.24,5,29.42,0
96.15,49,7,36.09,8,4.48,4,19.37,0
91.22,67,6,58.97,5,5.09,5,29.25,1
121.66,50,6,26.62,6,7.52,4,24.4,1
193.18,68,4,43.2,6,5.25,5,23.54,0
148.95,63,5,53.43,3,7.63,4,27.56,1
128.39,69,4,35.52,7,6.44,6,19.38,1
153.35,45,6,33.94,7,3.66,3,19.52,0
96.92,43,6,36.34,8,4.78,3,13.17,0
67.61,73,8,29.91,9,6.7,6,15.86,1
154.99,53,7,33.37,8,7.59,5,17.83,0
166.35,64,6,34.46,8,4.95,5,16.44,0
79.56,78,4,48.92,4,6.2,5,26.27,1
72.71,82,8,49.91,5,7.17,3,22.35,1
183.59,57,8,37.46,8,5.28,4,15.2,0
119.5,77,7,59.36,5,5.17,4,26.09,1
163.81,73,8,35.28,8,4.27,4,22.0,0
116.34,64,6,38.93,7,5.58,6,23.82,0
164.81,64,8,36.93,7,6.25,5,28.63,0
129.3,63,7,9.92,11,2.47,4,8.47,0
92.62,71,6,57.69,4,5.57,4,27.65,1
86.41,59,6,25.63,7,6.53,5,26.58,0
130.04,74,7,45.34,6,4.76,4,26.75,0
107.07,47,6,47.14,7,5.13,6,25.75,0
147.16,78,5,53.55,3,6.98,3,23.95,1
123.16,75,7,54.98,5,5.5,4,26.78,1
98.15,55,9,33.33,7,3.02,3,25.8,0
161.22,80,7,30.54,7,5.86,5,23.58,1
167.13,57,7,40.43,7,5.13,4,19.71,0
107.81,75,8,34.24,5,7.71,4,25.55,1
158.99,70,5,56.12,4,5.33,5,29.04,1
168.67,67,10,34.79,8,5.92,5,28.54,0
143.71,81,11,26.39,9,5.17,5,27.78,0
152.79,68,5,28.1,9,4.24,5,13.36,0
153.08,74,8,45.5,6,5.57,5,27.85,1
115.87,49,6,31.08,9,4.78,5,13.32,0
128.68,56,9,46.11,7,5.49,4,22.12,0
129.25,35,6,38.5,5,8.15,4,24.01,0
160.38,60,6,31.77,8,4.61,7,29.68,0
153.95,73,6,56.16,5,4.72,5,29.74,0
159.66,76,7,28.65,8,5.71,6,20.97,0
111.29,81,7,45.36,5,6.34,4,25.02,1
93.31,74,6,53.49,4,5.85,4,26.89,1
113.19,66,8,32.4,9,4.35,4,19.12,0
82.17,95,10,43.19,7,5.25,4,22.16,1
187.77,65,9,23.49,8,2.24,3,22.23,0
180.48,68,8,19.74,10,3.52,3,10.28,0
127.66,59,8,29.77,9,3.69,4,17.95,0
94.36,35,8,41.16,7,3.75,3,26.57,0
117.47,65,8,42.95,8,7.15,5,14.61,1
106.37,46,9,40.47,7,4.8,3,19.43,0
156.3,50,7,35.86,7,5.82,5,27.92,0
162.49,25,4,45.75,6,6.84,5,20.01,0
133.73,96,8,29.77,9,4.26,6,18.67,1
138.82,48,5,40.81,6,6.77,5,23.38,0
157.68,81,5,57.15,3,5.83,4,24.91,1
115.15,74,9,44.95,7,5.44,4,25.53,0
137.13,48,9,25.23,10,7.12,6,20.79,0
143.18,37,6,31.21,9,4.67,4,13.38,0
125.81,75,8,48.05,7,3.1,6,33.56,0
156.7,58,8,36.83,9,6.17,6,20.11,1
112.16,84,5,43.94,4,6.56,4,24.36,1
104.69,73,7,57.84,6,4.69,5,28.2,1
139.3,65,10,33.21,7,6.35,5,31.77,0
138.24,82,9,41.94,5,7.88,3,21.99,1
186.87,49,2,74.19,1,6.03,4,31.91,1
112.17,56,7,30.4,7,7.28,5,22.66,0
158.66,54,7,39.29,8,5.08,5,19.98,0
100.22,60,9,37.44,8,4.63,3,19.95,0
129.54,40,6,20.39,10,2.42,4,15.75,0
84.46,73,9,54.53,6,4.6,4,32.94,0
114.15,48,6,27.56,11,5.37,6,7.2,0
107.89,88,3,22.29,6,6.88,5,20.61,1
148.36,59,6,45.86,5,4.76,5,35.86,0
212.75,57,6,32.95,7,3.73,4,20.4,0
123.28,54,8,30.0,9,4.05,4,17.34,0
108.57,87,4,52.77,3,6.51,4,22.67,1
130.54,41,4,31.06,6,7.32,4,20.02,0
124.55,52,7,28.98,8,7.71,5,16.59,0
153.46,57,8,39.97,8,5.21,4,20.42,0
118.94,61,8,37.5,7,3.88,4,24.86,0
179.8,42,6,18.51,9,7.21,6,19.53,0
126.66,52,6,34.86,7,6.64,6,24.09,0
90.52,62,5,46.1,6,6.0,5,21.55,0
134.25,68,9,47.75,6,6.11,4,28.31,1
115.18,81,7,27.76,8,5.37,6,22.22,1
147.08,55,6,46.4,6,5.55,5,27.15,0
147.71,46,7,33.35,9,5.05,4,12.85,0
153.19,82,8,40.7,6,4.77,4,24.9,0
123.67,55,5,68.35,3,5.34,4,31.67,1
117.7,70,8,53.17,5,6.79,4,25.72,0
179.72,70,9,38.59,7,4.09,3,26.37,0
87.9,38,6,35.48,9,6.37,6,15.29,0
126.17,39,7,42.87,7,4.57,3,20.95,0
130.85,43,5,27.62,8,3.28,4,15.98,0
62.17,39,6,32.5,8,3.08,4,23.08,0
105.57,58,5,41.47,5,5.07,5,28.79,0
132.43,91,7,48.56,5,5.56,4,22.76,1
52.91,54,5,40.62,7,6.88,6,20.7,1
77.83,56,11,20.53,8,7.46,4,26.33,0
95.54,52,6,42.3,8,6.02,6,21.74,0
113.6,80,5,51.03,4,5.38,5,26.66,1
190.57,54,5,39.21,7,6.16,5,20.96,0
127.25,67,6,56.41,2,7.86,2,25.34,1
122.23,61,10,51.49,6,5.72,4,27.79,0
108.71,60,9,52.41,6,5.33,5,31.04,1
114.97,49,5,23.8,8,2.58,4,19.48,0
139.09,77,4,27.84,7,5.58,6,24.89,1
85.93,58,3,60.13,3,5.82,5,31.48,1
114.78,97,9,35.99,5,7.65,3,19.09,1
126.89,90,8,34.7,5,7.77,3,21.11,1
166.82,75,8,41.9,6,3.82,4,31.23,0
184.44,81,9,48.09,8,4.95,6,24.12,0
134.12,74,6,45.19,6,4.98,6,29.19,0
147.07,31,7,36.08,8,7.25,5,21.31,0
117.18,66,10,51.0,9,4.31,5,21.67,1
95.11,33,4,39.06,6,5.83,5,26.41,0
108.09,81,9,35.98,9,6.39,4,10.75,0
171.0,59,10,56.54,5,7.07,3,27.74,1
159.06,71,9,49.08,8,5.1,5,19.01,1
154.61,63,6,34.93,7,4.01,4,21.51,0
111.97,70,6,42.25,5,6.59,4,22.59,1
137.4,70,7,36.36,8,5.07,4,16.65,0
131.18,55,8,50.82,7,8.09,4,11.84,1
108.24,70,8,42.02,6,6.72,4,23.22,0
161.56,60,8,33.11,8,5.66,6,26.63,0
167.09,47,9,31.46,8,5.87,5,28.66,0
139.98,78,5,46.0,4,7.04,4,24.95,1
128.19,50,6,39.93,7,6.17,6,23.98,0
92.93,74,9,50.0,6,5.74,4,26.73,1
150.41,99,5,15.78,5,8.01,4,16.59,1
91.63,72,5,39.18,7,4.9,6,24.09,0
173.98,57,6,27.66,8,5.68,6,23.08,0
139.68,72,8,46.02,5,6.33,4,27.23,1
103.33,64,9,39.41,8,5.37,4,20.8,0
126.01,82,8,40.76,7,5.48,5,26.33,1
131.75,51,8,28.63,10,6.55,5,13.47,0
105.61,63,6,23.13,7,6.82,5,24.47,0
89.81,76,10,48.18,6,6.33,4,25.28,1
58.72,51,7,33.79,6,7.21,4,23.74,0
127.65,68,9,50.23,6,6.63,4,26.99,1
149.71,65,9,33.25,8,4.71,3,18.03,0
128.95,62,8,34.63,7,4.05,4,21.22,0
145.43,86,9,32.7,9,4.59,5,19.77,1
122.15,62,6,58.53,4,5.31,5,30.68,1
176.06,54,10,45.85,6,5.34,3,23.41,0
142.86,51,8,26.52,9,6.69,5,22.63,0
110.24,62,9,29.35,8,7.52,5,19.55,0
130.21,90,8,43.51,7,5.26,5,24.21,1
133.95,93,5,20.87,7,6.11,5,19.73,1
122.01,81,10,28.35,6,7.07,4,29.07,0
165.35,47,7,42.92,8,5.91,4,17.5,0
169.94,52,5,42.04,6,4.3,5,25.44,0
120.64,56,6,39.14,8,3.35,7,31.71,0
136.76,69,8,38.35,6,6.26,4,26.8,0
137.94,69,6,59.02,4,5.09,4,28.92,1
134.72,45,5,47.42,6,5.19,5,32.15,0
133.36,66,7,35.58,7,4.17,3,20.17,0
108.84,84,6,52.49,3,7.45,2,21.47,1
177.53,75,8,41.35,6,4.86,3,23.14,0
131.7,88,8,52.08,7,4.15,5,25.49,1
181.67,61,7,58.22,4,6.36,4,29.05,1
144.52,67,8,30.82,8,5.79,6,26.75,0
116.44,62,7,67.07,6,4.04,5,30.92,1
150.36,63,8,39.48,9,4.08,6,24.92,0
115.59,62,5,41.03,6,4.77,6,28.78,0
140.72,65,8,43.27,9,4.84,6,22.38,1
175.91,36,9,26.12,9,7.04,6,25.69,0
109.61,48,6,30.45,9,3.89,5,15.55,0
146.94,68,7,55.23,4,6.7,4,26.84,1
114.78,98,4,47.21,4,5.28,5,22.22,1
114.28,72,5,31.01,10,5.77,6,8.99,0
62.85,84,5,47.02,5,4.47,5,27.52,1
117.31,53,9,47.24,7,5.68,4,22.75,0
109.27,23,5,38.59,8,4.65,4,15.66,0
134.84,54,5,55.25,4,5.29,4,30.38,0
187.99,33,4,21.33,10,3.24,4,8.86,0
137.85,57,7,35.4,6,7.15,5,26.81,0
159.86,36,7,27.06,8,7.15,5,24.75,0
178.59,46,7,34.89,9,4.83,5,14.75,0
146.76,59,10,14.25,11,7.11,7,19.67,0
155.36,70,5,37.33,8,4.02,7,27.08,1
238.71,91,10,36.79,7,5.03,4,23.67,0
133.9,62,7,43.9,6,6.55,5,26.08,0
94.89,41,5,49.97,5,5.95,5,29.15,0
155.59,56,8,38.32,6,3.16,3,29.17,0
152.3,51,7,48.08,6,4.94,5,29.22,0
122.02,67,10,38.84,9,6.04,5,16.67,1
98.34,76,9,30.18,8,4.26,3,17.32,0
145.14,32,6,40.96,9,5.9,5,13.17,0
198.56,93,10,33.73,7,6.74,4,21.72,1
68.47,94,10,34.09,8,5.66,5,23.26,1
165.49,43,6,30.61,10,4.99,5,10.54,0
126.4,54,7,35.94,7,6.37,5,23.42,0
168.63,29,8,30.63,8,8.38,5,20.95,0
119.9,73,5,30.81,6,7.91,5,17.93,1
114.26,62,4,55.85,2,7.45,4,27.96,1
119.7,62,8,32.07,9,5.3,4,10.6,0
110.6,65,8,31.19,8,5.28,6,26.8,0
148.78,25,7,34.94,8,7.1,5,21.21,0
138.64,49,4,34.63,6,2.62,4,25.52,0
127.29,51,8,29.33,9,5.32,6,26.04,0
108.74,39,8,42.03,8,5.12,5,20.98,0
208.08,74,6,55.45,6,4.14,5,29.45,1
126.67,67,8,55.55,5,5.55,4,28.65,1
107.36,61,12,49.42,11,5.53,5,14.58,1
106.9,90,5,48.07,4,6.2,4,22.71,1
143.62,69,8,45.66,5,6.9,4,27.28,1
165.49,61,8,32.7,7,6.86,5,25.11,0
153.21,90,7,31.03,8,4.41,4,17.29,0
176.06,80,8,43.29,8,4.88,5,20.66,1
135.95,41,8,27.09,8,5.96,5,26.5,0
154.74,55,6,41.58,7,4.63,5,30.76,0
151.72,64,7,30.91,8,3.91,4,17.81,0
102.71,96,4,7.32,8,5.57,7,23.49,1
168.69,46,7,40.46,6,3.85,3,26.21,0
116.09,63,9,52.6,7,5.36,5,21.4,1
81.56,42,7,38.47,6,8.54,3,17.24,0
124.63,86,7,44.11,5,6.05,4,24.25,1
159.64,81,9,30.16,10,6.21,6,9.13,0
142.93,72,8,29.78,8,3.68,4,21.59,0
168.82,66,7,46.51,6,5.37,4,24.05,0
126.61,35,7,36.0,8,3.83,4,21.57,0
142.22,57,4,68.64,4,3.77,6,33.69,1
124.8,54,9,24.61,9,6.53,6,24.51,0
132.27,52,9,15.83,10,7.1,6,20.27,0
136.93,76,8,40.72,8,5.93,5,18.26,1
111.76,35,6,36.35,7,5.95,5,30.43,0
142.8,53,7,30.5,8,6.5,5,24.65,0
137.72,102,3,7.47,6,5.73,6,25.65,1
157.5,63,7,19.46,7,6.68,5,29.8,0
126.76,58,7,60.37,4,6.3,4,29.51,1
138.31,76,4,46.78,2,7.67,3,24.74,1
142.9,53,6,33.5,7,6.62,5,20.89,1
117.59,50,8,28.52,8,5.94,5,26.26,0
191.43,74,7,36.18,7,4.4,4,20.99,0
103.26,65,7,47.79,6,5.45,5,24.78,1
79.86,66,7,41.92,7,6.99,5,17.03,1
144.98,50,7,32.41,7,7.28,5,22.3,0
103.38,60,6,46.41,5,6.27,4,25.04,0
123.86,91,9,34.3,9,5.4,5,16.61,0
114.7,74,9,30.6,8,5.03,5,28.69,0
108.89,59,7,29.21,10,4.89,5,9.88,0
143.53,84,9,41.42,6,4.83,5,33.23,0
139.44,74,7,59.04,4,5.96,4,25.64,1
174.09,59,6,21.55,9,3.17,4,14.59,0
142.32,62,9,36.67,9,4.92,4,20.54,1
170.57,54,10,52.71,8,6.94,4,16.04,1
152.74,88,6,50.62,4,6.72,4,21.82,1
124.36,45,3,38.51,6,5.72,6,25.31,0
130.25,67,9,42.1,6,6.77,5,28.27,1
142.42,60,7,42.62,6,4.75,4,23.73,0
129.33,55,6,36.54,9,4.16,6,25.29,0
149.54,54,6,39.72,6,6.31,5,26.21,0
119.54,49,8,47.1,7,5.32,4,23.98,0
103.82,53,8,32.43,9,4.39,4,16.79,0
88.34,52,5,43.64,6,5.87,5,23.26,0
139.54,67,7,32.56,7,3.99,6,35.57,0
86.7,77,4,27.67,6,5.77,6,26.43,1
131.4,60,7,41.23,7,6.47,5,21.46,0
193.27,73,7,33.18,7,5.06,5,28.2,0
107.93,83,6,35.47,6,6.71,4,19.07,1
122.53,72,10,57.65,9,4.93,5,15.77,1
101.19,79,10,38.51,10,4.97,5,17.97,1
172.15,58,9,50.02,6,5.65,5,31.52,1
155.48,82,9,37.8,9,6.49,5,11.66,1
105.88,51,5,32.25,7,6.45,6,22.32,0
131.69,55,10,49.84,7,5.47,4,29.33,0
80.57,70,8,36.15,8,6.21,5,21.26,1
160.75,72,9,43.42,4,7.95,3,24.8,1
188.63,78,9,51.1,8,4.03,5,21.03,1
176.22,68,8,35.26,7,4.3,4,22.33,0
134.37,85,10,40.2,7,6.23,4,23.82,1
146.44,61,7,35.9,6,5.98,5,27.9,0
119.66,73,8,41.52,6,4.52,4,24.77,0
130.33,48,6,29.75,6,8.47,5,21.57,0
169.57,59,8,30.85,9,6.6,6,18.82,0
156.68,74,8,47.31,5,6.55,4,26.01,1
142.5,30,3,37.67,6,5.73,6,25.04,0
152.52,75,9,37.25,8,4.98,5,24.96,0
165.67,49,10,54.56,6,6.03,4,29.64,0
173.82,42,7,57.23,4,7.42,4,32.58,1
138.31,60,9,46.46,8,7.02,5,15.75,0
170.88,72,9,50.43,6,5.83,4,27.02,1
91.7,59,7,43.74,7,5.49,4,21.03,0
145.58,37,5,36.78,6,6.46,5,25.84,0
124.49,62,9,32.23,8,6.8,5,22.45,0
136.28,42,5,18.13,11,3.37,4,8.3,0
157.84,65,8,42.06,8,6.7,5,13.44,0
174.21,52,10,26.2,8,7.51,5,27.86,0
136.92,70,9,23.95,9,5.83,6,26.42,0
156.01,81,8,44.91,6,5.65,5,26.03,1
175.57,81,6,42.01,6,3.91,6,34.17,0
138.51,38,7,47.46,6,5.6,5,27.81,0
166.94,71,5,32.42,7,2.94,4,24.22,0
131.75,91,10,35.69,9,5.15,5,15.32,1
125.89,78,8,43.99,7,6.58,4,14.47,1
109.57,61,9,35.85,8,5.48,5,32.23,0
88.15,31,6,35.55,9,5.15,5,13.83,0
162.38,44,10,56.72,5,6.59,3,32.72,1
128.78,78,3,58.27,2,5.48,4,26.64,1
152.33,78,7,42.0,6,7.12,4,14.85,1
189.33,30,6,38.8,8,3.97,5,24.13,0
188.19,61,8,46.85,6,4.88,4,28.46,0
177.92,90,9,37.99,7,4.94,5,27.51,0
124.98,37,6,31.07,9,4.3,4,13.23,0
171.54,64,6,56.55,5,5.42,5,30.13,1
138.88,96,7,36.23,5,7.0,3,20.61,1
100.89,78,8,42.61,8,6.37,4,15.54,1
121.96,59,9,27.15,9,4.11,3,13.55,0
112.24,81,9,48.42,6,5.84,5,28.97,0
127.02,44,7,36.77,7,3.66,3,21.08,0
130.18,83,7,26.99,5,8.65,4,23.11,1
180.82,57,9,57.98,9,5.93,5,14.99,1
140.85,67,6,58.9,4,4.89,5,29.83,1
127.39,38,8,45.11,6,4.29,3,26.02,0
123.03,48,9,43.07,6,4.12,3,27.16,0
148.65,75,9,36.44,8,6.49,5,16.73,1
114.81,71,7,38.33,9,6.1,6,14.62,0
131.13,67,3,33.22,6,6.75,6,22.53,1
89.07,68,8,36.57,7,4.62,6,30.14,0
117.61,85,7,34.45,7,4.18,5,24.04,0
202.78,80,8,34.43,7,6.84,4,17.92,1
146.76,61,9,64.3,7,5.83,4,18.36,1
141.55,84,6,34.78,5,6.27,4,23.6,1
159.33,76,8,48.75,6,5.54,5,26.62,1
131.64,44,4,43.26,6,6.7,6,23.24,0
123.01,48,8,37.94,9,5.31,4,14.86,0
116.97,74,7,51.97,5,5.84,4,23.34,0
130.67,52,9,34.21,8,4.13,3,20.93,1
77.84,75,11,53.27,7,5.15,4,26.62,1
97.11,73,9,39.42,8,5.36,4,20.77,0
97.14,95,9,44.84,7,4.49,5,23.48,1
142.25,92,8,48.02,5,6.36,4,21.1,1
170.11,41,4,45.26,6,4.88,5,22.65,0
54.23,79,9,38.04,6,6.64,5,25.53,1
163.64,115,5,11.3,6,7.93,4,11.4,1
58.89,49,4,37.64,7,7.01,6,19.42,0
169.98,51,7,31.4,7,7.62,5,21.11,0
164.34,46,6,42.64,7,4.48,4,24.54,0
133.25,109,9,23.72,8,6.69,4,10.98,1
146.86,54,8,37.7,7,6.27,5,27.42,0
116.19,67,6,28.19,9,4.21,4,16.0,0
135.63,62,7,42.66,4,6.94,3,27.19,0
112.24,95,9,38.18,7,6.45,4,21.15,1
87.74,79,7,51.88,6,3.31,5,31.45,0
171.65,56,6,43.62,7,6.17,5,24.08,0
134.95,59,7,41.56,7,5.43,5,20.71,0
125.97,53,7,43.26,6,3.98,3,25.03,0
89.59,37,8,33.38,9,4.6,4,15.81,0
160.98,69,7,34.81,6,6.1,5,25.67,0
133.47,58,10,36.5,8,5.06,3,16.81,0
151.62,62,7,29.95,7,2.57,3,23.31,0
187.26,57,3,48.11,4,7.07,4,22.68,0
104.62,47,7,49.69,7,5.24,5,25.08,0
159.93,60,8,35.23,9,6.32,5,20.45,0
138.87,40,9,34.42,7,8.08,4,25.76,0
63.83,45,7,34.68,8,5.3,5,25.08,0
105.45,78,6,54.22,4,6.42,4,24.51,1
181.15,68,9,52.29,5,6.3,4,27.37,1
134.81,46,7,33.34,8,6.55,6,21.01,0
164.27,27,6,27.94,9,3.59,4,14.67,0
107.86,54,8,37.46,10,7.09,6,5.95,0
100.96,63,6,46.46,7,4.85,5,22.25,0
65.56,82,11,32.3,9,5.2,5,29.04,0
105.14,48,9,36.61,7,6.5,5,25.84,0
148.16,46,7,27.87,9,3.47,3,16.02,0
140.29,53,9,27.26,8,5.2,5,28.35,0
192.66,42,6,30.13,8,6.47,5,20.54,0
77.66,65,6,53.62,5,5.29,4,23.79,0
106.01,104,7,33.7,4,8.46,3,16.3,1
90.63,52,5,34.61,9,5.46,7,21.5,0
92.91,49,7,36.2,8,4.58,4,17.31,0
200.29,77,9,30.56,7,5.75,5,29.89,0
135.78,72,7,35.89,7,4.59,4,17.8,0
172.11,60,9,32.11,8,6.38,5,22.79,0
137.82,53,8,31.91,10,5.56,4,8.48,0
131.8,53,8,47.36,6,5.56,3,21.44,0
92.74,56,7,29.93,8,3.26,3,18.78,0
163.73,103,5,18.15,6,7.52,4,16.33,1
108.46,43,9,23.58,9,8.06,5,19.2,0
179.62,49,7,36.97,7,3.89,3,22.66,0
113.49,78,4,44.73,4,6.64,4,21.41,1
154.14,68,7,31.23,8,4.14,6,32.37,0
137.95,80,8,40.32,8,5.77,5,16.62,1
117.56,80,9,48.89,5,8.0,3,21.34,1
114.45,85,6,30.03,8,5.93,5,18.84,1
169.46,60,7,30.77,8,3.99,4,17.98,0
84.2,57,7,50.16,8,5.02,6,24.08,1
93.32,65,6,47.23,5,7.06,4,20.81,0
143.84,59,5,35.42,8,5.03,5,14.64,0
143.33,59,8,33.5,8,5.87,6,24.92,0
160.98,99,6,25.61,7,5.52,5,20.63,1
166.76,67,8,32.83,7,6.19,6,28.05,0
109.22,79,8,29.25,11,4.78,7,17.17,1
119.51,39,6,33.32,7,6.49,6,25.82,0
165.9,75,7,31.19,8,6.01,6,19.78,1
147.95,59,9,51.26,8,6.62,5,15.11,1
177.03,55,9,37.72,9,5.37,4,15.89,0
140.03,54,5,32.94,6,6.29,5,22.97,0
137.48,35,5,42.3,6,7.58,5,21.81,0
114.67,86,7,52.84,5,4.44,5,31.13,0
109.35,56,8,42.18,6,4.76,5,35.54,0
151.63,52,5,37.73,5,6.28,5,30.3,0
146.24,68,7,36.13,9,6.31,6,17.31,1
179.68,63,8,29.81,7,6.99,5,25.02,0
124.77,53,4,36.62,6,6.2,5,22.88,0
186.94,58,6,50.47,5,4.83,5,34.52,0
168.13,70,4,26.09,6,6.5,6,24.28,1
149.76,63,7,38.12,8,5.12,6,26.77,0
79.76,74,6,51.86,4,6.38,4,26.59,1
130.64,77,6,58.52,5,4.96,4,26.93,1
143.85,34,7,46.01,5,4.9,5,37.2,0
131.31,31,5,41.61,8,4.95,6,20.36,0
103.71,93,6,46.99,4,5.98,4,22.29,1
150.37,31,6,34.89,4,8.15,3,26.43,0
156.09,51,7,33.61,5,8.37,3,22.49,0
140.89,89,9,40.94,7,5.47,5,24.0,1
158.46,53,10,50.02,10,6.98,5,11.33,1
69.09,43,7,45.78,7,5.34,4,21.36,0
101.68,71,8,36.09,5,8.52,3,20.99,0
117.66,88,8,50.88,6,4.75,4,24.52,1
124.01,47,8,34.98,8,4.71,6,33.55,1
115.97,53,7,34.7,8,5.72,6,24.46,0
161.56,62,10,46.76,9,6.81,5,14.61,1
115.25,43,6,30.37,10,4.4,5,12.48,0
80.47,47,6,40.3,7,5.92,6,27.69,0
107.75,108,6,47.45,4,6.49,3,16.82,1
142.52,80,8,51.61,6,4.59,5,27.14,1
129.74,36,5,37.97,6,6.51,5,25.36,0
154.51,82,9,50.77,7,4.76,4,26.02,1
154.27,60,8,31.78,7,2.97,3,23.34,0
146.76,36,5,39.05,6,6.23,5,30.42,0
162.86,72,7,30.12,10,5.31,6,11.74,1
129.54,68,9,24.01,9,7.15,5,20.69,0
98.22,69,9,53.6,5,6.76,3,25.9,1
150.3,86,13,40.92,10,4.95,5,14.73,1
152.45,86,7,25.3,8,6.36,5,17.04,1
120.72,50,6,49.17,6,5.92,4,20.84,0
132.91,69,6,33.54,7,3.85,4,19.84,0
100.18,65,4,61.82,3,5.88,4,28.95,1
123.77,83,5,30.17,7,4.96,6,22.83,1
180.57,66,6,29.81,9,4.01,4,15.52,0
109.01,32,4,36.68,7,6.69,5,21.06,1
127.25,34,4,42.76,6,6.0,6,29.86,0
162.2,82,4,56.39,3,6.35,4,23.85,1
125.23,66,5,51.92,3,6.86,4,28.03,1
103.55,95,5,27.6,6,5.51,5,23.36,1
87.3,63,9,38.63,10,6.8,5,13.54,1
111.25,69,9,32.24,10,5.58,5,11.35,0
161.13,85,9,22.29,9,4.23,3,10.64,0
199.8,54,5,37.51,6,6.68,5,25.8,0
145.57,59,5,42.82,6,5.78,5,25.58,0
143.46,42,8,35.22,8,6.41,5,24.63,0
178.91,73,8,31.5,10,5.33,6,18.42,1
143.61,90,3,19.97,5,5.4,6,28.13,1
125.81,56,7,24.72,11,4.45,5,9.83,0
136.15,54,5,49.38,6,5.53,6,25.78,0
96.45,81,11,20.36,9,6.42,5,24.71,0
117.19,79,7,55.61,5,5.3,4,25.72,1
34.02,57,6,36.37,7,3.49,3,23.87,0
196.04,64,5,39.87,6,7.03,5,19.81,1
188.89,98,5,19.39,6,5.14,5,26.0,1
92.45,52,8,33.38,9,4.93,5,15.35,0
156.36,53,9,50.03,8,7.38,5,13.8,1
96.13,65,6,44.05,6,4.92,5,27.41,0
178.69,43,9,28.75,9,6.31,6,24.36,0
131.16,50,8,34.99,7,6.4,4,28.63,0
116.11,42,8,41.84,8,4.91,5,21.6,0
103.45,58,7,39.01,7,6.16,5,25.24,0
94.22,55,7,55.42,5,5.2,4,31.23,0
136.45,35,8,33.09,9,4.25,3,17.15,0
116.91,63,7,36.24,6,6.97,5,24.86,0
159.68,78,9,30.89,9,5.81,5,16.79,1
110.21,76,8,34.05,7,3.56,3,23.63,0
146.56,62,8,35.69,8,4.18,4,21.58,0
157.88,91,8,27.1,9,5.33,6,17.79,1
143.35,96,7,46.94,5,6.39,4,20.29,1
83.65,36,7,30.08,11,6.03,5,3.49,0
103.35,62,9,34.98,6,7.5,4,23.85,0
117.81,60,4,36.36,8,5.13,5,13.18,0
158.41,54,7,37.63,8,4.77,5,19.7,0
162.73,81,7,24.95,8,7.23,5,15.88,1
112.57,64,8,35.22,8,7.34,5,17.38,1
129.57,55,7,32.69,9,5.16,4,11.28,0
166.71,59,9,40.45,6,5.67,5,33.82,0
131.99,76,8,49.19,5,6.31,4,25.59,1
80.41,65,9,54.37,5,6.05,4,28.44,1
208.13,44,9,28.33,10,4.11,4,15.64,0
148.46,68,8,44.62,8,5.1,6,21.23,1
160.63,56,7,46.41,7,4.17,6,34.43,0
156.93,61,7,32.0,8,4.68,4,14.94,0
94.03,65,6,42.57,6,5.4,5,26.37,0
135.91,50,7,40.41,6,6.48,4,28.24,0
165.59,52,8,33.84,9,5.35,4,10.62,0
101.88,67,7,38.55,8,4.28,6,30.66,0
184.23,66,9,62.11,5,6.14,4,26.73,1
141.86,79,7,45.49,4,8.46,3,21.95,1
174.86,97,8,38.66,5,7.25,3,19.6,1
117.99,63,7,33.04,8,4.59,5,18.17,0
68.41,71,6,57.65,4,5.29,4,28.06,1
106.2,61,7,32.62,9,5.02,4,13.36,0
174.27,62,6,57.46,4,5.78,4,30.07,1
143.5,55,9,43.78,7,5.22,3,21.93,0
153.07,66,6,50.98,4,5.59,4,29.73,0
141.78,74,10,33.54,9,7.46,4,11.77,1
163.91,84,5,20.45,7,5.1,6,26.73,1
132.62,66,12,52.67,10,5.93,4,11.39,1
156.78,79,4,32.43,6,6.67,5,20.28,1
132.62,51,6,31.03,9,4.25,4,15.93,0
186.15,33,8,48.67,7,6.38,4,18.29,0
169.95,54,4,60.61,2,6.92,4,30.72,1
154.2,71,6,45.89,5,5.84,4,27.14,0
151.93,52,6,29.19,9,4.06,4,15.27,0
149.91,73,9,30.61,10,4.46,7,22.85,0
86.6,66,7,33.92,7,3.36,3,22.81,0
124.97,37,9,40.41,8,5.4,4,18.72,0
151.11,63,7,26.43,9,3.69,5,17.83,0
95.7,65,8,42.63,7,4.92,4,24.96,0
158.35,94,8,37.44,7,5.53,5,23.35,1
139.87,67,4,28.28,7,6.48,6,23.13,1
139.22,66,10,45.35,10,4.48,6,20.44,1
155.91,60,9,35.87,8,6.05,6,23.83,0
146.04,39,4,47.58,7,4.55,6,28.0,0
137.59,88,7,31.06,8,5.36,5,18.52,1
139.44,46,7,38.38,7,6.51,5,25.48,0
125.65,82,5,42.31,7,4.85,5,22.55,1
86.66,32,7,35.24,8,3.7,4,21.26,0
168.38,47,8,38.66,8,5.69,4,11.85,0
111.68,63,7,26.8,7,7.03,5,25.65,0
112.51,58,6,40.94,7,5.55,5,26.56,0
73.03,75,6,42.18,4,8.15,3,24.26,1
123.47,64,6,26.08,9,4.17,5,13.63,0
130.51,51,5,29.5,7,6.55,6,22.84,0
145.82,84,5,56.03,5,4.64,5,25.8,1
161.52,74,7,43.64,7,4.69,6,27.27,0
132.47,72,9,39.89,8,5.86,4,17.48,0
134.84,72,6,50.19,4,6.48,4,26.9,1
197.99,67,5,61.41,3,6.54,4,26.88,1
117.54,62,6,50.85,6,5.71,5,21.0,0
139.1,39,4,21.53,10,3.44,5,10.57,0
151.13,77,7,53.36,5,5.48,4,26.56,1
141.32,76,7,37.46,7,6.16,5,18.78,1
114.01,60,6,32.92,9,4.72,5,16.44,0
149.77,41,7,31.76,9,3.65,4,18.19,0
145.19,90,10,42.19,7,5.17,4,23.95,1
86.41,62,7,33.16,10,6.12,5,8.1,0
104.49,64,7,26.36,8,2.6,4,23.61,0
177.07,64,7,34.41,7,3.23,4,26.6,0
69.47,42,6,22.48,11,4.22,5,8.53,0
137.84,51,8,39.53,9,6.31,4,11.19,0
157.79,62,9,49.99,10,5.39,6,15.9,1
123.77,74,9,46.59,6,5.32,4,27.99,1
149.07,81,8,34.85,9,5.57,5,15.07,0
94.08,64,6,28.97,8,6.76,6,18.15,0
113.96,72,5,49.18,4,5.39,4,27.6,0
167.93,88,13,39.7,11,6.18,4,7.42,1
164.88,50,8,36.96,9,4.72,5,20.84,0
124.07,82,6,32.54,8,6.13,5,18.35,1
116.23,84,5,23.95,7,7.08,5,16.53,1
120.31,76,6,38.18,10,2.87,8,22.24,0
123.93,62,5,59.43,4,5.89,5,29.8,1
187.0,57,8,43.0,6,5.64,4,30.09,0
79.38,49,5,53.56,5,4.27,5,33.24,0
174.44,82,11,49.2,6,6.5,3,22.81,1
161.55,83,7,41.32,6,6.18,5,25.3,1
138.27,65,5,23.5,9,3.44,4,13.66,0
117.16,80,10,48.86,6,6.24,4,24.12,1
173.7,94,7,26.96,8,4.5,5,22.73,1
131.66,40,6,25.94,7,7.69,6,25.68,0
100.57,54,9,20.1,9,7.35,5,18.49,0
148.13,100,6,42.17,5,6.42,4,20.06,1
137.09,71,5,55.38,4,5.33,5,28.7,1
161.27,60,9,33.38,9,4.45,4,19.29,0
163.8,74,8,52.96,5,5.58,4,26.98,1
130.75,75,6,42.82,8,6.0,5,16.74,1
117.53,91,9,45.89,8,4.8,4,18.08,1
125.1,54,6,57.31,3,7.37,4,29.61,1
89.25,67,5,26.85,8,6.74,6,19.47,1
127.27,53,6,59.31,2,7.89,3,29.01,1
170.92,68,11,52.92,6,6.45,4,26.31,1
154.38,72,10,48.0,8,7.29,4,17.54,0
146.62,59,7,45.15,6,4.41,4,27.84,0
173.17,56,10,43.33,9,7.48,5,12.06,1
142.38,83,7,48.82,7,4.09,6,28.44,0
150.92,75,5,33.88,7,6.18,6,21.83,1
188.39,57,7,41.64,6,5.97,5,29.28,0
136.44,65,9,38.92,4,9.27,3,24.95,1
147.49,45,8,33.67,8,5.2,6,30.55,0
106.44,53,8,34.09,6,7.52,4,29.89,0
88.33,91,2,21.74,5,7.53,5,19.97,1
135.84,27,5,43.54,6,3.5,3,27.54,0
163.09,78,4,32.38,6,5.36,6,25.64,1
162.88,75,4,51.3,3,6.23,4,26.97,1
121.18,60,8,59.06,5,6.09,4,29.39,1
167.13,74,10,41.78,8,5.63,4,21.14,0
156.26,47,6,35.51,8,5.05,4,12.63,0
99.73,76,9,52.81,7,7.09,3,12.33,1
170.09,65,9,36.3,10,5.55,7,19.95,0
169.58,42,7,50.73,6,5.52,4,25.7,0
217.1,75,8,47.88,6,3.92,5,31.14,0
133.28,52,8,42.74,9,7.5,6,14.52,1
121.82,107,6,35.34,5,6.44,3,19.04,1
117.46,95,9,24.22,10,4.73,4,12.87,0
128.07,74,7,44.49,6,6.73,4,18.35,1
79.19,43,7,35.86,7,6.05,5,26.22,0
156.37,71,8,30.94,7,6.95,5,21.7,0
121.4,63,7,39.79,7,6.17,5,23.68,0
166.04,70,8,40.05,7,4.9,5,31.0,0
129.46,56,6,33.72,8,4.41,4,17.91,0
81.06,61,7,44.68,8,5.64,5,20.82,1
142.82,91,8,36.55,7,6.06,4,15.6,1
79.55,72,6,48.27,8,3.01,7,30.32,0
124.93,75,11,35.14,8,4.73,3,19.35,0
121.76,103,6,33.37,3,7.87,2,18.14,1
82.13,70,9,29.56,7,6.32,4,24.9,0
97.99,72,9,31.25,10,6.11,4,6.97,0
161.11,40,8,36.84,11,6.77,5,6.74,0
135.34,57,6,34.73,8,4.92,5,15.66,0
100.18,59,9,55.83,7,7.77,5,19.39,0
179.66,98,10,41.76,7,5.65,4,21.09,1
123.93,60,8,33.02,8,3.82,5,23.76,0
152.65,52,8,27.9,6,6.79,5,32.52,0
93.28,57,9,41.57,6,3.61,3,29.95,0
98.19,63,9,39.46,7,4.06,3,26.68,0
109.18,92,7,24.48,9,4.94,6,19.81,1
185.82,43,8,40.51,8,5.35,4,18.16,0
117.82,75,6,60.86,4,5.12,4,26.95,0
94.91,76,6,51.64,2,7.87,3,23.24,1
167.44,49,7,32.5,9,4.53,5,16.48,0
154.52,61,7,30.98,8,4.14,4,18.4,0
117.41,36,7,29.74,10,4.68,4,9.32,0
159.58,34,5,31.4,9,4.54,4,11.31,0
187.65,75,9,35.67,9,6.09,3,8.74,0
147.14,66,9,23.92,9,5.23,6,30.51,0
116.74,57,10,34.96,7,6.32,4,30.08,0
195.44,98,7,38.95,5,6.62,3,20.34,1
168.42,70,9,38.84,8,5.56,4,16.92,0
131.43,69,8,31.43,8,4.27,3,17.79,0
73.38,76,7,37.03,7,4.34,4,23.07,0
137.96,52,6,38.0,8,5.2,5,16.05,0
135.76,56,9,39.3,8,4.36,4,23.94,0
113.69,70,10,44.85,7,5.17,5,31.53,0
150.06,81,6,49.1,4,6.85,4,23.75,1
143.07,82,8,43.08,4,7.57,3,22.72,1
129.8,80,4,49.48,4,6.14,5,25.63,1
120.9,70,7,28.38,6,7.05,4,25.77,0
126.89,59,9,24.73,9,6.42,5,18.97,0
116.07,77,6,40.41,7,5.05,6,21.71,0
98.47,65,8,41.79,7,4.84,5,28.0,0
106.0,56,8,44.96,9,7.63,6,9.82,0
156.95,78,10,34.07,9,5.66,4,14.82,1
89.72,88,7,30.68,7,6.54,5,16.29,1
121.22,58,11,38.35,8,5.75,3,15.24,1
178.57,47,6,42.32,7,6.99,5,21.4,0
133.73,49,5,39.35,7,4.04,4,23.36,0
148.96,48,7,27.29,9,3.46,4,17.27,0
145.29,87,10,44.71,5,7.03,3,21.43,1
111.15,39,4,30.63,6,7.0,5,25.75,0
159.06,64,7,49.53,3,7.74,3,26.79,1
51.69,64,4,33.59,6,6.53,5,25.53,1
137.95,57,10,33.61,7,7.38,5,25.18,0
163.29,49,8,23.68,8,6.54,5,26.61,0
101.79,84,8,29.92,9,4.98,5,15.25,0
207.12,74,4,63.5,4,4.24,5,28.53,1
114.45,60,9,35.35,8,6.13,5,23.18,0
183.67,90,3,13.21,7,5.8,6,23.05,1
138.61,51,5,27.89,9,4.8,4,7.62,0
187.66,58,5,63.59,2,7.51,3,27.72,1
115.0,59,10,30.68,7,7.95,4,22.64,0
134.76,90,10,33.41,6,7.65,3,20.95,1
149.43,92,2,47.82,4,5.42,5,24.43,1
198.11,95,5,44.96,4,6.7,3,20.82,1
72.87,62,9,28.77,8,3.36,3,19.77,0
118.79,52,8,29.46,8,7.95,5,20.84,0
119.99,84,7,33.81,8,3.63,7,29.71,0
117.06,63,7,37.31,6,6.27,5,29.23,1
132.01,82,9,44.28,6,6.53,4,23.91,1
134.42,38,5,42.27,6,6.2,5,25.04,0
169.7,49,8,43.06,5,7.63,4,25.46,0
128.14,52,5,43.19,7,5.78,5,24.23,0
133.11,85,3,51.95,3,6.09,4,24.48,1
161.96,51,5,36.45,6,5.86,5,27.06,0
110.59,58,9,28.03,9,6.16,6,23.86,0
143.38,28,6,38.27,10,5.5,6,14.09,0
159.37,72,6,25.07,10,4.41,5,11.55,0
116.8,71,7,39.95,7,6.16,5,20.23,1
94.78,83,7,44.46,5,7.2,4,23.02,1
188.37,64,8,37.92,8,5.04,6,27.37,0
121.23,96,6,32.08,8,4.04,5,23.21,1
167.14,75,8,50.9,7,4.08,5,25.8,1
143.47,82,7,54.37,6,4.54,5,26.31,1
129.68,59,9,31.4,8,6.06,6,27.29,0
161.98,81,9,33.58,8,6.25,5,23.32,0
151.22,62,9,32.2,7,7.0,4,25.29,0
165.65,88,8,41.19,5,6.35,4,23.5,1
125.06,81,10,53.74,7,5.53,4,24.26,1
100.51,56,8,28.56,9,4.81,7,27.55,0
108.11,72,8,51.95,5,6.72,4,25.66,1
93.97,48,8,37.19,7,6.97,5,22.57,0
144.61,82,7,45.83,6,5.82,5,25.48,1
103.01,73,2,58.94,2,7.0,4,25.73,1
214.04,56,10,31.73,7,7.91,4,25.5,0
138.52,69,8,29.43,8,5.53,5,26.69,0
149.2,58,8,36.23,9,5.62,4,12.74,0
114.54,97,5,39.29,4,6.9,4,20.86,1
122.67,45,7,32.44,9,4.14,4,18.89,0
158.48,83,8,50.33,5,5.95,4,26.68,0
130.15,80,8,27.57,10,5.81,6,16.47,1
160.72,58,9,38.48,8,4.89,4,20.89,0
179.98,75,8,49.32,5,5.86,4,26.67,1
138.38,76,9,20.77,9,6.14,5,20.88,0
142.97,48,7,34.29,8,6.54,5,21.74,0
131.81,69,7,16.47,11,3.51,4,8.49,0
178.09,45,5,50.14,5,5.69,5,30.37,0
137.41,43,6,32.91,8,2.84,4,25.95,0
99.5,64,7,52.88,3,8.37,3,25.3,1
121.0,54,8,33.77,8,6.43,5,23.51,0
104.26,70,7,24.38,7,2.22,3,22.04,0
119.1,85,6,33.15,7,5.56,5,20.15,1
112.7,67,9,49.63,4,8.09,3,25.08,1
158.48,56,9,32.27,8,5.72,5,26.78,0
146.98,48,9,43.17,8,5.6,4,19.35,0
116.69,51,7,35.38,7,6.57,5,27.0,0
99.68,47,6,30.59,8,2.97,4,21.6,0
108.7,58,6,23.99,8,2.62,4,18.78,0
111.22,61,9,38.7,9,5.28,6,24.24,0
113.7,72,9,16.29,11,5.5,7,25.57,0
146.41,82,10,51.5,6,6.11,4,26.67,0
169.22,77,8,46.66,5,6.62,4,24.96,1
188.85,45,5,43.51,7,4.96,5,23.88,0
80.82,84,6,27.76,7,6.85,5,18.22,1
86.62,72,12,47.83,10,6.15,4,11.79,1
157.62,45,7,39.37,8,5.19,4,17.41,0
114.94,89,7,43.2,5,6.22,4,23.16,1
98.74,67,8,44.25,6,5.74,4,27.93,0
126.82,39,7,32.73,8,6.37,6,24.13,0
100.68,92,7,22.21,8,6.27,5,17.49,1
179.05,70,7,52.87,5,5.78,4,28.09,1
188.89,66,10,31.18,8,5.37,5,31.96,0
155.07,57,7,33.73,7,3.62,3,22.34,0
126.09,52,7,40.83,7,4.12,4,25.91,0
95.2,86,8,47.69,6,5.57,4,24.14,1
157.01,64,6,32.28,7,6.11,5,26.84,0
124.93,58,7,34.99,8,6.68,6,24.84,0
153.0,70,8,45.82,7,5.38,4,24.61,0
128.14,65,11,25.0,10,6.56,5,19.66,0
140.09,74,6,25.61,8,6.46,6,19.97,1
150.91,85,9,38.23,6,6.27,4,28.75,0
142.35,55,8,23.78,10,4.21,4,8.69,0
95.85,62,11,50.93,10,5.82,5,13.2,1
86.15,40,6,33.93,9,4.84,5,14.43,0
101.98,42,5,21.02,8,1.74,3,19.35,0
81.78,84,5,29.04,7,5.68,5,22.84,1
111.69,74,8,34.5,8,6.67,5,15.41,1
122.91,57,5,40.35,7,7.09,6,19.12,1
117.64,70,8,40.04,8,6.17,5,21.24,0
149.31,67,9,34.45,7,6.74,5,30.68,0
146.75,71,4,30.63,7,7.07,6,17.79,1
72.82,100,7,41.52,5,5.9,4,20.85,1
100.59,84,6,56.08,5,4.56,5,25.78,1
122.8,71,7,33.0,8,6.64,6,17.54,1
192.56,77,10,36.67,8,5.49,5,27.09,0
127.45,47,6,42.38,6,5.57,5,29.99,0
149.46,38,8,31.37,9,3.79,4,16.2,0
107.18,54,7,35.88,9,5.88,7,22.71,1
99.07,66,10,49.13,10,5.79,5,14.2,1
182.91,83,10,44.88,6,7.1,3,22.31,1
160.78,57,9,30.92,7,6.76,5,25.4,0
133.58,68,7,40.48,7,4.87,4,24.01,0
116.45,82,6,47.3,5,5.55,5,25.74,1
84.89,68,7,35.05,8,5.28,4,13.26,0
193.87,83,9,39.91,8,6.78,5,14.72,0
186.14,102,7,16.44,9,5.18,6,19.37,1
147.77,66,9,31.45,7,5.61,5,32.43,0
88.17,32,3,34.15,6,7.63,5,21.94,0
194.97,70,12,61.12,8,5.43,4,15.21,1
111.37,58,10,60.45,7,4.93,5,30.85,1
140.79,71,6,58.07,3,7.74,3,23.94,1
162.04,39,7,29.89,6,8.31,4,24.25,0
165.72,84,9,43.37,9,4.14,5,20.53,1
109.93,51,6,34.02,7,3.15,3,23.52,1
126.38,71,6,35.81,8,5.09,6,21.74,1
164.46,67,6,45.68,7,5.46,6,20.65,1
159.82,56,8,30.89,9,4.17,4,18.33,1
113.02,63,8,33.16,7,5.35,5,30.15,0
150.29,68,6,50.68,4,7.23,4,26.71,1
85.92,70,5,34.35,8,5.79,6,19.73,1
121.4,50,6,30.59,6,7.83,4,23.18,0
57.15,101,2,7.39,6,6.69,5,22.33,1
95.42,38,6,28.4,8,3.12,3,17.31,0
113.25,87,7,38.8,4,8.15,3,21.19,1
155.08,65,5,30.84,8,4.1,5,17.78,0
102.04,96,9,38.3,6,6.5,4,20.7,1
82.61,64,4,29.76,7,3.6,4,17.04,0
152.04,44,3,41.32,5,6.45,5,23.77,0
155.95,62,9,26.88,9,3.53,3,16.55,0
136.47,47,6,41.01,7,4.77,6,28.59,0
175.31,78,7,53.2,5,5.09,5,26.83,1
132.57,31,8,43.73,8,4.89,3,19.96,0
70.02,94,10,35.55,9,5.59,4,14.72,1
134.46,83,8,32.42,8,4.57,4,16.26,0
128.64,51,6,36.26,7,5.92,6,27.89,0
114.98,60,7,66.38,4,5.89,4,28.87,1
169.84,77,8,34.95,6,6.79,5,26.52,0
169.81,59,8,52.97,5,6.34,4,29.8,1
173.39,79,8,44.72,5,7.33,3,23.81,1
110.76,93,8,33.16,7,6.34,5,22.73,1
113.25,50,4,48.58,5,7.1,4,20.6,0
116.43,119,10,21.61,7,7.73,3,13.96,1
90.96,41,5,33.56,8,3.46,4,19.85,0
100.8,61,10,26.44,9,6.8,5,24.75,0
134.78,65,7,44.65,5,6.28,4,26.63,0
116.46,71,7,59.62,5,5.0,5,27.97,1
145.88,64,6,28.83,7,3.13,3,20.5,0
165.71,35,6,29.41,8,3.22,3,16.97,0
117.7,54,7,32.89,6,7.86,4,21.51,0
138.02,71,9,30.96,8,4.29,4,18.45,0
129.42,50,6,31.28,9,4.71,5,13.71,0
79.24,49,8,41.91,7,5.21,3,18.31,0
111.47,62,9,28.84,9,4.85,4,11.83,0
178.95,87,9,47.81,7,5.68,4,23.34,1
88.87,71,8,25.87,10,5.03,7,20.93,1
159.49,62,8,43.42,6,4.76,4,24.31,0
181.36,40,6,32.19,10,4.6,5,13.76,0
127.78,49,6,27.37,8,3.2,4,18.18,0
126.53,50,7,46.9,7,5.71,5,22.13,0
151.75,62,11,50.64,7,5.64,4,30.02,1
164.6,97,6,17.72,7,6.17,5,19.01,1
106.76,51,8,30.7,7,2.23,2,25.46,0
136.94,65,8,38.02,10,4.8,6,20.69,1
179.13,38,6,30.53,9,3.95,4,17.06,0
148.22,84,10,29.59,8,5.47,5,30.37,0
114.38,62,7,22.79,9,6.38,6,18.32,0
163.15,81,11,46.08,11,5.12,5,11.48,1
160.96,61,8,35.89,7,6.02,5,25.45,0
104.33,88,5,46.88,4,6.26,4,23.34,1
109.3,36,9,27.65,9,7.43,5,18.74,0
141.11,48,8,25.48,9,7.79,5,16.34,0
164.6,43,6,42.71,5,6.18,4,26.46,0
179.37,46,7,27.14,9,3.42,4,18.04,0
107.19,63,7,31.58,8,5.33,6,26.47,0
147.73,52,5,40.83,7,6.17,6,23.15,1
125.22,77,5,44.9,2,8.39,3,23.44,1
126.8,70,6,28.83,6,7.91,5,18.46,1
123.37,38,6,43.04,7,5.39,6,26.26,0
163.86,85,7,28.81,8,5.48,5,22.27,1
150.49,34,8,44.88,7,5.1,4,22.01,0
157.63,73,10,32.52,10,6.12,5,9.33,0
156.83,90,2,21.13,5,6.86,5,22.72,1
101.43,52,8,32.86,8,3.75,3,20.63,0
136.36,83,8,35.91,9,4.18,6,21.73,1
91.4,87,6,38.81,7,6.54,5,15.08,1
129.87,65,12,48.5,11,5.55,5,14.39,1
175.59,76,9,57.1,5,5.5,4,25.68,1
99.52,55,6,33.91,8,5.71,6,26.62,0
150.76,52,7,31.34,10,5.42,5,11.08,0
164.29,56,9,36.08,8,5.02,3,17.08,0
146.88,94,10,37.51,7,6.88,3,20.35,1
159.72,68,6,53.49,3,7.31,4,26.41,1
130.33,64,7,34.43,8,5.09,4,15.33,0
99.94,72,9,44.93,7,5.74,5,28.14,1
107.73,73,10,34.65,10,5.99,5,13.83,0
143.7,72,6,30.31,7,7.12,5,17.6,1
143.7,80,5,26.08,7,6.93,6,17.99,1
110.12,74,5,32.91,7,3.61,4,21.46,0
134.85,54,6,42.3,7,4.44,6,36.58,0
125.82,51,7,30.96,6,7.41,5,26.36,0
129.17,50,6,41.5,6,4.5,4,21.62,0
205.06,73,8,34.52,8,7.1,5,14.02,1
147.66,64,9,52.41,8,6.37,4,15.49,1
110.09,81,6,33.26,6,6.15,5,23.62,1
150.41,76,4,64.23,5,2.94,6,30.13,1
176.42,40,7,25.15,11,4.91,5,6.65,0
119.66,56,5,31.62,9,5.46,6,9.97,0
118.51,67,9,43.25,5,7.0,4,27.88,1
109.47,41,6,39.05,7,3.71,3,25.1,0
147.87,60,9,43.84,7,4.34,5,33.69,0
156.21,43,8,34.3,9,4.52,4,16.35,0
144.01,47,7,41.17,6,6.54,5,27.39,0
140.94,60,7,55.54,4,5.7,4,32.31,0
131.4,85,6,42.72,6,5.4,5,25.85,1
149.75,37,7,34.46,8,5.84,6,26.85,0
115.86,60,8,32.57,8,6.55,6,24.65,0
133.99,68,6,25.67,8,2.91,4,19.87,0
121.0,83,7,47.71,5,4.61,5,30.57,0
106.56,62,9,22.15,8,7.31,5,27.73,0
154.81,67,8,56.81,7,3.89,6,30.84,1
149.1,60,6,29.66,9,4.9,5,11.99,0
105.44,77,5,30.46,8,4.63,7,23.27,1
109.29,68,8,38.78,8,6.09,5,19.37,1
154.0,52,4,38.45,7,6.15,6,21.29,0
152.77,73,8,22.65,10,3.89,4,13.47,0
127.49,42,10,27.44,11,4.65,4,11.8,0
132.17,69,7,43.03,7,4.01,6,30.37,0
115.31,70,7,37.25,9,6.45,5,10.9,0
84.05,83,7,42.92,7,6.08,4,16.91,1
111.4,89,5,20.65,7,5.98,5,21.93,1
130.68,63,6,44.14,7,5.62,5,21.36,0
136.48,58,8,45.27,6,4.57,3,25.45,0
119.74,60,8,36.43,8,4.53,4,20.57,0
146.43,49,9,67.61,5,6.21,4,30.58,1
122.38,75,7,45.11,5,5.87,4,27.48,1
114.11,69,8,40.12,7,5.91,5,27.17,0
103.62,64,6,39.48,8,7.36,6,14.93,1
138.26,66,9,46.59,6,5.54,4,32.23,1
136.89,65,7,37.01,7,7.55,5,17.97,1
154.98,72,9,33.66,10,6.76,5,12.18,1
137.18,77,6,58.27,4,5.57,4,25.98,1
137.0,72,7,33.73,8,3.96,5,24.31,0
122.21,61,7,31.21,8,3.98,3,17.21,0
115.78,86,7,38.1,5,7.73,3,22.12,1
116.49,63,8,37.45,8,5.33,6,25.72,0
144.98,72,3,62.71,2,6.07,4,26.57,1
62.99,51,7,36.75,8,4.91,4,15.03,0
136.67,66,8,24.93,9,5.6,6,23.96,0
98.25,86,8,30.02,9,5.58,5,16.85,1
115.83,75,7,37.52,8,4.99,5,20.23,0
165.39,42,7,37.13,7,6.93,5,25.62,0
150.65,104,4,13.97,6,5.92,5,21.62,1
123.69,96,6,52.56,6,3.5,5,24.45,1
100.99,85,9,42.68,5,8.13,3,20.69,1
154.99,68,7,36.24,8,4.44,4,21.24,0
99.94,46,7,21.56,8,6.68,6,29.4,0
86.48,49,4,67.15,4,4.12,6,35.41,1
148.53,36,10,28.6,9,6.77,5,26.81,0
92.55,41,10,15.43,10,7.46,6,26.09,0
108.22,52,8,36.68,7,6.55,4,25.65,0
78.11,87,9,38.25,7,6.0,5,24.27,1
114.24,62,8,34.94,8,4.47,4,16.98,0
120.11,79,8,39.59,8,5.67,5,19.28,1
49.34,56,9,52.06,8,5.5,5,21.55,1
213.15,64,9,44.97,9,5.71,6,17.3,1
111.79,52,6,29.87,9,4.27,5,14.88,0
185.65,63,8,24.56,9,6.01,6,22.95,0
156.37,50,8,36.92,7,4.85,5,32.81,0
84.18,58,5,36.92,6,5.1,6,30.45,0
112.63,56,8,33.96,8,4.62,4,16.3,0
123.42,45,7,28.12,9,3.74,4,16.34,0
187.72,58,8,29.1,7,7.63,4,22.9,0
148.95,29,5,30.32,9,4.68,4,9.38,0
117.46,83,9,37.4,7,6.11,5,25.15,1
137.69,50,7,47.9,5,4.56,4,28.37,0
173.33,88,4,45.58,3,7.34,3,22.17,1
89.53,33,8,9.22,10,9.23,6,16.44,0
98.32,26,6,39.32,9,5.29,4,14.11,0
104.31,86,6,46.1,6,4.97,5,25.69,1
201.3,50,8,30.63,7,6.56,5,28.77,0
140.13,89,7,49.79,7,4.25,5,25.27,1
104.73,47,8,45.03,6,6.03,4,32.75,0
129.21,80,9,44.85,6,6.54,4,24.32,1
100.12,59,8,42.54,7,4.69,5,31.03,0
158.43,68,9,34.92,7,7.16,5,24.99,0
104.56,58,6,41.71,6,5.74,5,26.84,0
131.55,56,10,28.36,11,5.47,6,18.43,0
170.53,47,6,35.79,7,3.88,4,21.06,0
108.88,61,6,58.73,5,4.56,6,31.87,1
145.82,59,8,52.13,5,6.58,4,29.59,1
82.99,110,8,31.68,6,7.24,3,16.66,1
210.38,46,10,41.62,10,6.93,4,11.39,0
98.13,76,4,29.92,7,6.29,6,20.33,1
94.3,50,5,41.81,5,5.48,5,27.96,0
205.15,68,5,34.56,8,5.5,6,22.66,1
169.88,57,8,40.71,6,3.79,3,27.55,0
144.78,48,7,37.58,7,5.74,5,27.73,0
126.56,60,10,35.08,9,5.17,4,14.73,0
174.17,82,6,40.17,6,5.93,5,20.85,1
134.88,101,5,25.45,5,6.41,4,21.68,1
117.0,35,6,27.66,10,4.59,4,8.61,0
191.75,59,5,30.68,7,6.47,6,23.55,1
177.31,64,5,28.73,9,4.16,5,15.07,0
113.74,53,7,35.48,8,4.62,4,18.4,0
136.86,39,7,36.09,10,6.05,5,9.02,0
114.89,79,9,55.97,6,5.6,4,24.65,1
167.61,84,6,51.16,3,7.15,3,22.33,1
135.05,87,6,34.08,6,6.92,4,16.04,1
197.75,54,8,39.08,6,7.1,4,25.32,0
153.19,79,5,50.41,3,6.62,4,24.93,1
116.1,44,9,30.98,8,6.92,4,25.24,0
143.6,76,8,41.46,8,5.71,6,20.07,0
128.29,51,7,43.81,7,4.71,6,30.95,0
111.0,70,9,25.44,8,4.82,6,30.06,0
127.92,62,8,40.46,6,6.53,4,23.71,0
101.31,45,8,48.98,9,7.23,6,14.44,1
134.32,96,7,31.07,7,5.13,5,20.89,1
114.81,86,9,47.11,5,6.34,3,22.95,1
144.75,58,6,33.08,9,4.55,5,15.74,0
90.08,71,7,53.66,6,5.09,5,29.73,0
129.0,64,7,44.98,6,5.63,5,28.75,0
114.68,28,8,38.32,9,5.09,4,16.54,0
84.0,79,10,46.12,7,6.37,4,24.44,1
156.32,54,8,34.77,7,3.07,3,25.47,0
150.09,63,4,51.04,1,7.84,3,27.96,1
101.34,63,8,43.45,8,6.62,5,17.04,1
135.45,62,9,51.04,5,6.83,4,28.35,1
99.51,65,7,42.83,6,4.38,4,26.79,0
114.6,46,7,29.85,8,7.68,6,17.14,0
143.81,76,10,41.36,9,5.97,5,13.13,1
141.2,60,6,61.2,3,7.33,3,27.52,1
176.65,60,7,43.17,6,3.99,4,28.69,0
125.77,59,5,39.85,8,5.2,6,19.3,0
158.97,73,8,35.26,9,5.79,5,12.85,0
207.88,78,7,53.42,4,7.11,3,23.36,1
126.54,54,7,33.65,5,6.84,4,31.3,0
131.95,41,5,32.7,8,3.06,4,23.99,0
132.65,50,7,24.67,9,6.68,7,23.84,0
96.84,41,7,44.74,7,5.28,4,21.32,0
91.12,69,9,34.9,8,6.44,5,25.94,0
149.55,40,8,34.71,8,6.35,5,26.31,0
116.19,67,7,28.69,10,5.25,5,9.88,0
136.34,34,5,37.89,8,5.03,5,15.21,0
142.04,63,7,42.87,7,5.83,4,16.57,0
128.37,73,7,59.22,5,5.66,4,26.32,1
139.67,63,9,38.7,9,5.86,4,14.97,0
125.07,44,6,34.84,8,5.58,6,24.24,0
117.19,85,6,58.43,7,2.77,6,28.24,1
162.61,41,6,41.57,8,5.49,6,19.07,0
83.09,76,7,34.86,7,5.86,5,20.9,1
155.09,101,4,21.73,5,5.61,4,26.02,1
135.79,56,5,40.43,8,4.38,7,24.79,0
142.61,91,9,35.5,7,5.78,4,23.98,1
125.37,83,6,41.06,6,5.27,5,22.15,1
143.9,50,5,41.7,4,6.34,4,30.95,0
152.95,91,9,20.68,9,3.21,3,17.34,0
165.6,68,6,35.79,8,6.16,6,19.45,1
135.97,83,7,42.32,6,5.04,5,25.89,0
128.05,74,9,33.47,8,4.01,3,22.5,0
81.11,43,6,37.2,7,4.25,4,21.27,0
73.12,59,6,46.28,6,6.21,4,23.95,0
93.03,54,5,46.36,6,4.71,5,30.38,0
118.27,55,7,38.8,8,7.01,5,16.53,0
144.96,81,7,33.37,8,4.73,6,23.08,1
151.25,34,8,30.2,7,7.25,5,25.98,0
161.26,93,6,26.29,7,5.45,5,21.4,1
138.58,53,10,38.13,9,5.58,6,29.55,0
136.15,23,5,43.12,7,4.81,5,21.23,0
152.18,72,8,28.43,9,4.25,4,15.52,0
150.36,51,6,34.38,8,7.76,6,18.43,1
180.44,58,5,53.55,5,5.45,5,28.23,0
110.95,78,9,39.77,7,4.76,4,25.51,0
176.85,51,6,29.5,8,3.33,3,17.68,0
226.79,69,8,33.7,7,6.33,5,27.42,0
100.93,62,6,25.79,7,2.05,2,23.59,0
170.98,88,7,49.31,5,6.44,4,21.87,1
86.46,88,8,41.26,6,6.08,4,23.45,1
162.88,51,4,54.81,5,5.91,5,23.98,0
100.27,70,7,57.18,4,5.71,4,27.38,1
121.23,79,8,46.03,6,6.89,3,16.29,1
147.05,53,4,27.28,10,4.76,6,10.87,0
145.59,74,6,50.62,5,5.71,5,31.54,0
189.13,56,9,45.21,6,4.78,4,26.78,0
118.51,104,9,31.78,6,6.97,3,18.6,1
204.34,96,6,18.05,7,7.22,5,14.47,1
121.78,73,5,30.07,7,6.29,6,21.25,1
163.63,55,8,44.03,8,6.53,5,15.28,0
169.97,64,5,35.77,7,6.07,6,23.82,0
177.02,55,5,37.12,7,5.34,6,28.21,0
80.19,67,8,48.25,6,4.55,5,31.14,0
136.21,103,7,40.11,6,5.75,4,20.18,1
145.53,59,7,23.3,9,2.93,3,16.27,0
119.02,49,7,35.4,8,5.89,5,22.4,0
149.05,76,7,48.64,7,5.84,4,18.34,1
132.15,69,9,46.65,9,5.97,5,15.04,1
168.98,41,7,27.85,10,4.61,3,6.78,0
174.25,38,8,51.49,7,6.53,5,22.18,0
136.94,54,10,42.19,7,5.02,3,22.84,0
145.54,74,7,35.37,8,5.69,6,20.12,1
171.59,60,8,49.92,8,5.6,5,21.15,1
102.03,83,6,22.86,6,7.39,4,20.07,1
139.55,67,8,33.83,8,4.71,4,16.16,0
130.42,59,5,44.92,6,6.32,5,18.84,0
121.68,63,8,45.8,9,6.68,5,13.85,1
118.47,71,8,52.83,6,5.63,5,27.6,1
116.39,41,8,28.19,8,6.89,5,29.37,0
98.5,69,11,42.09,11,4.95,6,17.44,1
165.08,66,7,37.21,8,4.9,5,20.64,0
143.91,65,6,39.23,6,6.75,5,22.95,1
100.13,44,9,33.8,8,5.88,5,28.44,0
93.96,79,9,24.11,9,4.02,3,14.17,0
142.34,86,9,35.69,9,5.3,5,16.08,1
161.62,54,6,38.7,7,4.75,3,17.33,0
139.18,57,7,36.89,8,5.58,4,11.98,0
149.93,54,9,33.95,9,4.55,4,17.7,0
109.14,59,7,41.81,8,4.84,6,25.45,0
172.25,89,6,43.58,5,6.03,4,23.73,1
161.03,46,5,41.75,6,6.07,5,26.87,0
89.97,67,8,40.41,5,7.23,4,28.92,0
101.6,95,8,45.19,7,6.57,6,21.38,0
139.26,58,8,35.04,7,7.09,5,26.45,0
158.06,73,9,39.18,6,7.43,4,25.75,1
117.25,89,5,59.9,5,3.83,5,25.25,1
107.74,71,8,22.31,10,5.79,7,22.72,0
176.76,54,5,53.57,6,4.87,5,28.77,0
89.27,61,7,45.14,7,6.24,5,20.43,1
122.7,57,7,44.21,7,4.93,5,25.87,0
95.32,77,7,19.08,9,6.51,6,18.91,1
90.14,79,9,39.89,4,8.82,3,21.75,1
108.09,71,7,45.39,6,5.16,5,28.4,0
150.94,52,8,38.99,7,6.69,5,26.17,0
182.23,63,7,38.72,7,4.1,4,24.91,0
171.98,50,5,37.47,8,5.67,6,19.58,0
101.21,88,9,38.66,6,6.0,4,23.98,1
86.71,73,4,31.26,7,5.87,6,22.26,1
174.38,37,2,60.55,4,4.96,5,29.77,0
152.5,83,8,32.77,10,6.29,5,9.8,0
152.63,75,6,21.65,8,7.65,6,15.39,1
160.14,35,4,39.81,6,7.33,5,17.85,0
135.44,59,10,49.43,7,6.31,3,19.72,0
146.56,91,8,36.26,6,6.98,3,22.02,1
144.85,75,9,57.18,6,5.77,4,25.34,1
159.12,86,8,40.51,5,6.19,4,24.33,1
102.48,49,6,45.65,6,5.54,4,20.5,0
96.51,75,9,53.82,7,4.97,4,20.21,1
142.58,58,4,39.94,6,6.53,5,21.88,0
135.17,87,3,21.71,7,5.26,6,24.31,1
168.33,79,5,28.21,7,6.39,6,20.51,1
142.52,41,5,41.4,5,2.56,3,33.83,0
112.69,80,5,30.87,8,5.4,6,22.12,1
122.67,42,7,33.29,10,4.69,7,23.05,0
123.3,47,4,40.69,5,5.83,5,30.27,0
142.46,70,8,27.67,9,4.36,6,28.06,0
123.1,84,10,38.29,6,8.14,3,21.28,1
206.62,77,8,38.85,8,6.97,5,11.71,1
136.77,90,6,29.15,7,6.33,5,18.63,1
139.89,91,7,53.69,5,5.5,4,22.47,1
126.78,63,8,41.22,9,6.99,5,14.1,1
91.0,52,5,36.58,6,3.55,3,22.62,0
133.81,56,10,39.75,7,4.24,3,25.2,0
145.96,80,7,51.5,4,6.51,4,24.19,1
124.35,89,4,26.47,6,6.31,5,22.77,1
120.41,56,4,47.17,5,6.8,4,22.47,0
165.13,55,8,45.93,7,5.7,4,19.73,0
173.56,41,5,30.31,8,7.69,6,18.11,0
124.71,45,7,28.08,10,4.24,4,13.03,0
138.83,77,9,30.6,8,5.41,5,28.17,0
200.16,70,8,42.71,7,5.95,6,25.23,0
111.34,58,6,41.81,5,6.11,4,25.27,0
157.15,93,8,23.87,8,6.22,5,16.25,1
202.31,51,7,30.71,7,6.24,5,27.27,0
147.06,68,8,28.65,8,3.42,4,21.87,0
171.14,61,6,42.29,7,5.43,5,18.99,0
146.36,72,9,44.61,8,6.21,5,15.87,1
53.62,53,8,66.81,5,4.96,5,31.96,1
93.11,82,8,26.92,7,7.89,4,14.92,1
134.12,66,8,33.7,6,5.91,5,29.44,0
88.48,59,10,41.58,8,5.08,4,24.44,0
179.11,90,8,36.18,5,7.55,3,21.23,1
141.05,51,7,36.81,7,3.42,3,24.95,0
150.3,75,7,49.25,5,5.5,5,27.7,1
106.74,51,7,29.84,11,5.92,5,3.34,0
207.83,77,6,21.59,7,7.61,5,17.56,1
80.8,70,7,51.95,5,5.5,5,28.79,1
186.91,102,8,42.05,5,7.14,3,17.72,1
126.69,74,6,32.65,7,5.77,6,22.08,1
138.7,48,6,44.74,6,4.01,4,27.94,0
125.14,70,8,29.51,7,2.99,3,24.18,0
132.32,40,6,30.64,7,7.22,5,25.24,0
154.38,73,6,44.26,6,5.49,6,26.13,0
100.24,63,8,46.84,7,4.76,5,27.38,0
149.79,83,8,44.74,6,5.86,5,24.71,1
170.78,54,7,35.99,7,5.96,5,26.49,0
56.14,69,7,39.45,7,5.45,5,22.9,1
153.75,26,6,35.24,9,4.27,4,17.06,0
78.87,46,8,33.7,8,6.73,6,26.65,0
145.63,55,6,33.43,7,7.46,5,18.4,0
112.97,65,7,37.12,6,6.75,5,26.58,0
136.29,74,6,54.39,4,5.9,4,26.63,1
127.34,78,9,44.68,9,5.43,5,16.04,1
114.01,79,3,21.33,6,7.11,5,21.99,1
127.57,45,7,29.08,9,5.74,6,24.95,0
133.39,54,9,38.7,9,6.12,5,14.16,0
85.07,89,8,40.35,6,7.09,4,21.75,1
118.21,73,6,50.85,5,6.03,4,27.2,1
145.19,58,6,32.18,7,2.98,3,21.98,0
117.84,49,9,15.53,9,6.61,6,28.49,0
176.64,56,8,40.51,9,7.06,5,7.55,0
113.0,63,8,27.64,6,7.36,4,27.74,0
155.97,70,7,55.64,3,6.97,3,25.87,1
213.12,53,6,38.96,8,6.24,6,21.87,0
141.73,56,10,33.46,9,6.69,5,20.99,0
126.28,55,8,40.67,7,4.77,4,22.27,0
181.82,60,10,53.24,9,5.34,5,17.89,1
97.06,69,10,43.58,6,6.57,4,27.52,1
187.52,55,4,39.05,5,6.82,5,22.45,0
109.86,35,8,53.68,6,6.35,4,20.83,0
201.0,46,6,35.62,7,6.56,5,25.43,0
92.83,81,9,35.96,8,5.28,4,16.7,0
93.25,96,9,41.1,8,5.33,4,15.25,1
180.78,52,8,33.25,8,6.79,6,23.67,0
176.97,58,6,63.46,4,5.74,4,30.19,1
117.29,49,9,32.12,10,5.2,4,11.4,0
75.49,76,6,21.54,8,3.11,4,15.26,0
143.29,72,9,40.46,7,4.2,4,28.85,0
121.02,86,9,41.51,5,6.85,3,22.81,1
151.95,74,9,53.22,8,5.37,4,17.97,1
106.05,52,6,42.07,6,4.3,4,22.87,0
210.58,46,6,36.26,7,6.43,5,23.18,0
90.6,45,7,42.38,7,4.48,5,24.98,0
138.91,50,6,45.0,6,4.47,5,26.09,0
150.69,42,8,31.87,10,4.6,7,23.36,0
91.78,58,7,24.81,10,3.85,5,14.13,0
136.57,103,6,21.14,7,5.57,5,20.17,1
187.17,112,2,29.52,4,6.46,4,19.28,1
138.5,50,6,27.61,9,5.05,7,23.72,0
94.77,81,8,36.76,7,5.65,5,28.36,0
155.48,79,5,48.44,2,7.89,2,23.14,1
130.5,70,9,54.17,7,5.07,5,28.38,1
148.28,48,8,62.92,3,7.32,3,30.27,1
128.55,40,6,35.06,7,8.41,5,19.35,0
102.02,85,9,41.72,8,5.1,4,18.53,1
155.7,62,9,39.71,8,5.04,5,27.31,0
92.32,101,5,45.31,4,5.67,4,20.67,1
85.15,71,9,41.6,9,6.9,5,11.41,1
118.19,75,10,47.34,8,4.84,5,28.08,1
158.66,60,9,24.63,7,7.81,4,22.16,0
95.84,77,9,53.75,6,5.69,4,25.7,1
112.9,63,11,58.76,7,5.03,4,29.17,1
182.02,59,6,43.76,6,5.07,5,27.19,0
106.86,48,5,44.09,6,5.44,5,29.13,0
127.45,67,9,44.12,9,6.46,5,12.62,1
135.09,71,9,53.16,5,6.31,4,26.47,1
124.86,92,6,27.55,7,5.8,5,19.23,1
120.7,65,8,31.45,8,5.5,5,25.72,0
173.74,33,7,41.58,6,6.66,4,27.24,0
180.63,88,11,33.84,10,5.24,5,15.09,1
174.56,52,9,28.13,8,6.41,5,28.41,0
147.41,65,8,39.2,9,5.95,5,15.8,0
171.79,50,8,27.4,8,6.47,5,23.31,0
93.33,70,11,50.86,7,7.34,5,20.36,0
173.75,83,7,50.49,7,3.46,6,28.34,1
126.79,37,6,31.99,9,3.67,4,18.42,0
175.27,36,8,33.53,9,4.26,4,17.3,0
99.6,37,7,34.06,6,8.21,4,24.87,0
175.26,69,10,38.1,7,4.61,3,22.95,0
150.56,47,8,33.21,10,5.26,5,13.05,0
135.18,71,7,28.87,10,5.0,5,14.07,0
98.16,42,3,49.11,6,4.32,6,31.68,0
211.78,53,7,49.15,4,4.54,2,26.15,0
180.8,89,10,37.85,6,8.28,3,19.31,1
137.01,87,7,47.38,5,5.7,4,23.91,1
141.44,49,9,35.11,9,6.66,6,25.37,0
161.6,41,6,21.1,9,6.83,7,21.69,0
162.7,60,7,62.06,4,5.41,4,30.33,1
131.43,55,7,44.35,8,5.66,6,20.31,0
138.24,89,8,31.39,7,6.32,4,17.78,1
167.3,52,5,32.53,6,6.86,5,20.93,0
145.31,75,11,37.43,7,4.84,2,21.41,0
99.38,50,8,44.8,9,6.18,6,18.54,1
135.77,69,8,34.17,7,5.79,6,28.81,0
113.3,75,8,41.26,7,4.63,4,24.37,0
115.37,58,5,32.57,6,2.66,3,25.76,0
173.46,106,7,43.3,4,7.14,3,16.56,1
173.42,59,9,40.46,6,7.28,5,29.91,1
115.87,70,11,53.32,9,5.16,5,14.77,1
163.0,65,10,37.76,7,4.84,3,20.68,0
114.93,44,5,30.27,9,4.25,5,13.06,0
144.23,43,7,33.1,7,5.86,6,33.68,0
176.96,70,9,46.76,5,7.28,4,25.9,1
165.8,52,9,34.25,9,5.02,3,15.06,0
137.85,63,6,16.35,9,2.62,3,12.41,0
143.22,67,8,29.06,10,6.9,6,14.4,1
125.64,66,7,33.04,6,5.8,5,29.35,0
157.9,65,8,41.59,9,7.29,5,9.68,0
108.48,68,10,33.25,7,6.83,4,25.38,0
70.77,71,10,43.74,7,5.3,4,23.57,0
84.13,76,8,38.72,6,4.44,3,23.02,0
131.47,86,5,62.68,3,5.78,3,22.71,1
128.87,74,6,37.48,8,5.64,5,14.33,0
109.31,52,6,33.97,6,6.23,5,28.69,0
101.77,78,8,36.22,6,3.42,3,27.24,0
90.35,60,7,32.84,7,6.9,5,23.44,0
89.3,60,10,48.85,5,7.62,3,27.48,0
175.47,54,7,36.06,8,4.76,5,18.06,0
149.6,29,4,49.24,6,5.97,6,24.58,0
206.8,82,8,37.0,9,5.52,5,16.84,1
122.63,51,6,31.45,8,3.28,4,21.76,0
106.88,58,5,54.8,5,4.49,5,30.38,0
82.54,45,7,42.29,7,6.21,6,27.23,0
137.98,80,6,20.58,7,7.08,5,18.32,1
110.94,55,9,47.3,9,6.18,5,17.6,1
147.05,78,9,42.69,6,5.66,4,28.25,0
138.12,82,10,45.48,8,6.29,5,21.06,0
103.24,97,6,23.7,9,5.16,6,16.47,1
110.01,28,8,33.71,8,6.14,5,25.12,0
136.8,48,7,43.47,7,4.66,4,23.25,0
137.16,69,6,46.44,6,5.59,5,22.21,0
134.99,101,6,25.86,7,5.72,5,19.85,1
159.65,62,8,27.83,9,5.18,4,8.65,0
124.62,79,6,44.87,4,6.38,4,26.97,0
140.56,58,4,22.89,9,3.0,4,14.49,0
162.74,59,4,45.98,5,3.94,5,31.86,0
110.54,42,6,43.98,7,5.67,5,19.65,0
121.48,63,4,60.91,3,6.82,4,27.83,1
118.59,65,6,54.44,5,5.5,5,29.86,1
138.88,65,8,42.11,7,4.72,4,24.04,0
186.98,119,10,22.21,8,5.82,4,17.19,1
124.66,64,6,39.03,7,4.99,4,17.42,0
138.53,60,8,27.82,8,2.89,3,21.71,0
122.52,56,10,45.22,10,7.33,5,11.16,1
152.05,76,9,43.87,7,5.87,5,25.21,0
123.73,66,10,40.11,8,5.58,4,18.64,0
138.65,81,9,53.54,7,4.72,5,25.78,1
132.85,64,10,28.36,9,5.5,6,27.6,0
149.52,81,8,45.02,7,3.86,5,26.08,1
118.17,88,10,29.61,10,5.05,6,14.98,1
112.47,32,7,47.18,7,5.12,4,24.27,0
137.9,54,10,23.45,9,6.19,5,29.01,0
133.54,47,5,39.56,5,8.14,4,18.79,0
171.95,44,7,44.47,7,5.35,5,27.69,0
135.72,67,5,37.49,6,7.46,5,18.84,1
138.89,90,6,35.36,7,4.43,5,23.81,1
115.9,84,9,44.37,6,5.28,3,24.31,0
190.45,92,10,45.05,8,7.42,4,12.75,1
124.74,74,7,49.89,5,6.69,4,25.59,1
156.32,93,3,26.19,5,6.98,5,19.17,1
124.58,28,7,39.94,8,4.39,4,19.56,0
94.66,55,8,33.47,9,6.3,6,22.01,0
90.06,58,8,43.86,6,4.49,4,26.36,0
86.19,43,6,32.58,8,6.4,6,23.58,0
99.35,27,7,35.61,8,4.28,3,17.87,0
142.81,60,6,22.85,9,3.35,4,15.57,0
167.92,77,8,38.89,8,5.71,5,18.68,1
138.5,64,5,56.36,5,5.5,5,30.04,1
174.31,47,7,35.17,8,3.78,4,22.13,0
121.94,60,7,29.14,6,8.32,4,17.52,0
130.54,92,9,41.51,6,6.43,4,21.51,1
154.79,73,8,35.16,8,5.99,5,21.69,0
94.57,51,7,31.85,8,3.69,4,21.57,0
85.96,84,11,36.21,9,6.24,5,14.33,0
82.05,70,8,30.48,9,6.06,6,20.84,0
175.18,49,3,48.72,3,5.46,4,33.44,0
79.84,45,8,33.4,7,6.11,5,29.88,0
94.52,63,7,60.94,6,4.16,5,31.39,1
155.36,33,5,35.99,9,4.51,5,16.3,0
172.93,64,11,31.34,8,6.46,4,28.62,0
105.02,75,7,36.83,7,4.64,5,22.36,0
181.92,43,8,36.79,10,5.74,5,11.28,0
147.95,55,6,48.05,6,4.57,5,29.99,0
124.23,56,7,43.75,8,6.29,5,16.95,0
104.31,49,7,32.82,8,3.36,3,20.46,0
147.85,78,9,51.78,6,6.29,4,24.41,1
128.23,76,6,30.59,8,4.43,5,16.71,0
66.13,53,5,31.32,8,6.27,6,20.41,0
122.54,80,10,27.96,9,3.98,4,18.63,0
122.03,47,5,46.84,4,7.48,4,21.74,0
94.47,44,8,45.32,9,7.19,5,12.39,0
124.19,61,5,61.69,3,5.78,4,29.87,1
189.13,38,5,48.74,7,5.23,6,28.74,0
114.93,91,12,50.8,8,6.18,3,11.45,1
138.11,60,6,26.41,7,6.99,5,22.2,0
138.49,75,4,33.54,5,7.53,5,20.91,1
114.43,55,7,34.0,7,3.42,2,21.76,0
93.29,42,6,37.41,8,4.74,5,18.09,0
124.89,56,8,37.66,6,6.45,5,27.97,0
99.83,76,6,41.48,8,6.02,6,15.98,1
164.38,43,5,30.91,10,5.03,5,10.66,0
147.75,56,8,33.49,8,4.27,4,19.5,0
134.21,86,5,46.74,3,7.4,3,22.01,1
159.37,83,7,29.25,8,5.98,5,17.58,1
180.21,44,9,35.11,7,3.69,3,22.81,0
127.9,80,9,24.7,10,6.61,5,13.36,1
170.46,65,9,44.64,9,6.66,5,13.52,1
145.78,98,10,44.32,6,6.12,4,19.82,1
96.29,60,7,27.93,8,6.11,6,22.36,0
140.69,65,9,36.38,8,6.29,5,24.85,0
170.07,49,7,29.59,10,4.6,4,12.08,0
132.09,71,7,34.07,6,6.22,5,26.39,0
114.63,43,8,43.79,8,5.59,4,19.8,1
142.17,84,8,45.77,8,5.12,5,17.25,1
47.83,32,4,45.82,5,5.35,5,31.63,0
174.57,68,11,43.99,10,6.46,5,13.26,1
103.0,81,11,45.38,6,6.72,3,23.3,1
108.1,43,10,51.31,9,7.65,5,15.72,0
119.43,41,8,44.02,8,5.4,5,20.21,0
182.8,50,7,31.98,7,6.86,5,25.38,0
119.32,28,4,22.15,8,1.65,3,19.08,0
112.08,54,8,26.53,8,6.82,5,22.39,0
77.71,66,6,32.48,8,4.06,4,19.17,0
142.32,42,11,61.07,9,6.34,5,15.8,1
77.96,16,3,27.53,9,2.97,5,16.93,0
161.63,65,8,40.94,6,5.79,4,30.83,0
121.61,59,6,35.61,7,6.15,5,21.94,0
146.23,62,4,52.57,4,5.21,5,29.93,0
101.25,40,9,21.79,10,6.9,6,23.01,0
88.81,44,5,44.66,6,6.95,5,21.93,0
119.05,68,7,37.94,7,7.36,5,17.02,1
110.8,41,8,24.33,9,6.77,5,22.61,0
165.69,40,6,29.5,8,5.93,6,25.84,0
175.79,69,8,36.02,8,4.62,4,19.04,0
155.34,55,9,53.24,9,6.58,5,13.48,1
59.37,56,6,20.82,10,2.94,4,15.89,0
183.78,83,9,41.2,8,4.95,5,19.98,1
183.88,82,7,43.65,5,6.51,4,24.59,1
81.33,51,7,34.82,9,4.91,5,16.68,0
199.47,69,4,26.54,6,7.03,6,21.93,1
149.09,43,7,33.76,6,7.6,4,25.99,0
79.41,55,6,36.26,7,7.05,6,20.76,1
160.37,62,6,36.34,7,4.52,4,19.78,0
109.81,89,6,45.12,4,6.93,3,21.67,1
147.73,49,7,32.72,8,4.07,3,17.24,0
116.03,63,8,43.94,7,5.53,5,23.31,1
138.54,42,7,36.97,7,3.46,3,23.47,0
213.14,81,8,43.63,5,7.52,3,22.95,1
133.33,81,10,33.56,8,5.54,5,25.53,0
91.84,76,7,53.69,4,6.47,4,24.97,1
126.62,47,9,29.35,7,7.74,4,24.88,0
140.0,53,6,40.73,6,6.61,5,26.33,0
163.51,44,6,31.07,10,5.37,5,7.95,0
107.04,76,10,33.76,8,5.67,4,25.4,0
128.01,51,5,41.69,7,5.13,5,18.07,0
99.09,68,8,37.34,8,4.29,6,29.69,0
150.82,67,6,27.85,9,3.53,5,18.35,0
101.8,40,6,30.59,8,3.07,4,22.54,0
166.7,72,8,37.4,9,5.45,6,18.53,1
129.38,68,5,62.24,5,3.0,6,32.65,1
106.69,41,8,30.07,10,6.17,6,19.2,0
136.72,73,8,38.14,8,6.14,5,19.16,1
157.36,51,6,37.75,6,6.81,5,26.77,0
142.04,72,10,40.97,9,4.59,5,26.43,1
95.8,82,6,58.51,4,5.75,4,24.08,1
162.02,71,8,31.56,7,5.62,5,27.5,0
146.18,62,7,41.27,7,5.93,6,22.64,1
180.72,50,7,30.47,7,7.25,5,20.71,0
188.83,60,8,28.1,8,3.59,3,16.66,0
112.27,81,10,44.87,8,6.68,5,18.91,0
120.69,77,8,41.45,8,6.4,5,16.07,0
84.05,85,11,42.81,9,4.89,4,17.09,1
146.83,50,8,29.52,9,3.92,4,16.92,0
119.19,15,4,36.41,9,4.36,5,15.9,0
123.35,78,7,23.76,10,4.75,5,8.71,0
170.41,54,6,36.61,6,3.29,3,24.04,0
88.46,75,6,58.75,6,3.45,6,29.65,1
162.94,81,8,40.98,5,6.87,4,24.37,1
140.58,63,7,40.13,6,4.57,5,33.04,0
185.54,50,7,43.11,6,4.76,6,36.17,0
151.3,45,9,38.84,7,5.79,5,32.81,0
130.52,86,2,58.96,3,5.14,5,24.76,1
157.96,61,8,33.88,8,5.48,5,27.06,0
116.53,55,5,28.66,7,2.44,4,24.5,0
108.37,29,5,33.79,10,4.78,6,13.94,0
120.86,72,7,48.52,5,6.27,4,27.18,1
108.5,63,8,40.07,6,6.62,5,28.47,0
174.13,76,7,39.75,7,4.6,6,29.0,0
117.39,77,6,37.99,7,6.93,5,16.76,1
137.09,106,9,34.14,6,7.2,3,17.33,1
95.07,61,8,57.25,7,4.83,5,22.11,1
111.62,38,7,40.9,9,5.95,5,14.57,0
115.11,39,8,40.36,7,4.01,3,26.69,0
149.88,67,7,38.44,7,5.23,4,17.77,0
153.3,63,10,29.22,10,5.62,6,23.4,0
141.37,64,6,61.77,3,6.88,3,27.17,1
126.7,27,7,44.12,8,6.35,5,13.94,0
116.71,43,5,38.58,6,6.75,5,27.03,0
119.95,89,3,18.06,7,6.93,6,18.41,1
129.95,65,8,33.05,9,5.04,4,14.43,0
98.33,82,6,48.17,4,6.4,4,24.53,1
166.18,76,10,29.55,7,7.12,4,27.17,1
118.07,68,9,30.79,8,6.13,5,24.05,0
130.42,81,8,50.49,4,7.43,4,22.22,1
153.91,52,5,41.6,6,5.28,5,26.6,1
100.32,75,8,34.51,8,4.17,4,20.63,0
156.82,62,8,52.12,9,5.11,6,19.18,1
99.21,39,6,30.15,8,2.66,4,22.44,0
125.87,87,10,35.68,9,5.57,5,16.04,1
192.22,74,7,36.15,8,5.92,6,18.19,1
136.12,62,7,34.07,7,7.01,5,20.84,0
164.43,65,9,42.39,8,6.32,4,15.63,0
126.98,73,7,52.6,5,5.4,4,27.82,1
160.71,50,8,29.75,7,7.03,5,24.86,1
186.42,74,9,36.3,8,5.65,4,14.79,0
120.14,92,6,48.54,4,6.44,4,21.23,0
141.7,65,8,55.68,5,6.6,4,27.3,1
105.18,70,8,27.01,10,4.07,5,15.9,0
144.9,56,7,39.3,7,4.42,4,21.0,0
175.45,67,8,33.06,8,5.84,6,24.03,0
117.44,36,6,35.48,8,3.75,4,21.11,0
114.58,63,6,28.44,10,4.85,5,10.87,0
187.89,72,5,33.11,8,5.31,6,22.66,1
118.27,77,5,51.04,2,7.88,3,23.44,1
159.5,93,3,20.93,5,6.57,5,23.47,1
135.65,86,7,48.38,5,6.43,4,22.83,1
111.94,42,5,49.51,6,5.33,5,28.15,0
131.97,73,8,53.32,4,6.25,3,26.28,1
127.08,89,7,24.13,8,4.65,6,23.09,1
137.54,68,8,37.16,7,3.94,4,25.67,0
143.04,49,5,40.6,7,4.81,6,27.09,0
179.75,79,8,37.28,8,5.89,5,15.01,0
131.21,59,8,48.82,7,7.12,5,16.23,1
78.54,48,6,58.4,4,5.71,5,34.03,1
139.31,54,6,32.33,8,5.97,5,21.63,0
110.47,83,12,50.93,8,5.84,3,13.2,1
107.38,61,10,40.74,7,6.11,5,30.1,0
196.63,43,7,28.07,7,7.41,5,22.19,0
80.85,80,6,39.25,7,5.03,5,20.07,0
127.04,56,8,29.88,9,4.95,4,10.21,0
139.86,61,7,26.24,9,4.11,4,12.65,0
126.94,55,9,58.61,6,7.51,5,22.24,0
174.18,52,8,42.67,9,6.44,5,11.25,0
147.23,76,8,33.78,7,6.31,5,27.56,0
101.85,78,6,39.0,6,5.48,5,26.56,0
129.88,48,9,63.85,7,4.74,6,33.92,1
142.14,50,8,34.75,11,6.24,7,16.01,1
124.19,72,6,32.46,6,7.43,5,18.37,0
161.4,82,8,36.43,7,5.42,5,27.07,0
160.32,64,11,51.11,6,6.37,4,27.94,1
100.4,60,7,21.14,9,5.87,6,23.23,0
147.35,78,8,37.23,9,6.36,6,12.74,0
117.7,77,8,47.01,5,6.43,4,25.51,1
127.09,33,4,45.08,7,5.74,6,22.8,0
126.11,47,7,36.27,8,6.22,6,22.25,0
202.93,86,6,24.25,7,7.32,5,15.74,1
98.1,80,8,31.95,9,5.78,5,16.56,1
132.18,60,4,24.27,9,2.94,5,18.14,0
137.76,57,8,43.46,7,5.79,3,17.37,0
116.84,87,7,46.87,5,6.54,4,22.56,1
132.47,60,9,54.93,8,6.27,5,15.49,1
173.1,64,8,30.02,9,4.37,4,14.92,0
139.32,74,3,24.12,6,6.97,6,22.9,1
146.1,73,8,40.97,7,5.49,5,21.78,1
156.29,54,9,31.01,8,6.94,5,25.04,0
135.07,70,10,52.38,8,6.1,4,16.18,1
101.49,88,9,48.34,8,3.49,5,26.77,1
152.39,80,9,43.55,7,5.74,4,21.79,0
126.1,57,8,43.7,8,6.75,5,14.12,0
121.42,44,6,18.12,9,1.69,3,16.52,0
130.38,41,9,47.7,8,6.54,4,16.94,0
155.78,76,10,24.07,7,7.29,4,24.88,0
93.42,80,7,45.6,5,6.72,4,24.78,1
172.94,79,8,31.18,9,5.13,4,13.03,0
156.28,53,7,43.27,7,4.84,4,24.42,0
80.64,76,7,34.49,7,4.11,4,22.21,0
161.92,75,7,51.43,6,4.89,5,28.21,1
103.91,68,6,54.42,4,6.32,4,27.61,1
127.69,65,7,30.08,8,3.75,4,18.33,0
57.99,40,7,35.36,9,5.36,5,12.1,0
116.71,70,9,38.54,8,5.56,5,20.07,1
166.64,57,4,34.09,7,6.86,6,22.89,1
104.31,56,6,41.86,7,4.34,6,31.38,0
102.85,55,7,33.14,8,6.16,6,24.57,0
101.65,90,5,39.91,5,5.56,5,24.79,1
88.85,72,5,34.06,8,5.45,6,22.59,1
117.37,57,7,26.37,8,3.1,3,17.52,0
95.35,61,8,52.82,4,7.56,3,27.48,1
20.53,60,12,18.89,10,6.14,5,28.82,0
105.5,67,10,52.15,7,4.93,5,29.38,1
141.54,47,7,43.73,9,7.08,6,11.68,0
60.99,86,6,34.0,6,7.18,4,16.88,1
108.74,56,6,30.65,8,3.82,4,17.28,0
136.8,79,6,55.13,5,5.28,4,26.31,1
89.45,70,3,41.2,4,6.35,5,26.56,1
136.88,102,7,27.46,6,6.43,4,16.31,1
132.58,75,6,51.38,5,5.72,5,27.05,1
160.15,45,4,37.96,6,4.66,6,30.48,0
167.7,88,7,36.06,10,3.49,7,20.69,1
167.0,38,5,34.05,6,6.78,6,32.36,0
105.98,87,13,51.88,8,6.0,3,11.51,1
132.94,87,3,19.42,7,5.88,6,23.01,1
138.29,50,9,36.85,8,5.21,3,16.7,0
155.79,45,7,41.93,8,4.81,5,23.22,0
124.19,43,5,45.26,5,5.84,5,29.34,0
169.11,48,7,40.52,8,5.42,5,17.97,0
127.31,83,8,42.92,5,6.91,3,23.35,1
153.71,68,8,47.07,8,6.53,5,13.86,1
56.28,75,5,32.62,7,6.16,5,21.34,1
148.51,77,5,35.27,6,6.52,5,20.53,1
116.79,84,4,54.78,3,6.0,4,24.02,1
109.84,44,8,42.51,8,5.63,4,18.09,0
159.67,48,7,38.68,7,4.42,4,21.25,0
183.16,79,6,29.57,8,4.96,6,23.55,1
144.45,88,7,36.11,5,6.52,4,24.18,1
140.39,67,7,41.82,7,6.53,5,18.25,1
113.77,56,6,57.09,4,5.28,5,32.6,1
156.41,42,5,38.51,7,4.05,4,21.63,0
181.47,62,7,42.21,6,7.28,5,22.53,0
154.39,70,7,27.93,10,5.74,5,5.44,0
123.79,71,6,44.89,6,5.67,5,22.83,0
186.07,40,6,40.27,7,6.7,6,24.8,0
170.72,32,6,35.11,9,4.94,5,14.82,0
116.76,54,7,30.95,9,5.67,6,22.98,0
159.33,58,7,40.14,8,5.89,5,15.96,0
104.38,48,5,37.48,6,6.73,5,24.91,0
104.11,44,5,41.34,6,6.39,5,24.72,0
163.87,62,8,32.97,9,5.31,5,11.97,0
105.34,61,7,37.12,6,6.14,5,33.58,0
155.91,64,6,44.29,6,5.15,5,22.62,0
135.17,55,7,68.17,3,6.39,4,29.27,1
102.7,55,6,34.98,9,5.7,5,11.17,0
144.44,82,6,25.86,7,5.57,5,23.96,1
149.44,85,9,44.76,6,6.26,3,23.68,1
141.0,60,7,35.97,8,5.54,6,24.8,0
118.87,71,7,49.75,4,7.91,3,24.58,1
150.98,85,7,55.94,5,4.73,4,24.88,1
100.05,49,4,19.65,9,2.79,4,11.0,0
97.83,73,9,47.8,7,5.93,4,23.75,0
154.71,65,6,29.65,7,2.8,3,22.96,0
118.12,77,9,44.95,6,6.5,4,25.09,1
115.69,49,5,32.96,7,6.67,5,19.89,0
115.4,49,6,39.7,7,7.48,6,20.06,1
85.69,81,8,51.25,6,4.61,5,26.67,1
145.14,49,8,48.52,6,5.22,4,24.9,0
164.06,73,7,20.88,10,3.35,5,15.4,0
127.5,67,11,49.43,10,6.69,5,9.97,1
139.5,88,6,28.02,7,5.86,5,20.16,1
83.66,43,7,34.09,8,5.69,6,25.11,0
138.95,51,4,23.72,9,6.37,8,22.22,1
119.54,58,5,41.8,5,5.7,5,29.75,0
127.92,56,8,37.62,8,5.83,6,26.45,0
174.89,51,7,40.26,7,4.72,4,22.1,0
122.09,88,7,30.19,7,5.42,6,28.38,0
154.88,80,6,37.84,7,5.26,5,22.48,1
147.69,63,9,45.9,6,6.31,5,29.54,1
126.43,96,10,43.78,6,6.46,3,19.86,1
132.05,78,9,47.72,9,5.97,5,12.04,1
108.27,53,7,45.8,6,4.81,4,25.6,0
96.13,64,9,16.69,10,6.04,7,23.86,0
85.84,67,8,48.31,4,7.97,3,25.73,1
115.65,59,6,32.57,8,3.58,4,21.57,0
134.69,60,8,31.19,8,6.72,5,20.38,0
105.85,32,8,47.51,7,4.78,3,25.69,0
123.1,30,8,46.51,6,4.28,2,25.51,0
109.35,51,6,43.44,5,6.67,4,28.62,0
149.61,68,10,29.48,9,3.89,6,33.41,0
157.47,49,7,29.83,8,6.52,6,22.75,0
88.42,69,6,26.28,8,2.68,4,22.92,0
121.9,59,10,11.23,10,8.44,5,18.88,0
104.24,71,9,48.62,6,5.25,5,30.81,0
101.23,77,10,40.41,9,6.72,4,11.14,1
117.41,68,10,24.49,9,6.48,5,20.72,0
214.93,73,8,44.04,7,6.98,4,13.13,1
109.59,70,7,35.1,7,3.49,3,24.45,0
173.25,61,6,63.32,4,5.86,4,29.16,1
115.69,84,9,33.31,5,7.99,3,22.75,1
129.83,45,6,44.83,5,6.49,4,25.63,0
178.23,45,7,43.35,6,5.26,5,34.31,0
145.96,89,4,27.76,7,5.44,6,20.51,1
143.81,71,9,42.07,6,6.01,5,30.48,0
114.98,56,6,48.4,5,6.58,4,27.76,0
121.43,66,7,40.62,6,4.38,3,23.3,0
85.98,58,7,53.83,5,5.66,5,31.48,1
166.11,72,7,36.74,6,4.68,5,32.28,0
128.44,80,4,54.08,4,4.82,5,27.57,1
164.46,78,8,36.73,7,4.53,4,21.05,0
132.09,43,7,21.34,9,7.32,5,19.59,0
127.9,30,6,40.39,7,4.08,3,20.83,0
152.02,69,10,38.36,6,6.37,4,30.49,0
186.45,78,5,60.09,4,5.76,4,25.13,1
160.46,70,7,45.66,8,6.27,5,16.14,1
173.1,51,5,56.7,3,7.14,4,31.16,1
117.42,46,5,26.61,9,2.94,4,17.34,0
127.74,50,5,32.02,10,5.44,6,7.77,1
140.43,76,9,48.12,5,7.95,3,22.62,1
68.08,46,2,44.72,4,6.57,5,26.94,0
111.94,81,9,39.72,6,5.79,4,30.14,0
193.23,69,7,39.62,7,5.01,4,19.49,0
118.18,64,8,49.81,9,5.42,6,17.05,1
98.24,57,6,29.79,8,4.27,4,15.54,0
168.77,93,10,36.28,8,5.24,4,20.58,0
154.8,66,10,46.31,10,5.2,6,17.52,0
94.67,29,7,37.47,9,5.57,4,11.85,1
111.45,96,4,43.44,5,5.71,5,22.72,1
165.56,36,6,38.01,8,6.25,6,19.8,0
145.87,52,7,33.19,7,3.05,3,23.3,0
138.55,73,6,33.37,6,3.09,4,26.96,0
107.29,76,7,29.92,8,5.74,6,19.67,1
130.12,36,6,30.23,8,6.91,5,23.51,0
192.76,69,7,38.08,7,4.08,4,24.73,0
109.48,72,9,35.79,7,6.13,5,27.48,0
103.51,45,6,29.53,8,7.1,5,22.55,0
168.69,76,4,48.51,3,6.14,4,27.1,1
90.71,64,7,54.27,6,4.37,6,31.97,1
163.86,79,9,27.08,9,4.0,4,18.46,0
136.25,47,5,29.76,8,3.38,4,19.25,0
169.71,100,8,46.66,6,5.95,4,19.46,1
189.74,65,7,42.3,7,5.32,5,21.91,0
148.85,55,8,35.67,7,7.18,4,21.27,0
99.76,86,8,38.35,5,7.01,4,23.14,1
131.15,65,9,58.2,8,5.93,5,15.23,1
181.29,68,8,34.35,8,4.81,4,18.68,0
81.05,82,8,29.05,7,7.02,4,16.48,1
155.43,48,10,25.32,8,6.62,5,26.52,0
119.16,69,5,56.31,3,6.95,3,26.44,1
119.09,81,8,39.95,8,4.2,6,25.89,0
129.55,73,8,35.78,8,6.79,5,14.83,1
141.13,41,6,29.11,8,3.23,3,19.08,0
126.82,50,7,39.59,8,5.08,4,18.17,0
150.51,31,6,24.74,10,4.31,4,8.13,0
125.49,51,7,39.74,7,5.23,4,17.51,0
125.9,56,7,38.6,5,6.44,4,31.1,0
151.2,81,8,37.2,9,5.18,6,16.05,1
132.12,72,8,27.94,9,5.39,6,21.05,1
66.3,47,8,25.03,8,8.14,5,19.12,0
134.35,60,7,42.15,8,6.52,5,10.8,0
113.08,63,8,26.54,9,7.26,5,14.63,0
163.25,86,6,26.63,7,6.76,5,16.25,1
205.21,69,9,42.41,6,5.0,3,23.85,0
135.32,39,9,20.03,8,8.08,5,23.87,0
129.46,61,8,40.89,8,5.38,5,20.17,0
108.79,71,6,34.28,7,6.3,5,20.33,1
127.01,75,9,52.92,8,3.43,6,29.78,1
156.05,72,7,45.35,7,5.51,5,20.59,1
139.32,95,6,44.57,4,6.84,3,20.69,1
83.9,63,8,39.36,9,6.65,5,10.19,0
150.11,54,6,45.84,6,4.89,4,23.33,0
134.5,27,5,33.22,10,5.36,6,10.37,0
96.27,52,5,34.79,7,5.76,5,24.44,0
143.93,32,8,35.17,11,6.03,5,8.42,0
143.93,26,9,32.69,9,6.32,5,25.79,0
202.43,47,6,42.29,7,5.35,4,17.74,0
112.48,46,9,41.74,8,5.6,3,16.25,0
165.74,86,6,35.12,3,8.86,3,20.95,1
114.12,45,7,37.25,9,5.21,5,17.37,0
148.9,53,9,32.2,7,6.19,5,28.62,0
143.79,33,6,32.1,6,7.54,5,25.92,0
151.61,66,5,38.85,7,5.98,6,22.45,1
155.84,69,7,56.35,4,7.32,3,25.11,1
123.63,76,7,39.21,6,5.27,5,29.43,0
83.98,53,10,30.59,8,6.56,5,31.65,0
29.48,61,9,46.27,10,6.09,6,14.48,1
123.11,91,6,47.61,4,6.67,3,21.54,1
177.85,78,6,43.91,6,5.43,5,22.66,0
159.09,75,6,43.69,6,6.74,5,18.56,1
104.74,51,6,29.75,7,6.3,5,25.65,0
137.18,37,9,41.26,9,6.15,4,12.35,0
150.37,68,7,42.41,6,5.85,5,28.38,0
179.36,70,5,32.07,8,5.89,6,19.86,1
171.55,87,7,44.75,5,6.25,4,23.64,1
82.82,81,9,51.4,7,7.55,5,19.0,0
79.18,60,8,41.29,6,6.79,4,24.52,0
136.15,59,10,32.2,9,4.58,4,17.74,0
148.47,78,8,50.96,5,6.18,4,25.12,1
159.17,101,7,45.89,6,5.53,4,20.23,0
136.37,65,8,37.5,7,7.02,5,18.89,1
137.4,50,8,37.05,9,5.21,4,17.47,0
85.43,55,12,48.32,6,7.26,4,29.19,1
92.83,39,7,43.63,8,5.99,5,15.33,0
117.03,82,9,36.79,9,5.9,5,14.8,1
138.03,82,9,55.95,3,6.58,3,32.96,0
112.28,78,8,38.86,8,5.36,5,20.89,1
117.13,69,8,32.22,9,3.38,6,33.09,0
64.86,39,10,46.1,9,6.48,5,17.32,0
115.53,54,7,38.51,6,6.97,4,25.54,0
115.34,72,5,51.77,3,7.2,4,25.71,1
130.59,27,8,39.52,7,3.63,3,25.21,0
157.91,63,7,61.7,4,6.07,4,28.13,1
136.76,80,6,37.93,8,5.62,5,18.51,1
131.05,67,9,36.52,9,6.08,5,14.41,0
110.33,78,12,29.44,9,6.01,5,24.72,0
116.73,40,7,47.36,7,5.84,5,20.28,0
134.54,48,6,30.99,8,3.33,3,18.2,0
177.83,42,5,35.39,7,6.66,5,22.68,0
129.42,46,8,31.42,6,7.53,4,30.07,0
170.16,74,9,45.78,5,7.61,3,24.3,1
188.67,63,7,33.53,9,5.14,6,20.97,0
122.73,60,8,31.18,8,3.93,3,18.74,0
138.75,58,10,37.71,8,5.33,3,16.91,0
204.33,70,7,36.6,8,7.31,5,13.77,1
112.87,93,8,33.98,7,4.44,4,20.56,0
115.32,59,8,32.27,8,4.14,3,18.72,0
77.95,70,8,45.7,6,5.69,3,20.7,0
75.02,72,7,49.42,6,5.55,5,28.15,1
139.24,79,9,43.55,9,8.04,5,9.22,0
149.99,58,7,21.41,10,3.14,5,15.08,0
146.92,83,8,34.78,7,4.49,3,18.64,0
77.43,53,6,40.16,7,4.24,4,23.7,0
145.33,78,7,26.84,7,6.9,5,23.69,0
157.05,82,9,42.34,7,5.59,4,21.59,0
142.78,34,9,35.22,9,4.56,4,15.82,0
134.17,78,8,44.14,5,7.19,3,24.36,1
103.47,89,7,30.48,8,4.67,6,21.16,1
113.31,73,8,43.83,6,4.95,5,28.85,0
150.3,80,11,42.27,9,5.21,5,15.59,1
129.86,70,7,43.0,4,6.41,4,31.6,0
92.39,73,6,44.05,6,4.76,5,26.24,0
104.65,61,5,38.39,6,6.69,5,22.5,1
145.59,61,8,32.47,10,5.09,5,14.32,0
118.21,47,9,11.01,11,6.66,7,19.47,0
111.03,37,8,45.04,7,4.82,3,23.94,0
112.62,48,7,47.35,6,4.92,5,31.49,0
137.39,68,7,51.87,4,7.52,3,25.76,1
164.18,65,9,37.16,8,5.6,3,13.39,0
150.24,68,4,63.39,2,6.06,4,27.45,1
99.75,75,7,55.02,5,5.59,4,26.64,1
155.17,49,5,40.88,5,5.93,4,26.81,0
108.58,49,6,47.79,7,3.07,7,34.02,0
161.47,43,8,31.23,6,8.51,4,24.49,0
138.31,40,10,26.01,8,6.6,4,29.19,0
137.86,70,8,27.23,10,5.05,4,7.62,0
139.69,72,5,55.51,4,5.72,4,27.84,1
71.7,35,7,31.9,9,6.07,6,27.56,0
148.07,61,8,31.17,8,3.81,3,18.32,0
85.87,86,5,30.11,6,6.59,5,21.73,1
150.35,70,8,54.49,4,6.75,3,26.05,1
123.47,48,8,37.3,9,5.14,4,15.39,0
108.96,59,7,36.23,8,5.89,6,25.54,0
92.52,62,5,36.49,7,5.39,6,26.38,0
150.9,67,7,46.93,5,6.87,4,27.76,1
118.22,70,9,48.7,4,8.09,3,24.36,1
149.87,47,6,35.53,7,5.02,6,32.59,0
106.74,85,6,29.41,7,6.69,5,17.65,1
152.43,86,7,46.01,6,5.87,5,22.81,0
121.73,49,8,39.37,7,4.9,6,32.48,0
130.54,48,6,15.49,11,3.5,3,3.32,0
150.84,74,4,11.51,8,6.54,7,22.78,1
153.43,90,4,45.13,3,6.84,4,22.55,1
152.96,67,7,47.15,4,7.23,4,27.28,1
179.43,51,8,50.02,9,5.14,6,22.03,1
117.31,64,5,26.11,7,2.63,4,20.07,0
168.83,83,6,35.16,7,5.82,5,20.75,1
132.37,59,9,52.97,8,6.3,5,17.33,1
99.55,29,5,32.75,9,4.3,4,12.18,0
150.21,60,5,24.26,9,3.41,5,15.67,0
119.09,80,9,51.31,6,6.13,4,24.21,1
153.9,69,6,60.77,4,6.29,4,26.41,1
97.51,52,8,55.83,4,7.07,4,30.45,1
126.01,45,4,41.68,5,7.16,4,21.77,0
146.52,54,7,34.66,7,5.66,5,24.03,0
68.19,69,8,34.22,10,4.88,7,21.78,1
171.06,51,4,43.86,7,5.52,6,23.63,0
107.67,71,7,41.58,5,6.73,4,27.65,1
131.34,84,8,30.24,9,6.16,5,16.05,1
181.12,61,6,37.06,6,2.99,3,28.21,0
123.87,66,10,38.59,9,6.53,4,11.21,0
81.97,69,8,37.75,9,5.91,6,16.16,1
145.68,59,7,41.2,7,5.67,5,24.7,0
142.15,47,7,38.04,7,5.52,6,31.29,0
143.42,58,8,35.81,7,6.62,5,20.95,0
93.25,39,10,23.01,10,6.08,6,23.79,0
104.0,74,5,18.6,8,6.94,6,19.42,1
119.06,90,6,51.09,5,5.17,4,23.78,1
142.27,54,8,54.88,6,6.86,5,24.0,0
106.66,40,7,45.53,8,6.18,4,16.01,0
144.37,76,6,54.18,4,5.35,4,27.27,1
148.06,61,7,35.79,8,7.32,5,15.98,1
146.41,52,7,45.03,9,7.05,6,13.18,1
100.53,57,8,28.7,8,6.27,5,25.54,0
128.57,69,6,43.88,5,5.97,4,25.5,0
143.02,66,6,37.24,7,7.12,5,18.89,1
88.29,79,9,38.96,5,6.6,3,29.37,0
146.76,69,6,27.17,8,7.17,6,16.19,1
109.16,57,7,38.01,7,5.63,5,28.84,0
117.49,75,7,47.02,5,6.0,4,27.2,1
98.44,60,7,39.31,6,5.55,4,26.67,0
127.64,30,5,34.9,8,4.56,4,14.33,0
157.67,40,10,32.15,9,4.25,3,17.94,0
134.01,78,7,46.76,4,7.06,3,24.4,1
98.51,58,5,39.82,6,6.01,5,25.91,0
166.81,81,3,22.68,6,6.26,6,24.32,1
130.38,33,7,42.92,7,4.2,3,23.51,0
110.05,74,9,59.17,7,4.92,5,26.7,1
171.24,77,5,60.55,4,5.92,4,25.08,1
131.78,78,8,31.18,8,6.57,5,19.8,0
111.48,62,8,46.91,7,6.21,5,20.66,1
143.21,48,4,47.71,6,5.53,6,27.28,0
107.92,42,6,40.48,7,4.6,4,20.33,0
197.54,84,4,49.64,3,6.63,4,23.89,1
110.77,71,7,30.92,6,6.56,5,28.84,0
134.83,60,9,68.99,6,3.94,5,31.39,1
148.24,74,9,42.0,8,5.89,4,19.3,0
171.99,62,8,35.2,10,5.95,5,12.55,0
135.55,61,7,40.64,7,5.36,4,17.6,0
151.1,76,5,36.72,8,5.56,6,18.58,1
91.88,58,9,28.05,9,6.48,6,20.75,0
155.94,29,6,26.04,8,8.17,5,18.7,0
101.83,39,3,20.3,10,3.18,5,9.92,0
105.8,58,7,37.43,7,6.21,5,25.56,0
173.98,63,5,34.91,7,7.19,6,17.77,1
176.52,52,10,28.18,10,5.68,6,26.2,0
134.47,62,7,40.6,6,3.94,4,26.98,0
169.74,79,9,45.19,7,5.45,4,26.43,1
108.04,73,9,37.15,8,5.05,4,18.28,0
195.1,73,7,40.85,7,5.92,5,20.05,1
83.88,14,6,33.99,9,4.42,3,11.79,0
98.73,57,8,53.54,7,4.69,6,33.13,1
147.11,61,8,25.11,9,5.57,6,22.54,0
120.74,30,7,39.02,9,5.26,4,15.67,0
109.74,59,7,44.53,7,6.32,5,22.0,1
146.79,46,5,34.57,8,6.26,6,20.28,0
77.34,74,8,39.1,8,6.56,5,14.8,1
114.74,82,7,24.12,8,6.65,5,17.83,1
109.95,44,7,26.01,10,4.22,4,11.15,0
140.58,56,8,40.78,7,4.36,3,24.41,0
123.36,43,6,26.03,8,6.89,6,21.56,0
104.56,61,8,37.02,9,5.6,6,20.26,1
102.97,70,11,13.93,11,5.33,6,29.1,0
161.37,67,10,41.97,6,4.46,2,26.08,0
144.18,79,8,47.61,6,5.66,4,25.84,1
133.5,42,6,39.24,9,5.97,5,14.39,0
219.61,58,7,24.06,9,2.89,4,20.07,0
125.01,67,7,44.41,7,5.92,5,20.62,1
154.56,106,5,43.56,5,4.66,4,21.23,1
126.34,66,10,41.85,7,4.75,3,25.66,0
99.91,70,8,39.17,7,6.89,4,18.84,1
166.07,64,10,53.61,5,7.66,3,25.42,1
140.03,71,10,44.6,5,7.78,3,24.61,1
99.32,72,10,51.84,9,4.08,6,19.43,1
129.13,67,8,34.51,7,6.23,5,27.47,0
117.42,71,11,47.19,9,7.35,4,9.56,1
175.89,81,7,48.94,5,6.32,4,24.51,1
103.45,47,9,41.85,8,5.38,4,19.54,0
70.94,59,7,54.22,2,8.68,2,26.51,1
147.82,43,7,30.31,5,7.87,4,29.57,0
138.39,75,5,57.35,3,5.59,4,26.93,1
143.78,45,7,24.77,10,4.02,3,9.46,0
98.15,71,8,61.34,5,5.54,4,26.71,1
132.39,84,10,26.2,9,6.34,5,16.01,1
80.52,58,10,45.1,7,5.25,3,24.87,0
146.48,60,6,22.12,10,3.85,5,11.88,0
150.05,108,6,39.51,4,7.27,3,16.41,1
145.23,76,9,34.97,7,4.2,3,21.44,0
96.36,78,5,22.76,7,6.46,6,20.71,1
157.44,55,7,38.13,6,3.86,3,23.18,0
133.38,69,2,29.94,5,6.42,6,25.06,1
125.49,90,7,47.08,4,7.43,3,20.35,1
112.38,53,6,41.12,6,5.48,5,27.54,0
146.36,62,5,39.11,5,6.85,5,27.97,0
140.56,51,7,35.46,8,4.25,4,19.26,0
127.29,69,7,26.82,8,3.19,3,16.83,0
112.75,69,9,57.18,6,5.77,4,27.01,1
131.19,79,7,32.34,6,2.69,3,28.16,0
117.48,66,5,23.7,8,7.69,6,15.23,1
117.12,54,9,31.78,7,6.17,4,25.71,0
131.5,88,8,26.09,8,7.04,5,13.14,1
75.57,78,6,26.95,7,6.45,5,21.21,1
82.66,70,7,36.53,9,5.68,6,15.84,1
112.34,67,11,19.15,11,5.29,7,26.61,0
148.51,66,8,34.78,8,6.42,5,24.25,0
156.7,60,8,34.66,9,5.83,6,21.75,0
131.26,92,3,50.34,2,6.89,3,21.17,1
181.64,61,6,33.7,8,5.08,4,12.17,0
172.47,59,5,65.22,3,5.44,4,30.7,1
116.62,86,9,38.65,5,8.44,3,20.22,1
131.06,73,7,35.49,8,5.27,6,22.59,0
159.1,81,10,47.27,10,3.83,6,18.36,0
107.24,77,8,35.81,8,5.02,5,19.14,0
74.57,58,8,34.71,9,5.12,5,16.46,0
187.37,71,5,45.9,4,6.67,4,27.7,1
106.6,70,7,53.83,4,6.61,3,26.52,1
156.71,65,8,49.91,4,7.32,3,27.09,1
116.71,95,7,24.12,9,5.94,5,15.2,1
212.66,68,8,46.06,6,5.44,5,29.72,1
139.62,57,6,38.95,7,4.37,6,29.61,0
146.12,84,7,24.83,9,3.53,4,17.43,0
156.91,72,7,37.72,8,4.9,6,25.48,0
142.21,55,7,40.63,7,5.61,5,26.14,0
81.17,83,6,32.08,7,5.0,5,22.45,1
122.58,73,8,48.0,4,7.51,3,24.76,1
132.56,35,7,28.51,8,6.66,5,23.54,0
174.98,41,5,48.84,4,6.61,4,25.45,0
141.7,63,9,47.51,9,5.31,6,17.76,1
109.45,65,9,45.99,9,5.97,5,15.41,1
121.43,71,10,35.77,7,6.42,5,28.03,0
111.25,76,8,34.54,8,4.01,7,30.83,0
86.19,56,6,35.11,6,2.76,4,28.97,0
108.75,40,9,51.62,6,6.11,4,31.67,0
129.97,98,3,8.28,6,7.29,5,19.37,1
106.56,72,6,39.58,7,5.89,5,21.27,1
121.98,60,7,47.29,7,7.01,5,17.43,1
90.79,87,4,10.99,7,6.55,6,22.35,1
118.45,35,6,42.28,6,7.2,5,25.13,0
125.24,93,6,16.51,7,6.73,5,18.46,1
135.51,31,6,42.37,8,6.05,4,9.55,0
184.71,41,8,45.32,8,6.44,4,16.17,0
176.63,63,3,65.06,2,6.45,4,28.53,1
106.43,71,9,37.52,8,5.92,4,15.03,0
148.34,48,4,43.75,6,4.91,6,26.91,0
114.49,63,6,56.5,5,5.12,5,27.34,0
166.24,77,9,34.13,7,7.09,4,16.39,1
161.01,85,8,37.48,7,6.48,4,15.76,1
179.25,39,7,33.56,9,3.95,4,18.88,0
98.11,23,4,33.55,7,8.39,5,17.9,0
160.23,55,10,44.03,9,6.79,5,15.98,1
133.92,99,7,45.98,5,5.32,4,21.58,1
98.55,79,10,45.25,6,4.58,5,34.73,0
105.87,46,7,32.56,8,4.14,3,15.79,0
175.86,54,5,38.03,7,6.36,6,20.86,0
101.75,60,7,36.81,7,6.75,5,24.34,0
170.62,57,10,55.33,7,5.52,5,30.88,1
144.08,84,7,44.41,4,7.43,3,22.37,1
163.11,64,8,29.22,7,6.52,5,27.12,0
163.83,35,5,35.29,6,7.45,5,22.67,0
185.03,44,7,40.27,7,5.81,5,29.41,0
130.77,73,9,29.04,9,4.19,3,16.53,0
150.15,57,8,31.73,6,7.67,4,22.79,0
174.31,43,9,32.32,9,5.45,6,25.71,0
142.03,62,7,30.4,8,5.83,6,23.15,0
160.14,75,6,53.62,4,6.21,4,26.12,1
149.36,93,3,58.73,3,5.08,4,22.87,1
173.32,79,7,41.6,4,7.32,3,24.52,1
134.65,70,8,57.23,4,6.56,3,26.03,1
101.1,69,10,29.57,9,5.45,5,27.46,0
136.45,48,6,34.61,8,4.11,4,18.1,0
115.75,99,6,22.7,7,6.29,5,17.52,1
184.88,74,6,48.94,4,6.42,4,26.76,1
91.1,67,8,29.16,8,3.76,3,18.68,0
127.43,77,9,47.92,6,6.66,4,20.3,0
139.37,76,5,34.22,6,6.97,5,19.97,1
130.58,44,7,37.64,7,3.72,3,23.71,0
97.98,35,8,29.65,9,6.37,7,26.27,0
87.33,62,8,34.02,8,5.81,5,24.77,0
114.88,45,7,37.51,8,6.85,5,18.91,0
127.44,69,10,50.3,8,5.69,4,16.68,1
101.86,51,8,36.32,7,6.43,4,26.05,0
113.15,79,7,35.25,8,4.83,6,21.76,1
120.67,49,5,44.75,6,6.04,5,27.08,0
97.89,19,4,23.95,9,2.78,3,11.63,0
104.21,50,11,26.9,7,8.36,4,25.75,0
169.31,55,7,32.85,8,6.86,6,18.79,0
154.38,70,7,47.08,7,4.63,6,27.09,0
151.68,81,10,37.55,9,3.92,6,30.48,0
154.47,89,9,47.7,6,5.48,4,23.27,1
156.58,92,6,26.25,8,5.36,6,19.82,1
158.63,101,5,17.97,6,7.09,4,16.84,1
135.19,64,8,37.91,9,8.26,5,9.36,1
138.12,67,4,61.53,3,5.77,4,28.49,1
118.86,51,6,33.99,9,6.17,6,19.14,0
156.69,49,6,44.49,6,5.89,5,27.28,0
133.78,92,8,42.38,8,5.34,5,16.11,1
88.39,49,6,34.3,8,4.39,5,18.68,0
129.53,82,8,51.12,4,7.27,3,22.07,1
146.03,64,6,37.03,6,5.85,4,27.95,0
104.17,55,5,32.64,8,4.75,4,12.84,0
147.99,22,6,47.13,7,5.24,4,20.96,0
127.96,64,6,42.53,5,6.08,4,28.8,0
122.88,37,9,38.09,7,6.12,5,32.78,0
135.74,76,6,27.52,8,4.42,4,11.68,0
165.28,57,10,21.44,9,6.8,5,23.97,0
157.75,71,8,48.13,4,7.58,3,25.16,1
138.52,68,6,39.85,8,6.26,6,18.73,1
139.06,90,8,44.92,6,6.09,4,22.41,1
141.99,87,6,30.21,8,4.68,4,13.21,0
118.6,71,8,38.82,7,5.06,5,29.28,0
147.41,60,5,40.79,7,5.51,5,23.35,0
198.91,98,4,46.39,6,4.5,5,23.43,1
127.31,87,7,23.79,7,6.74,5,17.84,1
124.71,58,7,29.32,8,3.23,3,22.1,0
157.27,78,7,51.94,6,4.9,5,27.21,1
132.29,50,7,39.19,8,4.85,4,19.24,0
94.5,73,8,47.49,6,6.66,4,25.68,0
134.51,67,8,37.78,8,4.59,6,29.65,0
113.9,68,7,44.01,7,6.28,5,18.63,1
101.25,76,7,40.16,8,4.88,5,23.49,0
136.53,90,6,29.72,6,6.13,5,21.1,1
194.79,44,5,27.98,10,5.33,5,6.26,0
135.37,82,7,44.01,5,3.83,3,31.22,0
141.54,42,6,50.92,5,5.12,5,29.76,0
65.41,41,7,38.66,8,4.54,4,19.64,0
138.33,48,9,40.72,7,3.93,3,26.21,0
108.89,47,7,47.59,7,5.63,4,21.08,0
151.96,82,9,48.27,7,7.16,4,17.37,0
117.59,73,5,51.89,4,4.56,4,33.57,0
107.31,58,6,45.56,6,5.69,4,21.09,0
164.71,52,6,32.1,6,7.28,4,22.27,0
169.34,65,6,30.02,9,4.17,6,17.68,0
138.4,82,11,50.42,7,5.3,4,24.6,1
136.27,58,7,34.1,9,4.92,4,15.44,0
146.51,98,8,30.69,6,7.74,3,19.43,1
187.21,51,8,18.72,8,7.61,6,24.89,0
144.86,81,4,25.41,6,5.89,5,26.65,1
133.42,82,9,43.97,5,6.81,4,23.54,1
144.02,78,7,30.61,8,6.5,5,18.15,1
167.89,38,6,41.53,6,7.17,4,23.7,0
157.89,49,7,53.85,6,5.99,4,24.73,0
113.92,74,8,38.9,7,3.86,6,32.02,0
127.96,54,10,24.41,8,8.2,5,21.67,0
128.16,64,7,30.05,8,3.76,3,16.89,0
134.11,35,5,30.18,9,3.94,4,15.91,0
90.62,79,9,46.57,7,5.15,5,26.7,1
119.38,74,7,27.96,8,3.88,4,17.26,0
244.88,88,11,39.33,10,4.54,5,14.59,1
134.81,56,8,43.36,8,5.94,4,17.11,0
179.54,82,6,36.77,8,5.46,6,16.23,0
99.18,50,8,31.89,8,6.75,5,24.18,0
134.25,54,7,43.1,4,6.68,4,32.4,0
95.54,58,8,37.35,6,6.26,4,31.04,1
154.01,60,8,48.63,7,6.29,5,21.38,0
141.69,76,5,21.09,9,3.25,4,14.01,0
171.25,62,6,37.05,9,5.19,6,17.35,0
126.3,62,8,31.3,7,6.03,5,26.06,0
165.38,76,4,66.74,4,3.75,5,28.61,1
53.58,41,5,24.15,9,3.2,4,13.59,0
116.46,65,9,28.05,7,6.82,4,25.94,0
185.42,67,7,34.79,7,6.01,5,22.08,0
137.26,67,9,46.4,6,6.3,4,27.02,0
136.14,48,6,23.71,9,3.06,4,15.44,0
150.06,51,8,35.78,6,6.76,4,25.89,0
128.59,94,12,42.81,9,4.29,4,17.82,1
111.52,55,8,31.51,9,5.01,6,27.37,0
106.1,63,8,37.1,6,7.05,4,27.64,0
109.62,59,10,20.89,9,7.41,6,22.86,0
161.92,62,10,45.51,10,5.56,6,16.7,1
94.26,88,7,34.38,8,4.75,5,20.95,1
125.21,66,11,60.7,9,5.28,4,16.14,0
85.74,44,6,34.1,8,4.15,3,17.2,0
110.48,74,10,18.71,8,7.66,4,23.07,0
116.74,93,6,33.48,6,6.6,4,22.75,1
79.31,45,7,37.88,5,2.44,2,29.68,0
128.93,81,11,43.94,10,4.06,5,18.35,1
106.04,74,7,50.47,4,6.43,4,26.34,1
151.19,58,8,47.49,7,6.32,5,21.66,0
158.71,62,9,44.9,10,5.08,6,17.81,1
151.4,49,7,33.04,9,5.61,5,21.18,0
127.31,85,9,32.56,8,5.18,6,29.06,0
109.67,42,9,47.38,6,4.76,3,25.93,0
156.15,99,7,45.44,6,5.27,4,21.26,1
157.84,57,9,42.49,9,6.74,5,13.25,0
183.5,38,4,26.53,10,5.04,5,3.78,0
137.71,68,8,40.73,7,5.32,5,27.72,0
131.74,41,7,35.48,10,5.73,6,13.08,0
164.1,92,7,40.81,5,6.71,4,21.63,1
147.22,56,5,62.02,3,6.32,4,30.36,1
143.57,73,7,36.15,7,3.44,3,26.24,0
82.91,92,9,38.09,6,6.49,4,22.02,1
151.14,61,9,35.39,9,4.64,4,18.26,0
136.29,79,7,40.59,7,6.47,5,16.39,1
145.29,70,9,45.69,6,6.37,4,27.59,1
140.08,80,6,28.67,8,6.64,5,16.27,1
161.53,54,6,32.36,6,6.89,5,24.92,0
94.5,48,3,52.73,4,4.4,5,33.92,0
113.55,52,9,26.39,8,6.99,5,24.53,0
132.42,82,8,55.38,6,4.38,5,26.38,1
86.5,70,8,47.94,6,5.67,5,28.66,1
94.5,69,6,36.68,8,5.51,5,14.89,0
128.99,68,9,25.6,8,6.49,5,22.85,0
176.22,51,9,38.65,8,5.53,5,24.93,0
112.02,69,9,36.54,8,5.68,5,26.7,0
130.37,70,6,23.25,8,7.46,6,18.61,1
104.79,97,4,24.79,6,6.94,4,17.07,1
165.95,66,7,29.22,8,6.08,5,21.26,0
202.64,90,10,32.69,8,4.1,4,23.31,0
141.47,72,8,34.65,8,5.02,4,17.49,0
137.63,26,8,46.4,8,5.58,5,20.82,0
120.63,96,4,30.12,5,6.1,4,23.25,1
173.09,68,5,56.69,4,5.23,4,29.77,0
159.11,51,8,25.28,8,6.84,5,24.87,0
81.05,68,6,37.27,7,5.13,5,26.25,0
102.61,31,3,31.76,6,1.43,3,26.63,0
121.39,61,7,28.92,9,7.07,6,16.02,1
165.28,55,5,48.72,6,4.41,5,24.46,0
116.53,50,7,34.61,6,7.96,4,23.57,0
121.78,55,7,21.95,10,3.82,4,10.08,0
102.96,82,5,49.08,4,6.39,4,24.83,1
133.26,64,6,59.82,4,5.59,4,29.65,1
148.72,88,8,42.88,7,4.76,5,25.74,1
106.24,43,8,48.92,8,7.63,5,15.39,1
116.71,69,10,34.9,7,6.49,4,30.06,0
106.79,47,4,32.57,6,6.42,6,28.66,0
102.69,61,12,44.48,7,6.5,4,29.3,1
109.73,45,9,44.92,8,6.39,4,16.99,0
137.36,62,9,43.49,7,6.05,4,17.88,0
115.6,29,5,23.38,8,1.5,3,20.79,0
52.98,71,8,42.24,7,5.51,4,19.04,0
150.85,63,6,32.5,7,3.62,4,20.91,0
192.05,31,4,51.36,4,6.63,4,27.25,0
123.76,71,9,45.43,8,5.38,5,19.55,1
131.82,47,8,43.94,8,5.65,5,19.17,0
163.89,61,8,32.06,7,3.76,2,17.79,0
120.79,69,8,30.19,8,3.86,3,18.81,0
147.11,57,9,43.95,8,6.56,5,15.92,0
126.57,80,11,36.53,10,6.04,5,10.67,1
148.67,75,6,32.97,7,6.61,5,19.45,1
124.38,63,9,37.9,7,4.52,3,20.53,0
148.17,68,8,47.06,8,6.47,5,16.33,1
153.52,34,6,43.98,8,5.57,5,18.55,0
158.31,89,5,48.31,5,4.59,5,25.7,1
127.4,107,6,43.54,5,6.13,4,18.08,1
113.39,49,8,40.59,8,5.5,5,25.27,0
149.56,42,5,43.06,6,5.83,5,25.11,1
141.68,61,10,35.79,8,5.28,5,31.46,0
161.74,70,10,21.97,8,7.16,4,27.8,0
127.64,91,7,44.46,5,6.63,4,21.61,1
127.39,65,7,36.97,7,4.24,4,22.92,0
64.86,56,5,22.21,9,3.48,4,12.57,0
145.63,44,8,24.07,8,7.36,5,26.4,0
162.38,69,7,57.27,6,4.67,5,29.31,1
154.34,62,6,56.09,3,7.53,3,27.34,1
124.5,68,6,29.97,8,3.91,4,16.31,0
133.87,56,7,37.06,7,4.03,3,21.41,0
135.79,72,6,30.95,8,4.83,4,12.91,0
143.31,82,5,29.19,7,6.58,6,17.64,1
163.79,67,7,28.15,9,4.45,4,10.54,0
81.99,65,7,34.92,8,4.68,5,17.58,0
71.7,62,7,30.26,9,5.09,4,8.8,0
119.76,82,5,27.25,8,5.83,6,20.43,1
119.76,56,6,39.77,7,4.76,4,18.85,0
167.21,41,9,44.64,8,5.67,4,20.38,0
131.3,77,12,53.83,7,5.78,4,24.66,1
133.18,58,6,28.7,10,4.75,5,11.45,0
120.27,56,10,56.5,4,7.87,3,27.25,1
122.72,67,6,31.23,8,6.8,6,18.47,1
120.21,65,6,42.91,5,5.8,5,32.84,0
89.98,52,6,31.98,7,2.99,4,24.33,0
146.69,68,4,50.27,3,6.33,4,25.5,0
167.6,64,7,13.47,12,3.7,4,4.64,0
112.42,74,7,44.09,8,5.25,5,20.9,1
66.9,79,7,53.89,4,5.96,4,25.07,1
208.46,50,7,45.65,8,6.44,5,14.87,0
143.55,48,4,38.99,6,6.42,5,20.98,0
102.85,75,10,42.72,7,6.02,5,28.76,0
131.19,48,9,42.31,7,4.77,4,24.32,0
86.05,87,4,20.75,7,4.52,6,29.23,1
89.71,39,8,33.08,6,7.58,4,29.41,0
84.48,68,6,35.59,7,3.89,4,22.57,0
85.45,77,8,42.7,8,5.99,5,19.95,0
110.0,67,9,48.04,7,6.63,4,16.96,1
126.14,85,4,54.52,3,6.28,4,23.48,1
149.84,60,7,27.46,8,3.86,3,13.34,0
158.41,72,9,38.67,8,6.43,5,17.63,1
127.49,59,7,44.5,8,6.26,5,19.69,1
132.11,69,9,21.36,9,6.9,6,21.56,0
138.81,50,5,37.75,7,4.93,5,16.42,0
113.66,56,10,31.97,10,5.08,4,13.35,0
105.12,59,8,29.71,9,3.5,4,21.02,0
114.91,61,7,41.64,8,5.9,4,13.85,0
141.61,57,8,49.11,7,6.37,5,20.86,0
102.64,89,6,28.59,7,5.32,5,23.2,1
113.62,40,3,46.55,6,5.31,6,27.53,0
129.36,96,4,44.17,7,3.09,7,27.09,1
86.98,71,8,43.57,6,4.34,3,27.57,1
135.85,65,7,25.57,9,4.18,4,11.85,0
122.63,47,9,48.11,7,5.97,3,20.33,0
156.14,74,9,38.07,10,5.13,6,18.36,1
141.89,92,8,38.68,7,6.21,4,14.26,1
109.6,43,8,29.47,8,6.04,5,26.69,0
94.97,34,5,15.08,11,3.42,4,3.13,0
194.99,55,8,32.64,9,5.14,4,12.83,0
135.96,65,8,36.13,8,4.06,4,22.82,0
115.81,52,10,56.17,8,3.81,6,35.19,1
66.91,74,11,38.88,10,5.98,5,12.95,1
115.1,62,8,26.23,8,2.55,3,22.82,0
119.61,77,9,32.61,8,4.74,4,19.5,0
136.76,70,7,43.9,8,5.16,6,20.31,1
132.65,59,8,42.91,6,6.81,5,30.57,1
172.69,81,8,52.68,7,4.48,5,26.85,1
178.11,78,7,51.62,6,4.33,5,28.06,1
177.42,84,9,36.86,8,3.48,7,35.17,0
141.24,68,7,51.95,5,5.84,4,28.65,1
160.28,46,11,25.5,8,7.5,5,26.98,0
122.91,83,7,45.92,6,5.75,5,25.09,1
109.19,60,8,42.92,7,5.14,4,21.51,0
150.55,69,10,38.57,9,6.0,5,16.85,1
175.53,51,6,31.03,9,4.32,5,15.97,0
180.29,84,7,19.45,9,5.0,6,22.31,1
141.88,40,6,34.03,9,5.08,4,12.8,0
158.99,48,3,48.97,6,4.2,6,29.74,0
141.43,82,6,24.07,9,5.55,6,19.84,1
202.93,79,9,43.23,7,5.69,4,26.39,1
95.32,72,10,33.03,8,5.74,5,27.71,0
121.82,38,9,31.23,7,7.34,4,26.94,0
116.9,50,8,49.77,7,7.09,5,16.49,0
171.68,61,7,30.41,9,4.4,5,15.64,0
125.14,69,7,36.48,6,6.2,5,27.01,0
127.44,48,8,27.72,9,6.72,5,20.8,0
138.75,97,4,18.81,5,6.94,4,20.03,1
111.81,71,6,56.26,5,4.14,5,34.52,0
115.78,33,8,44.2,7,4.54,3,25.17,0
142.62,89,6,30.33,6,5.83,5,20.94,1
152.04,77,9,36.49,9,5.34,5,20.32,1
120.14,81,10,47.86,9,4.62,5,17.4,1
105.1,73,7,42.85,7,6.04,5,23.65,0
83.43,82,7,39.96,6,5.53,4,23.15,1
142.78,75,12,21.18,11,5.81,5,21.61,0
188.65,54,5,35.56,5,6.82,5,27.12,0
143.73,69,10,46.19,9,5.66,5,17.89,1
162.03,74,8,29.32,8,3.87,3,18.44,0
120.06,87,8,44.84,6,6.15,4,23.3,1
81.11,85,6,56.96,5,4.91,4,24.81,1
116.87,78,8,46.27,4,7.61,3,23.45,1
138.96,69,8,29.56,9,4.65,4,13.88,0
138.51,48,7,33.76,8,4.71,4,15.02,0
127.93,71,7,43.88,9,5.61,6,16.57,1
177.77,80,7,20.51,9,2.91,4,17.24,0
161.99,94,8,39.84,7,5.4,4,17.99,1
75.01,83,8,29.32,8,5.38,5,20.15,1
97.77,88,5,49.52,4,6.15,4,23.17,1
116.83,53,7,28.13,8,7.05,5,20.99,0
162.05,63,7,62.52,5,5.35,5,29.11,1
128.16,77,8,42.71,5,7.88,3,23.72,1
121.32,65,7,50.4,5,5.98,5,29.37,1
179.08,69,6,52.48,4,6.2,4,27.68,1
128.8,58,9,52.52,8,7.36,4,14.18,1
121.69,38,7,26.23,8,6.66,6,22.77,0
113.57,55,7,34.97,7,6.75,5,22.94,0
135.3,57,7,35.09,8,4.09,4,21.01,0
68.32,88,9,32.63,8,4.6,4,21.27,0
116.54,52,7,37.49,7,5.09,5,29.25,0
99.87,80,3,36.27,5,6.65,5,20.45,1
109.26,62,6,36.0,7,6.75,5,20.74,0
133.02,61,9,35.04,9,4.85,4,16.58,0
178.43,57,8,39.07,8,4.79,6,28.71,0
156.65,60,4,49.42,5,5.59,5,25.46,0
180.53,68,8,33.62,7,5.99,5,29.54,0
130.72,85,10,34.81,7,4.59,3,23.21,0
106.15,64,8,38.78,8,6.66,5,18.51,0
177.48,66,8,31.65,8,6.11,5,20.58,0
143.21,54,2,29.95,6,6.79,5,22.39,0
97.06,46,6,26.83,11,5.33,5,5.73,0
145.15,58,8,40.97,8,6.87,5,17.51,1
69.5,35,8,38.89,10,5.66,6,15.93,0
130.42,64,6,42.64,8,5.94,6,18.34,0
126.66,87,5,54.44,3,6.64,4,21.97,1
174.64,78,9,51.82,6,5.6,4,25.55,1
94.69,56,8,40.31,8,4.95,5,23.9,0
142.1,56,7,40.5,8,5.15,5,18.57,0
120.46,47,6,44.47,5,4.36,2,22.68,0
173.51,70,9,35.63,7,4.11,3,20.95,0
129.39,75,10,46.95,6,6.32,4,25.87,1
159.09,79,7,54.69,5,5.43,4,25.78,1
175.69,46,8,30.28,9,6.41,6,23.78,0
126.4,33,6,24.97,7,7.72,5,24.14,0
111.17,59,9,35.42,9,4.7,4,21.55,0
130.65,64,8,31.98,9,4.81,4,14.73,0
140.3,29,5,29.33,8,5.46,6,30.75,0
88.46,82,7,47.39,6,5.51,5,25.55,1
68.94,52,9,50.17,5,7.1,4,30.86,1
122.81,68,9,49.3,7,6.31,4,17.94,1
204.07,66,7,28.9,9,4.27,4,14.56,0
121.92,62,6,63.77,6,4.18,6,31.65,1
143.62,60,7,47.15,6,7.2,4,22.77,0
118.83,70,10,40.54,7,5.93,5,30.38,0
153.42,44,4,41.33,5,5.73,5,29.75,0
141.01,86,7,46.53,5,6.33,4,23.4,1
168.15,59,8,30.28,10,5.4,5,10.5,0
166.53,68,6,29.99,8,4.4,4,13.43,0
150.51,58,6,33.39,7,4.03,4,17.77,0
114.16,30,7,37.51,9,4.67,4,16.28,0
135.59,85,7,48.16,6,4.45,5,26.77,1
161.14,95,10,32.41,6,7.66,3,19.68,1
122.13,31,8,41.71,9,5.75,5,16.51,0
106.49,86,6,43.61,6,5.1,5,26.12,1
124.0,43,7,24.01,6,10.0,4,23.26,0
125.85,52,8,37.2,8,4.82,4,17.91,0
147.07,65,10,40.62,9,4.65,6,27.46,0
157.43,22,5,29.71,8,2.76,3,19.11,0
160.93,80,7,48.12,4,7.82,3,22.35,1
95.22,43,11,25.42,8,7.91,4,23.7,0
124.33,74,7,42.59,4,7.63,3,25.15,1
169.41,53,7,38.03,7,4.16,4,23.46,0
170.51,90,6,54.76,5,4.31,5,24.88,1
103.37,76,7,37.55,6,6.79,5,23.64,0
109.36,64,7,50.69,7,4.93,6,23.69,1
152.49,64,11,43.1,8,5.94,3,17.73,0
120.25,93,5,54.36,4,5.08,4,22.93,1
120.66,73,7,51.59,6,4.86,5,28.93,1
68.08,75,8,34.72,8,4.2,4,22.42,0
130.11,60,8,33.41,10,5.85,5,9.84,0
102.37,57,7,60.1,5,5.29,5,31.6,1
97.25,53,5,38.09,7,4.11,4,21.07,0
50.39,74,8,31.44,9,6.43,5,15.99,1
69.53,83,5,49.98,3,7.45,3,22.64,1
123.62,45,8,32.58,9,3.86,4,18.81,0
196.07,47,10,29.68,9,5.7,5,25.28,0
128.17,50,6,36.44,6,6.64,5,24.76,0
170.6,70,5,33.79,7,4.57,4,17.28,0
111.96,67,8,33.05,7,3.85,3,20.64,0
118.41,74,10,49.17,6,6.49,4,25.25,0
117.29,68,9,35.78,8,5.54,5,23.14,0
135.23,92,9,37.61,5,8.13,3,19.27,1
116.16,87,5,31.14,6,6.96,5,17.8,1
92.09,75,9,41.9,8,6.03,5,18.76,0
181.65,78,8,35.71,8,5.09,6,27.72,0
160.1,54,5,55.99,3,7.08,4,30.53,1
114.31,56,8,16.07,9,7.66,6,21.45,0
149.79,98,9,27.44,9,5.94,4,12.76,1
144.55,47,8,38.06,6,6.43,5,31.47,0
54.87,38,7,37.95,7,3.33,3,25.22,0
132.31,76,5,31.68,7,5.75,6,21.19,1
108.92,73,8,38.2,7,4.93,5,28.05,0
57.28,56,5,36.23,7,6.24,6,23.17,0
165.81,62,12,52.26,5,8.09,2,25.1,1
130.39,50,7,29.33,8,5.77,6,27.49,0
131.63,53,9,29.38,7,8.33,4,19.7,0
129.22,68,8,49.86,6,5.48,4,26.93,0
118.99,88,5,27.04,7,6.23,5,19.15,1
125.62,60,10,38.33,8,5.99,5,25.11,0
107.7,23,7,28.6,9,7.02,5,20.22,0
144.31,67,9,50.96,8,6.47,5,15.12,1
153.42,53,8,53.05,4,7.65,4,29.37,1
106.03,86,6,48.25,5,5.05,5,27.75,0
168.84,78,9,46.22,7,6.71,4,18.44,0
134.1,53,8,38.95,9,5.34,5,17.64,0
110.27,35,8,27.09,8,7.7,5,22.74,0
115.87,38,6,40.62,7,4.48,3,20.21,0
134.72,45,4,38.51,8,4.74,6,21.61,0
130.29,65,8,35.19,8,4.99,4,15.47,0
115.95,60,6,42.02,6,6.33,5,28.0,0
165.81,32,6,47.8,8,6.44,5,15.05,0
155.14,48,6,38.75,7,4.08,5,23.8,0
110.08,51,7,37.8,8,5.29,6,26.88,0
110.93,43,5,34.49,8,5.79,6,24.17,0
225.67,62,10,55.67,6,6.71,4,26.36,0
130.86,39,5,25.53,7,6.92,5,22.19,0
130.42,48,7,40.73,7,4.36,3,22.45,0
200.29,55,7,29.32,9,3.66,4,17.27,0
107.88,30,7,40.17,7,4.13,3,22.55,0
104.2,63,10,48.14,10,6.92,5,9.61,1
150.2,62,8,42.09,7,6.32,5,22.76,0
115.16,66,8,43.67,8,6.39,5,15.23,1
142.12,61,5,21.46,9,3.7,4,10.26,0
122.44,65,9,29.45,7,2.55,3,26.15,0
87.78,51,8,39.55,7,4.22,3,23.41,0
98.69,71,1,58.14,2,5.14,5,29.65,1
104.98,80,8,40.81,6,4.75,5,31.93,0
131.48,40,6,39.32,8,6.34,5,20.55,0
135.11,75,8,43.26,7,5.19,4,23.84,0
124.24,99,3,1.0,8,6.62,7,19.32,1
126.79,48,8,38.77,7,4.23,3,22.34,0
151.85,49,7,24.98,10,4.08,5,13.28,1
157.62,59,7,24.56,9,3.35,3,14.27,0
157.86,58,6,30.17,8,4.07,4,15.4,0
113.54,86,8,36.64,7,4.66,4,21.29,0
169.61,72,7,24.53,8,3.23,3,16.31,0
146.3,18,8,49.68,7,5.44,2,19.68,0
73.53,102,7,20.01,9,4.67,6,19.21,1
85.36,69,12,39.92,9,6.81,4,15.03,1
143.68,63,9,37.43,8,4.73,4,22.11,0
159.62,72,6,59.73,5,4.83,5,28.39,1
52.75,82,8,48.11,6,5.19,4,28.28,0
133.48,82,8,37.82,8,5.78,5,18.7,1
123.28,42,7,40.39,7,4.18,4,23.07,0
126.0,39,5,35.18,7,3.31,3,20.86,0
110.27,67,8,26.35,7,6.67,5,28.8,0
144.89,76,6,26.21,9,5.33,6,21.04,1
152.02,57,8,38.79,8,5.49,4,14.65,0
129.4,65,6,26.49,8,2.7,4,21.33,0
68.11,97,6,39.24,5,6.0,4,21.98,1
129.7,67,9,32.49,8,5.86,5,26.15,0
137.64,72,6,34.67,7,5.98,5,23.57,1
175.19,40,7,51.18,6,5.18,4,26.75,0
163.12,58,9,47.06,6,4.83,3,25.79,0
116.28,55,7,33.08,8,3.75,4,20.56,0
123.54,68,9,41.79,6,6.85,5,28.01,1
121.66,79,5,29.17,6,6.83,5,21.34,1
184.3,59,9,52.82,7,6.41,4,19.43,1
157.32,94,7,22.18,8,5.36,5,20.39,1
123.65,69,6,32.93,8,4.59,4,14.04,0
99.16,94,8,38.23,5,7.51,3,19.69,1
123.25,56,6,47.06,5,7.25,4,22.95,1
155.81,91,7,31.41,8,4.25,6,22.03,1
118.22,56,8,31.63,8,5.22,6,26.81,0
132.92,49,7,39.52,7,4.81,4,19.04,0
96.36,61,7,48.66,7,5.76,5,23.74,0
115.5,77,9,41.27,8,6.4,4,14.36,1
116.08,54,6,48.49,5,5.15,5,28.59,0
172.06,89,7,49.44,7,4.26,5,25.17,1
141.37,42,2,51.69,7,3.69,7,22.67,1
74.08,50,7,31.18,6,6.56,5,30.83,0
160.61,99,7,29.65,7,4.75,5,22.71,1
150.12,91,9,42.7,7,4.98,5,24.04,1
159.99,57,7,42.85,7,6.29,5,23.18,0
165.97,50,7,39.87,8,5.51,5,16.09,0
207.44,76,7,54.84,6,4.93,5,27.2,1
149.59,62,7,40.13,8,5.42,5,19.21,0
95.45,64,6,52.77,5,5.31,5,30.78,1
163.85,54,7,25.65,8,6.17,5,28.41,0
114.6,93,10,34.87,7,6.32,4,22.12,1
144.67,45,6,37.32,6,6.64,5,28.4,0
146.07,65,9,39.92,7,4.49,3,24.48,0
123.18,61,8,44.9,7,5.43,5,29.1,0
131.91,87,6,47.13,5,5.49,4,24.7,1
154.82,55,9,14.33,10,6.59,6,22.53,0
102.63,103,10,32.64,8,5.36,4,21.07,1
167.15,46,7,39.14,7,5.52,5,28.07,0
148.93,55,4,36.62,8,4.41,5,19.5,0
152.69,72,6,49.38,5,6.22,5,27.44,1
119.65,79,8,38.76,8,6.09,5,17.54,1
160.17,58,7,67.47,4,4.79,4,31.07,1
125.78,78,7,20.69,8,8.15,5,14.71,1
102.84,68,10,25.99,9,5.84,5,26.54,0
141.91,34,5,30.09,9,3.64,4,15.51,0
129.85,70,9,53.23,6,4.88,4,30.92,0
177.49,96,10,33.75,8,5.34,4,18.3,0
96.88,101,6,42.14,4,6.67,3,19.29,1
107.46,57,7,42.43,7,4.25,5,27.62,0
130.67,60,6,40.43,6,4.33,4,23.76,0
120.56,65,12,48.59,5,7.83,2,25.47,1
154.22,69,9,26.37,9,6.15,5,24.21,0
130.4,42,6,49.91,5,5.34,5,31.52,0
93.38,74,9,29.46,8,6.76,5,21.5,0
111.46,60,5,16.78,10,2.36,4,13.51,0
155.57,53,6,33.72,6,7.8,4,17.6,0
144.1,59,6,64.23,4,5.89,4,29.88,1
108.87,64,8,24.47,8,7.05,5,21.58,0
113.26,92,9,21.3,9,4.8,6,31.45,0
179.81,57,8,34.16,7,6.99,5,22.78,0
164.5,57,5,31.05,8,3.48,4,18.93,0
157.27,51,8,40.6,7,6.18,5,23.61,0
107.69,50,8,43.28,6,6.55,4,26.87,0
151.26,48,8,28.86,7,5.54,5,30.37,0
153.83,68,7,44.27,7,6.53,4,19.39,1
133.59,61,8,45.82,7,4.95,5,27.21,0
175.79,49,4,31.57,9,4.45,5,14.27,0
115.6,55,10,35.98,10,5.84,4,13.45,0
169.72,35,5,41.67,8,5.62,6,24.64,0
202.5,72,11,49.7,10,5.36,5,14.2,1
130.6,67,6,28.04,9,4.01,5,14.95,0
145.67,94,9,39.98,8,5.3,4,15.37,0
154.16,42,6,45.22,7,5.7,5,18.32,0
157.0,84,6,23.03,8,7.43,5,11.93,1
144.08,66,7,36.7,8,6.31,6,18.17,1
142.56,68,7,49.38,2,8.89,2,24.02,1
123.98,34,5,36.23,9,4.84,5,13.86,0
99.08,65,9,35.35,8,4.83,4,18.32,0
99.37,66,7,51.46,4,7.02,4,27.3,1
62.36,24,3,45.36,4,7.49,4,27.36,0
153.07,43,5,39.41,5,6.62,4,27.04,0
88.17,66,7,45.15,4,6.99,4,28.3,1
159.09,102,11,33.67,8,5.61,4,20.67,1
110.89,55,7,42.84,6,6.46,5,24.12,0
164.2,68,9,43.66,5,7.78,3,26.13,1
125.17,70,4,40.23,6,5.22,6,24.85,1
156.66,57,8,35.4,7,5.98,5,25.8,0
170.26,79,8,43.04,7,6.26,4,18.11,1
155.82,89,11,34.35,7,6.51,4,22.84,1
80.92,76,9,59.4,7,4.56,5,26.44,1
137.77,70,8,41.68,7,5.34,5,22.35,0
80.76,64,9,52.85,6,5.35,4,27.33,0
158.39,74,7,38.65,9,5.24,6,17.22,1
109.49,67,8,33.74,9,5.45,5,15.52,0
88.49,42,6,38.94,8,6.89,6,19.01,0
126.11,41,6,34.0,9,4.2,4,17.7,0
141.87,74,8,38.4,7,4.99,4,19.84,0
127.01,55,8,41.03,7,6.32,5,27.42,0
147.92,64,6,42.66,6,4.41,5,28.13,0
139.81,48,6,34.78,6,5.5,5,32.17,0
125.49,101,6,48.39,6,3.88,5,23.13,1
119.16,43,9,41.66,9,6.64,5,13.0,0
142.36,71,8,43.04,5,5.95,4,31.7,0
168.26,60,8,31.39,10,5.49,4,10.65,0
139.42,65,10,48.14,5,7.95,3,25.56,1
170.89,63,10,36.83,8,5.36,5,32.62,0
150.06,66,8,41.17,7,5.44,5,28.89,0
151.41,76,9,42.7,5,8.18,3,23.11,1
128.57,59,8,27.73,10,5.69,7,22.52,0
133.47,87,9,41.38,8,5.27,4,16.62,1
122.72,43,4,26.21,9,4.24,5,9.27,0
136.39,50,8,41.7,8,5.38,4,18.92,0
124.86,68,9,34.78,8,4.78,4,19.21,0
112.23,67,6,53.96,3,6.59,4,27.75,1
135.07,56,8,48.2,9,5.52,6,19.59,1
119.19,50,7,69.98,4,5.47,4,31.84,1
78.05,50,7,32.49,7,6.88,5,24.08,0
114.08,37,6,32.66,8,6.19,5,22.3,0
167.04,69,8,31.43,9,4.25,6,26.74,0
81.72,63,8,36.09,8,5.17,4,16.37,0
131.33,64,11,25.53,8,8.05,4,22.35,0
72.76,51,7,33.89,8,4.66,6,30.48,0
171.99,63,9,41.19,7,4.63,5,30.35,0
172.79,82,9,51.57,6,5.4,4,24.84,1
147.33,83,11,48.44,7,7.06,4,20.33,0
139.64,78,8,45.88,7,5.97,4,17.8,1
163.02,92,6,19.05,7,6.47,5,21.37,1
151.46,72,7,45.23,4,7.38,3,25.89,1
134.95,63,11,45.09,10,5.73,5,14.37,1
152.26,84,6,36.74,6,5.08,5,24.08,1
157.8,48,8,62.29,7,6.12,5,18.24,1
138.7,56,7,35.0,7,5.42,6,29.62,0
151.8,90,7,36.85,7,5.47,5,18.24,1
96.15,45,7,39.18,7,4.34,4,21.8,0
129.18,81,5,46.21,3,6.97,3,24.45,1
194.2,78,8,22.17,10,4.39,5,11.33,0
167.71,66,6,43.43,7,6.68,5,17.51,1
116.25,74,9,37.92,7,6.67,4,19.52,1
101.29,37,7,30.26,9,4.45,4,13.39,0
126.12,49,7,38.21,8,4.67,5,20.19,0
142.83,46,8,29.05,7,7.44,4,23.64,0
163.06,64,10,45.45,6,6.79,4,28.28,1
170.21,78,8,51.06,5,6.78,4,23.92,1
172.6,92,7,33.87,6,5.38,4,21.43,1
80.69,45,6,37.2,7,4.11,4,20.02,0
186.28,52,6,40.83,7,4.55,5,22.29,0
99.63,98,8,53.06,6,4.4,4,21.87,1
176.97,50,7,28.96,10,4.93,5,11.7,0
79.72,44,6,42.54,7,5.75,5,25.19,0
98.11,50,7,33.72,8,4.01,4,18.93,0
127.21,69,10,53.85,7,7.39,4,21.74,0
119.91,83,5,27.46,7,6.02,6,20.32,1
91.94,54,9,32.19,7,6.7,5,31.03,0
176.12,80,6,30.85,6,7.51,4,17.38,1
148.33,64,6,60.07,5,4.53,5,31.21,0
192.79,55,9,36.12,7,5.52,4,31.41,0
113.59,33,6,44.22,7,5.63,4,17.32,0
143.68,49,4,15.45,10,2.64,4,8.96,0
196.52,46,9,51.14,7,6.16,4,22.25,0
210.49,41,6,31.87,7,7.53,5,21.23,0
92.17,89,7,41.2,6,5.77,4,23.97,1
206.57,46,7,39.32,8,4.96,5,20.95,0
128.77,71,6,16.96,10,3.17,4,10.42,0
116.96,95,10,35.11,6,6.62,3,21.1,1
116.68,35,7,33.18,8,3.58,3,19.75,0
117.97,50,6,35.83,6,3.5,2,21.36,0
86.89,71,6,26.21,9,3.78,5,16.99,0
96.2,69,7,41.44,8,4.44,6,25.41,0
127.2,69,9,32.12,6,7.86,4,24.88,0
128.81,60,9,21.36,8,7.62,5,22.15,0
176.96,62,8,37.89,8,5.9,4,12.66,0
98.06,94,6,53.37,5,4.51,4,23.58,1
167.31,43,6,36.26,8,4.49,5,18.92,0
120.84,67,7,48.53,6,5.86,4,22.0,0
151.07,85,5,51.15,5,5.11,5,25.34,1
101.54,78,5,48.91,3,7.51,4,23.83,1
128.39,92,7,47.28,7,4.46,5,24.44,1
113.38,55,7,44.58,9,5.41,6,21.28,1
111.63,73,7,29.83,8,4.18,4,15.62,0
176.81,52,11,50.61,11,5.22,6,17.66,1
170.06,48,5,36.25,8,4.59,5,17.57,0
114.26,54,10,37.04,8,4.64,3,20.4,0
156.36,56,6,47.18,6,5.57,5,22.37,0
150.04,67,8,39.19,8,5.42,5,18.18,0
134.71,89,9,34.29,8,5.68,5,16.47,1
116.95,93,8,31.76,8,4.85,4,15.79,0
164.8,92,6,45.18,4,6.9,3,21.18,1
124.65,38,5,22.23,8,6.56,5,21.95,0
79.8,100,9,42.45,7,4.87,5,21.81,1
147.58,92,8,37.45,8,5.26,4,17.86,1
151.21,41,6,39.02,8,5.27,6,23.86,0
141.72,70,6,57.09,3,7.56,3,24.76,1
148.99,42,5,28.48,7,7.68,5,17.72,0
87.08,65,7,38.84,8,5.18,4,19.11,0
82.89,75,10,44.25,8,6.84,4,13.13,1
98.95,61,10,43.44,10,5.77,6,16.41,1
163.84,68,11,50.67,9,5.32,5,15.68,1
176.16,60,8,39.73,6,5.65,5,31.54,0
100.3,34,8,40.22,8,4.47,3,21.66,0
147.16,26,5,34.53,6,5.95,5,31.1,0
145.28,61,9,18.76,10,7.64,6,15.99,0
160.78,58,8,37.51,7,7.08,5,21.45,0
143.5,65,7,40.97,8,7.44,5,14.96,1
142.01,91,6,35.39,4,8.1,3,20.92,1
101.34,58,4,26.85,9,6.53,6,13.42,0
112.83,80,4,21.4,7,5.9,6,24.2,1
119.4,68,6,37.97,6,6.92,5,19.98,1
124.66,54,8,25.59,8,7.91,5,19.4,0
111.88,79,8,46.06,5,6.94,4,24.14,1
166.75,84,5,34.27,6,6.44,5,20.07,1
112.57,69,7,42.25,6,4.84,4,22.04,0
140.36,73,11,34.95,7,6.39,4,31.31,0
75.46,74,9,51.86,4,7.23,3,24.02,1
133.22,66,6,60.4,4,5.97,4,27.93,1
97.59,45,6,43.96,7,5.78,5,24.68,0
160.61,24,7,61.17,5,6.32,4,25.93,0
153.91,76,7,59.25,4,6.12,4,24.85,1
134.2,72,6,49.58,6,5.1,5,24.55,0
151.48,57,10,20.87,9,6.44,5,26.47,0
133.42,77,8,34.88,7,6.78,5,16.95,1
134.02,75,7,43.03,8,6.24,5,15.58,1
131.31,76,11,38.36,9,4.45,5,31.63,0
94.79,37,7,14.21,8,7.22,5,29.62,0
93.49,87,9,29.17,7,6.01,5,28.35,0
169.84,82,8,23.93,9,3.22,4,19.41,0
104.05,80,6,19.36,8,7.75,5,15.25,1
112.67,62,9,43.65,8,6.45,5,18.45,1
168.94,41,8,32.51,8,3.79,3,19.11,0
168.36,68,6,50.72,4,6.7,4,27.8,1
101.27,72,9,22.81,7,7.13,4,24.47,0
186.26,78,3,31.16,4,6.06,5,27.95,1
159.98,80,10,40.35,9,6.12,5,12.54,1
154.34,69,9,42.07,7,4.52,5,32.72,0
102.52,51,6,46.3,6,6.5,4,22.39,0
78.39,58,11,42.55,11,6.49,5,13.52,1
147.73,92,6,18.52,8,6.88,5,16.54,1
198.82,87,5,25.09,6,7.53,4,17.79,1
79.42,39,3,40.1,7,4.28,4,19.68,0
134.76,41,6,29.96,9,3.71,3,14.81,0
184.47,41,7,31.32,8,3.44,3,20.05,0
78.62,75,9,44.16,6,6.62,4,25.81,1
134.33,56,7,26.19,7,7.96,4,23.12,0
138.77,70,8,43.56,8,5.71,5,17.57,1
162.62,42,6,48.22,6,5.66,5,29.34,0
121.82,76,7,30.3,8,4.48,4,14.94,0
156.95,58,8,37.45,7,6.33,5,24.79,0
39.01,70,4,57.16,4,4.79,5,29.72,1
131.13,97,5,42.15,5,6.1,4,21.6,1
147.09,50,5,24.93,8,2.22,4,21.41,0
122.51,43,6,33.71,9,4.76,4,13.55,0
44.83,81,6,60.08,4,5.17,4,25.27,1
120.99,45,4,45.74,4,6.83,5,31.09,0
91.39,48,9,51.25,6,5.71,3,23.86,0
147.1,64,8,35.42,7,6.14,4,26.22,0
178.14,54,6,42.39,7,5.85,5,24.15,0
160.96,52,6,41.26,7,5.1,5,29.25,0
137.36,43,7,38.88,8,5.37,6,26.17,0
144.36,86,12,48.4,11,4.56,5,12.35,1
110.52,80,3,29.45,5,7.26,5,19.67,1
154.39,72,10,24.06,9,5.43,5,23.14,0
80.13,75,6,26.91,8,6.66,6,19.12,1
186.56,86,8,38.49,8,4.63,6,25.3,0
148.12,50,5,46.98,4,6.44,4,26.17,0
118.72,79,6,39.44,3,8.36,3,23.19,1
158.65,101,4,37.61,5,5.81,5,21.87,1
153.35,63,7,42.65,9,5.57,6,19.52,1
156.84,69,9,41.26,8,6.99,4,14.4,1
169.21,54,6,27.14,8,3.32,3,16.13,0
151.49,54,8,31.47,8,6.07,5,26.88,0
161.66,97,7,36.94,5,5.92,3,20.03,1
122.16,45,7,32.65,8,3.85,3,17.64,0
144.85,71,9,30.4,8,5.93,5,27.83,0
126.83,78,8,38.58,3,9.81,2,20.91,1
150.58,72,8,40.32,6,5.12,4,28.64,0
164.94,72,6,45.29,6,5.45,5,24.32,0
91.34,52,5,33.74,9,4.52,6,18.1,0
168.96,20,5,22.05,7,7.78,5,25.09,0
187.2,46,7,37.79,8,5.16,4,16.43,0
104.65,65,10,42.79,7,5.53,3,20.92,0
109.15,72,7,43.78,6,4.56,5,26.27,0
107.52,50,5,20.73,9,3.39,4,10.17,0
46.29,50,5,34.38,9,5.26,4,11.38,0
103.48,88,5,44.38,3,7.5,3,21.9,1
173.54,76,6,27.63,7,6.11,5,23.15,1
145.22,77,3,18.22,7,7.78,6,18.04,1
116.13,67,10,26.25,10,6.7,6,22.97,0
158.05,66,7,43.75,6,5.16,4,23.04,0
139.16,76,8,27.67,9,3.3,7,34.28,0
179.96,91,7,26.15,8,6.23,5,18.04,1
135.45,85,7,33.71,7,6.25,4,18.25,1
177.69,69,8,45.73,6,5.0,4,27.64,0
127.14,39,7,37.32,9,4.93,5,17.02,0
129.96,70,6,43.23,7,5.21,5,24.04,1
110.6,52,8,34.84,8,6.87,5,20.84,0
125.24,56,9,36.53,7,6.07,5,27.17,0
82.0,81,7,39.9,6,4.23,4,25.32,0
143.16,38,6,31.13,9,4.22,3,13.59,0
144.99,100,10,32.39,11,2.65,6,20.37,1
193.28,94,5,49.55,5,4.88,4,23.58,1
205.66,63,8,35.6,6,7.23,3,24.04,0
140.1,50,7,51.09,7,6.47,5,20.18,0
117.44,86,9,31.97,8,5.69,5,17.92,1
108.3,68,8,31.99,10,5.74,6,12.13,0
183.93,72,8,45.4,5,6.82,4,26.55,1
74.16,73,6,47.41,4,7.01,3,26.2,1
108.72,60,9,32.91,7,6.52,4,26.46,0
215.94,65,6,45.77,5,4.4,4,27.53,0
146.68,94,8,36.68,5,7.81,3,19.58,1
107.21,87,6,24.91,8,2.87,4,21.47,0
195.64,45,7,26.09,8,6.56,5,24.39,0
124.65,81,9,49.33,6,5.75,4,27.18,0
110.6,73,5,61.05,4,5.82,4,26.37,1
143.81,89,9,33.89,9,5.69,5,14.04,1
177.75,107,4,14.27,5,6.15,4,22.5,1
135.71,49,7,30.8,10,5.14,4,10.92,0
130.83,28,6,23.1,10,3.91,3,8.13,0
127.47,52,10,40.32,8,5.48,3,18.76,0
126.7,32,7,44.26,7,4.06,3,25.19,0
160.67,56,8,55.76,4,7.11,3,29.28,1
148.35,42,7,36.49,9,5.39,6,24.92,0
151.04,65,9,34.88,7,6.88,4,22.99,0
90.53,66,6,52.24,3,7.58,3,26.85,1
199.98,57,9,32.73,7,6.5,4,23.06,0
135.03,67,12,56.23,9,5.08,4,16.3,1
128.68,39,5,38.98,6,7.68,5,23.41,0
110.01,72,7,31.89,8,4.54,4,15.74,0
84.28,83,9,44.53,5,7.14,3,22.63,1
149.52,104,8,36.61,8,4.86,5,21.43,1
119.47,78,8,32.94,6,3.17,2,24.88,0
115.32,70,6,34.53,7,4.54,6,28.13,0
137.01,71,8,58.35,6,4.9,4,28.01,1
127.37,66,5,40.59,6,5.48,5,24.32,0
118.63,56,7,30.9,9,4.08,4,16.4,0
111.25,60,5,30.23,8,3.74,4,18.31,0
97.71,59,8,30.6,9,4.57,4,14.3,0
173.22,59,10,62.13,9,5.14,5,17.5,0
126.36,54,6,28.48,8,3.66,3,15.9,0
96.83,74,10,37.65,7,6.01,5,29.08,0
155.92,50,7,33.8,8,5.01,4,13.53,0
140.84,61,7,22.93,9,3.61,4,15.23,0
149.42,57,8,44.83,6,4.72,3,25.22,0
134.16,77,5,26.05,8,5.74,7,20.51,1
171.4,47,7,39.8,7,4.76,4,19.62,0
120.78,80,7,41.56,7,5.87,5,17.12,1
132.38,51,10,41.8,9,6.32,4,14.51,0
135.53,48,6,43.83,7,5.87,6,23.0,0
129.62,51,11,54.48,9,7.13,5,11.94,1
128.61,75,7,25.72,9,6.65,6,15.71,1
120.39,86,10,30.97,8,5.94,5,25.75,0
140.46,48,8,43.41,9,7.28,5,9.25,0
112.29,63,6,40.31,7,5.62,5,26.12,1
133.97,50,6,42.26,5,6.64,4,26.72,0
132.61,67,8,31.89,7,4.7,5,30.3,0
166.29,75,11,41.5,7,6.65,4,25.48,1
179.52,49,10,24.62,9,6.48,5,26.58,0
165.9,56,7,34.22,8,3.71,4,22.55,0
126.94,60,6,35.44,7,3.96,4,22.11,0
109.28,75,6,35.69,8,5.41,6,20.95,1
140.84,75,8,55.93,5,6.22,4,25.24,1
129.18,46,6,33.56,8,3.86,4,20.1,0
159.78,38,7,34.11,9,6.08,5,21.16,0
102.31,51,6,32.07,9,4.45,5,14.67,0
133.26,53,9,33.58,9,5.31,4,14.03,0
130.07,50,7,35.53,6,6.65,4,27.27,0
148.08,68,4,31.55,5,7.32,5,23.49,1
128.68,51,8,40.3,8,5.64,4,16.93,0
108.8,78,4,47.17,3,7.14,4,25.03,1
104.42,76,8,35.6,8,5.21,6,20.98,1
102.92,82,6,33.41,8,5.76,6,17.74,1
167.01,93,6,45.15,5,6.06,4,22.23,1
143.05,61,6,32.84,6,6.53,5,29.66,0
143.51,53,10,19.86,9,6.75,5,27.1,0
115.4,50,9,26.21,8,5.58,6,33.51,0
121.01,67,8,61.33,5,5.08,4,28.6,1
143.91,63,6,41.02,6,5.14,5,25.33,0
152.3,77,8,32.23,9,4.49,6,21.58,1
171.16,82,9,49.63,6,5.54,4,24.69,1
109.38,58,9,51.32,9,5.32,6,17.23,1
163.24,73,8,46.01,5,6.61,4,26.63,1
100.72,66,8,33.36,8,5.07,6,24.2,0
145.72,69,11,49.27,7,5.15,5,28.7,1
108.48,68,6,40.15,7,6.17,5,20.96,1
136.2,87,6,38.34,5,6.3,4,24.52,1
143.34,48,8,32.1,9,4.89,6,27.12,0
107.36,47,7,34.64,7,6.35,6,28.14,0
132.31,73,4,53.73,5,3.83,6,31.05,1
137.11,64,6,39.27,6,5.79,5,27.23,0
76.1,78,8,44.56,4,7.16,3,24.51,1
152.06,61,10,31.29,7,6.7,5,28.35,0
159.36,75,6,45.58,4,6.56,4,26.66,1
136.15,54,9,35.63,9,5.19,4,16.92,0
100.2,44,7,32.61,10,5.42,5,10.31,0
116.9,68,4,34.27,8,5.35,5,11.62,0
117.14,45,8,29.79,9,3.55,4,19.22,0
162.07,23,7,35.33,8,4.12,2,15.36,0
118.87,71,5,33.17,7,6.43,6,19.04,1
149.54,78,5,45.43,3,7.6,3,24.43,1
135.83,69,6,37.53,7,6.17,5,21.16,1
168.07,61,8,40.47,8,5.27,5,21.53,0
135.98,56,8,28.96,7,9.18,4,14.3,0
104.55,68,12,22.16,9,6.49,5,24.02,0
114.02,59,7,29.51,7,5.65,5,26.29,0
111.25,84,8,46.32,6,5.41,4,25.23,1
136.44,68,8,46.08,6,4.2,5,31.41,0
126.01,36,6,32.58,7,6.84,5,26.3,0
74.18,71,8,36.35,8,6.52,5,17.56,1
135.38,57,7,34.64,7,5.61,5,29.64,0
158.73,58,8,38.49,8,4.79,4,19.2,0
138.51,81,8,45.03,5,6.38,4,24.51,1
152.7,72,7,38.45,7,5.25,4,16.88,0
158.94,71,8,40.59,7,4.95,4,21.71,0
141.29,68,10,47.87,7,6.67,4,20.14,0
104.41,89,7,39.1,5,6.2,4,23.85,1
124.32,62,5,30.78,9,4.51,5,13.03,0
105.1,73,7,24.73,9,3.55,4,14.75,0
90.2,60,7,61.85,4,6.43,4,28.61,1
75.33,66,10,52.65,9,7.06,5,10.36,1
126.34,77,8,50.61,6,5.03,5,27.28,1
102.91,78,7,55.39,5,5.69,4,25.53,1
162.37,55,7,39.25,9,5.76,5,14.4,0
87.11,66,8,34.31,7,3.66,3,22.2,0
136.5,30,6,42.88,5,7.34,3,26.66,0
175.89,80,7,27.46,10,5.75,6,15.64,1
117.31,68,10,50.26,6,5.88,4,28.13,1
135.25,54,8,47.44,7,5.45,4,24.98,0
148.67,63,7,52.39,4,7.48,4,27.41,1
139.92,75,9,41.21,8,6.7,4,14.51,1
129.57,42,7,32.96,8,3.46,3,20.22,0
145.23,78,8,36.86,6,6.76,4,23.04,0
126.72,56,9,61.65,6,4.85,5,31.82,1
135.0,39,8,41.22,7,4.22,4,25.76,0
158.82,46,4,22.72,9,2.48,4,17.3,0
60.49,63,8,37.14,9,7.35,6,12.15,1
181.67,41,8,23.79,9,7.03,5,22.66,0
161.39,60,5,40.26,7,5.69,5,22.15,0
86.04,54,9,39.49,8,5.12,3,19.12,0
86.36,57,6,36.51,8,5.31,4,15.02,0
136.97,63,7,51.94,8,5.03,6,21.05,1
157.74,59,8,35.09,6,7.15,4,22.04,0
118.1,71,8,48.59,5,4.31,4,34.51,0
150.36,75,8,53.3,4,5.91,4,29.44,0
143.63,61,7,34.7,9,5.67,5,12.95,0
38.62,46,8,35.66,7,7.04,4,21.82,0
188.85,73,6,33.51,8,6.04,6,18.43,1
136.08,63,11,54.9,9,6.1,4,14.56,1
141.24,63,8,37.45,8,4.76,4,20.27,0
134.16,60,8,41.37,8,7.35,5,14.91,1
125.12,73,10,48.0,10,5.69,5,12.45,1
116.35,66,6,24.68,9,6.38,7,18.59,0
137.52,54,7,27.43,7,6.35,6,28.45,0
95.08,52,8,38.1,5,7.51,4,27.0,0
128.24,40,6,42.07,8,5.6,4,15.59,0
155.95,53,7,30.03,9,6.09,6,21.05,0
174.78,75,12,49.24,10,6.15,4,10.97,1
153.47,61,8,35.41,9,5.0,4,16.44,0
125.35,47,7,19.78,8,6.85,6,27.31,0
101.7,68,8,29.35,8,6.88,5,22.2,0
209.29,49,5,33.86,7,3.67,4,20.95,0
135.5,110,4,34.28,3,8.16,2,15.97,1
114.08,62,6,53.96,6,4.66,5,29.22,0
106.28,42,6,36.89,7,7.54,5,20.25,0
88.45,50,8,38.55,5,6.91,4,29.19,0
94.83,78,9,37.85,8,5.61,4,18.85,0
181.15,95,8,30.36,10,4.42,6,16.11,1
187.7,87,8,40.0,6,6.01,4,24.16,1
113.57,101,6,53.12,6,3.6,5,22.86,1
67.54,70,10,51.01,10,4.48,6,17.85,1
184.65,86,8,44.03,5,6.42,4,23.41,1
133.88,49,6,17.71,9,1.06,3,23.36,0
166.21,59,8,33.24,6,6.31,4,28.79,0
84.66,82,7,27.44,8,5.43,6,21.0,1
116.43,75,12,34.14,10,7.06,4,9.74,1
106.24,64,8,38.69,5,8.13,3,27.43,1
132.64,91,7,32.69,8,5.98,5,15.05,1
188.02,86,5,51.29,4,6.17,4,23.46,1
115.14,47,8,32.08,8,5.68,5,26.86,0
152.81,36,6,35.4,7,6.57,5,25.27,0
175.48,54,8,43.37,8,4.89,4,22.82,0
163.78,78,10,45.62,6,4.87,3,27.32,0
89.23,57,7,40.44,8,6.3,5,12.16,0
207.2,32,6,30.04,9,5.29,6,24.85,0
146.53,30,8,35.78,9,5.56,4,9.34,0
138.52,64,8,27.85,10,5.36,5,8.66,0
178.06,52,10,27.91,8,7.25,5,25.0,0
179.68,70,8,30.16,8,3.64,4,22.86,0
182.77,61,10,22.12,11,6.65,6,20.03,0
133.37,62,10,40.99,8,5.86,3,17.22,0
82.61,26,5,37.31,5,7.64,4,25.23,0
178.49,65,7,31.71,9,5.58,6,22.27,1
152.21,59,4,38.06,7,5.14,5,15.58,0
101.7,49,9,46.22,8,5.88,5,20.36,0
163.46,71,3,27.04,6,5.97,6,25.86,1
144.89,70,6,44.68,5,6.81,5,27.65,1
136.8,43,6,46.6,7,6.01,5,19.34,0
138.8,75,9,28.9,10,5.5,6,17.62,1
137.35,49,7,30.32,8,6.31,6,24.31,0
153.47,66,6,37.34,7,3.71,4,25.59,0
128.96,65,10,39.67,7,4.12,3,27.66,0
121.8,75,9,46.95,8,5.11,4,21.15,1
104.2,58,9,43.86,8,6.01,4,17.8,0
127.67,61,8,36.55,6,3.83,3,23.98,0
119.42,91,6,14.81,8,6.52,6,17.71,1
133.82,57,8,64.75,6,4.57,5,31.8,1
132.14,70,9,36.27,7,7.41,5,18.86,0
138.25,63,3,60.99,1,6.73,3,28.66,1
115.24,90,7,34.88,7,6.43,4,15.27,1
142.28,80,7,21.32,9,6.45,6,16.94,1
134.92,67,7,36.94,7,6.17,5,21.97,0
161.4,83,6,56.17,5,4.79,4,25.55,1
165.14,85,5,52.03,4,5.91,4,23.93,1
151.6,78,9,44.32,7,5.26,5,26.56,0
130.56,74,11,26.48,11,5.25,6,24.06,0
56.04,55,10,57.9,9,5.54,5,16.49,1
117.98,58,6,34.77,8,4.85,5,16.69,0
115.19,83,5,19.97,8,6.7,6,18.15,1
104.25,56,6,31.27,7,6.64,5,25.2,0
111.08,55,5,36.37,8,5.43,5,13.31,0
87.85,99,6,25.69,6,6.18,4,21.63,1
110.68,61,9,50.12,8,5.42,5,20.48,1
130.66,78,7,35.55,8,6.26,5,16.76,1
116.0,46,6,40.39,6,3.68,3,23.39,0
121.64,56,9,44.29,10,5.39,6,19.07,1
142.05,104,7,31.03,7,6.09,4,15.6,1
126.81,66,11,42.0,7,6.92,4,27.81,1
139.5,90,6,38.28,3,8.56,3,19.91,1
121.09,62,9,36.67,7,3.68,3,25.38,0
102.25,87,8,32.88,8,5.42,5,18.81,1
104.51,38,6,29.1,9,4.07,5,13.95,0
153.19,66,6,41.26,7,4.86,5,22.2,0
124.52,82,6,28.06,8,6.69,5,16.88,1
123.3,47,8,37.06,9,5.58,5,15.08,0
119.33,50,4,57.94,2,7.38,4,31.42,1
116.17,81,6,44.91,4,7.32,3,23.62,1
125.35,72,11,40.37,6,6.47,3,28.69,0
109.63,26,7,54.16,6,5.44,4,26.06,0
122.68,82,6,54.64,5,5.17,4,25.56,1
138.01,65,2,61.2,4,4.41,6,31.74,1
118.63,64,9,35.86,8,4.55,3,18.98,0
101.18,60,7,31.77,9,7.41,6,14.53,1
160.17,74,8,33.35,7,5.95,5,25.01,0
135.48,77,9,32.78,9,5.82,6,21.82,0
115.92,83,12,43.94,10,4.5,5,16.67,1
121.81,65,8,34.83,9,5.21,4,16.08,0
173.88,94,6,26.38,7,6.0,4,19.46,1
122.35,77,8,35.12,9,5.05,6,20.8,1
188.56,69,9,31.14,8,5.73,5,28.62,0
66.09,71,6,35.51,8,5.13,6,22.62,1
109.9,76,9,21.41,9,2.28,3,22.07,0
118.71,70,7,34.5,8,4.76,6,26.7,1
134.35,63,6,38.32,8,5.81,5,12.09,0
109.25,57,8,32.55,8,5.75,5,24.24,0
137.39,44,7,34.93,8,6.1,5,27.24,0
87.11,51,6,40.08,6,5.68,5,28.68,0
155.03,84,5,31.17,7,5.26,6,22.99,1
158.13,49,8,33.5,6,8.17,4,24.52,0
68.93,57,7,37.49,6,6.79,5,29.77,0
115.39,44,5,44.86,8,6.78,5,10.48,0
85.56,82,7,50.27,4,6.85,4,23.2,1
97.1,36,5,29.86,8,2.97,3,18.35,0
135.91,89,6,23.21,6,5.67,5,24.8,1
160.19,77,5,56.84,3,5.81,4,26.12,1
101.01,64,6,32.37,7,3.39,3,22.99,0
139.73,53,8,30.04,7,6.01,5,31.42,0
123.37,73,9,36.57,9,5.77,5,15.93,0
152.64,21,6,42.56,8,4.97,4,17.69,0
130.62,61,8,37.09,7,3.85,3,24.72,0
69.34,78,6,44.16,7,5.98,5,20.83,0
64.9,49,8,47.01,7,5.89,4,20.77,0
134.41,69,10,47.1,6,6.85,4,26.61,1
173.49,67,7,30.32,8,4.2,3,15.11,0
158.26,79,8,26.41,9,4.74,4,12.07,0
136.7,57,8,42.34,6,5.91,5,31.1,0
98.49,71,8,44.38,7,5.76,5,21.81,0
108.03,62,6,41.48,7,5.76,4,14.08,0
124.22,64,8,30.66,7,6.16,5,28.84,0
163.51,87,6,50.36,5,4.37,5,26.14,1
135.12,53,8,47.81,7,5.76,4,22.32,0
72.03,68,7,33.79,7,6.55,5,20.93,1
126.69,43,9,25.24,10,3.2,3,17.67,0
78.11,59,5,25.99,9,3.71,4,13.86,0
233.35,79,8,42.83,4,7.89,3,22.99,1
145.58,77,11,21.43,7,7.61,4,25.29,0
156.05,53,8,29.36,7,6.76,5,27.64,0
147.45,67,7,37.43,7,4.73,4,21.47,0
148.97,85,9,33.52,6,6.61,4,24.5,1
115.96,57,8,36.0,9,5.82,5,13.63,0
115.99,69,7,53.98,4,7.47,3,25.29,1
102.67,56,5,38.29,6,6.54,6,25.07,0
111.01,79,10,48.68,6,6.24,4,24.34,1
122.41,43,8,29.29,8,6.24,6,28.81,0
73.66,48,6,26.26,9,3.95,3,9.45,0
144.89,51,8,46.0,7,7.74,5,16.76,1
154.73,85,4,13.79,8,6.32,6,21.24,1
127.69,85,8,47.43,6,5.18,5,25.19,1
95.82,48,5,54.2,4,6.04,5,31.64,0
143.15,48,6,30.23,9,3.51,4,20.22,0
104.37,36,7,26.23,9,7.09,6,19.66,0
129.12,52,7,35.58,7,6.03,5,26.4,0
174.98,74,7,43.68,8,6.76,5,15.47,0
90.55,58,7,31.61,9,4.08,5,20.16,0
250.0,81,6,50.55,5,5.2,5,26.36,1
133.31,67,7,35.1,7,3.69,3,22.14,0
138.73,76,8,49.92,6,5.62,4,26.7,1
157.15,78,6,61.26,5,4.97,4,26.17,1
141.1,34,6,40.97,9,5.64,5,14.16,0
120.0,61,11,51.89,10,5.45,5,16.72,1
81.75,70,11,41.37,9,6.79,4,13.27,1
139.87,78,6,51.37,4,5.83,4,26.26,1
100.56,68,8,43.61,8,6.56,5,14.97,1
157.01,54,9,47.63,6,5.72,3,22.68,0
146.82,30,5,26.37,9,6.49,6,19.47,0
158.58,73,8,40.45,7,7.27,4,15.01,1
143.24,44,7,42.0,9,6.06,5,15.53,0
91.98,51,8,45.96,6,4.58,3,26.41,0
123.14,57,10,34.62,9,4.72,4,18.34,0
121.94,77,9,29.89,11,4.67,7,18.25,1
160.37,102,3,49.34,4,5.26,4,21.2,1
100.29,84,5,43.36,5,5.71,5,25.99,1
158.6,28,6,52.55,5,5.23,4,31.33,0
196.8,45,9,37.78,9,5.38,4,15.19,0
175.67,55,8,36.51,9,5.78,5,11.33,0
147.44,39,5,36.86,7,5.87,6,25.3,0
159.36,76,10,31.89,8,7.07,5,20.45,0
121.39,83,6,41.83,6,4.58,6,28.05,0
94.4,86,10,49.96,8,5.19,4,17.33,1
158.13,37,6,44.24,7,6.91,6,22.99,0
124.4,46,5,42.02,7,5.61,6,26.35,0
207.68,49,9,48.82,7,6.31,4,20.62,0
170.65,76,5,25.75,7,6.58,6,20.28,1
147.84,52,6,32.66,7,6.08,5,24.53,0
175.6,91,5,16.64,7,8.01,5,12.36,1
176.28,99,5,12.01,7,5.65,6,23.42,1
66.24,42,7,39.79,9,5.15,5,17.57,0
185.38,89,4,15.56,7,6.78,6,19.48,1
136.18,61,8,42.02,7,5.71,4,15.98,0
153.4,46,9,50.19,7,5.4,4,27.93,0
130.13,51,7,47.23,7,6.2,4,18.65,0
146.86,63,8,26.11,9,6.44,6,21.18,0
155.23,75,10,41.83,9,5.69,5,17.66,1
163.4,69,7,47.02,7,6.06,5,21.02,0
147.21,52,6,28.82,8,5.55,6,24.5,0
119.77,40,6,40.22,9,6.51,6,10.91,0
89.77,86,9,31.92,9,6.22,5,14.67,1
174.61,78,10,27.57,8,6.7,4,22.97,0
102.38,78,8,37.33,7,5.1,5,28.11,0
134.63,48,6,28.34,9,4.31,4,12.78,0
125.86,71,9,31.32,8,4.43,3,18.01,0
153.78,59,6,32.95,8,4.27,4,17.79,0
163.02,85,11,42.97,7,6.08,4,23.37,1
116.66,51,8,36.7,8,4.13,4,23.02,0
84.58,52,9,27.49,9,7.09,5,23.79,0
177.13,56,6,32.42,8,4.0,4,18.1,0
74.51,51,6,26.64,9,3.14,4,19.24,0
112.05,44,6,46.8,7,5.53,4,21.51,0
144.57,69,6,32.37,9,5.62,5,7.79,0
189.17,53,7,35.76,9,5.09,4,15.34,0
97.45,61,9,45.31,7,5.81,5,28.99,0
128.84,59,6,48.27,6,5.61,5,25.41,0
181.66,59,6,30.02,9,4.52,4,11.85,0
114.18,80,6,22.01,8,6.8,6,17.07,1
133.21,69,11,44.44,7,5.7,5,28.72,1
133.76,59,7,24.02,9,3.17,3,15.66,0
134.77,43,8,30.28,8,3.52,2,18.16,0
140.94,67,5,29.64,7,6.49,6,22.65,1
73.69,44,8,34.26,9,6.06,5,24.53,0
89.13,40,6,41.67,8,4.89,5,20.66,0
216.32,60,8,44.93,6,5.58,4,28.48,0
135.92,91,7,33.19,9,5.47,5,13.59,1
146.72,75,6,41.82,4,7.57,4,25.32,1
188.88,56,4,31.03,6,6.53,5,21.83,1
122.97,89,11,34.99,7,7.06,3,21.7,1
125.99,59,8,39.02,7,4.6,5,31.79,0
85.29,84,8,48.96,5,5.24,4,31.05,0
132.82,74,7,48.31,5,5.75,5,27.58,1
79.54,36,7,25.99,10,4.1,4,11.46,0
140.48,79,8,49.15,5,6.33,4,24.78,1
191.53,74,10,44.04,8,5.34,5,27.95,1
155.41,43,7,44.95,7,5.39,4,21.03,0
164.05,77,7,57.83,5,5.72,4,25.48,1
142.33,51,8,25.05,8,8.29,5,17.36,0
157.29,75,9,37.63,5,8.2,3,24.18,1
141.02,79,8,33.97,8,5.32,4,14.3,0
131.21,44,5,40.9,6,5.43,5,29.35,0
150.73,57,9,35.76,7,5.5,5,31.24,0
114.93,85,4,53.19,3,6.92,3,22.37,1
172.8,82,9,41.69,6,6.7,4,24.15,1
159.95,54,8,49.65,5,4.61,3,30.04,0
98.62,41,7,26.93,8,7.39,5,21.5,0
155.34,76,9,30.69,10,5.81,4,8.88,0
150.74,41,11,22.68,8,7.68,5,28.08,0
105.32,38,7,34.57,7,5.8,5,31.01,0
171.75,84,8,36.0,8,5.56,4,14.21,0
152.74,63,6,37.81,7,4.17,4,23.03,0
116.72,33,7,30.64,9,3.42,3,17.19,0
94.5,83,10,47.9,7,5.76,4,24.09,1
123.88,39,7,37.51,6,7.02,5,24.87,0
141.35,64,8,40.24,9,5.02,6,21.57,0
136.56,54,9,25.86,9,5.56,6,27.44,0
113.78,64,7,29.77,8,3.62,4,19.08,0
74.43,79,6,46.93,6,4.72,5,28.29,1
164.74,64,7,45.45,6,6.44,4,22.54,1
129.53,63,7,51.64,5,5.52,4,27.74,0
133.86,66,6,34.41,8,4.5,4,17.7,0
47.63,53,7,27.46,8,2.81,4,21.47,0
145.44,58,9,48.26,7,5.8,4,23.03,0
109.21,74,8,58.3,5,5.79,4,25.86,1
88.02,60,9,50.89,9,5.31,6,18.74,1
121.04,28,8,41.67,8,5.2,4,18.51,0
179.67,64,6,39.62,6,5.94,5,29.09,0
173.54,35,4,39.14,7,4.43,4,18.83,0
99.72,53,9,33.03,7,6.87,4,27.52,0
168.21,46,6,42.27,5,7.16,4,29.38,0
96.59,55,7,44.64,6,4.85,4,23.37,0
82.57,68,7,40.03,7,6.3,5,19.89,1
125.12,54,7,49.51,6,6.25,4,19.09,0
80.08,40,7,46.39,7,4.5,5,27.37,0
95.21,57,7,48.09,6,4.5,5,30.67,0
152.85,73,10,49.87,6,5.56,4,27.27,1
154.23,83,5,20.14,8,5.21,6,24.56,1
133.67,62,8,38.91,8,4.71,6,28.35,0
108.62,63,8,37.61,8,5.49,5,24.41,0
125.91,76,9,38.64,7,5.36,5,27.54,0
120.39,68,8,46.75,7,7.17,4,15.09,1
67.41,64,8,40.62,8,5.58,5,19.34,0
151.09,57,8,38.96,7,3.79,4,26.68,0
127.76,44,8,42.94,8,5.39,4,19.69,0
187.58,51,8,56.22,4,6.86,4,30.92,1
178.32,69,5,31.16,7,6.63,6,19.78,1
200.69,36,9,20.75,9,7.64,5,20.28,0
123.5,64,7,36.26,7,4.81,6,30.04,0
133.82,63,9,32.87,8,6.32,6,25.23,0
191.33,47,7,40.21,7,4.48,4,21.7,0
157.37,54,5,56.81,4,6.69,4,24.82,0
157.1,81,5,31.66,8,5.87,6,19.26,0
130.34,53,8,44.11,7,5.49,4,20.73,0
174.7,57,3,70.47,2,5.03,5,31.89,1
125.57,76,7,39.43,7,4.63,4,22.74,0
86.11,71,5,46.9,2,9.17,3,23.5,1
203.91,69,9,43.52,9,6.95,5,11.43,1
97.13,69,14,48.41,7,7.17,3,24.71,1
115.52,41,8,34.75,8,3.84,4,21.09,0
139.32,93,9,39.34,8,5.14,4,17.37,1
135.5,76,6,29.03,8,7.48,5,13.87,1
113.87,79,5,47.94,4,5.69,5,26.79,1
193.64,82,4,19.37,7,6.49,6,21.88,1
160.74,95,7,15.5,8,7.87,4,12.23,1
159.02,57,3,36.31,6,6.7,5,20.71,0
118.71,55,9,46.24,8,5.2,5,26.65,0
141.05,32,5,35.14,7,8.74,5,14.95,0
93.79,69,6,43.56,7,4.72,6,27.07,0
157.11,74,7,51.62,5,6.6,4,25.49,1
189.75,75,7,38.52,9,5.22,6,18.97,1
196.44,54,6,30.34,8,3.15,4,20.91,0
121.54,66,7,34.49,7,4.83,6,30.11,0
160.31,72,6,66.07,5,4.64,4,27.7,1
116.11,28,5,47.13,6,6.52,5,21.68,0
144.98,72,7,42.47,7,6.12,5,19.75,1
87.87,47,4,35.48,6,6.8,5,24.03,0
164.94,72,8,37.81,8,5.17,4,19.12,0
134.41,87,9,36.19,7,6.24,4,17.1,1
140.62,49,6,47.72,6,4.7,5,31.21,0
142.53,54,8,42.9,6,6.45,4,29.56,0
112.97,54,5,36.89,8,5.76,7,19.71,0
132.12,66,8,42.82,8,6.04,5,18.63,0
104.7,70,7,54.2,4,6.73,4,26.04,1
87.02,52,7,40.29,6,3.43,3,29.58,0
147.68,61,8,42.34,6,3.79,4,30.12,0
128.71,54,8,31.19,7,5.97,5,26.57,0
172.96,61,4,62.42,1,7.68,3,27.23,1
139.32,65,11,47.01,7,6.39,4,28.2,1
120.14,82,3,65.13,4,3.82,5,27.19,1
146.0,31,6,22.92,10,3.02,3,12.12,1
111.68,37,5,41.49,5,6.03,5,31.04,0
163.87,83,11,44.66,9,3.87,6,27.52,1
176.39,79,11,39.27,8,4.74,5,31.09,0
194.48,79,6,48.19,5,5.55,5,26.63,1
143.41,78,3,42.14,2,8.36,3,23.94,1
228.47,68,7,46.78,4,7.74,4,26.2,1
116.05,37,5,32.79,8,6.66,6,22.49,0
124.81,77,9,38.53,9,4.8,5,19.49,1
160.7,82,9,42.9,7,5.68,5,25.31,1
115.79,42,7,49.46,7,6.61,5,18.4,0
146.69,74,8,37.17,9,5.63,6,17.83,1
139.65,72,10,56.52,7,4.43,5,28.26,1
144.12,61,7,25.06,10,4.07,5,12.97,0
94.94,57,8,18.76,10,3.37,3,9.55,0
125.32,41,7,37.8,8,4.61,4,16.57,0
115.48,70,7,46.7,7,4.81,6,23.18,1
110.39,67,9,31.82,8,7.71,5,14.45,1
115.58,52,8,64.06,6,4.14,5,34.14,1
163.43,28,9,27.51,10,2.91,3,20.58,0
85.88,64,9,44.98,9,7.2,5,14.53,0
138.55,39,5,36.03,7,3.61,4,22.23,0
164.06,60,8,44.67,6,7.21,4,21.76,0
128.24,57,6,35.23,7,3.87,4,21.2,0
177.86,71,7,36.87,7,6.53,4,22.01,0
140.76,89,8,28.3,8,5.35,5,19.4,1
135.17,70,5,28.89,8,4.03,4,15.46,0
123.07,72,9,48.53,6,6.57,4,26.18,1
139.05,58,9,35.91,7,6.23,4,28.23,0
126.81,49,6,45.98,4,7.28,4,26.8,0
132.7,41,5,34.94,7,6.82,6,22.46,0
115.86,63,10,27.12,11,5.32,7,23.63,0
128.76,48,6,47.02,6,5.74,5,26.1,0
125.1,71,9,46.46,9,6.55,5,12.12,1
125.97,79,8,43.2,5,6.91,4,24.41,1
129.75,73,11,25.81,9,6.87,5,25.47,0
88.86,50,8,34.43,9,4.48,4,19.74,0
103.93,66,11,39.88,10,6.81,5,11.67,1
125.68,68,6,34.92,8,5.67,6,23.01,1
100.32,52,8,41.69,9,6.01,5,16.44,0
160.35,76,8,32.39,7,6.35,5,24.27,0
105.5,41,6,35.41,9,5.57,5,12.1,0
97.73,94,3,50.33,4,5.63,4,22.71,1
77.57,68,6,42.42,7,5.73,5,18.95,0
213.64,49,6,31.76,9,4.82,4,11.42,0
167.52,61,7,26.17,9,6.6,6,16.95,0
117.14,52,9,25.9,8,6.32,6,29.72,0
141.64,51,5,33.31,5,1.69,3,30.61,0
117.21,52,5,65.96,2,7.04,4,29.8,1
168.09,92,8,33.67,7,4.35,4,21.69,0
70.07,45,7,37.77,8,6.11,5,18.71,0
123.99,57,7,30.44,6,6.28,5,31.52,0
133.74,52,7,27.43,10,4.07,5,16.3,0
161.08,62,6,17.75,11,3.48,5,10.55,0
113.91,44,4,26.5,8,3.17,4,13.69,0
136.75,79,8,29.28,8,7.19,5,16.22,1
134.06,75,10,48.9,7,6.75,4,22.36,0
102.33,58,10,21.99,11,5.85,7,19.97,0
130.6,72,7,44.87,7,5.87,5,19.78,0
154.53,45,5,35.32,7,5.19,6,28.44,0
117.44,66,8,48.44,5,7.49,4,26.55,1
93.46,73,8,52.18,6,5.53,5,27.26,1
97.68,56,6,29.9,9,6.94,7,18.66,1
87.63,65,7,36.43,8,5.41,4,12.19,0
169.1,47,8,37.36,8,4.75,4,18.22,0
96.11,49,5,38.49,5,7.38,4,27.07,0
157.61,50,7,36.88,7,5.65,5,27.37,0
108.56,56,11,19.57,11,6.61,6,24.19,0
122.13,67,8,37.58,7,5.28,5,28.96,0
143.28,107,9,24.42,9,5.57,5,14.44,1
147.75,61,8,23.14,10,6.15,6,21.13,0
80.27,82,5,27.18,7,7.08,5,17.72,1
82.12,63,5,17.67,11,4.04,4,3.41,0
68.84,48,5,26.74,8,3.07,4,17.19,0
162.07,74,9,39.25,9,6.37,5,13.86,1
128.15,39,9,38.25,7,7.34,4,22.12,0
184.98,51,6,39.5,7,5.62,6,25.83,0
132.04,60,7,42.73,6,4.86,4,24.85,0
65.53,60,4,31.34,8,4.0,5,17.05,0
156.6,67,6,48.01,5,5.0,5,27.58,0
114.81,65,8,48.54,8,6.47,5,15.23,1
135.42,65,9,39.65,8,5.3,4,22.4,0
140.88,93,6,54.8,6,3.91,5,24.42,1
170.27,42,4,38.79,7,6.2,6,17.86,0
171.66,47,7,36.69,8,6.22,6,23.31,0
117.39,82,7,36.62,7,6.07,5,18.82,1
103.45,74,8,59.65,6,4.21,5,28.18,1
111.43,75,8,50.03,6,5.34,5,27.31,1
108.92,41,9,39.06,8,4.42,3,22.11,0
143.8,97,5,57.02,5,4.33,5,22.69,1
142.28,78,5,58.41,5,4.65,5,27.39,1
157.0,60,11,37.93,9,6.36,5,25.59,0
124.41,71,6,34.86,7,6.22,6,22.49,0
73.57,79,5,55.08,3,6.86,3,23.74,1
158.49,61,10,32.53,9,4.73,6,30.34,0
111.75,24,6,21.33,10,2.44,4,15.08,0
103.69,66,8,34.86,7,3.71,3,25.06,0
89.46,81,7,49.96,5,5.54,5,25.64,1
138.85,76,9,41.1,7,5.03,5,33.27,0
102.92,37,11,61.68,10,5.95,5,17.55,1
83.72,52,6,25.61,7,2.07,3,21.83,0
155.83,86,10,36.11,7,6.59,4,23.63,1
153.72,69,12,56.39,10,5.98,5,10.2,1
114.74,88,9,39.02,8,5.5,5,15.84,1
173.65,70,7,28.31,9,3.58,4,17.24,0
154.47,49,8,28.21,10,5.12,4,7.52,0
134.86,71,10,41.84,8,6.2,4,17.45,0
131.62,53,7,38.63,6,6.57,5,28.11,0
163.53,61,6,37.27,8,5.95,6,21.94,1
115.17,81,4,59.68,3,5.74,4,24.74,1
160.52,78,6,35.15,8,4.72,6,23.29,1
128.16,69,8,55.43,6,5.11,5,28.67,1
137.66,42,7,38.79,8,4.7,6,25.25,0
106.92,51,6,50.06,6,4.24,6,30.27,0
131.89,74,10,43.81,5,7.54,3,24.42,1
175.27,75,8,31.13,10,5.25,6,18.94,1
139.53,84,10,46.7,7,5.41,4,24.5,1
172.69,78,6,28.86,7,6.27,5,22.73,1
174.62,68,6,33.36,10,6.05,6,10.91,0
104.84,81,7,39.83,4,8.61,3,21.98,1
119.33,64,9,22.69,9,6.86,6,21.7,0
112.41,73,9,47.74,8,4.24,5,23.57,1
146.88,55,9,29.36,8,5.82,5,25.44,0
173.3,58,8,36.46,9,5.32,5,17.05,0
153.14,55,8,35.18,8,4.2,5,34.47,0
162.71,37,5,46.35,6,7.13,5,22.7,0
146.63,88,4,12.54,7,7.3,6,19.59,1
145.55,68,6,49.26,5,6.46,4,25.63,0
114.91,41,10,40.79,7,7.05,4,27.15,0
114.18,72,10,45.51,7,6.03,4,27.05,1
126.28,60,9,39.23,8,5.21,4,20.94,0
138.34,85,8,35.77,8,6.35,4,15.19,1
158.36,68,9,37.98,9,4.26,6,27.96,0
111.52,62,9,54.25,7,5.04,5,30.78,1
165.27,57,4,39.47,5,6.62,5,24.71,0
107.28,77,10,49.03,10,4.42,5,16.52,1
54.95,73,9,59.08,6,4.86,4,27.1,1
195.07,60,8,42.91,9,6.6,5,15.74,1
130.65,80,6,44.5,4,6.84,4,24.72,1
139.02,86,8,39.11,8,4.48,5,21.29,1
124.12,55,7,34.29,8,8.12,5,15.71,1
138.53,66,13,18.72,10,7.26,5,23.16,0
147.87,68,10,30.96,9,6.3,5,25.25,0
135.53,70,9,52.89,5,6.25,4,24.98,1
109.57,58,7,26.31,10,4.97,7,20.96,0
153.49,95,6,44.64,4,7.11,3,19.73,1
144.98,44,7,28.67,8,7.66,5,17.21,0
129.04,83,6,23.44,8,5.75,6,22.0,1
76.88,86,6,48.77,5,5.72,4,24.21,1
146.3,53,5,45.25,6,6.54,5,21.35,0
107.91,61,8,53.3,6,4.69,6,32.23,1
133.98,67,10,54.46,7,4.73,5,29.49,1
111.3,80,11,42.57,11,4.31,5,16.32,1
126.88,59,7,30.24,9,4.32,5,16.39,0
123.32,76,9,39.49,8,5.48,5,20.2,1
111.76,78,8,44.87,5,6.78,4,24.83,1
136.43,79,8,32.7,7,6.1,5,20.45,1
228.29,71,6,57.08,5,5.09,5,28.39,1
157.13,69,6,61.69,3,6.52,3,26.15,1
194.98,52,10,22.63,10,6.13,6,21.68,0
133.08,74,6,36.15,9,5.94,5,11.7,0
128.81,23,8,33.1,10,4.69,3,10.58,0
134.99,76,6,26.23,8,3.26,4,20.91,0
133.14,55,7,40.42,7,3.96,4,26.36,0
167.07,55,7,47.77,6,5.56,4,22.12,0
109.78,69,8,45.68,6,5.61,4,21.48,0
75.99,82,9,34.03,9,5.49,5,18.31,1
93.48,36,6,32.28,7,6.37,5,31.25,0
155.57,62,10,37.8,8,5.09,5,27.99,0
117.13,58,8,38.55,6,5.36,5,31.65,0
127.48,69,7,31.86,9,5.9,6,18.91,1
143.46,45,9,40.05,8,4.95,3,18.6,0
122.68,79,5,35.62,5,6.31,5,22.41,1
194.29,86,9,47.01,6,6.77,3,21.96,1
145.68,71,8,44.11,7,6.56,5,16.69,1
170.37,104,2,9.59,6,4.67,6,29.81,1
131.81,42,7,36.28,5,7.62,4,30.01,0
120.3,65,9,22.25,9,7.22,6,23.86,0
179.86,48,7,36.51,7,3.99,3,21.47,0
131.31,52,9,37.24,9,4.77,4,19.51,0
103.05,50,7,34.11,9,5.21,4,11.41,0
162.82,74,8,32.93,8,7.41,4,13.51,1
182.6,45,7,41.35,6,6.23,4,28.76,0
136.31,90,7,25.14,8,5.24,5,21.03,1
95.06,48,8,25.86,9,6.58,6,24.39,0
125.11,57,7,29.65,8,6.54,5,20.85,0
176.12,65,8,27.56,9,5.09,6,25.29,0
123.11,32,8,36.9,9,5.67,4,11.06,0
126.22,89,10,44.92,6,5.48,4,29.73,0
133.3,61,6,41.54,6,5.67,5,28.92,0
120.63,57,8,45.1,6,5.14,4,29.77,0
161.23,55,8,34.15,7,6.98,4,25.36,0
115.04,34,6,32.58,7,3.17,3,19.84,0
105.35,76,9,36.82,8,5.4,5,18.66,0
163.4,64,10,42.81,7,5.77,4,26.92,0
161.99,62,7,35.15,7,4.0,3,19.41,0
66.94,91,6,48.34,5,6.3,4,21.99,1
105.45,63,6,35.43,8,4.82,5,18.75,0
169.26,62,9,40.61,7,4.82,3,21.97,0
152.01,70,6,39.64,8,5.81,6,18.46,1
197.69,76,6,45.26,6,4.99,5,23.27,0
162.28,49,8,56.88,4,6.87,4,31.48,1
160.75,51,7,31.12,10,6.01,5,6.48,0
159.79,59,13,57.27,10,5.63,4,15.01,1
83.02,51,5,46.85,4,6.48,4,28.4,0
186.19,98,6,44.95,6,4.95,5,22.63,1
111.58,75,8,43.01,6,7.38,4,15.58,1
205.95,58,6,18.93,11,4.04,4,6.48,0
143.05,73,9,37.17,8,6.44,5,20.44,0
124.74,76,7,51.82,7,3.96,6,29.23,1
171.47,75,5,38.76,7,6.37,5,19.02,1
173.16,78,8,50.66,6,5.2,5,26.54,1
139.22,67,4,59.32,4,4.31,5,31.31,1
158.74,80,7,48.09,4,7.05,4,23.53,1
65.7,72,9,41.95,8,5.77,5,20.31,1
152.51,61,8,30.47,8,5.49,6,25.78,0
119.72,63,9,41.51,9,6.07,5,18.97,0
125.4,93,1,11.67,6,5.63,7,27.62,1
76.64,61,6,35.04,8,6.73,6,18.28,1
91.59,49,7,38.0,8,5.71,4,11.61,0
153.46,59,5,39.04,8,4.9,5,18.85,0
141.97,47,6,27.41,9,3.24,4,16.41,0
124.56,63,10,28.76,8,6.56,4,26.94,0
97.35,70,8,50.17,5,5.77,4,28.52,0
159.52,93,7,36.79,5,6.8,4,21.99,1
129.5,56,7,45.05,7,5.6,5,20.16,0
181.72,65,9,39.45,7,5.05,5,27.29,0
124.79,80,7,31.92,7,3.85,4,22.68,0
140.3,53,9,27.88,7,8.08,4,23.82,0
116.02,35,8,44.86,7,5.14,4,21.68,0
138.34,77,8,46.6,6,5.08,4,29.0,0
148.59,39,7,35.7,7,6.86,5,21.29,0
146.03,98,5,39.22,3,8.64,2,17.66,1
194.66,40,6,39.91,7,5.74,5,28.66,0
162.48,55,11,30.16,9,5.35,5,31.72,0
145.62,60,11,44.37,7,6.97,4,28.83,1
119.41,71,7,39.37,8,6.18,5,18.96,1
199.3,66,9,47.05,9,6.89,5,12.51,1
120.15,76,7,30.59,8,6.33,6,17.56,1
140.39,60,9,34.23,8,5.44,5,30.55,0
134.33,59,8,42.3,8,6.56,5,18.58,1
155.17,57,5,40.06,6,6.91,5,19.81,0
142.45,59,9,41.27,6,5.99,5,31.59,0
143.8,73,8,45.24,6,7.21,4,15.7,1
153.23,72,8,51.56,5,5.83,4,27.37,1
83.12,80,6,43.13,5,6.89,4,24.95,1
111.78,63,5,36.59,7,6.98,6,18.68,1
136.53,46,9,20.06,8,6.85,5,27.84,0
99.13,60,7,37.98,7,5.99,5,26.81,0
175.42,56,7,33.37,9,4.66,4,16.45,0
114.09,52,8,28.86,9,5.94,5,24.85,0
165.95,71,8,41.56,5,6.47,4,29.65,0
148.0,70,7,41.13,7,4.56,6,31.04,0
103.29,52,8,38.87,7,6.0,5,27.58,0
118.22,60,7,34.31,9,4.96,4,14.92,0
139.04,47,7,26.97,11,4.95,5,8.66,0
146.37,52,6,33.58,7,3.36,4,22.75,0
123.76,68,7,22.09,10,3.78,4,11.92,0
141.77,61,8,27.89,11,5.68,5,9.25,0
177.86,59,6,27.78,7,6.76,5,24.55,0
154.6,84,2,21.82,5,7.65,5,19.79,1
152.29,39,6,25.8,10,4.18,4,9.39,0
179.22,89,6,41.69,5,6.06,5,23.84,1
41.97,76,9,32.35,9,4.9,6,26.29,0
152.99,64,7,33.4,8,4.55,5,17.69,0
117.12,48,4,21.11,10,3.86,5,6.84,0
155.51,42,6,38.2,6,5.77,5,30.3,0
62.87,55,6,21.01,10,7.71,6,14.58,0
147.63,61,7,39.01,9,6.04,5,14.47,0
183.24,81,8,36.15,9,4.33,6,21.58,1
159.7,54,6,38.62,8,4.47,5,20.93,0
97.81,60,8,50.42,4,7.52,4,28.01,1
99.25,48,3,43.25,5,6.56,5,22.88,0
97.37,52,8,33.96,7,6.96,5,22.93,0
177.18,63,13,55.73,11,5.17,5,13.26,1
129.37,70,7,31.64,5,8.72,4,25.11,0
152.65,80,7,42.16,8,3.46,6,24.8,1
155.34,65,10,34.65,10,6.83,5,14.73,1
123.75,76,8,48.31,4,7.42,3,23.9,1
137.36,101,5,22.27,5,6.92,4,19.97,1
123.71,58,5,38.62,6,5.15,6,29.16,0
123.71,71,8,32.62,8,4.62,4,14.63,0
147.98,37,8,37.3,7,2.62,2,28.85,0
140.25,66,8,47.34,6,6.09,5,29.22,1
86.32,58,9,38.67,8,5.16,4,18.12,0
147.21,52,9,36.72,7,7.92,5,21.76,0
175.32,88,7,34.05,8,5.11,4,15.18,0
118.96,53,9,39.42,8,4.88,4,20.18,0
119.38,77,3,25.97,6,6.63,6,21.18,1
90.38,46,7,40.18,7,3.83,4,25.69,0
165.99,62,9,51.7,8,5.7,5,17.32,1
86.63,52,8,31.75,8,6.37,6,29.49,0
119.09,71,13,59.65,9,5.54,4,12.85,1
130.02,75,5,50.97,3,7.34,4,24.68,1
116.33,50,9,48.26,6,5.29,3,25.45,0
138.87,64,7,37.71,8,4.61,5,21.88,0
100.94,58,5,58.46,4,5.25,5,32.27,1
102.2,50,5,31.79,7,3.14,4,22.04,0
183.95,50,6,37.3,6,7.11,4,19.58,0
141.13,60,7,35.24,7,4.05,4,20.82,0
135.69,61,7,30.73,9,4.03,4,16.17,0
121.89,88,6,54.05,4,6.65,3,21.36,1
109.03,70,8,54.28,5,5.38,5,28.19,1
131.78,48,7,30.67,8,3.65,4,20.23,0
59.88,45,6,30.4,8,6.47,5,18.06,0
146.88,68,9,50.49,7,4.93,5,29.52,1
150.35,66,8,44.96,8,7.13,5,14.09,1
128.25,71,8,30.11,8,3.38,4,24.16,0
171.24,13,5,34.71,10,5.6,5,5.83,0
129.94,84,10,25.19,10,3.6,6,29.29,0
171.08,92,7,23.49,9,5.44,6,17.98,1
146.64,81,7,59.01,7,2.55,6,29.44,1
130.99,65,10,40.45,10,5.5,6,16.16,1
124.88,68,7,33.61,7,6.07,5,27.58,0
83.46,46,7,28.76,9,4.39,4,14.04,0
165.98,38,7,41.04,8,5.82,4,12.53,0
135.7,51,7,39.29,6,6.62,4,25.19,0
96.91,34,7,48.83,7,5.9,4,20.24,0
117.47,73,9,43.76,9,5.37,5,18.21,1
215.76,50,6,39.91,6,6.35,5,25.92,0
171.32,50,6,46.48,6,6.12,5,26.66,0
126.21,68,11,41.94,8,5.33,4,22.99,0
138.41,67,8,33.56,8,4.54,3,15.19,0
160.99,55,8,44.32,7,5.1,4,24.14,0
152.81,56,9,32.35,7,6.93,4,26.01,0
130.37,54,7,42.63,8,7.61,5,16.42,1
165.96,44,8,38.69,8,7.1,5,20.82,0
148.69,46,7,31.49,9,5.06,5,12.94,0
95.53,66,8,59.72,6,4.65,5,29.81,1
88.24,70,8,34.34,8,4.39,6,28.11,0
181.32,57,9,23.36,9,6.86,5,23.96,0
126.03,76,8,60.78,5,5.31,4,25.63,1
122.16,58,7,68.97,5,3.87,5,32.42,1
117.28,64,8,41.87,9,5.07,6,21.03,1
196.47,66,7,39.71,8,4.89,6,26.18,0
174.78,77,5,49.42,3,6.63,4,25.65,1
122.19,74,8,54.68,5,6.44,4,25.3,1
132.67,57,7,39.32,6,5.64,5,29.43,0
117.65,55,9,35.06,8,5.59,5,29.43,0
138.9,52,6,25.24,8,5.97,6,26.88,0
102.29,45,7,44.6,8,6.6,5,16.22,0
115.79,68,5,49.06,4,6.22,4,24.24,0
155.59,84,7,30.46,8,5.13,4,11.93,0
188.73,85,12,52.15,7,6.53,3,21.06,1
121.18,90,7,31.53,7,5.94,4,19.24,1
124.28,65,8,41.75,6,4.78,3,23.27,0
179.58,84,8,30.43,7,6.58,4,19.1,1
98.91,91,6,23.48,8,4.81,6,23.69,1
135.63,46,8,50.82,5,4.14,3,33.03,0
102.03,82,9,41.83,5,7.47,3,22.86,1
95.6,58,9,39.9,7,4.79,5,32.29,0
88.47,40,6,27.03,8,2.63,3,17.96,0
131.06,60,6,57.55,4,5.97,4,30.3,1
176.14,60,8,22.12,10,3.93,3,9.77,0
218.56,76,7,57.26,5,5.38,4,26.16,1
155.21,76,4,48.87,4,6.88,4,25.53,1
94.5,21,7,46.58,7,5.41,4,21.58,0
179.94,72,2,34.96,5,6.25,6,24.29,1
140.74,67,9,35.45,8,5.64,5,21.92,0
166.75,47,7,37.29,7,6.18,4,24.66,0
145.65,51,6,36.23,8,3.84,4,21.16,0
147.25,85,7,56.72,7,2.95,6,28.08,1
169.29,106,5,40.53,4,6.93,3,17.97,1
115.26,42,4,44.48,6,5.52,5,27.61,0
148.58,77,7,42.36,4,7.79,3,23.9,1
125.09,80,6,37.18,6,3.99,4,22.92,0
114.61,61,10,41.16,6,6.52,4,31.51,0
134.51,68,9,42.06,6,6.41,5,28.64,0
115.66,65,7,50.5,4,6.27,4,29.12,1
139.61,89,9,27.93,9,7.08,4,11.89,1
128.42,70,4,56.96,3,5.95,4,27.97,1
94.21,67,7,29.41,8,4.06,3,15.0,0
138.48,44,7,41.33,8,5.2,4,18.62,0
152.59,57,7,32.42,6,6.84,4,27.54,0
160.44,51,9,34.49,8,7.1,4,22.06,0
114.02,73,10,28.21,8,7.37,5,20.53,0
121.61,70,9,51.18,7,5.45,5,19.91,1
150.38,88,5,46.84,4,5.4,4,24.86,1
122.9,117,8,38.18,6,6.32,3,15.26,1
138.49,82,6,34.27,6,7.03,4,18.18,0
130.48,49,4,39.15,5,6.56,5,26.73,0
76.59,79,7,36.96,7,7.22,4,13.81,1
95.1,64,8,38.27,8,6.7,5,17.95,1
133.05,56,7,43.47,7,5.57,5,24.07,0
117.5,92,10,46.08,6,6.65,3,20.26,1
140.96,71,8,38.49,8,5.85,6,18.81,1
108.64,76,10,34.47,9,5.77,5,15.53,0
87.46,36,7,32.23,8,7.52,5,23.11,0
134.04,76,8,42.98,5,7.16,3,25.08,1
121.34,82,9,47.26,5,6.75,3,23.2,1
158.0,52,8,31.02,9,4.75,4,12.88,0
134.48,82,9,35.61,8,6.57,4,14.59,1
133.56,84,5,28.94,7,6.88,5,16.87,1
155.59,58,8,44.42,6,5.74,4,29.17,0
177.24,61,8,29.22,8,5.42,6,28.23,0
161.62,80,6,51.65,4,6.33,4,24.54,1
156.12,73,6,51.48,4,6.73,4,26.1,1
132.04,40,7,39.9,8,5.32,4,16.31,0
163.99,61,6,36.57,8,5.19,5,16.4,0
220.68,67,8,58.19,5,5.67,4,28.05,1
102.58,93,8,45.57,6,4.44,5,28.49,0
171.91,37,4,34.76,9,4.67,5,14.61,0
53.92,65,11,49.39,7,5.96,4,26.6,0
102.9,49,5,27.45,9,3.7,4,15.05,0
156.19,82,8,28.39,8,5.04,3,11.56,0
132.63,73,9,44.81,5,6.33,4,28.94,0
144.52,56,7,48.72,5,6.88,4,30.75,1
96.05,62,9,40.88,9,6.81,6,13.05,1
98.81,65,7,51.27,7,4.46,5,27.33,0
163.81,47,5,43.93,6,5.96,5,27.05,0
161.79,49,8,30.25,8,7.61,5,20.45,0
102.31,66,5,28.7,8,3.63,4,16.42,0
156.99,57,11,60.76,10,5.32,5,15.29,1
85.66,96,8,27.16,8,5.77,4,18.2,1
100.19,76,6,54.48,5,5.12,5,27.62,1
136.91,84,8,26.3,9,4.23,5,16.25,0
132.75,74,8,57.61,6,5.43,5,26.46,1
166.26,63,5,30.37,7,7.09,6,20.64,1
181.5,69,6,23.28,8,9.0,5,11.75,1
142.07,79,8,38.36,8,7.0,4,11.76,1
154.95,61,10,23.49,8,5.94,4,30.03,0
160.5,47,7,34.03,7,6.23,5,27.36,0
126.83,74,9,32.43,9,4.83,4,17.88,0
184.08,78,8,43.03,4,7.11,4,28.15,0
157.11,57,6,41.77,6,5.84,5,25.54,0
146.68,65,7,44.2,6,6.01,5,26.97,0
111.23,83,9,37.33,8,5.47,5,19.14,0
120.66,79,9,40.35,9,6.05,5,14.51,1
126.92,54,7,40.18,9,6.95,6,17.4,1
161.86,51,7,41.1,8,6.34,5,22.56,0
167.09,69,7,43.9,7,5.79,4,18.92,0
72.03,77,3,25.47,7,5.74,6,23.85,1
155.29,71,2,27.26,6,7.11,6,22.17,1
123.81,50,7,37.18,8,5.32,5,14.8,0
148.15,46,6,27.98,6,7.21,5,28.47,0
173.22,43,5,38.98,6,6.54,5,25.21,0
150.86,45,7,33.21,9,4.77,4,13.52,0
150.15,65,7,41.69,7,5.05,5,25.42,0
127.78,51,9,37.28,8,5.12,5,28.03,0
169.72,76,7,32.48,8,6.19,6,17.22,1
115.52,67,9,30.4,9,4.74,6,32.46,0
138.89,52,8,29.98,7,7.06,5,23.63,0
169.88,83,7,46.29,4,3.95,3,33.67,0
124.02,64,6,37.0,7,4.6,5,20.23,0
142.27,42,4,37.21,7,6.36,6,21.17,1
137.16,100,7,52.75,7,3.69,5,22.73,1
147.74,62,5,45.94,5,5.86,5,28.71,0
138.62,74,9,44.69,9,4.28,5,22.91,1
119.81,43,9,36.8,10,5.91,4,11.52,0
136.21,85,9,40.68,6,4.38,3,27.62,0
182.96,67,10,42.65,8,6.47,4,16.16,1
163.05,69,8,41.47,7,4.55,5,29.05,0
154.87,72,4,37.83,6,6.42,5,21.62,1
146.97,72,7,35.57,9,6.56,6,8.94,0
147.45,50,6,50.41,7,6.65,5,18.2,0
151.49,66,9,30.6,9,4.07,4,18.78,0
113.47,34,5,36.88,8,4.24,5,19.82,0
188.51,78,7,45.43,3,8.82,2,21.72,0
140.36,59,9,28.27,8,6.34,5,24.74,0
159.35,55,9,35.28,8,4.01,4,21.35,0
167.47,30,9,36.77,9,4.77,4,17.05,0
163.76,56,7,43.88,5,6.05,5,30.77,0
137.82,76,6,34.56,8,4.9,5,17.46,0
113.24,95,8,38.37,5,7.72,3,19.11,1
141.42,47,8,35.49,7,3.18,3,27.4,0
141.34,64,6,33.15,7,5.62,6,27.48,0
136.65,68,10,42.65,10,5.54,6,14.77,1
157.52,77,6,41.78,6,6.96,4,18.71,1
152.43,72,6,51.49,5,5.47,5,28.37,1
130.17,65,8,42.12,10,5.86,6,15.49,1
168.51,38,6,35.59,6,6.89,5,26.53,0
149.55,54,7,31.24,9,5.62,6,21.16,0
164.08,87,8,42.62,9,6.94,6,14.98,0
184.57,32,7,37.69,8,5.03,4,14.74,0
128.61,74,8,33.85,9,5.14,7,26.46,0
117.47,59,8,49.52,6,5.43,3,24.74,0
106.31,73,12,28.01,10,4.98,6,29.33,0
147.58,90,5,34.35,6,5.77,4,21.69,1
106.13,40,7,30.21,10,4.94,4,10.42,0
204.64,76,10,47.31,9,5.35,5,15.61,1
107.65,81,7,30.41,7,6.99,5,17.46,1
104.83,36,8,39.67,10,6.92,5,6.93,0
132.03,77,4,19.36,6,6.32,6,25.65,1
186.13,61,7,46.48,6,4.97,4,26.67,0
112.38,59,9,26.16,8,6.71,5,29.68,0
112.41,86,7,35.8,7,4.2,4,22.44,1
148.53,70,7,34.32,9,7.39,6,11.47,1
154.79,50,7,42.77,6,5.14,5,30.67,0
117.66,35,6,36.0,7,7.36,5,18.89,0
174.88,69,8,34.87,9,5.05,6,21.77,0
132.28,83,4,24.6,6,5.17,6,26.99,1
156.85,53,7,34.5,8,6.6,5,24.52,0
103.87,75,10,37.74,8,5.41,5,25.61,0
116.71,45,7,37.05,7,6.17,5,26.28,0
185.72,85,7,37.22,7,5.21,4,18.04,0
156.61,55,6,29.91,9,4.31,4,12.66,0
174.67,34,5,34.88,6,6.66,5,29.6,0
119.04,75,8,37.28,8,5.99,5,19.23,1
107.01,79,6,24.8,6,8.94,4,13.51,1
129.94,67,9,52.6,9,3.7,6,22.41,1
164.79,52,8,35.22,8,3.93,3,22.28,0
83.43,72,7,33.61,8,5.8,6,24.71,0
75.28,47,6,48.57,5,5.45,4,28.76,0
102.56,60,8,36.18,10,5.84,5,13.13,0
152.31,82,8,32.05,7,3.76,3,20.7,0
144.46,72,9,35.5,9,3.92,6,29.91,0
140.13,73,6,42.21,6,7.39,4,16.01,1
169.69,76,5,34.02,8,5.3,6,22.31,1
153.36,78,11,41.58,9,5.51,5,15.41,1
114.15,74,11,52.41,6,5.99,4,29.24,0
122.0,48,5,29.9,9,6.17,6,18.42,0
104.16,54,7,36.62,6,3.57,3,24.19,0
116.76,50,9,32.36,9,6.55,5,23.42,0
166.88,59,8,30.53,9,4.95,6,27.81,0
73.4,55,9,44.7,7,4.98,5,32.26,0
124.11,63,7,35.98,6,2.74,4,32.05,0
111.13,83,7,30.48,7,6.74,5,16.81,1
153.62,61,9,58.72,7,3.83,6,32.58,1
117.77,87,7,27.82,8,4.48,6,23.12,1
156.98,68,10,38.24,7,5.86,4,30.47,0
182.59,60,8,62.76,4,5.67,4,29.35,1
88.94,78,6,54.25,6,4.1,5,28.53,1
172.33,81,9,33.08,7,5.87,5,25.97,0
131.69,58,6,28.98,8,3.26,4,20.05,0
126.28,60,9,61.79,7,3.35,5,33.08,1
137.85,53,7,38.53,8,4.9,5,19.36,0
119.92,62,8,35.9,7,4.98,6,30.71,0
124.23,78,8,35.25,8,6.42,5,15.82,1
139.51,82,9,44.97,7,6.18,5,22.41,0
106.97,62,8,30.28,9,4.72,4,13.14,0
112.04,89,5,17.16,7,6.52,5,21.75,1
127.16,94,6,16.12,7,6.97,4,19.04,1
112.96,50,13,54.99,11,6.34,5,10.4,1
120.7,28,7,48.21,7,4.78,4,26.78,0
189.92,60,5,39.25,7,5.57,6,22.78,0
147.21,53,6,26.15,8,2.78,4,20.75,0
103.11,45,7,44.25,6,4.42,3,24.83,0
95.15,47,2,39.25,6,7.8,5,11.82,0
107.19,68,5,40.36,7,6.03,6,18.91,1
121.8,89,7,35.7,7,5.71,5,19.8,1
94.22,69,10,24.24,9,7.28,5,23.12,0
173.07,35,6,45.1,6,4.11,4,27.92,0
114.85,88,8,41.38,7,5.8,4,17.2,0
87.67,73,8,43.54,6,5.88,4,27.91,1
87.77,39,7,35.65,8,3.44,4,23.71,0
183.72,66,10,30.38,8,4.64,6,34.95,0
97.55,37,5,40.02,8,4.99,5,16.02,0
101.26,58,7,31.86,9,5.29,5,10.21,0
91.19,57,8,55.02,7,7.23,4,14.13,1
159.03,83,6,51.17,4,6.72,4,23.04,1
176.17,98,6,27.65,7,6.2,5,16.29,1
151.97,77,11,43.85,8,5.28,5,27.13,1
160.76,57,3,47.56,6,4.79,6,26.2,0
98.16,74,5,32.39,6,6.45,5,21.62,1
145.64,66,7,57.03,5,6.15,4,27.96,1
138.77,79,10,33.72,9,5.61,4,14.43,0
80.24,75,5,24.61,6,7.66,5,18.48,1
122.38,65,6,36.66,7,3.74,4,24.01,0
150.16,87,6,44.19,6,4.68,5,26.46,1
140.23,74,9,54.36,7,4.16,5,28.84,1
201.59,86,7,42.9,7,5.09,5,21.04,1
73.07,61,10,33.45,7,6.67,4,25.43,0
108.33,53,7,32.18,8,3.9,3,17.89,0
125.6,75,9,44.66,6,6.05,4,26.75,1
152.38,33,5,42.32,7,5.15,5,17.83,0
90.9,23,7,28.91,9,3.71,3,12.6,0
160.22,64,11,27.53,10,4.42,6,29.07,0
155.26,71,10,56.05,6,6.78,4,26.74,0
149.82,62,9,35.33,9,6.19,5,19.19,1
113.1,73,8,34.55,7,6.25,5,24.19,0
127.2,78,5,30.67,6,6.63,5,21.01,1
142.28,99,8,32.9,6,6.58,4,20.71,1
67.25,61,9,30.56,9,4.8,3,13.45,0
116.75,94,7,25.03,6,7.07,4,17.25,1
116.92,63,12,58.99,7,5.28,4,28.73,0
152.68,62,6,56.84,4,5.66,5,30.44,1
178.71,54,8,36.92,9,5.14,4,17.6,0
145.73,84,7,43.42,6,5.76,5,25.11,1
122.8,74,6,43.78,7,4.9,6,26.73,0
122.48,49,7,29.58,7,7.2,5,22.17,1
124.18,91,10,38.31,6,6.8,4,21.52,1
104.24,47,9,63.45,5,5.74,4,32.88,1
84.81,49,8,43.83,7,5.65,3,17.79,0
85.14,48,7,31.92,10,5.42,5,8.06,0
144.25,51,10,46.97,9,6.48,5,19.22,0
152.65,56,8,57.33,9,4.86,6,19.96,1
141.57,52,5,29.02,8,3.62,4,15.99,0
161.65,64,5,65.04,4,5.51,5,28.88,1
128.26,66,9,35.47,9,5.26,4,15.86,0
145.46,77,6,54.12,5,5.46,5,26.75,1
105.67,88,9,36.68,8,6.03,4,16.13,1
151.56,59,6,56.76,4,5.69,4,31.18,1
94.09,68,9,28.78,6,6.15,4,32.02,0
43.05,69,7,44.99,5,6.84,4,28.75,0
158.18,71,5,26.61,8,6.63,6,19.71,1
151.03,74,8,43.82,9,6.54,5,11.45,1
61.38,56,9,50.89,5,5.38,3,26.71,0
178.07,59,7,27.05,9,3.9,4,14.68,0
150.71,47,5,21.89,7,7.52,5,19.51,0
96.21,53,7,43.15,6,4.5,5,33.7,0
115.21,76,7,26.9,8,3.62,3,18.39,0
102.72,49,9,38.83,7,6.83,4,24.32,0
104.33,89,12,42.45,9,7.44,4,12.63,0
161.07,61,11,43.09,8,5.97,3,17.88,0
156.98,45,6,36.77,8,5.14,6,25.32,0
118.94,86,10,36.6,8,4.67,5,28.61,0
131.54,97,7,28.81,8,5.83,5,16.91,1
123.96,103,3,19.3,5,6.05,5,22.02,1
119.03,50,8,42.23,9,7.24,5,7.96,0
161.63,42,5,36.52,8,4.3,4,18.7,0
118.97,84,7,52.42,6,4.71,5,25.77,1
165.24,76,6,29.12,9,4.83,7,23.24,1
148.31,79,7,45.87,4,6.98,4,24.3,1
137.66,71,9,37.48,9,4.83,6,27.76,0
94.15,58,8,61.77,4,5.86,4,30.1,1
96.22,74,10,51.9,8,4.21,6,28.69,1
147.93,52,10,51.34,7,6.94,4,19.31,0
141.42,46,6,26.1,8,7.01,6,26.54,0
206.56,80,9,48.26,6,5.7,5,27.45,0
112.75,76,6,55.34,4,6.57,4,24.87,1
146.6,70,5,30.5,8,4.04,5,18.55,0
109.36,64,7,52.95,4,7.18,4,27.31,1
158.54,84,5,20.72,7,6.81,5,18.41,1
133.77,65,6,36.93,6,3.4,4,28.71,0
171.55,65,5,43.32,5,6.16,5,26.61,0
110.26,74,12,48.18,10,4.94,5,14.46,0
89.12,71,8,38.56,7,6.14,5,25.62,0
130.84,100,7,19.8,6,6.55,4,18.73,1
107.73,51,8,27.95,10,4.8,7,27.38,0
129.7,53,8,36.86,8,5.2,3,14.51,0
87.04,70,13,58.13,10,4.98,4,14.37,1
133.27,72,6,26.75,8,7.4,6,16.46,1
82.15,69,6,48.73,4,6.18,5,28.56,1
126.97,68,7,57.37,4,6.41,4,27.1,1
113.88,95,10,39.41,8,5.63,5,21.69,1
120.91,56,9,41.6,6,4.12,3,27.7,0
157.95,29,6,31.89,9,4.25,4,12.84,0
111.98,39,7,42.26,8,4.82,4,21.31,0
127.54,49,9,31.64,7,7.37,4,25.29,0
101.33,55,7,51.69,5,5.4,4,28.11,0
149.78,66,8,40.7,8,5.91,5,22.29,0
133.64,63,8,32.23,9,5.8,6,22.71,0
118.47,66,9,30.54,9,6.58,6,19.75,0
164.91,64,7,32.54,6,6.24,5,29.22,0
127.65,90,6,43.04,5,6.06,4,23.33,1
123.34,87,8,39.9,8,5.39,5,22.48,0
123.78,55,8,38.59,9,5.49,5,15.9,0
107.4,49,7,44.24,6,5.45,5,28.14,0
144.74,81,6,55.46,5,4.99,4,26.19,1
133.88,49,7,30.91,9,6.09,6,22.01,0
158.75,60,9,39.58,7,6.66,5,23.11,1
127.98,58,7,36.95,6,5.91,5,26.14,0
144.53,39,8,32.98,8,4.41,6,32.83,0
98.52,68,8,32.18,8,6.11,6,21.65,0
121.3,66,9,43.81,8,6.46,5,17.95,0
121.8,50,12,58.03,9,6.02,5,16.6,1
85.59,61,5,31.39,8,5.7,6,23.52,0
70.43,42,6,46.02,5,5.96,5,29.15,0
101.68,42,5,33.09,8,6.79,6,18.23,0
49.82,48,9,27.23,7,7.32,4,26.43,0
153.0,73,8,33.12,8,4.2,4,20.62,0
103.77,59,7,28.78,8,3.47,4,20.78,0
129.83,76,8,58.8,7,3.55,6,28.83,1
138.39,62,9,38.84,7,6.46,4,27.34,0
117.86,73,9,42.1,5,7.4,4,25.6,1
91.18,57,6,53.67,6,4.54,6,29.39,0
161.51,67,10,47.66,6,7.22,4,26.36,1
144.5,42,5,38.61,7,5.54,6,25.03,0
155.88,73,5,37.36,7,6.0,5,22.35,1
125.45,39,8,37.92,9,5.21,5,15.37,0
142.62,53,7,38.95,7,3.99,4,24.53,0
142.06,53,9,51.36,8,6.18,5,18.61,1
154.1,82,8,43.85,6,5.76,4,25.61,1
197.43,67,8,39.73,8,7.57,5,13.32,1
172.95,74,10,39.21,5,7.9,3,24.5,1
40.64,65,10,39.56,7,5.16,5,31.35,0
140.89,78,9,52.32,7,6.03,4,16.69,1
159.78,57,5,43.11,5,5.69,4,28.39,0
96.51,70,10,31.91,8,5.66,5,24.72,0
120.45,102,7,29.77,7,5.38,4,19.85,1
98.99,61,7,27.62,9,6.27,6,20.98,0
222.48,46,4,42.57,8,5.45,7,20.79,0
158.26,73,8,39.32,7,4.21,4,26.98,0
142.52,68,10,45.9,5,4.17,3,32.38,0
163.8,87,7,27.47,8,5.2,5,21.6,1
124.74,77,7,40.08,8,6.2,5,14.26,1
142.52,28,6,34.07,9,4.58,4,13.78,0
138.42,65,10,40.09,10,5.25,6,17.07,1
150.88,75,6,52.6,3,6.56,3,25.73,1
210.78,46,7,32.72,10,5.25,5,11.0,0
141.97,73,10,48.44,5,4.71,3,31.62,0
148.19,32,6,28.72,10,4.59,5,9.78,0
127.93,47,4,60.11,2,7.05,4,32.29,1
92.63,53,6,35.73,8,6.22,6,22.22,0
105.49,52,6,46.81,8,5.96,6,22.06,1
152.75,45,6,35.21,7,6.68,6,23.26,0
140.33,47,6,43.65,7,4.97,6,27.48,0
112.29,59,6,47.11,6,5.74,5,25.41,0
107.32,63,8,57.53,6,5.11,5,28.65,0
116.08,56,10,31.86,7,7.58,4,26.83,0
101.51,66,8,38.26,6,6.36,4,24.19,0
73.9,49,10,22.31,9,7.74,5,22.29,0
133.96,95,6,30.28,6,6.57,4,18.54,1
180.6,71,10,39.45,9,6.48,4,14.2,1
192.81,100,3,16.88,4,8.29,4,18.25,1
141.28,62,10,32.92,6,7.99,3,25.44,0
89.08,62,8,46.68,7,5.95,4,20.89,0
160.2,59,5,67.51,3,5.61,4,29.78,1
124.48,21,6,27.96,10,6.51,6,18.9,0
137.8,87,4,49.21,2,7.64,3,21.36,1
164.85,50,8,44.68,8,6.06,4,16.65,0
147.05,62,8,39.77,8,5.12,4,20.85,0
110.07,55,7,36.3,9,5.64,5,12.6,0
109.81,83,10,52.71,6,5.81,4,23.49,1
121.09,30,6,21.23,7,7.59,5,25.94,0
103.28,74,12,35.53,9,7.65,4,9.55,1
186.38,79,6,41.65,4,7.17,4,25.03,1
112.67,86,5,23.09,7,5.98,6,21.79,1
138.68,83,3,54.65,4,4.61,5,26.95,1
144.28,71,8,44.33,8,4.52,6,22.8,1
134.52,91,9,32.59,8,6.3,4,14.79,1
169.83,93,6,47.56,6,4.36,5,24.79,1
148.86,52,7,40.41,5,6.43,4,29.4,0
138.34,48,6,39.49,6,7.09,5,25.01,0
163.33,25,6,48.22,7,5.08,4,24.39,0
116.12,71,8,34.58,9,6.03,5,19.0,1
149.77,51,7,36.18,8,5.2,4,14.71,0
142.38,82,8,47.87,6,5.65,4,24.97,1
114.97,70,8,30.72,10,5.71,6,18.47,0
180.69,70,9,43.68,7,6.4,5,23.45,0
177.26,53,8,32.46,7,2.52,2,25.76,0
122.18,78,6,62.22,6,3.68,6,28.25,1
153.57,92,6,18.2,6,7.01,4,20.83,1
153.43,85,6,50.95,5,4.73,5,26.14,1
138.05,82,8,37.84,7,6.16,4,18.51,1
109.25,73,10,30.25,9,6.82,5,21.34,0
112.09,79,9,40.02,9,4.67,5,21.34,1
147.38,76,7,36.37,7,5.13,4,17.16,0
165.6,61,8,30.03,9,6.49,6,20.02,0
137.43,57,8,56.33,4,6.12,4,30.61,1
133.0,90,6,17.49,7,5.5,5,24.48,1
184.25,72,11,43.87,10,5.48,5,15.52,1
96.89,95,9,39.26,8,5.6,4,14.56,1
118.88,69,10,42.33,7,5.9,5,32.08,0
156.58,81,3,52.34,4,4.79,5,27.66,1
126.86,76,7,50.04,6,4.73,5,28.3,1
165.23,38,9,31.55,8,6.6,5,26.78,0
140.73,89,8,44.86,7,4.42,5,25.46,1
130.47,56,5,36.56,7,6.47,6,22.07,0
127.96,58,8,35.4,8,5.36,4,13.99,0
157.81,73,6,51.71,4,6.11,4,27.11,1
112.67,72,8,32.16,9,4.62,6,29.32,0
166.58,61,7,33.26,9,5.6,5,9.7,0
115.77,61,7,25.02,10,4.58,5,9.95,0
187.22,68,5,58.4,4,5.62,5,28.72,1
128.54,77,12,47.26,6,6.92,3,23.56,1
123.25,79,8,39.1,6,4.61,3,21.04,0
81.21,77,7,37.23,8,6.05,5,18.24,1
152.7,41,6,27.47,8,6.37,6,25.48,0
105.69,85,6,56.65,5,4.46,5,25.77,1
105.28,101,2,10.0,5,6.11,5,25.05,1
127.95,84,9,31.84,9,5.89,5,15.72,1
104.11,40,7,23.51,9,7.74,6,18.7,0
133.14,34,8,35.04,9,4.6,3,17.28,0
165.53,91,9,38.08,8,5.34,4,17.43,1
181.02,63,8,41.35,6,5.67,5,27.49,0
145.23,65,8,31.5,9,5.2,4,11.49,0
130.85,71,7,37.63,7,6.92,5,18.28,1
119.32,72,7,45.81,5,4.9,4,33.92,0
112.76,84,9,43.04,5,7.07,3,22.75,1
124.9,72,9,34.07,10,5.7,6,14.97,1
138.22,99,5,20.22,8,6.05,5,16.77,1
157.66,67,7,50.68,5,4.44,5,33.95,0
199.34,61,9,32.89,8,6.85,5,22.24,0
143.64,63,7,37.48,6,7.33,4,25.04,0
135.12,68,7,35.72,9,5.95,5,10.58,0
113.2,53,5,37.8,8,5.7,6,22.24,0
158.71,93,7,34.45,8,5.87,5,13.31,0
129.2,68,8,31.73,8,4.18,4,19.26,0
139.82,67,8,52.13,6,5.37,5,29.59,1
128.39,64,7,31.52,6,7.32,5,28.39,0
90.43,77,9,32.28,7,6.79,5,22.97,0
124.57,71,7,49.72,3,8.42,2,24.01,1
192.82,82,7,31.79,8,5.36,6,20.49,1
142.17,59,10,30.06,8,6.08,5,29.52,0
151.84,52,7,33.07,7,6.2,5,25.57,0
187.16,56,9,36.99,9,5.6,5,23.9,0
122.03,45,6,42.02,7,4.72,5,22.84,0
151.04,73,10,39.14,7,6.13,4,31.33,0
120.04,76,4,57.14,4,5.66,4,26.66,1
124.95,55,11,26.47,9,6.39,6,27.94,0
139.62,46,8,40.08,7,4.0,3,26.83,0
133.72,72,10,52.64,7,5.14,4,27.73,1
133.97,59,9,49.64,7,6.89,4,16.84,1
109.75,68,9,42.13,8,5.54,5,21.48,0
139.75,67,5,62.9,4,4.82,5,29.51,1
187.97,53,9,35.24,8,6.46,5,25.59,0
146.01,33,9,34.43,8,3.27,3,23.43,0
104.23,45,6,41.98,7,4.63,5,23.86,0
153.13,71,8,33.81,8,4.58,4,19.24,0
144.64,73,10,46.48,7,5.52,5,27.63,1
92.75,50,10,15.16,11,6.96,7,19.87,0
124.82,61,4,37.69,7,4.67,5,18.53,0
153.2,86,7,42.28,5,5.9,4,24.83,1
143.14,51,6,44.21,6,6.68,5,24.34,0
104.73,54,6,35.3,8,4.86,5,15.91,0
116.7,77,6,58.38,4,5.62,4,25.85,1
119.6,81,12,47.87,7,7.05,3,21.96,1
103.75,27,10,40.86,9,4.96,4,21.52,0
172.67,82,7,28.59,8,4.1,4,18.07,1
190.65,69,8,30.76,9,6.63,5,17.96,1
155.14,67,9,40.32,7,5.72,5,30.06,0
127.87,64,8,37.6,8,6.68,5,18.66,1
129.76,58,7,36.6,8,4.46,4,19.1,0
158.21,67,10,42.01,7,4.93,5,32.48,0
111.8,92,6,20.31,7,6.07,5,20.31,1
165.4,72,7,42.16,6,7.26,4,18.21,1
120.68,100,6,39.28,4,6.91,4,19.72,1
162.04,32,7,36.33,8,5.77,5,26.9,0
198.21,50,7,40.42,6,5.72,5,28.32,0
139.37,67,6,19.64,11,4.1,5,8.37,1
101.07,49,6,39.34,6,6.73,5,24.45,0
106.87,61,6,29.57,8,6.1,5,21.28,0
115.93,74,7,44.97,5,7.26,3,18.45,1
122.63,30,5,47.07,5,6.83,4,26.86,0
107.36,88,8,42.09,6,4.32,5,30.46,0
173.64,56,7,44.74,7,5.26,5,24.36,0
116.9,43,6,35.12,7,2.62,4,27.17,0
171.86,85,10,42.46,5,7.49,3,21.59,1
131.76,47,9,43.01,8,5.83,4,17.53,0
134.53,73,11,44.89,8,7.17,4,12.46,1
158.03,75,9,26.53,8,3.19,2,18.54,0
152.66,32,5,34.95,8,3.95,4,19.32,0
177.98,63,6,40.11,6,6.86,5,21.46,0
144.61,48,8,37.17,9,6.0,4,11.08,0
149.51,72,11,40.45,6,6.99,3,26.34,1
187.14,58,8,51.4,5,4.85,4,30.32,0
130.32,49,5,41.08,5,5.7,6,33.36,0
168.1,65,7,37.43,7,4.25,3,20.77,0
148.94,52,6,33.37,9,5.19,5,13.68,0
164.86,34,7,39.02,10,6.47,6,9.92,0
158.52,67,7,38.05,8,5.54,6,21.55,1
142.92,66,6,47.01,6,4.98,5,27.36,0
181.4,33,9,38.1,9,5.63,4,13.28,0
157.24,54,8,46.97,9,5.92,6,18.48,1
142.0,49,8,39.77,8,4.4,4,25.8,0
117.22,47,7,43.91,8,5.7,5,17.78,0
145.88,45,6,37.79,6,3.5,3,24.11,0
155.28,43,7,42.82,7,4.38,3,24.51,0
147.67,61,9,52.08,8,6.37,5,15.99,1
114.86,76,6,38.88,7,5.63,6,20.18,1
91.18,40,8,36.64,7,7.15,5,27.28,0
133.98,105,4,46.68,4,5.37,4,20.32,1
174.18,40,5,21.3,9,2.08,4,18.03,0
145.99,96,4,49.8,4,5.81,4,21.65,1
130.41,48,7,38.8,8,5.15,4,17.81,0
159.0,77,6,53.14,5,5.99,4,25.8,1
178.04,68,8,32.4,9,6.07,6,19.81,1
190.62,51,6,28.67,8,3.37,3,18.51,0
79.86,49,11,46.97,8,5.5,4,24.19,0
133.99,42,4,21.2,9,6.19,7,19.14,0
96.47,63,5,36.44,5,5.92,5,32.13,0
115.78,58,7,34.48,9,5.85,4,7.88,0
146.92,50,7,30.3,8,3.21,4,20.52,0
122.04,53,10,44.48,9,6.39,4,17.59,0
64.02,66,10,53.97,8,5.96,4,16.9,1
89.71,54,8,37.99,8,6.2,5,18.99,0
101.6,69,9,46.56,7,6.04,5,23.76,0
115.33,35,5,36.76,9,5.58,6,11.73,0
140.92,44,6,30.95,8,6.49,6,21.4,0
146.24,40,6,31.57,7,6.63,5,20.53,0
130.35,58,5,35.72,7,3.87,4,22.98,0
120.06,60,6,32.35,7,6.24,6,26.83,0
144.28,65,9,36.83,7,5.55,5,29.19,0
115.38,68,11,33.17,8,6.81,5,24.77,0
131.86,68,9,40.73,8,6.18,5,16.25,0
105.01,73,2,20.88,6,6.87,6,23.56,1
147.37,55,8,40.65,7,4.7,4,21.8,0
143.93,55,8,38.34,8,5.4,4,15.98,0
141.26,61,8,35.09,7,5.41,5,29.16,0
133.84,82,8,38.55,8,5.05,5,20.37,0
91.15,45,6,33.36,8,5.33,6,25.12,0
148.79,63,9,37.53,9,6.19,5,13.09,0
117.11,39,8,44.97,7,4.56,4,26.65,0
116.05,53,9,63.74,7,6.39,4,16.5,1
146.88,73,6,46.71,3,8.18,3,24.56,1
172.54,61,6,36.69,7,6.51,6,21.62,1
126.62,80,8,45.61,5,6.31,4,25.0,1
148.01,105,7,36.15,4,7.39,3,17.54,1
130.78,81,8,48.18,6,5.63,4,25.49,1
127.93,55,7,40.56,8,5.53,5,18.45,0
145.58,78,9,42.82,5,7.37,4,23.8,1
132.23,74,8,48.38,5,6.93,4,25.23,1
143.89,67,6,41.1,8,4.86,6,24.47,1
110.48,70,9,37.57,8,4.87,4,21.04,0
129.16,45,6,50.96,6,4.84,5,32.26,0
83.59,72,10,46.16,9,5.71,5,14.99,1
130.71,75,11,57.58,7,4.6,5,26.83,1
175.39,49,9,55.13,8,7.83,4,13.14,1
136.45,61,9,42.32,5,8.81,3,26.49,1
114.93,86,6,23.42,7,6.55,5,19.55,1
82.23,60,6,35.2,6,6.74,5,26.83,0
148.46,56,5,40.93,7,3.84,6,28.83,0
108.16,69,8,24.95,7,6.61,5,25.04,0
136.37,67,7,53.74,4,6.85,3,26.82,1
179.48,64,8,49.26,8,6.39,5,16.79,1
171.16,57,8,39.79,8,5.53,4,15.21,0
112.94,75,7,34.56,8,6.7,5,17.35,1
140.25,66,7,48.08,6,4.95,6,31.0,1
131.55,61,8,37.52,9,7.01,6,13.51,1
160.47,69,9,39.5,8,5.69,4,17.12,0
137.78,67,7,49.52,5,4.13,5,39.09,0
123.34,83,10,33.94,9,6.45,5,12.47,1
133.02,39,5,34.84,8,3.83,6,21.94,0
117.36,63,7,45.88,7,5.44,5,22.53,1
79.13,79,5,46.55,4,7.05,4,24.84,1
111.94,82,6,40.58,6,5.61,5,25.06,0
120.36,88,9,52.67,5,6.45,3,21.14,1
146.8,50,5,36.73,7,6.01,6,24.13,0
149.97,50,8,43.96,7,5.37,4,22.1,0
167.3,62,5,66.1,4,4.73,5,30.87,1
100.14,49,9,32.91,9,4.6,4,17.03,0
120.89,61,10,38.73,9,4.95,6,26.99,0
123.16,56,4,35.27,7,5.43,6,22.01,0
131.77,70,6,20.03,9,2.64,3,16.25,0
158.25,60,6,42.65,7,5.3,5,23.94,0
99.6,62,8,26.3,11,5.49,5,5.86,0
136.26,47,8,32.4,9,6.05,6,24.27,0
107.58,63,8,38.15,8,5.14,5,18.89,0
158.36,51,7,41.06,10,6.36,7,15.89,1
150.88,60,10,50.51,6,7.16,4,28.0,1
181.23,68,7,30.86,9,5.3,4,9.38,0
100.88,63,8,43.81,9,6.57,5,15.42,1
152.66,26,5,30.53,8,8.44,5,15.09,0
136.04,51,8,34.64,7,3.43,3,23.37,0
118.66,65,12,44.78,7,6.51,4,28.11,1
148.64,90,4,40.46,3,8.01,3,21.0,1
89.27,73,8,47.63,5,7.27,4,24.96,1
92.64,66,3,27.36,8,3.58,5,15.39,0
150.26,77,5,25.25,7,6.82,6,18.3,1
170.51,49,5,40.21,6,6.42,5,27.37,0
140.32,43,7,31.24,10,5.46,5,8.11,0
127.22,61,8,39.42,7,6.18,5,25.61,0
147.6,83,9,36.32,9,6.44,5,12.16,0
157.2,79,8,30.14,7,4.3,6,33.29,0
81.82,62,11,19.49,11,6.18,6,23.84,0
126.1,64,10,24.68,9,5.69,6,26.65,0
148.12,93,7,43.76,6,4.43,5,25.1,1
108.27,106,8,33.06,6,7.4,3,17.18,1
125.07,40,7,50.04,7,6.46,5,18.42,0
104.56,91,9,40.54,6,6.45,4,21.85,1
124.09,49,6,36.44,7,4.11,4,19.22,0
152.39,98,10,30.6,9,6.54,4,11.62,1
179.52,60,7,40.51,6,5.8,4,27.87,0
196.22,80,7,42.37,6,4.57,4,26.82,0
89.57,47,8,40.82,9,5.91,5,14.32,0
140.27,50,6,39.23,5,5.46,5,32.46,0
109.73,70,6,52.25,3,7.75,3,25.28,1
160.98,51,8,36.19,7,3.88,3,24.65,0
138.85,52,5,25.06,9,3.49,4,12.32,0
114.67,69,7,48.61,5,6.6,4,27.4,1
171.46,58,5,37.51,6,7.19,4,21.34,0
116.72,70,8,55.89,5,6.27,4,26.28,1
155.71,55,8,39.92,8,5.2,4,19.24,0
137.22,63,8,38.73,5,5.12,4,36.28,0
107.45,78,8,49.2,4,7.68,3,22.64,1
147.24,23,6,43.43,8,5.37,4,14.81,0
153.96,75,7,32.87,9,4.79,5,18.39,0
72.05,29,7,36.53,9,4.82,4,14.6,0
48.35,49,7,50.95,7,6.43,5,19.93,0
140.71,75,11,44.72,9,3.37,6,30.52,1
134.78,82,7,26.07,8,5.69,5,20.52,1
156.78,40,7,40.77,7,4.12,3,20.98,0
115.35,84,6,20.69,7,6.92,5,20.89,1
123.56,96,7,29.74,8,4.68,5,20.9,1
165.57,70,9,55.32,7,4.15,5,29.86,1
152.0,91,8,42.71,5,7.78,3,19.6,1
137.16,61,8,38.13,9,5.71,5,14.45,0
120.39,49,8,35.82,9,4.51,5,19.97,0
155.13,36,6,51.19,7,6.18,5,21.27,0
108.17,68,8,47.0,5,6.99,4,27.37,1
176.57,73,10,38.93,9,5.88,4,17.05,0
135.43,62,8,37.45,9,5.95,4,12.91,0
126.97,78,8,36.37,9,6.55,5,9.17,0
147.7,66,4,59.95,4,5.06,5,30.0,1
130.61,86,10,53.47,7,4.77,4,24.26,1
154.89,57,6,41.77,6,5.46,5,29.11,0
142.53,65,6,24.26,9,3.08,4,16.62,0
157.83,63,10,46.36,8,4.5,6,31.41,0
118.63,96,7,34.37,5,6.8,4,21.58,1
92.71,51,8,42.15,7,6.44,5,27.77,0
174.45,94,10,38.6,7,6.72,4,20.61,1
129.79,73,8,41.88,9,4.52,6,20.4,1
96.5,68,7,34.45,7,4.62,4,16.89,0
147.66,65,7,40.73,8,3.67,6,28.19,0
125.81,68,8,54.51,5,5.07,4,29.48,1
138.17,57,10,28.83,9,6.58,5,24.9,0
137.05,65,7,39.06,5,6.45,5,30.03,0
89.77,81,6,32.92,7,6.4,5,17.44,1
125.25,63,4,48.45,5,5.17,5,26.83,0
104.8,68,4,30.45,6,7.73,5,17.9,1
119.67,65,9,43.25,7,5.95,4,18.1,0
106.07,77,8,37.69,7,6.85,4,17.7,1
141.39,57,8,44.63,7,5.71,4,19.11,0
170.33,38,7,42.49,9,6.13,4,12.42,0
135.89,71,10,43.36,10,4.49,6,19.93,1
169.71,70,10,37.12,8,4.82,4,21.15,0
135.78,63,7,33.84,9,5.58,7,20.25,0
114.9,37,8,33.08,7,7.32,5,25.02,0
142.59,78,11,43.36,7,6.21,4,25.32,1
180.89,64,7,58.81,3,7.33,3,26.5,1
114.52,88,9,44.9,6,6.38,4,22.47,1
155.42,89,8,33.08,7,6.93,4,15.52,1
138.58,74,10,39.33,9,5.5,5,19.29,1
120.12,75,11,34.85,11,4.77,6,16.93,1
149.88,40,10,26.03,9,7.51,5,23.79,0
138.0,84,7,37.16,7,3.44,6,33.26,0
136.11,54,8,34.41,7,6.69,4,26.13,0
140.82,40,6,42.46,6,6.51,4,25.61,0
112.07,45,8,38.9,8,4.99,4,18.94,0
83.4,58,5,33.55,7,2.73,4,26.37,0
120.36,63,12,53.04,10,5.49,5,15.78,1
71.36,75,8,41.46,6,6.58,5,26.35,1
146.45,66,9,40.78,7,4.35,4,27.23,0
131.59,65,9,42.7,9,6.43,5,15.8,1
160.47,49,7,39.78,8,4.75,5,20.86,0
125.7,88,8,42.18,6,5.87,4,24.01,1
161.47,92,8,35.87,8,5.18,4,18.08,1
160.53,69,8,48.65,4,7.19,3,26.37,1
170.73,82,10,42.77,9,5.4,5,15.29,1
101.86,61,9,53.87,7,4.12,5,32.78,1
100.11,74,9,33.01,9,6.07,5,16.77,1
166.78,50,7,25.05,9,3.37,3,16.23,0
148.88,44,6,35.08,7,3.24,3,23.19,0
176.12,73,7,52.65,6,4.93,5,28.48,1
158.99,82,5,50.4,4,6.12,4,25.07,1
124.39,54,9,42.16,8,5.9,4,18.22,0
114.75,63,4,65.89,3,5.1,4,30.18,1
110.89,53,8,40.73,8,5.0,5,22.42,0
169.37,59,9,29.3,9,4.53,4,14.56,0
131.81,82,6,30.04,7,6.63,5,17.99,1
159.61,75,5,57.44,5,4.19,5,29.03,1
158.81,87,6,23.73,9,4.21,7,23.81,1
163.19,62,7,25.79,9,3.27,4,20.12,0
147.3,61,6,60.18,5,5.4,5,30.46,1
108.17,67,10,44.65,7,4.88,4,27.07,0
114.37,81,10,49.93,7,5.93,4,24.02,1
175.81,33,6,42.93,7,5.35,4,16.99,0
123.45,74,6,46.59,5,4.3,4,32.47,0
95.17,43,6,30.65,9,3.88,4,17.65,0
122.51,61,7,36.25,6,2.96,2,26.21,0
109.69,77,5,55.68,4,5.57,4,29.31,0
164.15,70,9,50.23,7,5.65,4,19.23,1
200.26,42,6,28.86,8,2.7,3,20.51,0
172.98,64,8,44.32,6,5.62,4,27.09,0
131.61,43,5,50.97,5,6.56,5,24.25,0
124.27,70,10,51.67,5,6.77,3,25.86,1
128.79,80,5,53.83,3,7.22,3,22.99,1
90.08,79,7,43.07,5,6.5,4,25.63,1
129.65,56,7,38.61,8,4.98,4,19.13,0
95.71,72,11,26.36,7,7.58,4,24.64,0
116.68,77,6,60.44,4,5.07,4,26.46,1
156.81,87,9,41.69,9,5.21,5,14.45,1
120.63,58,5,38.14,7,5.7,6,24.91,0
109.91,63,8,59.81,7,3.92,5,31.78,1
145.3,80,7,40.4,5,7.54,4,23.95,1
170.79,55,6,44.49,6,6.88,5,24.3,0
163.84,96,7,42.06,6,4.97,5,26.01,0
167.43,61,9,40.79,7,4.54,2,21.22,0
145.54,65,8,37.91,8,5.34,5,18.83,0
87.65,63,8,36.14,8,4.47,6,33.61,0
146.53,69,7,46.61,6,5.34,4,24.76,0
120.91,108,4,43.7,4,6.3,4,18.13,1
106.03,44,6,28.57,9,3.99,3,13.11,0
127.18,52,6,27.91,7,7.13,5,24.91,0
99.85,61,5,63.09,3,5.98,4,29.4,1
142.21,82,10,41.82,6,6.67,3,23.92,1
124.91,44,7,46.28,6,4.99,4,24.66,0
110.49,62,8,48.29,4,7.74,3,27.37,1
150.46,57,7,22.41,9,6.51,6,18.99,0
150.39,87,4,44.25,3,6.73,4,23.56,1
167.64,74,6,35.29,7,5.18,5,24.03,0
109.25,70,9,41.93,8,7.59,4,10.26,1
184.77,69,4,65.92,4,4.25,5,29.98,1
113.66,48,10,35.4,7,8.24,4,19.25,0
148.88,63,8,40.82,6,5.98,5,29.3,0
143.01,70,9,42.45,8,6.68,4,12.69,0
95.46,60,9,45.86,7,4.95,4,26.79,0
107.36,27,7,27.77,8,6.57,6,28.83,0
204.28,51,8,47.86,9,5.89,6,19.77,1
103.46,56,6,26.91,9,3.61,4,16.93,0
141.02,30,5,37.27,7,7.11,6,23.1,0
129.65,72,6,33.84,6,6.82,5,23.09,0
164.73,44,8,41.58,7,4.17,3,22.99,0
132.48,80,9,27.21,7,6.74,5,25.4,0
116.19,83,7,46.5,5,6.93,4,23.21,1
143.24,53,9,57.21,5,7.61,4,28.7,1
154.73,103,10,37.63,8,4.69,4,18.83,1
103.61,71,7,48.67,4,7.18,4,26.12,1
122.96,76,7,28.03,8,6.18,6,21.32,1
163.71,55,9,24.04,6,6.8,4,31.67,0
134.2,87,9,51.18,6,6.41,3,21.55,1
110.67,65,7,38.24,9,6.52,6,15.97,1
109.28,71,7,41.05,8,5.21,6,20.93,1
150.24,49,7,34.34,7,7.72,5,20.05,0
84.71,70,7,51.35,7,5.74,5,17.69,1
195.03,62,3,49.78,4,5.33,5,27.96,0
124.2,50,9,25.78,7,7.74,5,27.48,0
187.42,78,10,35.47,9,6.1,5,14.5,1
112.75,92,6,35.89,6,6.1,4,19.8,1
123.47,38,6,37.18,5,7.19,4,26.46,0
199.02,31,6,32.15,9,4.4,4,13.28,0
164.96,89,7,41.49,4,8.65,2,19.27,1
124.66,70,5,38.95,7,6.14,6,19.18,1
150.96,57,9,35.07,11,6.44,6,10.71,0
135.06,57,7,31.78,9,5.01,6,21.99,0
141.23,82,5,48.02,3,6.99,4,23.84,1
122.07,50,5,57.59,3,5.93,4,33.38,1
128.35,73,5,36.7,7,4.44,5,21.66,0
134.9,69,7,29.09,8,4.27,4,13.99,0
137.59,61,8,42.61,8,5.31,5,22.76,0
155.79,51,6,47.6,7,7.29,5,17.89,1
141.53,69,11,52.76,8,6.14,4,15.47,1
98.78,55,6,24.66,10,3.77,5,13.64,0
146.66,86,9,53.72,6,5.3,4,23.29,1
170.47,52,7,25.02,8,2.07,3,23.68,0
165.47,71,5,41.24,7,4.64,6,25.43,0
95.51,53,9,45.8,7,5.33,4,24.15,0
208.39,53,8,35.53,7,6.07,5,27.11,0
50.27,41,6,40.99,7,6.13,5,25.09,0
228.19,97,9,44.38,6,6.37,3,19.79,1
164.08,83,12,24.82,7,9.09,3,21.24,1
133.17,87,7,36.83,8,6.5,6,11.63,0
129.37,47,5,39.13,6,4.2,4,21.18,0
116.61,94,6,26.3,7,5.76,5,20.56,1
144.85,67,8,35.39,9,6.13,6,18.27,1
187.45,62,8,54.52,6,5.88,5,29.57,1
155.4,77,9,40.39,6,4.06,4,29.07,0
79.98,55,8,44.05,7,5.91,4,19.0,0
77.82,61,6,36.12,6,6.89,4,22.29,0
207.62,48,5,31.54,7,3.65,3,16.92,0
124.92,83,5,21.45,7,6.05,5,24.06,1
106.59,58,6,46.07,6,4.44,5,27.36,0
109.79,59,8,26.46,10,4.73,6,22.22,0
92.82,75,7,50.71,5,5.24,5,27.79,1
199.65,43,7,37.37,8,5.55,4,12.67,0
121.34,68,8,28.46,8,5.55,6,29.78,0
124.38,56,6,39.92,7,5.29,6,23.56,0
157.74,92,9,36.08,7,5.77,4,18.81,1
142.14,72,8,23.73,9,5.97,5,20.69,0
113.41,86,3,22.18,4,6.84,5,25.32,1
135.47,73,4,60.75,4,4.8,5,28.4,1
127.51,62,6,42.79,8,3.65,6,27.73,0
97.72,64,5,47.36,6,5.72,6,21.97,0
110.63,51,8,34.41,6,7.88,4,21.64,0
109.9,38,4,40.44,8,5.57,6,20.54,0
82.96,58,6,31.35,8,6.81,6,21.26,1
194.74,50,8,43.4,7,4.77,5,33.4,1
154.09,80,7,36.73,7,6.38,5,16.83,1
127.74,73,7,41.64,7,7.3,4,14.57,1
145.73,28,9,49.04,9,7.46,5,12.02,0
123.55,84,6,48.61,4,7.16,3,22.46,1
158.93,64,8,36.29,7,6.5,5,26.05,0
168.22,42,6,63.06,2,7.55,4,32.1,1
118.95,51,6,43.34,5,5.23,5,33.36,0
164.09,60,5,29.95,8,6.96,6,20.47,1
110.75,87,6,57.14,5,4.66,5,24.74,1
102.75,79,8,39.71,6,5.35,5,27.27,0
154.03,64,10,50.11,9,5.04,5,19.27,1
103.91,38,5,24.77,8,1.88,3,22.98,0
174.62,59,6,62.32,4,4.95,5,31.69,1
121.34,54,6,38.27,4,7.8,3,27.05,0
136.86,53,9,37.82,9,5.65,4,15.1,0
149.91,34,8,36.76,10,5.66,5,11.88,1
146.9,57,11,54.81,9,6.51,5,13.3,1
133.09,67,5,21.41,8,7.04,6,21.55,1
172.48,42,7,38.76,8,4.46,4,22.29,0
180.79,64,7,37.4,8,6.01,5,22.23,0
175.51,53,4,57.68,2,5.8,4,34.11,0
187.97,36,7,43.67,9,6.08,5,16.24,0
86.37,48,6,34.89,9,4.59,5,16.58,0
158.8,56,6,45.97,6,5.33,5,27.04,0
142.16,76,8,38.34,8,4.85,6,26.14,0
150.21,84,9,40.69,8,6.73,4,12.43,1
139.89,98,5,41.09,5,5.4,4,22.82,1
142.45,55,5,34.18,8,4.5,4,16.08,0
118.55,62,7,38.9,7,4.61,3,19.72,0
121.51,78,6,31.03,8,4.54,4,14.42,0
107.87,72,7,42.75,8,6.06,6,17.96,0
140.77,72,7,33.58,8,5.04,6,23.54,0
148.97,48,7,64.19,5,4.57,5,34.9,1
142.32,65,8,48.32,7,6.63,4,18.35,1
139.88,88,5,53.71,4,5.19,4,24.45,1
103.46,94,10,40.12,9,7.24,5,13.3,0
123.45,77,7,38.41,8,5.52,5,17.87,0
99.55,58,8,40.23,8,5.92,4,15.96,0
143.63,64,9,45.46,9,6.06,5,16.25,1
154.35,44,7,29.89,7,7.69,5,22.05,0
99.1,48,6,39.45,9,7.03,7,17.54,1
140.59,73,8,34.72,8,4.5,6,31.38,0
136.7,63,10,43.37,6,5.78,5,32.71,0
121.02,86,7,35.37,8,6.38,5,15.14,1
102.09,55,11,21.2,10,6.46,5,26.23,0
179.47,45,7,36.54,7,3.58,4,26.25,0
104.22,57,8,36.2,6,5.83,5,34.21,0
137.14,59,7,62.37,5,4.65,5,31.68,1
158.41,87,7,28.86,8,6.52,5,15.4,1
144.81,76,6,49.68,3,7.56,3,24.09,1
143.26,81,6,45.02,4,7.16,4,23.83,1
144.26,37,8,41.89,7,5.56,5,29.8,0
153.65,86,5,26.38,4,8.0,3,20.52,1
101.23,86,5,30.48,6,7.78,4,15.87,1
187.23,75,5,37.93,6,5.66,5,22.92,1
109.83,80,7,38.72,6,4.01,4,27.01,0
109.88,70,11,47.0,5,7.87,2,24.37,1
129.73,54,8,33.2,7,7.07,5,23.34,0
168.79,73,6,41.42,7,4.15,6,29.57,0
88.82,75,9,28.97,7,3.19,2,20.95,0
110.33,64,7,31.73,8,7.2,5,16.72,1
99.16,36,5,45.73,5,6.64,5,28.39,0
111.44,49,7,31.96,8,3.73,3,18.14,0
128.99,84,10,35.87,10,7.33,4,6.57,1
155.42,64,7,35.47,8,6.11,5,22.66,1
113.37,53,6,51.57,6,4.83,5,30.56,0
151.36,77,8,36.25,7,5.54,5,22.16,1
139.69,67,6,33.89,7,4.16,4,19.48,0
97.0,57,9,44.47,7,5.28,5,24.81,0
126.41,54,6,47.99,7,4.62,6,26.96,0
120.18,71,9,26.27,10,4.35,4,13.32,0
86.05,65,8,42.84,9,5.54,6,19.37,0
131.14,84,8,35.3,7,4.31,4,22.29,0
133.91,99,1,15.37,4,7.67,5,19.06,1
115.72,84,5,19.16,7,7.3,5,17.3,1
69.89,68,10,26.14,8,6.77,5,27.91,0
157.26,73,7,45.35,5,6.88,3,24.35,0
146.85,74,9,41.38,6,3.88,3,30.53,0
116.63,93,7,45.66,6,5.62,5,22.55,1
134.01,62,9,31.56,9,5.12,4,12.37,0
155.19,66,5,35.17,6,5.26,6,30.8,0
125.31,59,10,55.16,5,6.75,4,28.51,1
159.73,88,8,41.95,8,6.68,5,15.69,0
133.01,56,7,33.54,10,6.48,6,7.71,0
103.05,81,8,49.72,6,5.18,5,25.89,1
98.22,54,6,49.05,6,5.02,5,31.36,0
156.14,72,9,43.22,7,5.06,4,24.21,0
104.41,59,9,41.34,9,6.93,4,9.26,0
139.2,61,8,26.36,8,6.79,5,21.11,0
92.94,69,7,36.91,7,4.31,4,22.15,0
95.98,86,3,24.44,6,6.53,6,21.36,1
137.08,54,8,34.54,9,4.59,5,17.91,0
156.0,54,6,33.0,8,4.7,4,13.89,0
126.55,55,6,65.49,3,6.24,4,30.22,1
80.84,18,4,44.11,7,5.52,4,14.8,0
103.2,60,9,38.78,8,4.95,3,20.08,0
139.87,54,7,38.33,6,3.22,4,29.52,0
111.68,38,9,39.07,7,4.19,3,22.44,0
119.48,69,7,34.61,8,7.46,5,12.16,1
86.4,92,7,44.36,5,6.15,4,22.33,1
159.58,86,6,25.83,8,6.02,6,18.29,1
142.86,53,9,58.34,5,6.52,4,30.58,1
177.11,67,8,33.11,7,3.25,3,26.39,1
107.33,62,8,30.76,8,6.05,5,19.41,0
73.59,79,4,32.38,6,6.66,5,20.9,1
83.51,70,5,42.25,7,6.76,5,17.67,1
186.5,57,5,32.98,8,4.32,5,15.91,0
148.01,39,7,30.72,6,7.18,4,29.05,0
125.41,73,11,50.37,7,5.57,4,26.69,1
93.76,33,7,35.67,8,4.76,3,15.86,0
105.61,93,7,30.49,8,5.75,5,17.7,1
144.21,82,8,36.94,8,5.46,5,19.5,1
72.6,71,9,47.45,8,4.76,5,21.09,1
99.05,89,9,40.83,7,5.6,4,23.98,1
114.3,69,9,54.2,6,6.69,5,25.82,0
122.11,51,9,40.18,7,4.56,3,21.65,0
138.53,71,6,28.17,8,7.04,5,14.08,0
114.43,76,9,39.75,9,5.78,5,16.01,1
96.58,73,5,26.21,8,6.06,6,21.23,1
122.58,55,6,42.82,7,5.68,5,21.42,0
134.79,48,9,16.88,9,8.04,5,21.4,0
161.81,70,7,40.94,8,5.83,5,18.05,1
133.85,70,6,33.9,7,6.81,5,19.1,1
134.96,61,7,40.17,5,7.33,4,25.03,0
101.52,74,8,56.78,4,6.97,3,24.23,1
150.64,73,7,32.52,7,7.23,5,16.55,1
160.07,60,7,56.92,5,5.34,5,30.95,0
153.66,39,6,39.72,6,6.66,4,27.8,0
148.19,44,8,39.3,9,5.49,4,14.63,0
151.99,62,6,37.65,7,6.22,6,22.83,1
102.52,54,4,49.29,6,5.47,4,20.39,0
149.86,54,10,26.61,9,8.04,5,21.26,0
146.94,62,7,39.0,7,6.53,5,24.01,0
152.64,85,5,26.74,7,5.6,6,20.77,1
83.49,55,6,36.93,6,7.04,5,25.07,0
119.67,53,10,60.23,8,5.03,5,22.47,1
89.64,49,8,44.7,5,5.78,4,35.16,0
172.68,92,8,30.73,8,5.38,5,17.28,1
117.42,56,6,36.01,10,6.25,6,8.89,0
91.81,76,6,45.06,4,6.37,4,26.85,1
134.58,61,6,42.02,7,6.96,5,19.66,1
161.45,77,11,43.85,7,6.92,4,23.98,1
132.23,62,7,33.62,9,5.03,4,14.05,0
123.59,82,8,35.19,8,5.25,5,20.93,1
91.79,75,6,56.42,5,4.6,5,28.31,1
117.2,85,7,36.67,9,4.96,6,16.65,1
176.71,33,7,40.64,8,4.7,4,20.49,0
177.83,57,6,29.49,7,5.84,5,24.75,0
133.13,63,8,42.22,7,4.93,4,23.48,0
167.69,34,6,39.28,8,5.7,4,12.45,0
158.02,73,8,34.41,7,5.32,5,27.16,0
146.86,41,7,36.47,8,5.3,6,27.94,0
92.12,61,8,35.74,8,5.81,5,23.82,0
86.45,63,5,58.17,2,7.13,3,27.73,1
164.77,61,9,26.49,9,6.75,6,20.42,0
168.04,64,6,56.54,4,5.55,5,29.98,1
176.57,67,6,28.36,10,5.36,5,8.22,0
127.18,95,8,26.25,8,6.36,4,15.86,1
123.07,80,8,36.76,5,6.74,4,30.71,0
126.33,68,10,31.97,8,4.41,2,16.12,0
151.17,59,6,39.95,8,5.85,6,15.0,0
137.76,60,7,37.9,8,4.71,5,19.79,0
95.48,76,4,30.46,7,6.57,6,19.57,1
140.12,72,8,39.16,6,6.36,5,28.46,0
87.59,67,7,34.32,8,8.27,5,12.5,1
122.78,67,6,39.05,8,5.47,6,20.11,1
105.32,56,8,37.05,7,5.88,5,23.55,0
153.96,74,10,44.27,9,6.62,5,11.13,1
125.64,77,7,60.97,6,3.41,5,28.97,1
150.2,61,6,41.08,6,4.24,4,24.77,0
165.73,37,7,31.63,7,6.4,5,24.81,0
155.6,77,9,46.87,6,6.77,4,24.5,1
116.54,84,6,30.34,8,4.23,6,24.15,1
119.26,70,10,34.34,8,3.64,3,26.12,0
157.41,53,7,32.13,8,3.34,3,21.62,0
181.83,70,10,31.9,9,5.79,5,22.71,0
143.02,65,11,48.4,10,5.98,5,13.34,1
149.78,53,8,26.83,6,8.28,4,22.28,0
115.65,60,7,39.19,9,6.39,6,13.99,0
130.78,82,3,55.56,3,5.5,4,25.73,1
160.36,62,5,47.59,5,4.55,5,31.82,0
136.59,56,8,40.85,6,5.73,4,30.54,0
123.9,73,4,33.22,7,6.79,5,16.96,0
120.61,41,6,23.94,11,4.39,5,7.97,0
74.71,70,5,61.16,3,5.46,4,27.83,1
97.18,57,7,21.26,8,6.83,5,21.93,0
127.76,35,4,30.22,6,8.03,5,19.4,0
151.24,59,7,41.79,7,5.63,4,17.31,0
140.22,72,6,59.38,5,4.59,5,28.79,1
134.85,79,8,49.67,6,5.72,4,25.77,1
76.56,76,8,40.76,8,5.75,5,19.31,1
121.82,44,6,30.56,9,4.05,4,15.66,0
144.03,53,7,33.04,8,6.45,5,21.64,0
157.89,52,9,34.21,9,6.63,6,25.47,0
135.83,72,8,40.55,9,6.66,5,13.53,0
157.85,41,9,41.06,7,6.83,4,24.24,0
163.81,52,8,28.61,9,4.35,4,15.28,0
112.12,80,7,48.99,4,7.69,3,22.32,1
133.48,76,9,49.49,5,7.18,3,23.82,1
120.64,48,6,39.98,6,7.59,5,21.08,0
117.12,64,7,34.18,8,6.25,6,20.61,1
176.64,84,4,51.29,3,6.38,4,23.76,1
156.72,46,10,56.53,8,6.74,4,18.75,1
128.91,61,7,42.2,9,5.18,7,22.47,0
168.57,64,9,29.46,8,3.56,4,21.71,0
114.0,54,9,28.99,8,6.11,5,27.16,0
136.58,57,8,33.44,9,5.11,4,14.1,0
123.04,88,7,38.36,8,5.38,5,18.45,0
96.95,59,10,56.79,7,4.89,5,31.41,1
132.84,80,8,41.21,5,6.98,4,24.52,1
117.02,54,9,32.91,9,5.96,6,26.03,0
172.17,71,7,32.1,9,5.13,5,13.9,0
128.74,50,7,32.13,8,6.94,5,19.92,0
121.7,86,11,44.18,9,5.94,4,11.3,1
156.92,71,5,26.55,8,2.95,4,19.6,0
50.33,44,6,40.37,6,3.23,4,29.74,0
164.92,47,6,38.29,8,5.23,6,22.23,0
144.37,30,10,16.47,10,7.72,5,26.01,0
170.05,71,3,30.87,6,7.12,5,20.63,1
145.58,77,5,30.18,7,5.5,6,24.3,1
131.54,71,7,46.39,7,6.4,6,22.27,0
57.36,69,9,36.04,8,5.72,4,14.17,0
130.55,58,6,56.71,3,8.16,3,27.03,1
130.73,63,5,55.79,3,5.79,4,30.37,1
164.18,67,8,42.95,7,5.33,5,21.38,0
142.3,54,8,46.56,6,4.83,4,26.7,0
77.75,64,5,58.52,3,6.93,3,27.58,1
219.87,70,7,45.96,7,4.34,6,31.87,0
149.35,34,7,37.24,9,5.8,4,6.88,0
169.25,49,8,30.92,8,3.2,3,20.82,0
146.08,37,9,52.2,7,6.33,4,21.06,0
98.25,75,6,36.62,8,5.66,5,13.18,0
124.35,69,10,25.5,9,6.31,6,27.26,0
119.47,101,9,29.74,8,5.62,4,17.97,1
108.65,43,10,54.07,6,5.77,3,27.88,0
152.91,53,6,37.13,8,5.04,6,26.4,0
125.61,57,6,33.23,8,4.0,4,18.39,0
171.52,77,6,33.34,7,5.25,5,25.29,1
105.8,44,8,38.48,7,3.19,3,27.38,0
99.19,55,8,25.83,9,6.06,5,22.04,0
147.38,75,6,49.98,5,4.92,5,29.69,0
99.71,50,7,29.56,7,6.0,5,25.18,0
122.34,82,7,30.32,9,5.8,6,17.6,1
150.89,44,8,46.16,8,6.18,5,18.38,0
114.12,63,10,37.08,8,4.67,6,32.3,0
163.72,88,8,38.99,7,5.39,4,19.53,1
178.81,91,9,41.67,6,6.77,3,21.2,1
176.0,73,6,35.34,8,5.8,6,20.66,1
171.18,42,4,35.78,7,5.87,5,22.52,0
123.93,68,7,32.8,6,8.54,4,15.97,1
98.35,76,8,32.87,8,4.3,4,20.96,0
112.37,48,6,47.39,6,4.11,5,31.81,0
213.23,46,7,29.77,7,7.11,6,25.1,0
164.85,65,8,47.45,7,6.07,5,20.52,1
142.53,66,9,50.52,8,6.25,5,16.32,1
154.9,52,6,47.21,5,7.63,4,22.61,0
106.98,84,9,40.44,7,5.97,5,24.83,1
176.41,93,7,23.08,9,6.62,5,12.24,1
131.05,59,8,34.45,9,5.23,4,14.73,0
112.93,33,5,43.7,5,7.69,4,22.36,0
153.49,76,7,56.63,6,4.5,5,27.83,1
142.02,51,8,31.34,9,4.47,4,14.4,0
158.51,61,7,24.61,8,2.82,3,17.97,0
110.38,79,7,45.43,6,5.72,5,26.4,1
108.33,66,6,42.02,6,4.65,5,29.87,0
91.9,63,13,41.63,9,5.82,5,29.98,1
134.67,68,6,53.55,4,6.89,4,26.85,1
143.95,60,7,34.12,8,4.87,4,15.88,0
108.03,50,9,34.54,9,5.11,4,14.32,0
111.19,47,7,45.34,7,5.95,4,16.45,0
105.58,49,6,39.56,7,4.37,5,22.18,0
99.79,69,5,29.37,7,6.52,6,20.92,1
185.41,33,3,44.95,5,4.25,4,24.2,0
164.93,61,7,32.72,7,8.3,5,16.75,1
206.96,21,8,45.31,8,5.63,4,19.32,0
175.67,51,8,42.13,8,5.05,4,22.57,0
141.24,89,5,22.0,7,6.01,6,20.97,1
143.1,69,5,56.73,2,7.24,3,26.03,1
146.78,93,7,32.95,7,4.89,5,22.13,1
155.04,63,7,33.07,5,7.89,4,26.28,0
136.55,71,6,37.65,5,7.51,4,23.37,0
117.42,57,6,52.05,5,5.36,4,25.73,0
120.34,62,6,52.52,5,6.07,5,30.25,1
134.08,47,8,28.92,7,6.96,5,28.26,0
106.28,58,7,44.29,5,5.4,4,33.4,0
119.81,71,9,45.11,9,4.31,6,21.24,1
194.53,50,7,41.1,8,5.76,4,14.25,0
131.31,50,10,22.97,8,8.18,4,22.73,0
184.57,84,7,41.62,7,5.66,5,19.85,1
98.57,54,9,44.87,9,6.31,6,17.02,1
104.17,63,7,37.81,6,6.33,5,28.19,0
172.86,63,6,43.77,7,5.89,5,18.06,0
172.67,66,8,31.01,10,4.96,6,19.74,0
128.66,82,10,38.41,6,7.37,3,22.94,1
127.47,69,9,43.66,8,6.93,5,13.82,1
95.83,72,8,38.45,8,5.63,4,15.62,0
122.2,63,5,23.53,9,3.77,4,11.19,0
84.16,52,8,50.46,9,6.18,6,17.53,1
126.9,74,6,43.0,6,4.72,5,25.89,0
140.29,80,6,33.92,7,5.32,6,21.82,1
106.45,66,8,39.01,6,3.78,4,27.23,0
116.66,77,10,47.86,6,6.84,3,24.07,1
101.68,68,6,58.23,4,6.77,4,26.34,1
158.58,60,8,23.9,8,6.93,5,24.96,0
141.93,47,9,36.92,7,6.09,4,27.72,0
76.06,67,8,57.33,6,4.85,5,29.53,1
147.76,51,6,39.59,6,3.88,3,23.64,0
112.5,84,8,36.92,9,4.93,5,18.77,1
173.33,52,7,64.8,3,7.15,3,29.44,1
168.25,50,5,46.6,5,5.75,5,29.6,0
90.17,88,3,54.78,4,4.9,5,25.01,1
125.59,95,6,28.63,8,5.64,5,17.32,1
99.99,90,5,34.09,6,5.47,5,21.68,1
110.82,39,7,38.67,9,5.78,5,12.77,0
116.82,70,5,51.93,2,9.11,2,23.23,1
149.78,44,6,35.38,6,7.25,5,23.95,0
135.57,65,7,43.47,6,5.37,5,30.75,0
125.01,43,11,29.28,9,6.56,5,27.74,0
60.06,88,7,41.73,4,7.81,3,20.88,1
124.49,65,5,38.11,7,5.49,6,23.88,0
142.39,51,8,32.06,8,6.37,6,24.32,0
153.91,59,5,26.38,7,6.5,5,20.62,0
113.39,64,9,36.67,9,6.17,6,17.62,1
165.89,65,6,44.19,8,4.77,7,21.59,1
149.96,77,7,56.44,4,5.98,4,25.25,1
144.26,56,7,35.87,8,4.73,5,18.87,1
139.87,92,7,14.41,7,6.62,5,21.54,1
163.43,69,7,43.24,7,5.54,4,21.39,0
140.3,51,5,40.98,7,6.53,5,18.82,0
185.77,52,7,37.79,7,5.88,6,25.17,0
92.61,74,11,38.93,5,6.2,4,37.72,0
148.81,46,6,43.33,6,4.7,5,29.77,0
181.37,80,8,29.71,9,4.78,4,14.31,0
139.77,38,7,42.27,7,4.71,3,20.79,0
94.61,66,8,32.04,7,6.5,5,26.72,0
132.81,64,10,40.86,8,6.8,5,23.1,0
91.02,55,7,34.79,6,6.41,4,24.91,0
158.44,63,4,62.64,5,3.76,6,32.96,1
110.33,83,9,46.84,6,4.32,5,35.82,0
131.12,40,8,42.54,7,4.05,3,25.01,0
91.25,57,6,30.4,8,3.7,4,18.02,0
147.93,85,10,34.37,10,5.74,5,13.66,1
124.36,75,6,38.33,7,6.03,5,20.76,1
161.26,58,6,32.8,9,4.71,5,14.01,0
93.08,21,5,39.19,7,4.04,3,18.88,0
84.06,56,7,38.31,9,6.06,5,13.51,0
139.63,25,5,29.06,10,4.33,5,10.72,0
96.32,83,8,37.16,9,5.12,5,17.84,1
95.03,50,5,38.38,8,3.66,7,30.3,0
160.31,73,9,20.36,9,7.39,5,21.97,0
131.89,43,9,15.49,10,6.93,6,23.32,0
128.96,62,5,67.45,4,4.26,5,31.53,1
184.29,83,7,31.52,8,6.02,5,18.27,1
72.73,61,9,27.33,10,4.9,6,26.32,0
90.7,65,7,37.78,6,6.39,5,29.44,0
105.43,89,9,35.83,6,7.23,3,22.09,1
93.71,83,6,18.4,9,5.32,7,21.39,1
145.74,58,6,21.79,9,3.14,4,14.17,0
118.8,94,9,38.08,5,8.76,2,17.58,1
168.07,86,10,37.81,6,5.83,4,29.92,0
139.33,48,6,30.02,7,2.86,3,21.05,0
143.92,35,7,46.89,6,6.65,5,26.14,0
159.12,67,8,26.14,8,5.73,5,26.43,0
164.49,70,7,38.41,8,5.59,6,19.22,1
116.42,69,8,38.79,9,5.95,5,15.47,0
173.82,68,6,34.69,6,3.06,4,26.76,0
144.01,75,6,52.51,3,7.0,3,24.92,1
81.47,72,8,40.61,8,5.35,5,20.23,1
142.22,89,7,55.6,6,4.12,4,24.92,1
153.22,112,7,32.9,6,6.78,4,16.85,1
109.76,81,5,27.29,8,4.16,5,15.88,0
113.61,69,8,45.09,7,5.68,4,20.4,0
109.98,49,7,27.02,7,6.34,5,26.21,0
104.21,44,7,22.28,9,7.13,6,21.88,0
123.43,53,6,31.94,8,3.9,4,18.99,0
72.76,41,8,30.71,7,6.42,5,31.47,0
151.56,49,6,38.95,5,6.79,5,29.31,0
188.97,57,8,43.29,7,5.66,5,25.25,0
166.71,89,6,18.56,7,6.66,5,19.35,1
126.14,98,5,24.94,7,4.43,5,24.22,1
166.61,40,5,28.12,6,7.3,5,24.92,0
149.6,88,8,34.39,9,6.35,5,12.56,1
131.87,79,6,30.64,7,7.12,5,15.96,1
148.59,66,6,45.25,6,5.15,5,29.83,0
147.21,47,8,31.84,9,4.63,4,15.14,0
105.79,37,5,21.82,10,3.31,4,10.44,0
161.11,43,6,30.73,9,3.81,5,17.63,0
87.38,84,7,26.61,6,8.52,4,13.07,1
167.88,16,5,34.34,8,6.08,6,25.06,0
112.93,38,5,35.3,8,5.74,6,25.78,0
109.25,49,7,35.59,8,4.62,4,17.36,0
58.63,68,10,43.59,9,6.32,5,16.13,1
143.41,53,7,38.07,6,2.92,3,29.79,0
117.79,62,6,56.94,5,5.99,5,29.67,1
78.5,51,6,36.81,7,5.77,6,25.51,0
89.95,53,5,51.07,6,5.23,5,22.46,0
166.93,65,9,39.51,9,6.5,5,15.0,1
135.22,60,8,39.0,8,5.37,4,16.27,0
198.03,80,6,52.49,5,5.5,4,25.86,1
142.82,46,5,37.09,9,5.31,5,12.69,0
77.06,89,8,54.6,6,4.75,4,23.65,1
139.73,91,6,41.5,6,5.43,4,19.38,1
77.85,54,11,49.55,11,5.56,6,15.07,1
119.27,51,6,44.68,7,5.06,5,24.18,0
66.96,91,8,50.5,7,4.43,5,23.94,1
134.25,68,7,65.21,2,7.54,2,23.94,1
80.4,85,9,33.09,9,5.98,5,14.59,1
159.85,49,8,23.55,8,7.0,5,23.89,0
115.28,60,9,38.16,8,4.17,4,25.29,0
163.12,86,9,37.92,7,5.74,5,24.92,1
164.1,90,5,54.42,6,3.74,5,25.96,1
178.94,61,7,61.0,5,5.21,5,30.64,1
114.84,59,11,42.79,8,5.92,4,19.8,0
128.92,70,10,46.19,6,5.26,3,26.05,0
145.03,51,5,19.95,11,4.17,5,5.38,0
145.3,76,8,51.48,6,5.47,4,26.6,0
163.76,65,7,55.55,5,4.43,5,34.03,0
148.29,65,6,26.63,8,3.48,4,16.23,0
127.47,66,7,57.46,5,5.39,5,29.02,1
134.42,53,7,37.81,9,6.35,5,9.35,0
131.39,72,5,51.65,4,6.24,4,27.35,1
90.97,54,6,46.37,8,5.59,6,22.6,1
183.62,61,8,26.81,11,4.82,5,10.5,0
127.55,53,8,38.63,8,5.69,4,15.91,0
92.77,70,7,40.1,7,5.17,5,20.21,0
89.11,76,10,40.62,10,6.07,5,13.85,1
189.36,86,9,39.73,9,5.62,5,14.42,1
87.3,57,8,36.53,8,4.27,4,19.97,0
125.69,56,7,61.02,5,4.28,5,33.62,1
90.78,79,5,32.03,6,3.22,4,22.02,0
138.25,74,11,43.56,11,4.81,5,16.08,1
116.58,84,9,33.94,8,6.58,5,14.36,1
161.31,35,6,27.03,7,6.96,6,28.09,0
79.32,82,6,51.28,4,6.59,3,23.46,1
138.94,49,7,32.72,7,6.17,5,23.17,0
129.89,106,7,40.1,7,4.76,5,21.15,1
117.38,31,5,37.32,7,3.54,4,21.91,0
108.89,58,9,33.56,8,5.91,5,26.24,1
112.2,51,8,21.45,8,7.91,5,18.29,1
199.42,66,8,39.1,7,4.7,3,20.45,0
147.44,78,6,39.46,6,5.42,5,23.43,1
125.93,45,7,61.87,4,6.86,4,31.97,1
76.58,80,8,49.77,8,4.97,5,18.11,1
99.69,90,6,25.23,9,6.05,6,14.73,1
106.82,36,5,28.13,8,2.87,3,16.5,0
102.76,72,7,25.45,9,5.82,6,21.52,1
117.15,79,9,54.09,7,5.57,4,18.48,1
101.48,27,3,33.88,7,7.6,6,17.28,0
164.21,64,10,45.97,7,5.77,3,20.31,0
99.11,82,3,50.85,1,8.47,3,21.67,1
141.67,64,8,37.12,8,5.63,4,14.97,0
98.12,72,7,59.8,4,5.89,4,26.27,1
64.28,76,6,54.1,4,6.32,4,25.53,1
212.76,65,4,31.31,8,3.87,5,17.52,0
198.28,59,8,25.07,7,7.14,5,24.87,0
106.19,75,9,32.45,10,6.24,6,13.94,1
112.73,41,7,28.47,9,4.35,4,12.61,0
130.61,64,7,57.12,4,7.11,3,26.99,1
137.55,54,8,21.19,9,7.08,5,22.36,0
119.66,91,7,42.69,6,5.32,4,24.06,1
134.9,89,6,34.48,6,5.39,4,23.37,1
138.93,65,11,45.85,7,6.86,4,27.39,1
112.15,62,7,40.11,7,5.35,5,27.93,0
135.41,62,9,55.42,8,6.38,4,15.73,1
149.71,43,5,12.8,11,2.77,4,6.44,0
106.98,48,8,25.71,8,6.81,5,23.57,0
87.32,68,6,36.41,8,5.62,6,20.92,1
96.99,68,4,49.91,2,7.48,3,27.17,1
107.4,51,8,67.38,4,5.89,4,31.06,1
158.58,43,8,43.22,7,5.5,3,17.71,0
156.9,28,7,32.81,9,3.92,4,17.36,0
125.19,58,6,44.25,8,6.0,5,17.51,0
76.5,71,8,49.05,7,6.39,5,21.97,0
127.54,47,7,44.43,7,4.98,4,23.48,0
181.64,40,6,31.1,9,4.42,4,11.99,0
145.12,57,7,31.59,8,5.36,6,28.69,0
56.73,40,5,40.47,7,6.0,6,22.83,0
116.82,71,6,49.1,3,7.04,3,26.64,1
186.47,44,7,36.38,7,5.92,5,26.65,0
183.96,75,5,25.49,7,6.92,5,19.68,1
117.1,34,6,46.52,7,4.88,4,24.43,0
98.14,57,9,30.31,10,5.59,4,9.44,0
103.55,43,9,38.13,9,6.24,4,12.08,0
99.39,68,9,40.17,9,6.4,6,13.2,1
177.29,80,10,30.92,7,6.56,4,26.51,0
108.39,67,8,43.94,7,5.4,5,24.82,0
145.17,58,9,28.39,9,4.95,6,27.42,0
158.02,64,5,68.1,4,4.49,5,30.18,1
87.29,82,8,50.79,7,4.49,6,26.56,1
129.53,42,8,32.37,9,6.83,6,20.2,0
120.03,79,9,27.67,7,8.02,4,22.8,0
139.72,14,5,47.62,8,5.58,5,19.64,0
155.77,55,8,27.41,10,4.47,4,12.52,0
123.55,66,7,32.55,7,5.02,5,27.78,0
201.68,75,7,51.46,5,5.58,4,26.98,1
106.1,56,6,28.34,8,3.3,3,17.95,0
126.21,65,7,33.58,8,4.06,4,21.3,0
113.17,63,8,33.87,9,5.72,4,10.55,0
121.57,80,4,61.47,4,4.05,5,27.7,1
120.89,59,7,44.64,8,5.9,5,20.69,1
132.3,76,9,37.03,9,5.41,5,16.89,1
150.72,55,7,14.1,10,6.43,6,23.44,0
102.76,53,8,45.44,6,4.96,4,26.23,0
145.37,91,5,30.93,6,6.49,5,19.59,1
112.89,90,5,19.07,6,7.28,5,18.89,1
135.06,63,9,33.26,8,5.91,5,25.36,0
158.81,81,8,44.28,5,4.34,4,30.82,0
92.45,50,11,35.36,6,6.81,4,36.74,0
87.15,53,7,35.57,8,5.33,6,26.82,0
155.78,67,7,44.1,6,4.51,4,26.2,0
103.07,43,8,37.59,8,5.01,3,17.17,0
133.19,62,7,29.7,8,3.18,3,21.51,0
169.42,83,6,31.13,7,6.12,5,19.45,1
116.11,48,7,42.0,9,6.64,5,11.92,0
116.53,55,7,36.99,8,5.31,5,22.37,0
100.58,67,6,34.64,6,3.87,3,19.14,0
137.63,72,8,34.6,8,5.17,6,25.08,0
179.29,68,5,60.36,4,5.39,5,28.7,1
115.0,61,7,39.25,7,4.66,4,20.87,0
106.35,63,7,27.3,8,6.18,6,22.45,0
90.22,55,6,37.18,8,5.19,5,17.04,0
212.26,46,8,40.01,8,5.78,4,14.18,0
100.76,43,7,30.63,10,4.08,7,27.17,0
147.44,71,5,20.06,8,7.18,6,19.85,1
128.01,62,7,41.94,7,5.69,4,16.02,1
54.51,65,6,40.37,7,4.62,4,22.15,0
201.26,76,9,45.09,7,5.19,5,25.67,0
135.33,68,9,31.08,9,4.91,4,14.27,0
166.07,66,3,59.31,3,5.79,4,29.4,1
115.48,42,6,41.26,8,5.56,5,16.11,0
116.49,51,9,36.33,7,3.64,3,25.48,0
174.57,64,8,30.05,8,4.96,6,28.43,0
106.71,63,6,32.36,8,3.62,4,20.98,0
134.7,70,10,30.11,9,4.62,6,29.56,0
71.59,56,10,25.66,7,7.62,4,27.29,0
78.92,39,7,26.73,9,5.85,6,23.32,0
175.8,68,7,58.9,4,6.43,4,26.47,1
160.96,49,8,23.57,8,7.75,5,21.49,0
119.79,57,10,53.36,9,5.68,5,18.08,1
97.34,65,6,33.5,7,4.23,4,20.42,0
149.43,75,8,31.25,8,5.6,6,24.33,0
156.84,43,8,31.01,9,4.55,4,14.54,0
102.07,83,5,43.93,4,5.89,4,25.83,1
116.53,82,7,31.42,9,4.75,5,15.17,0
140.04,61,8,43.1,6,6.08,4,26.98,0
182.16,97,9,43.17,5,6.85,3,19.32,1
162.54,64,9,32.65,9,5.11,4,14.99,0
132.5,82,6,51.83,3,6.86,3,23.27,1
114.57,47,5,49.47,6,5.28,5,27.64,0
111.32,50,10,23.72,9,7.08,5,21.77,0
141.08,70,7,32.91,8,4.4,4,17.99,0
157.12,107,7,37.98,5,7.02,3,17.43,1
176.87,49,9,35.25,9,5.53,6,23.1,0
135.82,53,8,32.54,9,6.04,6,24.88,0
188.87,50,8,32.64,7,7.42,5,24.77,0
188.6,39,5,46.41,6,5.45,5,26.04,0
117.14,55,8,35.48,7,7.49,5,23.53,0
106.3,79,8,35.38,7,7.18,4,14.69,1
133.03,106,8,25.57,8,5.32,5,15.34,1
154.58,76,9,39.48,10,5.24,6,16.16,1
113.28,60,8,39.3,6,3.85,3,27.81,0
114.94,84,2,24.47,5,7.09,5,21.44,1
120.64,33,4,30.98,8,6.7,6,19.28,0
130.76,60,9,32.54,10,5.8,6,21.4,0
126.27,55,5,31.91,7,3.28,4,20.36,0
134.44,104,8,37.27,5,7.15,3,17.78,1
74.8,67,9,37.28,7,6.11,5,27.07,0
143.87,61,7,33.11,8,6.13,6,24.43,0
181.07,60,7,38.78,8,4.49,6,28.65,0
193.31,54,6,46.48,5,6.24,4,26.0,0
122.26,73,6,29.49,7,7.64,5,16.23,1
167.16,94,10,33.6,9,5.51,4,13.04,1
104.33,71,8,27.51,8,7.08,6,22.36,0
118.18,79,7,42.76,7,6.03,5,17.74,1
88.28,18,8,41.02,8,4.19,3,22.56,0
102.87,87,9,44.23,7,5.56,4,23.92,1
87.29,61,8,47.49,4,7.9,3,27.56,1
152.5,66,5,29.19,7,7.01,6,22.08,0
107.14,69,6,60.78,5,4.53,5,29.42,1
182.35,55,7,44.94,6,4.81,4,26.27,0
166.09,38,8,34.16,9,4.84,4,13.43,0
135.1,45,4,43.2,6,5.04,6,26.93,0
139.9,84,7,47.63,3,7.47,3,22.05,1
116.84,50,8,44.81,7,5.22,4,23.74,0
141.31,51,6,40.46,5,6.42,4,29.1,0
145.73,53,8,37.64,6,6.3,4,28.99,0
117.83,58,8,34.33,6,6.64,4,30.29,0
155.12,91,8,42.41,7,5.32,5,23.66,1
127.65,55,9,25.34,9,6.91,5,23.06,0
96.82,72,9,41.73,10,4.79,6,18.74,1
121.65,94,7,38.21,5,6.98,3,21.22,1
114.84,89,8,30.05,8,4.59,4,16.25,0
86.94,49,8,43.15,5,5.64,4,33.57,0
134.12,93,7,31.39,7,5.72,5,18.41,1
100.41,34,9,52.24,8,7.3,4,15.56,0
141.5,57,8,44.84,7,5.64,5,28.24,0
118.86,51,5,11.31,12,3.32,4,3.07,0
133.81,38,7,41.5,7,6.27,5,25.6,0
125.83,94,10,39.35,7,5.99,4,21.55,1
109.09,59,6,39.17,8,6.87,6,18.1,1
171.12,94,5,45.22,4,6.78,3,21.04,1
122.07,72,5,49.33,4,6.09,4,27.91,1
194.25,87,6,31.21,6,6.23,4,21.99,1
164.69,97,3,58.61,4,4.11,5,23.02,1
89.33,58,10,31.07,7,8.94,4,21.63,0
82.57,40,7,50.12,6,5.68,3,21.64,0
81.0,54,8,45.34,7,5.21,6,30.37,0
122.17,83,8,42.99,6,4.54,4,28.19,0
105.47,49,7,33.85,9,5.24,4,11.55,0
158.91,53,6,36.63,7,3.69,3,22.09,1
170.34,92,7,46.22,4,7.15,3,20.31,1
113.97,76,7,38.52,7,7.01,4,16.29,0
143.9,52,7,28.02,7,6.27,5,27.57,0
137.68,79,10,43.51,8,4.78,5,27.38,1
124.75,60,8,26.97,8,7.42,5,19.88,0
80.3,82,10,47.29,7,4.67,5,26.55,1
99.24,59,6,39.51,6,7.07,5,18.39,0
142.92,54,8,46.87,7,6.09,5,19.28,0
99.65,62,8,38.65,5,6.48,4,30.84,0
161.18,39,4,29.74,7,2.83,3,18.01,0
126.2,69,9,38.45,6,6.0,4,29.72,0
186.55,64,8,46.6,8,6.03,6,16.47,1
145.82,53,7,30.3,8,3.92,4,16.67,0
129.8,58,8,47.16,6,4.43,3,29.75,0
134.37,58,7,39.34,7,6.62,5,23.75,0
156.38,91,6,30.5,6,6.61,4,17.61,1
177.02,71,7,48.5,7,5.18,5,23.31,0
134.55,64,5,40.54,5,5.55,5,26.63,0
154.02,53,8,26.6,7,8.2,4,24.29,0
136.07,45,2,54.29,4,4.26,5,32.27,0
156.62,39,8,25.25,9,5.8,6,26.93,0
118.39,64,10,50.81,8,7.12,5,23.2,0
139.69,57,6,62.61,4,5.85,4,30.63,1
115.76,48,6,49.74,6,5.05,5,26.61,0
154.18,54,7,39.8,7,4.68,4,21.1,0
124.14,81,9,49.33,7,5.08,5,25.86,1
159.03,66,9,25.31,8,7.45,4,18.62,0
173.2,56,10,38.07,10,6.24,5,12.13,0
167.18,81,10,48.77,8,4.59,5,26.41,1
102.57,62,5,58.97,4,6.5,5,28.58,1
154.53,86,7,34.72,7,6.36,4,16.22,1
141.48,57,6,24.14,8,2.22,4,21.82,0
132.23,67,10,28.1,11,5.72,7,23.74,0
110.66,66,8,38.29,8,7.15,5,16.6,1
128.4,30,7,35.68,8,4.37,4,18.45,0
145.53,76,7,36.42,7,5.68,5,22.24,0
120.95,76,7,36.69,9,5.87,6,15.17,0
114.47,67,4,32.75,7,6.27,6,22.34,1
98.82,63,6,26.65,9,4.29,5,13.55,0
145.27,58,9,42.99,7,4.61,3,25.91,0
90.9,92,6,20.92,8,6.96,5,15.01,1
105.81,43,6,33.06,8,5.58,6,22.5,0
150.32,54,9,36.3,8,5.2,4,15.79,0
151.3,73,6,24.82,8,7.92,5,14.64,1
125.75,50,9,51.87,7,6.49,4,22.79,0
117.2,34,5,41.93,5,6.57,5,30.91,0
79.82,41,8,57.68,5,5.41,4,32.85,0
115.71,34,4,16.73,11,2.83,5,9.57,0
118.52,88,9,35.0,8,6.84,4,14.6,1
109.71,34,7,37.76,7,6.73,5,26.67,0
78.25,82,9,42.36,6,6.3,3,24.6,1
62.85,69,6,55.95,4,6.4,4,27.32,1
110.33,85,8,46.3,5,6.8,3,22.69,1
165.57,61,8,52.78,4,6.46,4,30.55,0
116.17,102,7,44.3,5,5.84,4,20.0,1
184.38,54,8,41.9,8,5.73,4,15.31,0
111.44,62,8,42.65,8,5.44,5,21.98,0
140.73,74,7,42.86,8,5.13,6,21.54,1
142.21,41,6,43.82,5,6.74,4,26.54,0
160.97,50,5,34.52,7,6.99,5,20.98,0
128.41,66,9,44.64,9,7.52,5,11.79,0
107.38,60,8,30.8,7,6.35,5,26.78,0
127.88,58,5,39.21,5,5.44,5,30.59,0
182.89,64,8,37.27,8,5.72,6,27.87,0
102.16,50,5,33.82,6,6.17,5,28.04,0
170.73,50,5,33.76,8,4.53,4,16.06,0
112.95,91,7,22.0,8,6.99,5,13.82,1
129.4,83,2,57.03,3,5.13,5,26.18,1
126.74,57,6,44.63,6,4.17,5,30.29,0
187.98,58,7,36.01,8,4.78,4,17.52,0
106.8,75,9,35.77,7,4.86,5,31.91,0
122.69,68,7,37.78,8,5.29,4,18.06,0
104.35,69,6,57.86,3,7.59,3,24.56,1
99.23,74,6,30.41,8,3.8,4,19.69,0
81.45,85,6,38.37,8,5.29,6,18.02,1
160.92,75,9,51.2,6,5.63,4,26.61,1
206.21,26,5,44.57,6,6.97,5,24.23,0
178.44,38,6,31.17,7,7.05,5,22.1,0
134.24,41,6,28.63,8,7.63,5,15.23,0
126.01,34,7,38.06,9,4.88,5,19.3,0
94.61,59,7,20.81,10,6.68,6,15.51,0
162.83,49,5,27.32,10,5.55,5,1.36,0
82.55,36,8,38.49,8,4.42,4,19.9,0
134.38,74,6,35.73,7,5.6,6,22.99,1
98.93,56,7,48.78,6,6.73,5,23.59,0
120.29,71,5,53.65,4,6.07,4,27.63,1
111.24,47,6,36.58,8,6.3,6,20.84,0
90.18,68,9,45.15,7,5.05,6,31.35,0
175.02,58,6,41.62,7,6.39,6,18.86,0
147.17,68,6,57.45,4,5.58,4,28.56,1
166.93,69,8,31.93,9,6.51,5,17.83,1
143.45,60,5,37.48,4,7.07,4,28.67,0
188.88,52,5,37.91,6,7.75,4,20.94,0
87.1,51,8,23.41,9,6.18,5,25.15,0
120.33,79,8,42.84,6,5.29,4,21.87,0
130.49,49,5,64.28,5,4.48,6,35.18,1
136.8,40,7,19.08,9,7.46,6,21.63,0
169.06,27,8,31.41,7,6.65,5,27.36,0
81.73,68,8,34.12,8,5.67,5,25.39,0
114.93,69,11,58.23,8,5.74,4,14.82,1
141.82,76,8,34.68,8,4.58,4,18.76,0
106.72,71,8,56.87,4,6.34,4,26.1,1
152.9,46,7,36.49,7,5.36,5,28.17,0
146.75,48,7,30.39,6,6.55,5,32.16,0
67.72,71,7,27.65,6,8.06,4,25.6,0
150.24,34,7,39.27,8,4.75,4,18.23,0
137.82,92,9,47.65,6,5.73,4,21.74,1
137.97,91,8,47.79,6,5.89,4,22.3,1
139.68,51,8,46.67,7,5.34,4,24.29,0
108.45,66,8,43.24,8,6.42,5,17.21,1
171.27,97,5,44.8,5,6.03,5,21.4,1
130.66,95,7,24.61,9,4.71,6,19.97,1
151.24,48,7,42.56,7,5.2,4,19.48,0
157.49,62,10,41.52,8,5.45,4,20.59,0
134.56,70,8,33.74,6,2.13,3,33.21,0
105.94,56,8,63.89,5,5.25,4,31.25,1
122.3,99,6,27.63,8,4.47,5,21.35,1
139.96,95,5,53.6,5,4.88,4,22.76,1
170.26,44,6,44.73,8,6.32,5,14.83,0
96.66,54,6,37.31,8,4.7,5,18.33,0
139.17,76,8,39.95,5,3.39,2,30.59,0
138.95,25,7,43.57,8,5.17,4,19.76,0
114.64,51,7,47.19,6,5.09,4,24.14,0
120.24,77,4,61.1,5,3.95,6,28.83,1
104.59,67,11,34.96,8,5.63,4,29.32,0
120.61,76,9,41.04,8,6.59,4,16.14,1
152.09,72,7,29.7,7,6.79,5,20.13,1
143.85,54,5,46.74,4,7.03,4,25.5,0
147.37,89,3,50.41,3,6.13,4,23.47,1
201.31,44,8,42.78,8,5.07,4,20.67,0
115.11,55,5,43.73,7,5.15,6,24.66,0
184.08,30,4,34.55,8,4.72,4,13.09,0
93.43,75,8,48.35,7,5.24,4,21.79,1
141.48,83,6,33.61,7,6.1,5,20.12,1
86.44,63,7,33.19,9,5.06,6,22.81,0
126.07,32,5,38.62,8,6.52,6,21.08,0
145.57,84,4,57.62,2,6.21,3,23.46,1
163.12,72,11,58.73,9,5.38,4,13.95,1
168.9,73,7,58.61,4,6.16,4,25.72,1
137.32,52,7,36.81,8,5.25,4,14.42,0
77.77,55,8,37.94,7,3.59,3,25.71,0
135.29,71,7,27.76,9,3.95,4,17.1,0
139.86,62,8,35.3,6,7.15,4,24.67,0
134.19,57,7,35.48,9,5.26,4,14.03,0
131.82,44,9,31.56,9,6.42,5,20.57,0
115.8,63,8,38.65,6,6.66,5,25.79,0
129.94,70,9,33.94,8,5.65,5,28.13,0
112.49,43,6,24.73,10,5.84,7,21.0,0
133.32,59,8,44.06,5,5.88,4,34.29,0
162.27,73,9,43.49,6,6.47,4,26.64,1
141.57,51,6,28.49,7,2.37,3,23.0,0
161.42,69,9,35.23,8,6.8,5,16.37,1
109.3,76,8,32.98,9,5.43,4,12.41,0
119.66,71,7,37.92,7,4.02,4,24.65,0
151.76,65,8,58.17,5,6.66,4,26.76,1
164.32,98,6,37.85,6,5.4,4,19.63,1
132.45,42,8,41.64,7,4.93,3,19.48,0
147.08,63,11,50.01,10,6.71,5,10.61,1
173.24,82,6,30.26,7,6.72,5,17.63,1
78.23,82,6,26.0,8,6.7,5,15.81,1
170.43,64,8,51.54,6,6.11,5,26.19,0
81.64,67,8,40.87,7,5.24,5,27.6,0
169.62,60,6,28.22,9,4.04,4,13.71,0
156.43,73,9,42.91,6,5.88,5,28.76,0
150.04,38,10,24.48,9,7.27,5,26.65,0
170.17,93,4,35.14,5,6.81,4,17.15,1
139.46,59,7,37.78,8,5.14,4,17.34,0
73.68,38,5,27.84,9,3.23,4,17.85,0
139.33,61,10,31.29,8,6.04,5,29.69,0
184.39,66,9,49.37,10,4.63,6,16.67,1
84.05,66,7,42.58,7,7.07,5,16.6,1
98.18,74,8,40.02,7,5.66,4,16.25,0
121.59,28,7,40.35,9,6.22,4,10.34,0
158.51,74,7,47.78,5,5.94,4,27.22,1
131.4,58,7,33.18,7,5.56,5,27.69,0
93.11,68,7,39.4,7,4.98,4,20.19,0
88.87,56,9,36.51,10,6.09,4,9.93,0
155.04,59,9,25.23,8,5.96,5,28.13,0
158.51,74,6,54.34,4,6.44,4,25.71,1
155.53,65,7,38.84,5,6.36,4,25.7,0
146.29,91,5,33.21,6,6.2,5,17.95,1
127.19,74,7,44.04,6,5.88,5,28.02,1
139.28,74,8,34.27,7,3.76,4,24.15,0
139.68,78,9,42.7,6,6.49,4,25.28,1
136.21,89,6,45.59,5,5.87,4,23.62,1
200.54,78,8,47.95,5,7.17,3,23.73,1
144.95,48,7,34.85,6,6.96,4,27.26,0
118.05,96,8,43.79,6,4.69,4,29.14,0
92.3,94,8,39.53,6,6.64,4,21.14,1
117.32,51,7,42.33,7,5.35,6,30.12,0
193.29,74,9,39.51,7,4.5,6,34.3,0
159.02,72,8,32.51,9,5.77,5,12.57,0
129.91,48,10,42.47,6,6.7,4,29.88,0
121.99,61,5,34.39,8,5.01,5,13.92,0
86.35,82,4,22.4,6,7.38,5,18.71,1
102.27,83,9,39.38,9,5.77,5,13.7,1
134.18,45,6,25.76,9,6.05,6,21.84,1
134.34,37,6,29.23,7,7.93,5,24.1,0
173.18,56,7,18.05,9,6.05,6,25.55,0
156.49,47,7,35.89,7,6.09,5,25.51,0
128.32,80,7,23.91,9,5.24,6,21.13,1
111.85,72,6,39.32,7,5.93,6,24.07,0
171.42,45,8,46.89,8,6.82,5,16.05,0
169.49,50,6,38.71,7,4.9,6,29.88,0
150.22,61,7,51.87,4,6.41,4,29.93,1
125.13,62,9,58.01,6,5.1,5,30.25,1
95.59,69,11,44.59,8,6.06,4,21.43,0
137.32,61,10,68.99,7,3.52,5,31.21,1
149.79,95,10,33.88,7,6.7,4,20.85,0
199.26,69,8,32.63,9,6.67,6,15.94,1
145.38,78,10,47.88,6,6.37,4,24.68,1
139.8,78,8,27.37,9,5.75,6,18.91,1
50.16,57,7,40.31,7,4.62,4,22.44,0
127.55,42,7,45.68,7,4.93,5,30.83,0
124.68,99,6,32.94,6,5.71,4,19.6,1
182.19,58,10,31.7,9,6.16,5,22.68,0
122.43,80,6,32.55,7,6.42,5,19.98,1
147.88,75,7,51.64,5,5.52,4,27.36,1
69.49,29,7,44.99,7,4.63,4,24.36,0
96.33,86,7,26.75,8,5.49,6,19.9,1
81.3,73,9,44.92,5,8.17,3,23.86,1
147.42,79,9,41.96,7,5.77,4,19.2,0
132.83,65,8,27.81,8,7.44,5,19.06,0
136.61,30,9,36.58,10,6.18,4,10.03,0
151.97,71,7,27.58,9,6.34,6,19.82,1
151.41,67,10,44.58,6,5.05,3,26.52,0
161.15,72,4,39.92,6,5.41,5,26.24,1
126.13,57,8,59.14,5,6.27,4,30.07,0
171.21,83,7,30.16,8,6.13,5,18.92,1
164.69,85,6,32.75,7,5.87,6,23.07,0
152.42,47,8,32.19,8,3.68,3,19.94,0
129.86,65,10,53.3,5,7.5,3,25.73,1
150.51,87,7,38.34,5,7.22,4,22.67,1
129.3,50,6,33.7,7,7.64,5,21.5,0
88.4,51,7,38.37,7,4.69,5,31.62,0
193.69,72,9,44.21,9,6.07,5,14.58,1
111.45,69,8,43.5,5,6.5,5,30.16,0
107.27,73,12,42.3,9,5.18,5,28.25,1
133.94,80,10,35.36,9,6.66,5,11.64,1
135.37,63,6,67.12,5,3.92,6,31.26,1
93.35,68,8,51.71,7,4.8,5,23.79,1
142.42,90,6,19.42,8,2.24,4,20.52,0
118.88,61,9,33.31,7,7.67,4,23.66,0
115.39,77,5,31.11,7,6.25,6,21.2,1
137.74,80,5,31.89,6,7.24,5,18.06,1
126.0,53,8,38.12,7,5.62,5,31.92,0
100.67,51,8,34.32,9,4.65,4,17.13,0
76.85,72,8,63.08,5,5.4,4,26.39,1
95.08,60,6,34.02,7,6.87,5,23.54,0
182.65,61,9,48.05,8,6.69,5,16.49,1
161.69,66,9,29.33,8,6.82,5,23.77,0
121.64,69,8,34.67,6,6.87,4,25.98,0
179.07,84,5,50.82,4,6.94,4,22.93,1
92.73,77,6,56.65,5,5.38,4,26.48,1
81.24,73,9,37.29,7,5.61,5,30.28,0
176.27,46,6,40.03,8,5.24,4,18.13,0
152.8,54,7,28.38,9,4.01,4,12.87,0
80.36,39,8,38.38,8,4.05,3,21.96,0
149.14,52,7,35.55,7,3.49,3,25.23,0
92.41,73,7,31.7,9,5.4,5,12.86,0
133.86,68,6,34.77,6,6.75,5,21.81,1
126.1,67,9,50.49,4,7.75,3,25.55,1
112.29,61,6,38.07,7,4.82,6,28.28,0
170.17,66,8,40.91,6,6.63,5,25.98,0
116.37,61,7,24.11,10,4.52,4,9.16,0
156.57,62,9,33.54,8,6.01,5,27.25,0
79.83,77,8,31.51,9,5.28,5,12.15,0
151.86,56,8,19.9,8,7.71,5,21.1,0
130.0,49,7,27.36,7,6.19,5,26.86,0
123.17,84,12,30.74,7,7.22,3,25.57,0
123.41,70,9,38.05,7,7.2,5,25.45,0
158.9,62,9,60.06,5,5.76,4,28.6,1
154.88,46,8,54.52,6,6.44,4,22.8,0
183.5,86,9,37.47,9,6.29,5,15.03,0
145.58,50,7,37.32,7,3.6,3,23.59,0
85.4,62,6,30.45,8,3.8,4,17.59,0
163.05,69,6,43.32,6,5.15,6,28.18,0
92.04,64,7,53.0,4,6.52,4,28.63,1
151.93,76,8,31.87,9,5.3,4,12.78,0
94.36,46,8,22.91,11,4.04,4,9.5,0
139.15,43,6,32.97,7,6.33,5,24.82,0
130.75,59,8,43.5,8,7.21,5,16.78,1
71.97,98,7,29.56,5,7.78,4,19.79,1
118.45,70,5,35.05,6,3.06,3,26.08,0
139.39,63,7,37.65,8,5.43,5,24.31,0
144.28,65,8,55.99,6,4.76,5,30.7,1
125.65,90,10,29.9,9,4.61,4,17.47,0
129.04,45,8,26.11,8,6.55,5,25.0,0
109.52,72,9,35.79,6,6.04,5,33.3,0
116.38,81,3,19.69,7,5.4,6,26.95,1
136.71,53,7,45.3,7,6.42,4,15.27,0
114.05,51,7,36.16,8,3.95,4,21.51,0
161.51,81,8,50.56,4,6.92,3,23.0,1
58.27,66,10,19.81,9,7.47,5,23.88,0
170.46,61,9,39.96,7,3.8,3,28.48,0
134.56,66,7,31.38,7,6.34,5,26.55,0
161.77,49,6,38.44,7,3.8,4,23.16,0
71.48,47,7,35.84,7,5.85,5,26.65,0
114.61,64,7,44.23,8,6.69,5,16.69,1
204.54,45,8,55.57,6,6.36,5,25.45,0
189.83,75,9,38.8,7,5.21,3,19.27,0
140.4,74,8,32.87,8,4.39,4,20.72,0
169.95,68,11,53.4,10,6.18,5,9.32,1
138.08,68,7,37.0,9,5.98,6,18.22,1
131.27,44,5,39.92,8,5.65,5,14.76,0
193.51,79,9,43.96,8,6.62,4,12.67,0
171.89,52,7,40.31,9,5.34,6,19.06,0
96.9,33,4,21.95,9,5.58,7,22.47,0
134.03,48,6,51.91,6,5.83,5,23.74,0
182.83,55,10,23.96,11,5.37,6,21.63,0
73.1,46,6,35.12,5,7.7,3,22.51,0
186.77,56,7,39.06,7,4.32,5,24.64,0
133.92,62,8,29.88,7,6.59,5,28.14,0
114.63,64,7,41.69,5,4.28,3,23.9,0
136.3,69,9,50.41,6,5.9,5,27.78,1
157.58,43,4,44.38,7,4.84,6,27.48,0
175.52,57,7,47.29,7,5.1,5,23.54,0
155.88,57,6,38.42,8,5.11,6,24.81,0
131.75,70,8,37.03,8,5.46,4,16.58,0
175.87,46,7,30.3,10,4.69,5,13.49,0
131.38,67,7,37.7,8,5.37,4,15.22,0
94.31,70,6,28.86,7,2.81,3,22.95,0
122.14,74,9,34.96,5,8.3,3,24.86,0
117.14,51,6,43.72,7,5.31,5,21.33,0
137.95,72,5,39.18,5,6.54,4,24.11,0
120.64,70,9,52.8,6,5.33,4,30.88,0
125.02,30,7,18.17,9,8.05,5,21.64,0
158.05,92,7,27.98,7,5.51,5,21.43,1
130.63,43,8,44.77,7,4.49,4,26.06,0
90.2,82,8,46.19,5,5.75,4,25.44,1
75.29,57,9,42.65,9,6.28,4,16.16,0
120.72,81,5,32.11,5,7.52,4,18.57,1
139.63,88,6,28.74,8,5.38,6,19.82,1
244.71,50,6,42.87,9,3.37,7,25.88,0
180.86,78,11,34.91,7,7.27,4,24.5,1
167.71,45,6,32.58,8,6.51,6,22.39,0
143.68,80,8,44.13,7,4.82,5,22.38,1
176.22,28,7,39.79,7,5.91,5,27.35,0
135.99,41,7,26.54,9,6.7,6,21.58,0
160.46,75,13,21.02,11,5.89,6,24.52,0
163.12,60,6,34.04,6,5.85,5,30.41,0
131.63,81,8,45.83,8,5.52,4,16.45,1
125.66,75,5,37.98,6,6.05,5,22.44,1
162.57,84,7,18.9,7,7.25,5,17.71,1
128.63,62,5,32.82,8,6.4,6,22.49,1
112.76,64,8,44.56,8,6.5,6,15.71,1
138.62,68,8,52.62,4,7.13,4,26.25,0
122.98,64,7,42.98,7,5.24,5,22.08,0
217.92,59,7,46.79,6,6.1,5,25.33,1
134.16,52,6,41.43,7,6.73,5,19.9,0
110.39,63,7,31.72,8,6.05,6,21.63,0
155.66,31,6,34.16,9,4.69,5,15.08,0
134.39,80,7,49.35,6,5.11,5,26.71,1
146.14,60,8,33.82,7,5.72,5,29.91,0
160.45,40,5,38.98,6,6.57,5,26.44,0
138.76,46,9,42.05,8,5.11,4,20.69,0
139.98,46,6,45.37,6,4.85,4,24.25,0
181.8,63,6,31.9,8,6.53,6,19.57,1
102.01,46,8,43.56,7,5.24,4,20.4,0
128.32,47,9,25.98,8,6.58,5,25.71,0
121.03,46,7,36.1,7,7.1,5,23.64,0
111.58,45,8,31.26,8,6.28,5,25.87,0
107.69,48,7,41.06,9,6.34,4,10.78,0
74.15,44,5,43.53,6,6.3,5,23.08,0
148.41,80,5,29.11,7,4.86,6,25.34,1
112.4,57,7,37.66,8,5.14,6,23.67,0
155.74,69,11,43.94,10,5.44,5,15.03,1
161.18,50,12,51.63,7,6.42,4,23.25,0
168.81,86,6,48.63,4,6.59,4,22.84,1
131.22,74,7,41.11,8,5.93,5,19.31,1
119.77,55,6,39.69,6,4.04,3,22.58,0
98.87,82,6,49.53,6,5.39,5,25.8,1
156.63,96,5,23.33,6,6.07,5,22.54,1
127.95,43,5,39.59,4,7.36,4,28.22,0
129.47,96,14,27.26,10,5.28,5,22.94,1
152.04,56,5,37.24,7,7.14,6,19.82,1
135.81,107,7,38.57,6,5.71,4,19.35,1
110.02,44,6,43.99,5,5.83,5,34.88,0
94.3,75,7,40.43,5,6.33,4,27.13,0
142.99,36,6,28.03,9,4.28,4,9.78,0
101.09,79,6,28.75,8,4.46,6,27.85,1
135.19,77,4,28.48,7,6.07,6,20.38,1
89.62,48,6,33.92,7,7.35,5,16.81,0
119.45,83,8,52.06,3,8.71,2,19.05,1
177.27,54,7,30.69,8,5.76,6,23.67,0
74.68,57,6,26.6,9,3.43,4,16.11,0
114.15,66,9,36.78,6,7.59,4,26.92,0
123.68,48,7,31.03,9,6.08,6,22.98,0
106.49,73,9,41.15,9,6.58,5,14.2,1
195.28,98,8,28.74,6,8.08,3,19.0,1
194.45,45,7,37.19,8,4.49,4,19.58,0
112.43,63,9,38.73,8,5.48,4,18.9,0
170.77,46,6,35.18,8,3.45,5,25.31,0
180.82,38,7,41.11,7,5.89,5,26.52,0
81.8,79,6,29.59,8,5.52,6,22.28,1
164.52,48,5,28.27,9,3.66,4,16.48,0
136.09,76,7,39.39,7,4.91,5,26.89,0
127.81,59,6,61.18,3,6.61,3,29.27,1
153.81,74,10,44.09,10,5.66,5,13.46,1
126.32,56,10,38.15,11,7.28,6,11.16,1
132.5,53,7,43.32,6,7.16,4,24.67,0
167.26,90,7,37.98,7,6.29,4,15.63,1
129.42,63,9,27.39,8,5.6,5,28.66,0
147.88,83,7,38.17,7,6.0,5,17.2,1
133.33,29,6,25.56,11,4.99,4,3.74,0
187.23,69,10,45.12,6,5.3,4,32.11,0
103.17,82,9,32.86,9,6.41,5,14.0,1
140.95,50,7,37.3,9,5.29,5,16.45,0
137.08,60,9,48.12,9,6.81,5,14.11,1
136.16,76,7,51.03,4,7.34,3,24.13,1
205.1,71,8,34.84,10,5.91,6,15.51,1
158.66,82,6,25.09,8,6.4,6,16.48,1
162.98,88,9,43.2,8,6.72,5,18.03,0
173.22,57,11,18.27,9,7.8,5,22.08,0
143.78,79,4,49.73,5,5.05,5,27.73,1
152.36,71,5,30.03,8,4.77,5,12.89,0
92.89,73,3,28.16,4,7.34,5,24.8,1
131.71,60,7,30.79,8,4.12,4,17.0,0
155.3,83,7,28.06,8,3.97,4,16.09,0
136.72,61,5,35.51,6,6.54,5,24.8,0
139.68,54,5,52.79,2,7.91,3,29.72,1
186.38,57,8,49.48,4,8.09,3,28.11,1
146.1,71,8,46.64,8,3.82,6,25.04,1
127.26,67,8,33.54,7,3.56,3,24.45,0
126.84,111,7,38.38,7,4.81,5,19.47,1
167.36,66,8,45.47,7,5.87,4,20.9,0
207.82,54,9,29.38,9,6.58,6,22.78,0
105.18,66,8,24.45,9,6.51,6,20.92,0
125.18,58,7,35.2,8,4.69,5,18.17,0
99.21,82,6,44.58,3,8.49,3,21.33,1
135.46,84,11,52.53,5,5.59,4,31.12,0
121.49,64,4,37.56,7,5.4,6,18.78,0
129.06,43,9,28.93,9,6.49,5,23.47,0
122.95,50,7,65.73,3,6.44,4,31.0,1
127.2,58,9,31.93,9,4.3,6,30.79,0
132.24,47,9,41.09,9,6.86,5,10.26,0
110.33,77,6,55.25,5,4.85,5,27.68,1
148.06,48,7,22.85,8,6.44,5,25.11,0
118.61,46,9,24.39,9,6.26,5,26.67,0
170.03,36,8,26.77,7,7.45,5,26.99,0
88.07,62,6,27.12,9,5.32,6,19.41,0
140.55,96,9,26.06,10,6.05,6,16.65,0
123.05,40,7,34.36,8,4.4,6,30.73,0
139.63,98,7,32.84,6,6.64,4,21.3,1
141.64,49,8,44.57,5,6.52,4,32.28,0
103.94,57,1,69.23,1,6.04,4,30.79,1
166.92,66,7,34.29,9,5.26,5,15.22,0
87.63,52,9,23.61,8,7.44,5,27.85,0
89.16,31,6,27.37,9,7.42,6,19.93,0
133.93,73,9,45.43,7,6.19,4,19.73,0
132.16,98,10,48.08,7,4.62,4,21.61,1
152.09,61,9,50.39,11,4.11,7,18.18,1
130.68,47,6,48.1,7,6.04,6,24.81,0
137.11,70,12,58.39,8,6.07,3,14.16,1
162.23,54,6,30.25,9,4.89,5,11.48,0
151.05,81,7,33.96,8,5.75,5,17.55,1
87.91,73,8,50.56,5,5.76,4,27.48,1
109.66,82,5,28.8,7,6.58,5,18.14,1
140.12,98,3,14.27,5,6.49,5,23.61,1
164.42,77,9,46.98,8,5.87,5,15.35,1
101.71,84,8,26.94,9,6.43,5,14.96,1
162.94,77,8,41.3,8,6.17,5,15.89,1
207.13,51,7,45.47,6,5.2,4,22.65,0
116.94,67,8,16.96,10,6.37,6,24.32,0
157.68,59,5,25.72,8,2.95,3,15.04,0
209.23,64,9,51.05,6,6.08,4,29.13,1
140.28,47,8,34.71,9,5.31,4,11.62,0
154.36,63,8,44.65,8,6.78,5,17.11,1
164.9,55,6,26.76,10,4.54,4,9.31,0
103.85,77,7,60.99,6,3.82,5,28.2,1
117.68,47,7,44.13,5,3.39,3,31.14,0
96.16,56,6,41.79,5,5.91,4,28.74,0
112.4,78,7,51.12,5,5.77,5,25.79,1
161.11,63,8,57.57,6,4.56,5,30.97,1
91.59,22,5,33.17,7,2.72,4,24.89,0
145.39,49,8,38.11,7,6.79,4,24.42,0
95.51,73,8,47.57,4,8.09,3,23.87,1
168.43,63,8,47.22,7,5.1,5,30.02,0
139.95,54,6,24.96,8,5.95,5,25.27,0
229.69,31,7,49.03,6,5.16,3,24.05,0
87.63,53,6,42.73,6,6.46,5,23.91,0
119.93,31,6,30.57,8,2.84,2,19.44,0
144.16,82,9,40.73,8,6.53,6,17.05,0
83.9,64,8,30.45,9,5.57,6,24.93,0
115.77,65,9,43.56,8,6.08,5,21.04,0
177.29,26,7,24.62,8,8.24,5,21.43,0
211.83,68,9,30.83,6,8.07,3,20.8,0
135.16,62,7,35.27,5,8.58,3,20.02,0
182.54,45,4,36.98,5,6.64,5,24.53,0
120.09,62,11,54.63,6,6.71,4,25.33,0
108.22,91,9,43.56,5,7.42,3,20.05,1
105.97,58,5,55.57,3,6.81,3,26.21,0
149.71,59,6,41.31,6,7.2,5,19.96,1
162.16,54,10,19.16,10,6.78,6,26.37,0
101.91,59,6,41.84,8,6.2,6,19.33,1
141.13,32,7,36.19,7,3.53,3,21.92,0
121.89,48,9,35.84,6,8.11,4,29.21,0
103.88,56,6,33.07,8,3.77,4,20.34,0
157.87,89,10,35.45,9,5.35,5,15.43,1
134.29,57,5,35.16,7,7.6,5,15.96,0
163.61,73,5,31.83,6,5.54,6,26.1,1
129.52,38,8,36.06,8,3.67,4,23.04,0
82.21,55,9,42.73,7,4.89,3,23.76,0
141.52,67,6,42.21,7,5.73,5,19.95,0
125.38,34,7,35.59,8,6.82,6,22.1,0
122.13,34,5,23.67,10,3.67,5,11.38,0
123.69,61,4,58.91,3,6.57,5,29.18,1
129.11,56,6,29.82,10,5.2,5,8.58,0
163.33,52,7,31.99,9,4.44,4,14.44,0
142.73,87,8,29.52,8,3.9,4,20.41,0
148.94,60,8,53.09,5,6.84,4,28.78,1
146.34,45,7,37.39,9,5.66,4,11.23,0
146.57,30,7,39.95,8,4.88,4,18.28,0
121.98,80,7,47.93,5,6.45,4,24.72,1
185.32,45,9,42.82,8,5.53,5,19.74,0
110.01,26,6,38.04,8,4.54,4,17.76,0
159.18,52,6,61.97,3,6.99,4,30.33,1
79.85,59,9,32.06,6,7.26,4,28.55,0
148.92,87,8,30.15,9,7.14,5,10.75,1
147.98,85,11,42.13,9,5.69,4,12.59,1
147.32,40,7,42.55,7,4.93,3,19.66,0
115.34,68,5,64.53,5,3.56,6,30.96,1
180.88,84,6,31.05,8,5.11,6,22.27,1
138.54,65,7,32.95,8,6.64,5,20.52,1
151.6,38,7,42.56,7,5.39,4,16.81,0
127.81,75,5,48.94,5,4.9,5,29.37,0
152.37,80,7,32.46,8,5.8,5,20.44,1
134.24,61,10,40.87,9,6.0,5,19.0,0
129.06,86,10,36.67,7,7.03,4,22.74,1
110.76,50,8,30.42,8,3.74,3,17.22,0
91.06,76,9,40.59,7,5.13,5,28.75,0
80.93,61,6,49.33,7,6.39,5,20.44,1
77.13,89,2,26.15,4,5.74,5,28.86,1
75.94,66,9,53.18,5,6.41,4,27.75,1
119.4,40,5,39.83,5,7.28,4,27.75,0
149.43,46,7,38.32,8,4.79,4,18.32,0
111.26,65,9,51.04,6,5.57,4,29.33,1
139.79,66,7,42.99,6,5.44,5,26.89,0
136.51,21,7,38.09,9,4.64,4,16.48,0
49.87,43,6,36.23,7,5.95,6,25.16,0
129.47,64,8,49.34,5,6.21,4,29.43,1
117.18,98,8,38.14,7,5.01,5,23.11,1
169.88,38,7,42.0,8,4.99,5,21.3,0
141.8,66,7,23.91,10,4.79,4,5.34,0
172.05,50,7,32.14,9,4.92,4,13.53,0
172.36,40,7,51.23,8,5.43,6,23.07,0
155.7,72,6,36.05,8,4.73,5,19.43,0
144.13,39,6,43.62,7,4.8,6,29.9,0
180.84,49,7,32.62,9,4.71,5,16.91,0
112.22,49,7,35.17,7,6.45,5,28.65,0
128.28,30,9,46.82,9,6.44,5,17.6,0
71.58,95,6,35.19,5,6.94,4,21.59,1
92.66,53,8,32.76,8,6.06,5,26.05,0
139.4,54,8,32.26,9,5.01,4,13.15,0
148.94,68,13,58.11,10,5.43,4,12.81,1
126.0,69,9,52.49,6,6.15,4,24.96,0
95.6,49,8,36.21,8,3.83,4,22.98,0
75.7,36,5,38.65,7,5.77,6,23.92,0
182.12,43,3,41.49,5,7.19,5,21.02,0
127.68,63,7,35.38,8,4.64,5,18.25,0
130.96,81,7,49.49,4,6.72,4,23.81,1
91.36,77,9,33.0,8,5.34,5,27.67,0
108.97,71,8,34.42,9,5.14,5,17.11,0
108.56,46,7,23.74,10,3.62,4,11.21,0
149.27,51,8,35.81,7,6.37,4,27.48,0
146.27,58,7,31.2,7,6.9,5,23.3,0
124.73,48,8,42.04,6,6.08,4,28.35,0
105.39,85,7,42.57,5,7.19,4,22.87,1
143.22,77,6,59.54,6,4.35,5,27.63,1
112.99,41,5,26.99,8,6.49,6,22.5,0
102.67,69,8,32.9,9,7.5,5,12.0,1
124.94,55,6,31.63,9,4.77,5,13.29,0
100.62,75,10,39.65,8,6.29,4,15.24,0
101.01,72,11,40.5,8,5.74,4,20.31,0
99.63,64,5,57.46,3,6.19,4,29.13,1
75.11,66,6,38.79,8,4.89,6,24.94,0
104.24,44,6,51.79,5,5.76,4,29.35,0
125.42,49,8,25.98,8,6.39,6,29.25,0
135.34,66,9,41.8,8,6.34,4,13.66,0
167.68,54,8,36.01,7,6.23,5,28.33,0
123.17,86,5,43.96,5,5.47,5,25.87,1
130.73,71,9,42.43,7,4.59,5,31.53,0
118.78,73,9,41.88,6,7.12,4,26.03,1
104.98,67,4,55.17,3,5.68,5,29.61,1
92.52,65,12,57.09,11,4.21,6,15.13,1
52.68,18,8,47.14,7,5.7,3,18.41,0
114.02,50,7,42.56,6,6.21,5,25.87,0
160.59,54,7,23.68,9,3.29,4,15.71,0
122.06,59,6,24.02,8,2.17,3,20.48,0
107.23,70,6,60.6,3,7.19,3,24.9,1
135.08,50,6,34.86,7,6.73,5,22.58,0
120.37,65,8,49.95,8,7.46,5,16.27,0
173.14,42,5,28.2,9,3.46,4,17.67,0
141.0,62,6,46.31,5,5.35,5,29.26,0
137.38,63,4,52.94,4,5.78,4,24.85,0
127.37,62,9,32.56,9,5.72,6,27.65,0
132.29,34,9,45.66,8,5.32,4,21.0,0
163.6,80,8,42.62,9,3.83,6,20.14,1
111.94,84,7,29.97,9,5.14,6,18.34,1
156.65,64,8,36.98,9,6.04,6,20.37,0
126.61,51,6,31.06,9,4.65,5,15.05,0
120.04,62,7,58.65,5,5.15,5,30.56,1
95.96,75,8,34.85,6,6.03,5,28.87,0
65.45,50,7,25.95,10,4.69,4,7.56,0
165.31,65,8,60.36,5,5.8,4,28.13,1
152.6,66,10,36.17,9,7.37,5,13.51,1
144.45,71,5,40.79,7,5.04,5,20.82,0
183.92,99,3,27.09,5,5.71,5,23.97,1
163.5,81,8,42.88,7,4.22,5,24.45,1
114.21,66,10,41.32,7,6.6,4,26.91,0
156.73,45,8,42.17,8,5.88,5,16.94,0
114.56,17,7,50.88,7,5.63,4,21.21,0
49.37,78,6,34.64,7,4.92,6,23.56,1
90.58,68,6,64.17,3,6.26,3,26.66,1
97.14,50,8,32.92,5,8.34,3,24.81,0
161.29,47,9,44.29,8,6.61,4,13.39,0
149.45,83,5,19.4,8,6.47,6,19.26,1
97.2,48,5,52.52,5,5.99,5,30.76,0
82.34,51,7,39.51,7,3.97,4,25.88,0
87.6,71,9,43.96,9,6.15,5,14.91,1
171.67,98,9,38.43,8,5.24,4,16.32,1
177.15,94,7,44.85,7,3.6,6,25.79,1
183.38,68,6,25.1,9,6.6,6,18.49,1
115.87,65,13,46.12,10,5.92,4,13.67,1
136.19,55,7,50.85,7,6.69,5,19.99,1
160.54,36,6,39.47,7,3.19,4,26.96,0
142.43,71,7,36.61,8,6.66,5,16.2,1
123.14,50,7,37.99,7,3.51,3,25.89,0
157.29,61,10,23.02,9,5.85,5,25.63,0
173.35,67,11,38.23,9,5.26,5,24.72,0
100.18,39,3,33.48,7,3.05,5,22.85,0
128.17,49,7,44.66,8,6.15,5,17.06,0
105.34,72,6,38.29,7,4.5,5,23.11,0
150.93,42,5,41.09,5,3.08,3,29.02,0
159.85,57,6,63.85,5,4.6,5,32.53,1
140.76,50,7,46.84,7,4.69,5,30.33,0
212.67,84,10,41.89,9,5.42,5,14.24,1
152.92,73,8,45.28,8,5.32,5,18.8,1
173.32,69,12,51.1,9,6.73,4,11.56,1
80.71,57,9,41.56,7,4.09,4,27.04,0
172.5,65,7,38.99,7,5.51,5,28.63,0
125.53,47,7,22.47,8,7.24,5,20.7,0
94.94,52,7,36.3,7,4.58,4,18.09,0
159.92,38,9,47.55,7,5.3,3,23.51,0
125.77,70,7,41.71,8,5.93,5,17.99,1
63.09,58,4,65.97,2,6.41,4,29.55,1
132.86,87,4,51.81,2,7.82,3,20.63,1
123.45,60,7,43.83,7,5.58,4,19.49,0
167.88,71,9,50.16,6,5.73,4,27.45,1
144.85,61,5,55.82,5,4.92,5,27.82,0
108.11,75,8,33.5,9,5.82,6,16.69,1
150.71,31,6,48.29,5,6.19,4,29.64,0
89.49,53,2,56.43,0,8.35,3,29.63,1
78.35,48,8,29.1,10,4.45,4,13.58,0
79.66,94,9,40.01,7,5.45,4,22.67,1
107.84,38,7,36.6,9,5.36,4,12.19,0
112.33,32,8,38.15,9,4.86,4,17.2,0
194.8,75,7,52.76,6,4.15,5,29.41,1
151.92,61,10,46.25,7,5.93,4,23.27,0
159.93,54,11,23.14,10,5.14,6,29.63,0
144.56,32,7,36.76,7,3.67,3,21.78,0
126.37,39,7,44.02,6,3.77,3,27.66,0
126.29,73,8,30.78,10,5.66,5,10.24,0
104.11,60,9,42.74,8,6.89,5,17.39,1
82.58,61,8,57.6,5,6.06,4,29.23,1
156.58,84,7,40.64,6,6.56,4,24.14,1
85.12,71,10,43.31,8,7.25,4,11.56,1
181.5,59,9,32.18,8,6.25,5,24.81,0
135.14,64,11,33.05,10,3.88,6,28.16,0
175.11,46,7,31.41,10,5.13,4,10.13,0
148.79,48,9,60.25,7,7.09,4,14.9,1
169.15,57,7,36.99,6,4.99,5,29.93,1
134.78,57,5,49.55,5,5.43,5,30.05,0
141.72,68,4,68.43,3,4.78,5,29.05,1
178.88,43,9,28.99,8,5.26,6,33.62,0
181.49,43,6,30.36,9,5.19,7,26.28,0
185.14,98,10,37.67,8,5.97,5,20.82,1
128.69,79,7,44.33,3,8.51,3,22.18,1
142.84,72,9,40.32,7,5.36,5,28.17,0
128.69,60,7,31.56,7,6.17,5,27.17,0
141.96,65,8,35.78,8,4.89,4,18.07,0
124.65,57,9,31.69,9,6.82,5,18.67,0
118.19,52,7,37.4,9,4.6,6,26.5,0
118.84,53,7,40.15,7,5.73,6,27.26,0
150.29,70,6,33.32,9,4.46,7,22.88,0
131.58,54,8,34.68,8,4.53,3,16.42,1
132.3,51,7,27.64,8,6.03,5,24.78,0
170.86,76,8,30.41,10,5.42,6,18.0,1
168.82,28,9,38.54,9,5.29,3,13.93,0
128.1,53,9,31.54,8,6.85,6,26.07,0
105.08,54,9,40.22,8,5.4,4,18.14,0
136.19,45,6,42.13,8,5.99,5,13.56,0
162.24,50,4,30.91,8,3.33,4,18.93,0
85.72,49,9,32.3,9,4.98,3,10.05,0
71.88,62,11,51.45,9,6.28,5,12.57,1
156.52,92,9,41.21,8,4.93,5,16.88,1
90.42,61,10,41.36,10,5.82,6,16.22,1
110.81,70,6,49.68,4,6.96,4,26.91,1
125.09,71,8,55.46,5,5.97,4,25.7,0
140.3,61,7,35.52,8,4.16,5,23.53,0
134.63,60,9,61.73,7,4.72,4,24.07,1
100.44,54,9,26.64,8,6.57,5,26.92,0
99.98,83,10,36.01,7,6.48,4,27.89,0
145.75,88,6,43.87,5,4.39,5,30.43,0
148.71,88,4,21.32,6,7.13,5,18.98,1
148.19,73,9,36.49,7,6.02,4,27.16,0
130.14,65,9,42.15,6,5.92,5,32.05,0
114.42,58,8,61.9,5,5.27,4,30.91,1
110.43,91,8,34.15,8,5.98,4,15.87,1
96.93,51,9,36.31,8,4.53,4,20.31,0
132.73,68,8,32.13,8,3.65,4,23.67,0
121.79,77,8,45.54,5,6.68,4,25.26,1
182.04,73,8,19.06,9,2.26,3,19.71,0
154.13,61,9,34.68,8,4.97,4,16.55,0
173.38,58,8,38.7,7,4.46,4,22.99,0
174.89,88,4,47.05,4,6.33,4,23.58,1
106.89,59,10,31.41,9,5.4,5,28.19,0
89.29,79,6,27.49,7,7.51,5,14.55,1
158.59,84,10,40.34,8,5.09,5,26.05,1
153.42,89,8,43.6,6,5.44,5,27.09,0
210.46,52,6,28.08,7,7.5,5,22.36,0
114.66,86,6,23.51,7,7.5,5,15.13,1
121.72,31,4,31.27,8,3.39,4,16.47,0
120.1,66,5,55.22,5,5.17,5,26.38,0
147.46,78,8,31.17,8,4.4,4,18.62,0
99.65,90,12,25.22,8,7.74,5,27.68,0
22.4,78,8,39.35,7,4.7,5,23.99,0
112.62,58,7,31.09,8,3.92,4,18.92,0
173.29,54,5,23.57,8,2.3,4,19.93,0
130.53,57,6,28.9,9,6.63,6,16.12,0
135.13,54,6,34.44,7,3.8,4,22.11,0
157.01,104,2,14.61,5,5.9,5,25.82,1
70.37,49,8,24.39,10,6.77,6,19.3,0
147.15,54,7,71.5,6,3.43,6,33.65,1
176.22,72,9,32.52,9,7.65,5,11.41,1
145.49,51,8,40.22,8,5.46,5,19.03,0
146.15,49,8,33.44,8,3.83,4,20.89,0
112.47,73,8,53.18,5,6.03,4,26.46,1
118.98,40,8,31.13,9,4.75,3,10.56,0
130.0,53,9,29.88,8,7.44,5,23.56,0
111.01,39,5,31.08,8,6.47,6,21.28,0
141.74,91,11,42.17,8,5.45,4,22.84,1
138.69,59,8,32.37,8,5.54,5,25.4,0
112.41,89,7,27.0,8,3.5,4,20.97,0
129.06,87,3,59.94,4,4.03,5,26.29,1
152.69,93,7,47.65,6,5.12,4,23.38,1
181.69,87,7,42.07,6,6.22,4,23.63,1
168.4,54,6,33.37,7,5.23,5,30.41,0
149.62,76,7,32.64,6,2.64,3,27.61,0
156.21,69,7,40.54,7,5.51,4,19.01,0
152.09,67,7,46.13,5,6.86,4,27.88,1
140.04,46,8,40.5,8,6.15,4,11.24,0
100.69,32,4,49.6,5,6.1,5,24.93,0
153.73,92,10,39.99,5,7.61,2,19.6,0
120.1,93,9,30.83,8,4.43,4,19.68,0
162.85,67,5,64.06,4,5.72,4,27.71,1
91.09,89,6,38.85,6,4.82,5,23.5,0
159.39,86,8,51.66,5,6.04,4,22.98,1
164.86,95,7,45.06,7,3.86,6,24.94,1
100.71,40,8,32.57,8,3.87,2,16.66,0
104.77,44,5,38.27,7,4.19,4,18.93,0
104.6,65,7,38.72,7,5.6,6,31.11,0
122.26,76,10,55.11,8,3.89,5,22.03,1
140.71,95,5,20.56,6,6.44,5,20.99,1
114.94,78,11,41.37,5,8.99,2,20.82,1
94.06,46,8,35.0,7,6.6,5,23.03,0
160.16,85,9,43.55,7,5.7,5,23.58,0
135.66,36,6,35.43,9,4.97,5,15.01,0
117.0,56,9,29.96,9,4.59,4,13.29,0
96.08,55,8,44.67,10,4.85,7,19.52,1
124.05,63,7,24.0,10,3.85,4,13.58,0
168.04,83,7,33.91,8,5.86,5,17.64,1
66.13,48,8,38.48,7,3.54,3,26.89,0
128.22,58,7,31.56,9,4.54,5,17.13,0
135.76,53,8,32.47,6,6.87,4,31.12,0
126.98,44,7,35.02,8,4.3,4,17.87,0
98.23,58,9,39.01,9,5.54,5,18.6,1
94.1,79,4,27.56,6,6.37,5,24.37,1
125.09,57,8,37.16,9,6.24,4,9.92,0
167.54,68,8,46.48,7,4.58,6,29.34,0
93.63,44,6,51.89,5,4.63,4,32.8,0
215.91,81,6,35.23,7,6.96,4,15.73,1
146.78,48,7,43.96,7,4.95,4,21.93,0
134.85,62,9,33.27,7,5.75,4,27.61,0
146.57,54,8,45.66,8,6.18,4,17.21,0
79.08,99,6,23.17,6,7.12,4,18.19,1
144.1,63,8,34.0,9,5.73,6,21.18,0
147.78,83,8,44.0,7,5.17,5,19.46,1
173.6,52,13,62.94,9,6.2,4,14.55,1
131.95,73,6,31.48,7,7.06,5,18.89,1
120.2,47,7,42.61,8,5.6,4,16.4,0
144.74,86,5,21.92,9,5.93,6,17.73,1
165.88,68,5,27.56,7,6.43,6,21.82,1
124.86,61,7,36.22,8,5.27,4,16.4,0
117.67,55,7,33.6,10,5.28,6,15.34,0
124.62,49,6,31.97,8,3.85,3,17.44,0
116.21,55,7,23.05,10,3.85,4,12.74,0
136.11,64,8,59.2,4,7.09,3,26.35,1
184.76,62,7,37.04,8,4.88,5,19.45,0
104.46,72,11,46.17,9,4.88,5,20.43,1
149.91,71,7,53.73,3,8.29,3,23.24,1
96.04,72,8,46.72,6,6.64,4,18.55,1
168.41,61,10,24.72,9,5.65,5,29.08,0
192.15,76,9,39.62,9,7.24,5,8.5,1
100.35,90,9,38.17,4,8.99,2,18.39,1
138.46,96,7,48.56,6,4.99,4,22.38,1
148.52,82,7,47.65,5,6.0,4,24.94,1
137.27,83,10,46.32,8,5.83,4,17.06,0
133.54,69,8,47.56,6,6.19,4,28.05,1
134.54,57,7,29.55,7,7.0,5,21.34,0
89.6,61,5,26.38,8,3.16,4,17.86,0
130.08,96,8,15.37,10,3.84,4,9.76,0
166.77,42,5,53.11,5,6.39,5,22.13,1
139.78,50,7,39.63,7,5.32,4,15.12,0
77.8,59,9,37.75,9,5.5,6,24.99,0
115.83,78,9,39.67,8,6.29,4,17.11,1
142.37,63,9,46.43,7,5.35,4,26.64,0
110.53,43,5,36.34,6,3.36,4,24.03,0
163.66,44,7,40.42,6,3.38,3,27.66,0
80.09,38,6,40.53,7,5.04,4,18.55,0
124.09,91,6,39.09,5,6.74,4,22.64,1
114.91,87,2,57.99,3,4.34,5,26.26,1
118.11,83,3,11.85,7,7.65,6,18.94,1
122.84,68,9,49.82,7,5.37,5,29.17,1
153.31,37,7,28.6,6,8.89,5,22.08,0
120.77,80,8,41.66,8,6.52,4,13.88,1
135.15,22,6,31.38,9,4.03,4,15.35,0
89.19,50,6,46.89,7,6.06,5,24.35,0
137.79,71,6,58.25,3,6.47,4,26.12,1
144.46,34,7,22.76,8,8.63,5,18.27,0
63.63,40,7,42.45,8,5.57,5,18.02,0
146.99,97,13,36.46,8,6.66,4,19.35,1
104.49,69,4,56.67,4,5.31,5,29.4,1
163.81,47,9,17.58,11,7.41,6,17.96,0
190.69,72,7,42.08,6,5.52,5,26.41,0
133.61,75,8,42.67,8,4.46,6,21.89,1
127.27,59,6,29.49,7,5.52,5,24.52,0
207.51,49,8,32.68,10,5.34,6,20.9,0
136.53,79,6,30.07,7,5.86,5,20.61,1
186.61,84,7,33.9,7,6.39,4,18.38,1
83.52,57,9,31.04,8,7.01,5,23.66,0
164.72,81,9,35.42,8,5.0,5,27.2,0
153.26,56,9,37.12,7,4.44,3,21.01,0
144.64,79,9,45.98,8,5.37,5,15.8,1
93.72,87,6,32.59,7,6.96,5,15.28,1
164.62,94,6,26.97,6,7.14,4,15.8,1
124.2,83,7,46.44,4,7.3,3,22.8,1
125.65,70,7,48.62,4,7.04,4,26.5,1
111.03,50,7,49.36,7,6.95,5,17.21,0
118.79,76,11,28.98,8,6.63,4,23.42,0
165.57,82,7,44.56,7,4.88,5,26.96,1
140.14,54,7,34.65,6,7.57,5,25.63,0
138.05,108,8,35.72,7,5.61,4,19.48,1
114.37,65,8,32.92,8,6.5,5,21.49,0
157.61,48,5,33.48,8,4.27,4,15.22,0
102.35,68,7,29.98,9,4.37,4,13.62,0
109.85,40,7,30.62,10,4.49,4,13.65,0
150.95,53,7,35.34,9,5.43,5,12.68,0
101.96,75,4,51.5,3,6.81,4,25.82,1
203.3,86,9,35.55,7,4.76,3,19.42,0
161.91,102,6,24.13,8,5.75,5,17.18,1
137.26,89,8,46.17,5,6.47,4,21.84,1
149.22,49,11,24.28,9,6.86,5,25.69,0
146.82,57,7,37.1,5,2.17,2,31.78,0
98.87,55,6,34.87,8,4.43,4,18.07,0
97.91,70,7,30.47,8,4.31,4,15.79,0
119.85,62,4,51.26,4,5.96,5,26.09,0
83.44,60,8,46.6,7,4.92,5,29.52,0
202.88,91,10,32.18,7,7.01,4,22.21,1
166.57,53,9,31.33,8,6.89,4,25.22,0
98.4,94,4,25.07,5,5.28,5,26.78,1
162.9,76,7,39.49,7,6.15,5,19.34,1
156.06,31,6,31.93,9,4.4,4,14.48,1
95.69,40,3,21.31,10,3.5,5,9.12,0
120.81,64,6,28.95,8,6.49,6,20.46,0
96.78,75,4,41.66,8,6.54,6,10.98,0
142.31,58,5,20.71,11,4.43,5,4.64,0
178.69,39,8,32.61,8,4.22,3,18.16,0
136.48,56,8,33.93,9,5.2,5,14.94,0
138.59,78,7,45.37,5,6.65,4,25.36,1
125.97,56,7,29.82,8,3.52,4,19.46,0
70.0,64,9,36.57,7,5.56,5,31.75,0
143.98,61,6,44.03,5,5.08,4,32.86,0
112.9,35,5,33.28,7,3.01,4,21.66,0
91.98,60,10,36.06,9,5.04,6,28.93,1
112.03,45,6,41.16,7,5.84,5,26.34,0
138.57,30,6,29.76,9,4.31,4,11.38,0
119.35,77,12,26.31,9,5.38,5,32.08,0
168.39,69,6,29.1,8,7.32,5,17.63,1
186.5,43,10,43.08,8,5.14,3,22.97,0
158.28,79,7,36.69,7,6.34,4,20.49,1
125.18,55,9,54.65,5,7.22,4,29.18,1
117.69,28,8,37.54,8,4.07,3,20.74,0
146.32,35,8,41.08,8,5.5,3,13.83,0
141.02,64,9,56.57,6,5.7,4,28.84,1
113.2,68,8,33.38,9,5.67,5,12.35,0
143.91,54,8,26.8,7,7.57,4,22.47,0
67.89,44,7,67.2,4,5.9,4,33.3,1
108.74,40,7,28.45,9,3.77,3,13.9,0
205.69,48,8,31.73,10,5.39,4,8.74,0
142.59,54,6,31.66,7,6.29,6,26.98,0
143.73,53,4,28.84,8,3.5,4,17.23,0
182.06,78,10,43.5,8,5.82,4,17.46,1
176.47,55,6,27.19,9,4.04,4,12.74,0
139.24,56,8,61.02,4,6.3,3,29.96,1
158.29,50,7,33.11,7,7.07,5,25.27,0
181.13,58,7,37.31,7,5.93,6,27.97,0
129.53,65,8,32.11,8,4.02,3,18.8,0
130.38,56,8,51.04,7,6.87,5,20.52,0
200.47,60,8,41.5,7,4.99,5,31.82,0
110.87,57,7,33.48,9,4.72,5,16.71,0
157.64,75,4,26.09,7,6.63,6,20.44,1
114.23,56,9,42.87,7,5.04,3,20.94,0
93.9,46,8,36.9,9,4.89,5,17.99,0
165.65,70,6,29.55,8,7.44,5,16.17,1
159.91,84,9,23.12,9,2.72,3,21.57,0
165.07,56,8,39.26,7,7.07,5,21.3,0
166.18,74,7,25.53,9,3.74,4,13.97,0
102.19,77,5,35.17,7,4.7,4,17.94,0
169.28,59,7,28.35,9,3.78,4,15.71,0
165.35,83,6,53.75,5,6.06,4,23.93,1
155.17,66,8,35.3,8,5.01,4,15.84,0
121.71,63,9,32.25,7,7.56,4,22.55,0
132.93,60,6,47.0,5,5.91,4,25.34,0
181.68,46,6,45.71,4,6.7,4,29.93,0
116.91,71,7,49.58,3,8.16,3,24.2,1
128.09,83,9,33.26,8,5.58,6,26.43,0
117.63,84,5,44.91,4,7.19,4,23.04,1
183.31,61,6,34.53,7,5.78,6,28.14,0
116.86,63,8,63.16,5,5.6,4,28.46,1
126.91,93,6,26.47,8,4.2,4,14.9,0
183.2,42,8,39.26,7,4.68,3,19.08,0
157.39,54,11,52.43,11,5.71,6,14.58,1
175.91,96,10,46.14,7,4.97,4,21.94,1
119.27,55,7,27.76,7,7.17,4,20.01,0
120.24,90,11,41.27,7,5.74,4,22.81,1
199.54,66,9,30.27,9,6.05,6,24.65,0
129.5,97,7,22.69,8,6.75,5,14.14,1
93.03,40,1,48.54,6,4.11,7,26.51,0
175.39,78,6,47.7,5,5.16,5,29.48,0
129.3,53,8,33.71,7,7.0,5,21.28,0
117.74,61,6,39.66,7,4.54,6,27.71,0
219.84,84,7,37.52,5,7.8,4,22.87,1
121.06,58,8,36.41,7,6.26,5,26.67,0
183.6,85,4,24.39,7,7.23,5,15.87,1
204.52,66,6,34.04,7,4.08,4,20.2,0
54.24,45,5,44.1,7,4.8,6,28.74,0
133.63,67,8,40.75,7,4.96,4,22.16,0
111.86,80,8,29.17,8,3.87,4,19.92,1
116.97,91,2,23.91,5,7.38,5,20.25,1
137.37,65,5,57.11,4,5.37,5,30.12,1
170.28,89,7,39.87,4,7.96,3,20.55,1
109.49,79,11,43.8,8,5.57,5,25.79,1
106.97,35,8,35.17,9,4.33,3,16.81,0
112.95,50,10,55.41,7,7.84,4,14.82,1
135.77,33,8,40.78,8,5.1,3,16.36,0
138.09,80,10,47.08,6,6.51,3,24.13,1
109.02,73,7,57.17,5,5.5,5,26.96,1
159.81,43,7,35.33,7,5.94,5,28.89,0
124.61,69,12,50.56,10,5.87,5,11.83,1
152.18,40,6,37.1,8,4.31,4,18.32,0
163.44,90,12,24.95,9,6.06,5,24.31,1
151.68,73,8,59.66,5,5.63,4,26.15,1
89.54,61,8,37.8,9,6.39,6,17.26,1
148.51,62,7,60.93,3,6.8,3,27.53,1
151.5,53,8,31.73,10,5.26,4,11.86,0
161.21,68,10,52.26,6,6.15,4,26.85,0
139.35,70,8,63.35,6,4.79,4,27.72,1
153.73,1,6,35.28,8,3.66,3,17.36,0
139.73,85,3,24.04,6,7.25,6,19.35,1
102.11,70,7,50.01,8,7.54,6,16.18,0
130.04,52,10,49.82,7,5.5,5,33.18,1
181.12,67,6,38.22,6,6.9,5,24.41,0
71.93,104,6,14.17,8,5.28,5,20.71,1
140.57,57,10,45.86,8,6.16,4,19.9,0
77.26,79,6,44.98,4,6.99,4,24.85,1
119.49,52,7,39.04,9,6.38,5,9.82,0
113.86,57,7,46.93,4,7.27,4,30.08,1
115.41,59,7,31.66,7,7.61,4,16.89,0
110.21,43,6,43.45,5,7.82,4,23.43,0
123.33,39,9,54.96,5,5.99,3,25.86,0
149.52,94,4,34.26,6,3.74,5,25.34,0
184.32,77,8,37.45,7,4.48,4,22.29,0
176.81,57,7,30.8,8,6.47,5,21.98,0
162.04,58,9,37.13,8,5.13,3,15.46,0
126.81,55,7,35.13,9,6.33,5,7.78,0
91.41,36,7,40.19,7,7.81,4,20.51,0
162.59,80,4,27.07,6,5.84,6,23.73,1
151.01,43,6,30.56,8,6.39,6,24.05,0
170.22,64,8,51.49,6,6.1,4,24.45,0
125.41,60,7,42.95,7,4.62,6,27.3,0
145.39,58,8,35.78,7,5.91,5,27.44,0
128.74,47,8,33.84,8,4.21,3,16.93,0
120.82,52,6,26.9,9,3.53,4,16.15,0
170.84,63,7,26.46,7,2.56,2,20.53,0
114.88,52,6,33.35,7,3.46,3,21.25,0
108.2,70,3,26.21,6,6.42,6,26.57,1
113.45,53,8,37.66,7,7.21,5,25.92,0
127.91,55,7,40.51,6,4.9,5,36.27,0
162.5,97,6,12.97,8,5.17,6,22.62,1
189.21,45,6,33.9,6,6.72,5,28.19,0
142.88,52,8,34.35,8,5.96,5,24.72,0
143.08,62,6,21.21,11,4.34,5,5.87,0
152.14,40,4,33.05,6,6.18,5,25.33,0
157.9,55,7,35.96,7,6.9,5,22.36,0
118.55,79,6,26.42,9,4.03,5,16.19,0
116.29,45,7,37.36,7,4.05,3,19.62,0
126.35,63,8,39.73,8,7.15,5,15.11,1
101.58,85,12,21.9,9,6.94,5,24.13,0
104.01,70,7,44.38,5,6.21,5,28.98,0
95.33,33,5,41.24,7,5.84,6,27.22,1
161.02,93,6,33.27,6,5.55,4,20.05,1
174.7,82,8,46.21,6,5.48,4,25.66,1
84.55,59,7,33.8,7,3.95,3,19.8,0
134.91,81,7,32.55,7,6.63,5,17.41,1
78.31,92,10,38.55,5,8.27,3,18.46,1
82.75,70,7,50.74,5,6.68,4,26.53,1
134.85,69,6,34.24,9,4.94,7,19.68,0
153.0,54,9,36.07,8,7.65,5,19.17,0
122.36,68,7,39.49,7,4.65,5,28.06,0
132.85,81,9,51.9,7,4.83,5,25.87,1
88.57,64,5,45.2,4,6.44,5,31.67,0
94.73,79,9,46.77,7,3.7,6,30.7,0
197.81,71,7,33.53,8,3.89,7,30.38,0
184.14,48,7,42.6,7,5.19,5,29.04,0
188.64,77,9,53.09,6,5.82,4,25.27,1
96.81,25,8,34.77,9,4.41,4,16.0,1
172.35,49,9,58.47,8,6.25,5,18.59,1
124.88,67,6,28.47,9,4.44,5,13.37,0
83.44,61,9,39.65,7,4.62,3,21.18,0
77.75,64,8,38.43,7,4.57,4,21.34,0
131.88,70,11,51.79,9,5.84,4,13.16,1
134.37,85,11,41.6,6,8.05,2,20.43,0
175.95,38,4,35.53,7,5.34,6,26.94,0
166.68,55,7,49.62,6,5.39,4,26.0,1
152.38,92,6,47.19,5,6.03,4,22.39,1
99.45,61,8,31.2,7,6.33,5,25.43,0
151.9,37,5,42.44,8,5.0,7,23.22,0
123.07,45,8,44.28,8,5.43,5,20.42,0
124.91,91,5,50.9,4,5.32,4,23.56,1
124.1,77,10,38.29,8,3.9,6,30.36,0
228.09,75,8,36.05,8,5.57,4,15.14,0
164.8,53,6,39.67,7,6.14,5,23.2,0
126.11,67,6,32.73,7,3.69,4,22.53,0
150.01,76,10,55.24,5,6.66,3,24.58,0
182.17,57,9,51.41,6,5.66,3,27.29,0
78.43,55,9,40.83,8,5.54,5,25.81,0
116.69,80,6,27.43,7,6.47,5,20.35,1
121.3,67,10,48.11,4,9.05,2,23.04,1
177.74,80,5,22.65,7,7.34,5,16.81,1
123.79,79,7,59.43,3,6.84,3,22.82,1
116.08,70,6,29.82,9,4.71,5,12.19,0
99.35,61,7,34.61,7,3.77,4,21.84,0
124.95,58,5,59.79,3,6.18,4,30.53,1
183.94,95,4,42.82,4,6.77,4,21.39,1
131.45,74,9,51.63,7,5.25,4,19.22,1
139.03,34,4,40.43,7,4.32,4,19.24,0
93.02,57,7,36.97,7,4.37,4,22.75,0
152.56,60,7,41.28,7,5.78,5,27.49,0
123.94,45,6,31.9,7,3.02,3,21.25,0
98.55,60,8,31.57,7,7.18,5,24.53,0
73.11,82,6,48.07,5,5.99,4,25.33,1
136.47,56,8,40.57,7,4.48,4,24.45,0
143.45,57,7,35.76,8,5.72,6,22.17,0
115.26,77,6,27.79,8,6.91,5,18.18,1
179.9,56,7,52.09,5,5.23,5,33.34,1
179.39,57,3,36.17,6,6.68,5,21.35,0
117.08,67,8,39.91,7,4.84,4,22.73,0
114.55,36,5,17.8,8,7.47,6,22.11,0
126.91,72,6,27.04,8,6.57,6,17.46,1
108.86,61,8,41.11,8,6.16,4,13.92,0
97.13,31,9,36.61,7,6.11,4,30.84,0
157.18,39,6,23.59,11,4.17,4,6.82,0
131.13,80,8,41.17,7,7.27,4,12.87,1
143.59,52,9,35.08,8,4.46,3,18.34,0
132.48,71,9,24.22,8,6.19,6,27.16,0
56.89,76,6,46.6,5,6.05,4,26.89,1
71.95,55,5,34.44,7,4.11,4,18.28,0
135.33,72,9,29.26,9,5.86,6,25.44,0
147.26,59,6,67.97,5,4.95,5,30.57,1
173.92,46,6,53.73,5,5.12,5,31.28,0
50.9,62,9,60.86,5,5.29,4,29.79,1
138.04,60,8,36.55,8,4.79,5,23.18,0
159.69,95,5,24.64,6,6.99,4,18.41,1
120.95,45,7,41.59,7,5.39,5,28.4,0
189.65,42,7,45.57,8,5.25,6,28.03,0
151.54,66,7,33.06,7,3.83,3,22.0,0
146.24,52,8,36.24,5,6.39,4,33.71,0
136.21,62,7,63.14,3,6.06,3,28.54,1
126.82,76,8,33.92,9,5.05,6,20.73,1
134.42,81,10,36.43,8,4.79,5,29.65,0
172.02,84,8,41.53,9,7.48,6,10.74,0
159.53,52,9,46.34,6,5.74,4,31.35,0
173.67,44,4,46.24,5,5.22,4,29.8,0
93.88,42,8,38.22,8,4.61,4,20.34,0
212.31,79,7,36.09,7,6.55,4,16.87,1
120.88,87,10,47.88,8,4.26,5,25.46,0
129.09,57,9,34.26,9,6.08,6,25.64,0
103.06,66,8,31.99,9,5.38,4,11.17,1
185.97,98,6,45.39,5,5.33,4,22.11,1
135.06,55,7,26.49,8,7.57,5,19.47,0
97.74,53,7,31.85,9,4.68,4,13.2,0
78.47,90,10,40.69,9,5.44,4,12.84,1
212.91,92,7,32.57,7,5.25,5,21.97,1
132.73,39,5,30.46,9,3.47,5,19.06,0
174.58,58,7,45.48,5,5.35,5,33.46,0
107.11,86,9,38.47,5,5.49,4,33.05,0
132.14,74,9,46.52,5,7.86,3,23.54,1
109.62,86,6,19.47,8,6.54,6,16.78,1
152.97,65,9,29.76,8,6.03,5,27.54,0
109.52,67,9,58.74,6,5.47,4,28.1,1
179.8,48,8,23.52,9,2.7,3,18.87,0
95.74,41,8,27.0,8,6.49,5,23.85,0
163.61,74,9,40.97,8,5.2,5,20.67,1
168.0,51,5,38.16,8,5.51,6,24.11,0
190.63,83,9,36.87,6,5.87,4,28.42,0
117.29,63,8,33.03,8,5.66,5,26.62,0
127.48,58,9,50.16,7,6.89,4,18.28,0
69.91,86,8,47.09,7,4.27,5,26.5,1
163.49,43,7,43.2,7,4.97,4,21.69,0
152.32,66,6,38.12,6,5.42,5,28.7,0
171.2,62,7,32.16,9,5.38,5,11.84,0
126.69,44,7,44.11,6,4.08,3,26.72,0
170.45,48,4,28.55,7,2.58,3,19.95,0
98.52,40,7,30.06,9,4.04,4,14.71,0
80.32,53,7,35.74,7,5.7,5,28.05,0
162.23,78,8,50.42,5,6.18,4,25.24,1
132.61,65,10,26.4,9,5.57,6,30.3,0
198.79,77,6,21.13,9,6.32,6,18.33,1
142.69,54,11,16.32,10,6.74,6,25.87,0
92.39,44,10,21.63,8,7.07,5,29.01,0
106.49,80,3,52.02,4,5.69,5,26.51,1
209.26,76,8,35.15,8,6.23,5,17.29,1
108.08,90,8,41.6,7,5.21,5,24.11,1
185.56,46,7,29.04,8,6.12,5,26.31,0
139.03,61,6,41.93,5,7.79,4,21.03,1
124.42,67,8,50.41,5,5.93,4,28.72,1
118.0,63,7,36.13,8,4.69,5,25.59,0
100.96,26,5,15.92,11,2.9,4,7.98,0
79.41,75,8,31.42,10,4.31,7,26.23,0
201.73,73,5,55.06,5,3.65,5,31.1,1
144.71,78,7,41.01,8,4.51,6,23.11,0
156.91,73,7,41.37,6,5.96,4,22.15,1
167.83,67,8,37.47,7,6.76,5,21.13,0
103.69,72,10,27.11,8,5.74,5,27.31,0
177.07,80,9,29.29,10,3.88,6,27.47,0
168.15,55,8,20.17,8,6.59,5,27.87,0
116.72,57,6,34.07,7,3.19,3,23.58,0
132.01,82,7,29.52,8,4.36,4,16.58,0
126.01,63,8,43.0,8,6.69,5,13.77,0
136.1,74,7,23.96,11,5.02,6,9.33,0
101.35,66,12,53.99,9,5.23,4,17.92,1
115.79,55,7,22.12,10,6.92,6,15.74,0
144.99,67,9,53.57,6,5.41,4,28.92,1
140.46,67,9,45.52,8,6.3,5,17.05,1
155.94,61,7,32.8,8,6.64,6,19.51,1
108.4,31,8,38.48,7,3.75,2,22.12,0
85.54,67,5,29.69,6,8.15,5,17.84,1
112.45,75,6,36.62,7,6.99,5,15.78,1
103.1,69,7,24.66,10,4.05,5,14.79,0
112.15,53,8,39.41,8,5.35,6,27.37,0
160.07,36,7,45.05,5,5.39,5,34.96,0
143.0,96,7,43.99,5,6.57,3,20.41,1
121.35,91,6,42.48,5,6.67,4,22.18,1
145.5,75,6,48.83,5,6.1,5,26.84,1
134.65,77,4,58.93,4,5.31,5,26.62,1
76.99,96,6,28.46,8,5.89,6,13.2,1
125.43,51,6,29.9,8,7.22,6,20.89,0
127.24,56,9,24.82,8,7.0,5,25.53,0
93.43,67,7,35.29,7,5.12,5,28.26,0
195.0,82,3,51.94,3,5.35,5,26.44,1
93.47,83,4,16.3,7,6.48,6,20.76,1
108.21,42,8,36.28,9,5.28,5,14.98,0
136.48,27,4,17.26,10,2.58,4,8.79,0
146.56,51,7,35.81,8,5.25,6,25.2,0
137.82,94,9,50.33,6,5.95,4,20.43,1
116.92,85,7,41.33,6,5.5,4,22.18,1
105.28,66,7,58.92,4,5.52,4,28.89,1
206.0,67,7,28.09,7,5.93,5,27.17,0
176.23,67,6,35.25,8,4.93,5,16.42,0
113.07,79,6,53.54,6,4.44,5,27.65,1
127.65,83,9,43.44,6,6.89,4,23.05,1
99.03,71,8,31.33,7,3.02,3,26.44,0
137.86,81,6,50.67,5,5.59,5,25.76,1
145.01,67,7,38.4,7,4.74,4,20.7,0
100.36,75,6,58.72,4,4.53,5,31.58,0
102.49,50,6,32.26,7,7.21,5,24.13,0
136.19,66,8,32.83,10,4.34,7,25.01,0
148.25,113,7,34.08,4,7.96,2,14.7,1
108.53,41,5,35.0,8,4.84,4,13.92,0
121.0,38,8,40.27,8,4.94,6,32.62,0
211.65,67,9,30.6,8,6.18,5,27.46,0
97.93,65,7,40.73,8,5.77,5,18.28,0
107.32,70,10,37.04,9,6.39,5,15.21,1
139.2,56,8,25.7,9,3.65,4,16.13,0
117.74,43,5,46.66,6,5.76,6,26.84,0
130.66,49,5,54.74,4,4.28,5,35.25,0
101.62,23,8,39.27,8,4.13,3,21.31,0
158.77,91,8,29.45,8,6.5,5,14.33,1
147.22,58,8,36.77,7,5.45,5,29.54,0
90.77,62,9,33.19,7,7.05,4,22.42,0
131.28,85,7,24.66,9,5.01,6,20.96,1
85.25,50,7,33.45,7,3.42,3,22.58,0
103.35,93,7,35.86,5,7.07,4,21.5,1
143.3,61,8,39.3,8,5.2,4,19.34,0
94.69,54,7,38.71,5,7.29,4,27.55,0
123.68,65,5,55.56,4,5.4,5,30.26,1
126.42,82,11,48.52,6,6.46,3,22.89,0
184.18,65,8,30.91,8,3.35,3,23.2,0
146.51,91,12,49.25,9,5.62,3,10.55,0
125.49,63,6,35.95,7,4.34,4,18.71,0
152.98,52,9,37.04,11,6.64,5,8.79,0
146.63,47,7,38.01,6,5.83,5,29.72,0
93.74,48,4,33.18,9,5.27,6,11.47,0
108.39,54,7,20.84,10,3.29,3,11.49,0
157.3,81,7,39.1,8,5.54,5,20.08,0
144.73,83,8,24.99,9,6.29,6,15.99,1
130.82,49,7,27.07,9,7.52,6,15.23,0
171.57,53,9,38.79,10,6.47,5,12.25,0
87.53,65,6,40.14,8,5.96,6,18.96,1
125.9,72,8,37.93,9,5.36,6,20.08,1
144.5,36,4,26.96,10,4.97,5,5.22,0
160.85,88,7,53.39,5,5.62,4,22.87,1
122.84,89,8,30.47,8,6.09,5,16.49,1
151.05,54,6,36.97,7,4.23,4,20.21,0
86.11,88,5,55.55,6,3.14,6,27.19,1
168.97,82,9,31.58,9,4.92,5,20.35,1
173.24,66,8,54.49,6,4.25,5,31.49,0
119.16,68,8,27.94,9,6.49,6,17.44,0
152.44,52,4,40.6,6,6.0,6,27.87,0
177.31,74,7,40.54,4,8.22,3,24.67,1
173.72,63,5,58.9,5,5.05,5,30.73,1
169.16,44,8,43.56,8,6.05,4,16.89,0
136.37,32,5,43.63,6,6.24,5,24.92,0
146.52,74,6,38.86,7,5.9,6,19.54,1
113.19,60,6,51.97,5,5.93,5,27.5,0
101.05,40,7,40.18,8,5.24,3,15.02,0
154.59,57,10,57.29,6,5.92,4,29.99,1
133.34,41,4,49.76,6,6.08,5,25.25,0
125.35,40,9,44.68,7,4.93,3,23.6,0
194.49,84,6,57.19,6,3.98,5,26.53,1
103.16,41,4,45.99,6,7.02,5,20.29,0
94.53,75,4,59.22,4,5.13,4,27.62,1
149.46,43,6,37.64,7,4.49,6,30.63,0
119.64,63,6,24.08,10,5.02,5,3.4,0
247.79,56,9,21.29,10,6.58,6,21.47,0
94.75,60,8,47.24,9,5.23,6,20.19,1
127.3,45,7,38.74,9,5.46,5,14.89,0
177.68,55,9,43.51,7,4.82,3,23.24,0
104.88,67,9,50.54,6,5.76,3,23.54,1
70.05,56,4,24.71,9,3.32,5,14.68,0
153.43,61,8,33.13,9,5.52,4,11.71,0
124.62,80,10,44.26,9,4.25,5,18.44,1
115.63,86,8,48.26,5,5.96,4,23.53,1
161.75,40,6,41.47,7,4.56,4,22.42,0
139.41,45,6,29.79,7,7.41,5,24.63,0
160.62,77,5,49.55,4,6.76,4,25.22,1
124.96,57,6,37.58,7,4.51,4,18.29,0
156.13,56,8,49.81,7,6.45,5,22.14,0
151.63,59,8,55.74,7,6.58,5,15.64,1
115.92,78,4,21.16,7,7.31,6,18.88,1
153.97,55,11,44.36,8,5.65,4,22.54,0
133.98,56,5,64.44,3,6.22,4,30.24,1
136.64,75,9,43.6,5,5.23,4,32.56,0
99.3,52,8,32.52,8,5.96,5,28.29,1
132.79,50,9,30.91,8,6.9,5,25.58,0
175.23,80,8,50.8,5,6.27,4,24.1,1
160.83,71,9,33.78,10,6.63,5,13.88,1
81.1,56,8,45.02,7,4.97,6,34.26,0
107.79,78,7,28.68,8,5.65,6,20.56,1
143.08,62,9,50.08,6,5.77,5,30.06,1
131.07,53,7,43.26,5,6.48,4,27.28,0
185.96,71,12,55.76,10,5.01,5,11.65,1
150.52,45,6,42.76,4,6.07,4,33.32,1
99.56,74,8,55.33,5,6.52,4,24.88,1
92.14,72,8,34.35,8,5.89,5,19.94,1
185.5,66,9,41.51,6,4.14,3,27.2,0
145.66,68,6,28.25,8,6.09,6,21.35,1
176.15,58,12,31.88,11,6.33,4,9.87,0
171.68,84,4,21.2,7,6.49,6,19.71,1
129.81,70,10,49.59,9,5.7,5,13.26,1
133.93,62,7,28.11,9,3.79,4,17.73,0
119.26,30,10,42.99,9,5.94,4,16.57,0
132.74,63,5,37.74,6,5.83,5,25.4,0
105.62,28,3,34.64,8,4.05,4,14.67,0
147.69,34,6,21.57,7,8.41,5,23.21,1
162.89,53,6,46.4,5,6.2,4,27.71,0
153.27,74,6,61.47,3,6.56,4,24.52,1
153.01,64,7,30.72,9,4.68,4,13.89,0
97.19,45,6,38.55,7,5.11,5,29.47,0
124.77,79,6,29.93,7,3.52,4,22.1,0
152.19,65,8,26.06,7,7.48,5,26.03,0
128.66,73,7,25.22,8,6.99,5,17.52,1
159.36,74,7,53.8,4,6.6,3,25.29,1
136.18,31,5,32.26,9,3.83,4,15.54,0
192.74,85,6,44.76,5,5.5,5,25.5,1
177.98,78,7,34.05,8,5.3,5,14.14,0
134.46,46,7,38.43,8,4.22,4,22.51,0
140.81,74,8,58.46,5,5.36,4,26.55,1
128.18,72,8,33.36,9,5.85,6,17.32,1
92.05,55,8,34.25,9,5.18,4,13.44,0
126.1,67,5,55.98,3,6.52,4,27.94,1
118.69,49,6,42.83,8,4.77,6,25.94,0
107.6,71,6,39.68,7,4.95,6,24.83,0
168.63,66,9,39.43,9,6.41,5,12.94,0
143.62,24,6,80.0,4,4.41,5,40.0,1
133.01,86,9,41.94,5,7.7,3,21.21,1
93.18,73,6,29.93,7,2.81,4,22.96,0
111.92,82,6,30.16,8,4.77,5,14.53,0
84.87,69,6,35.99,8,6.94,5,16.12,1
108.98,79,8,30.97,8,6.32,5,16.52,1
128.02,48,7,30.0,7,7.18,5,22.71,0
109.62,49,4,33.69,7,5.49,6,23.81,0
150.69,74,8,54.61,5,6.45,3,25.29,1
101.15,70,6,28.97,9,4.43,5,15.06,0
134.84,42,7,42.0,8,5.69,4,15.4,0
163.31,57,5,40.45,7,5.26,6,27.15,0
156.01,44,7,33.28,8,5.96,6,26.39,0
107.76,67,9,46.25,7,6.87,4,16.18,1
135.78,70,6,35.82,6,6.48,5,26.75,0
140.58,59,6,38.43,7,7.09,5,18.43,0
135.68,74,9,38.63,7,5.85,5,27.74,0
101.88,71,7,39.32,7,4.72,5,23.04,0
120.26,45,7,29.44,8,7.11,5,21.09,0
109.77,36,7,34.11,8,7.52,5,21.18,0
113.23,60,7,34.17,7,3.01,4,26.1,0
136.55,61,7,29.83,8,5.44,6,25.13,0
145.93,67,7,29.87,7,7.5,5,19.46,0
98.44,48,7,26.13,9,6.45,7,21.5,0
146.84,85,9,28.97,6,8.55,4,21.84,1
140.82,45,8,39.18,7,4.27,3,21.93,0
132.4,85,8,40.72,7,5.74,5,24.89,1
144.62,15,4,37.99,8,4.32,5,17.05,0
151.55,57,4,56.12,2,8.01,3,28.31,1
152.97,45,6,34.21,8,4.75,4,14.72,0
65.06,42,7,31.29,9,4.95,4,11.36,0
110.97,119,6,33.84,7,5.01,4,17.8,1
126.3,74,9,59.88,6,4.08,5,28.22,1
151.31,62,9,53.32,6,6.15,4,28.92,1
201.16,77,7,35.38,7,3.89,4,24.68,0
154.11,49,4,45.26,5,6.06,5,23.62,0
186.64,79,8,29.71,8,6.52,6,25.44,0
177.79,54,6,41.96,6,8.03,4,17.71,0
215.16,65,6,34.99,8,4.31,5,20.08,0
148.68,80,9,46.78,8,6.62,4,11.14,1
139.65,71,8,36.69,8,5.39,5,16.41,0
162.74,61,5,43.02,5,5.87,5,28.31,0
97.18,59,10,53.88,10,4.7,6,19.74,1
150.39,40,7,54.38,6,5.65,5,28.25,0
115.05,44,7,44.07,8,4.35,6,30.96,0
137.49,42,4,49.84,6,5.58,5,22.52,0
139.69,83,7,28.74,6,7.08,4,19.13,1
158.66,68,6,26.97,8,2.99,3,19.73,0
119.77,69,9,34.01,9,5.87,5,12.38,0
137.83,84,6,27.07,9,5.62,6,17.05,1
159.01,58,8,39.91,8,5.16,6,28.01,0
147.78,38,8,51.23,8,7.26,6,18.08,1
140.07,55,8,19.19,9,7.42,6,19.56,0
139.0,96,9,43.93,7,5.33,4,21.75,1
151.05,64,10,33.52,8,6.27,5,24.94,0
162.34,46,7,18.88,9,7.92,6,17.49,0
59.82,82,5,67.22,4,4.23,5,25.59,1
133.11,60,8,37.22,8,5.3,4,16.09,0
134.79,60,6,35.51,7,4.26,4,17.69,0
141.35,59,8,54.79,5,6.29,4,29.76,1
152.02,80,6,42.68,4,7.8,4,23.38,1
171.32,45,6,36.86,6,6.06,5,29.75,0
129.86,47,5,41.59,7,5.0,4,18.77,0
187.7,58,8,47.8,8,6.18,5,19.08,1
124.42,86,5,25.35,6,6.91,4,21.63,1
133.51,60,5,36.66,6,6.45,5,24.66,0
185.82,44,6,72.29,3,5.87,4,32.95,1
95.6,88,8,33.63,8,4.83,4,17.07,0
191.67,62,8,37.6,8,5.06,4,21.07,0
104.94,57,7,36.36,8,4.57,4,19.32,0
174.88,67,9,48.22,6,4.87,4,31.17,0
137.44,56,8,46.42,6,6.41,4,26.94,0
106.95,73,7,35.23,8,4.36,4,20.15,0
132.57,62,4,48.16,5,5.16,5,28.01,0
120.55,55,5,43.7,8,5.8,6,18.86,0
147.7,61,8,54.29,4,7.09,4,28.05,1
142.16,61,9,37.76,8,5.03,4,18.81,0
175.18,69,8,48.18,6,5.54,5,29.28,1
175.03,65,8,41.38,7,4.68,4,24.14,0
171.91,72,7,40.51,8,6.45,5,13.03,0
172.63,61,6,50.15,4,6.45,4,30.48,0
141.4,65,9,52.04,7,6.74,5,23.06,0
128.31,57,10,33.78,8,5.53,5,27.87,0
91.5,67,5,23.88,9,3.73,4,13.18,0
109.15,83,7,20.31,9,3.09,4,16.88,0
138.07,66,5,60.17,4,5.13,4,29.76,0
91.98,46,7,33.66,9,5.11,6,26.36,0
78.05,74,10,44.97,6,6.05,5,29.81,0
61.16,59,8,30.29,9,5.32,6,25.28,0
117.41,55,8,40.19,8,5.33,4,19.05,0
197.98,76,4,20.15,6,7.37,6,21.08,1
146.27,64,8,42.79,8,6.05,5,17.69,0
154.34,59,8,52.47,5,7.51,4,27.95,1
172.19,64,8,42.56,7,5.36,6,27.96,0
132.67,56,7,35.6,8,4.17,4,20.3,0
131.54,33,6,35.85,6,6.36,5,30.35,0
131.78,69,7,27.35,10,5.2,6,9.74,0
177.85,105,5,41.13,4,6.42,4,19.07,1
121.88,63,7,25.81,9,3.73,4,14.16,0
131.15,67,11,28.46,10,6.21,6,23.55,0
112.52,28,6,28.66,10,4.32,3,8.46,0
72.51,86,3,23.07,6,5.78,6,23.61,1
134.16,85,6,52.1,4,6.51,4,22.63,1
108.87,66,7,19.53,9,8.17,6,17.29,0
108.34,60,8,38.51,7,6.17,5,25.01,0
105.74,66,5,54.32,3,7.12,4,27.2,1
130.01,42,7,37.72,6,6.79,5,27.51,0
142.52,85,7,32.54,8,6.0,5,15.1,1
57.54,87,5,52.15,3,6.36,3,22.89,1
131.72,58,4,45.39,5,5.84,5,23.56,0
133.89,56,6,33.01,7,5.37,6,29.47,0
157.76,50,8,14.83,6,9.68,4,23.28,0
116.09,74,7,40.6,8,6.19,6,17.3,0
130.54,75,6,42.79,5,6.65,4,20.5,1
157.41,63,4,24.94,9,4.0,5,10.79,0
160.3,87,7,31.15,8,5.04,5,20.37,1
174.01,57,8,39.43,8,5.27,6,30.13,0
130.58,56,9,37.86,6,7.04,4,25.61,0
101.94,59,7,26.75,8,6.92,5,16.83,0
164.11,11,5,33.84,8,7.91,5,17.7,0
104.13,77,9,46.99,6,5.28,4,27.01,0
123.72,71,8,27.97,8,5.66,5,26.41,0
127.05,57,10,41.9,7,4.23,3,25.28,0
108.53,47,7,43.63,7,4.37,5,34.07,0
129.42,58,8,40.44,7,5.17,5,27.17,0
142.97,65,11,44.65,8,6.24,3,18.4,0
101.41,55,7,25.92,9,3.71,4,15.89,0
128.64,92,5,17.76,7,6.72,5,19.83,1
110.76,81,5,19.96,7,6.38,6,22.04,1
143.46,73,10,38.43,6,3.08,3,32.33,0
134.28,41,8,30.73,10,4.61,4,13.39,0
158.68,52,9,25.92,8,6.75,5,29.63,0
137.33,84,7,44.18,5,6.62,4,23.74,1
170.22,91,8,26.47,8,6.41,5,23.54,0
134.11,59,6,28.93,7,3.27,2,16.57,0
111.17,44,7,35.9,7,3.42,2,22.47,0
169.24,61,8,36.64,9,4.86,6,23.33,0
95.39,72,7,27.06,9,6.81,5,17.27,0
144.71,92,9,38.05,9,5.15,5,16.18,1
119.4,47,6,28.45,8,3.23,3,17.93,0
103.06,75,9,37.93,8,3.24,6,35.21,0
113.74,84,11,40.33,8,5.75,4,24.56,1
116.1,83,6,29.19,7,6.0,5,20.46,1
134.07,101,5,26.83,6,6.08,4,17.77,1
134.73,65,8,40.81,7,4.82,5,28.26,0
191.74,56,7,50.53,6,5.14,5,29.16,0
173.24,93,9,41.12,8,6.26,4,16.79,0
84.59,65,5,61.96,5,4.46,5,30.86,1
116.41,88,9,43.32,6,6.23,4,22.73,1
79.31,55,7,34.09,8,4.11,3,19.16,0
147.9,52,10,42.61,7,7.07,4,28.06,0
116.95,55,8,36.54,8,6.49,5,24.14,0
134.18,79,8,33.27,9,6.43,5,14.34,1
191.38,48,7,24.11,11,4.7,5,8.36,0
174.34,57,10,41.74,8,5.39,4,20.49,0
158.97,38,8,21.24,9,6.69,5,25.65,0
131.53,93,8,28.86,9,6.0,5,14.41,1
88.77,85,7,32.81,8,5.26,6,19.13,1
177.66,66,6,37.88,8,6.18,6,19.61,1
124.57,69,6,28.49,9,4.32,5,13.53,0
131.91,51,7,52.63,5,5.68,4,28.38,0
210.47,70,9,29.76,6,6.63,4,28.43,0
127.41,77,8,42.8,7,5.97,5,20.15,0
181.36,62,9,31.93,9,5.03,3,12.76,0
179.16,43,9,41.44,7,4.12,3,27.23,0
127.29,62,7,26.19,9,6.61,6,19.85,0
155.67,36,6,38.6,9,6.18,5,10.41,0
99.47,56,7,34.9,8,4.52,4,16.99,0
158.73,76,6,55.96,4,6.68,4,24.6,1
85.38,61,7,35.64,8,3.83,5,25.74,0
103.51,73,9,45.4,8,6.07,4,17.35,1
127.39,28,5,42.1,6,3.6,4,26.95,0
87.89,39,7,40.62,7,4.61,3,19.75,0
180.57,82,9,33.51,8,7.19,4,14.89,1
102.65,54,6,31.02,10,5.6,5,7.6,0
192.15,58,7,39.62,8,5.78,4,14.19,0
188.21,43,7,41.75,8,4.42,5,25.36,0
151.38,75,7,54.72,3,7.24,3,23.84,1
99.68,87,7,44.08,5,6.63,4,22.78,1
121.6,43,4,34.48,9,4.9,5,12.67,0
141.8,76,7,56.47,5,5.07,5,26.88,1
162.98,58,6,37.89,6,6.36,5,26.37,0
140.12,34,7,38.95,6,7.05,4,27.88,0
138.3,68,7,42.14,4,8.27,3,26.14,1
92.28,50,7,34.17,9,4.65,4,16.41,0
159.61,57,9,34.95,10,5.94,5,10.6,0
137.21,73,7,35.68,9,6.93,6,11.72,1
114.64,45,8,45.25,8,6.35,5,16.68,0
103.47,69,7,43.78,7,4.68,5,27.68,0
126.5,76,7,45.87,7,5.14,5,21.76,1
162.62,36,6,29.9,9,4.02,4,13.68,0
134.39,65,8,33.88,8,3.52,4,25.83,0
111.81,73,8,47.74,6,6.14,4,25.31,0
138.49,54,7,18.26,9,2.96,3,12.28,0
136.82,87,6,44.73,4,6.32,4,23.67,1
156.52,70,9,49.61,6,5.82,4,24.12,0
160.96,73,8,28.23,7,2.75,3,24.9,0
103.26,99,6,44.55,5,6.05,4,20.38,1
138.93,65,9,33.13,8,7.26,5,19.65,0
128.66,64,8,36.29,8,5.43,4,13.09,0
150.94,59,9,38.97,9,6.03,5,16.05,0
123.53,73,10,37.03,9,5.69,4,16.74,0
127.97,77,8,31.72,8,5.03,4,14.46,0
135.97,43,10,28.88,8,7.72,5,24.68,0
133.28,81,10,42.77,9,5.55,4,15.37,1
119.62,39,5,35.87,7,6.52,5,19.84,0
85.41,54,7,43.74,7,4.98,5,23.75,0
151.16,77,8,38.7,7,5.98,5,23.99,0
45.16,72,4,58.1,4,5.11,5,28.64,1
122.86,82,5,27.71,7,6.15,6,20.54,1
174.11,66,8,38.75,6,4.97,4,32.42,0
132.12,53,6,34.19,6,6.74,5,28.65,0
109.59,71,6,47.06,6,4.94,5,27.18,0
201.46,27,7,27.49,8,6.49,6,26.65,0
103.61,80,11,26.75,8,6.28,5,26.31,0
140.48,62,6,47.0,7,3.92,6,30.63,0
141.21,74,6,28.98,9,6.08,6,18.24,1
163.7,31,5,22.11,11,3.91,4,6.61,0
167.5,37,6,16.43,10,7.26,6,16.53,0
120.83,40,7,35.47,7,7.07,6,25.23,0
228.74,38,3,40.33,7,6.13,6,21.73,0
146.07,74,6,44.79,7,6.15,5,19.04,0
110.46,69,7,31.4,7,3.32,3,23.05,0
116.3,79,5,26.14,6,7.42,5,18.8,1
145.55,56,10,28.23,8,6.02,5,29.23,0
122.47,69,6,57.41,4,5.94,4,27.88,1
137.83,68,9,56.68,5,6.23,4,26.67,1
136.59,58,5,35.07,7,5.36,6,26.69,0
166.87,93,7,31.43,7,5.95,5,16.84,1
123.17,68,8,38.55,7,4.89,4,20.63,0
105.65,85,6,34.46,4,8.22,3,22.38,1
154.06,75,11,43.15,8,5.5,5,27.32,1
121.07,94,8,37.26,8,5.97,5,15.74,0
164.19,72,7,27.52,7,2.91,3,23.14,0
114.24,91,3,23.22,5,6.44,5,24.0,1
84.39,56,9,55.17,4,7.47,3,28.49,1
144.49,67,6,39.82,7,5.09,5,19.77,0
142.8,56,7,22.12,8,6.94,6,24.11,0
144.12,74,8,42.38,8,5.25,6,18.95,1
148.43,62,8,29.97,8,6.57,5,25.25,0
165.56,90,7,47.27,6,4.65,5,24.83,1
170.14,87,6,29.24,7,6.75,4,17.6,1
221.67,53,5,47.1,3,7.67,4,31.38,1
121.35,81,7,39.2,7,4.65,5,24.88,1
105.09,60,7,41.19,7,4.69,5,25.08,0
110.39,74,8,47.24,6,5.98,4,26.92,1
130.76,72,11,46.32,7,6.11,4,26.67,1
101.23,46,9,34.62,8,4.15,3,18.56,0
183.48,46,8,41.93,8,5.35,4,17.43,0
114.21,71,10,47.3,8,5.8,5,16.67,1
110.13,43,6,36.9,7,7.59,5,19.42,0
152.27,48,8,32.78,7,7.17,5,23.92,0
114.63,34,5,27.72,9,2.93,4,17.94,0
111.1,81,5,33.15,5,6.3,5,23.01,1
155.55,52,6,35.59,8,4.96,5,15.65,0
161.77,79,6,29.48,7,6.69,5,18.47,1
122.36,75,10,28.36,9,6.92,5,17.29,0
159.49,76,6,59.25,5,4.66,5,27.59,1
125.88,81,7,18.25,10,6.53,6,15.75,1
185.86,54,7,43.2,7,5.52,4,17.99,0
167.38,78,7,32.73,8,4.25,4,18.76,0
119.0,50,8,36.2,4,7.79,3,31.65,0
161.05,63,7,50.16,6,5.73,5,27.45,1
100.96,65,8,35.98,6,5.75,4,29.58,0
182.63,55,9,29.97,9,5.94,5,25.37,0
162.18,68,7,23.93,9,7.75,6,14.33,1
118.69,71,9,39.08,8,5.31,4,19.95,0
137.74,57,7,29.72,8,3.38,3,21.37,0
135.85,101,4,49.71,3,6.3,4,19.27,1
158.71,43,8,30.66,10,4.78,4,11.72,0
189.42,62,6,26.29,7,7.44,5,18.14,0
51.39,59,6,31.68,8,3.75,4,18.1,0
88.49,90,6,29.24,8,4.93,5,21.65,1
102.22,82,7,28.03,7,6.86,4,19.12,1
147.23,70,6,54.07,5,5.43,5,28.49,0
178.32,76,8,40.49,5,6.32,4,27.33,0
143.23,61,8,40.31,7,5.44,5,29.47,0
124.62,69,7,31.95,8,4.29,4,18.15,0
140.29,42,7,36.16,8,4.93,4,14.82,0
123.79,86,5,27.95,5,7.17,4,20.47,1
200.05,81,6,49.21,5,5.75,4,25.6,1
110.16,66,10,37.38,7,6.46,4,26.93,0
122.14,73,8,55.57,5,6.39,3,25.52,1
164.03,37,4,34.71,5,9.29,4,15.16,0
191.92,76,7,53.67,6,4.48,5,28.51,1
121.91,66,6,50.14,3,7.79,3,26.62,1
106.11,27,8,34.22,9,3.56,4,21.81,0
137.22,85,7,52.14,4,6.73,3,22.02,1
134.71,87,7,43.22,6,5.55,5,24.8,1
148.72,87,5,25.16,7,5.82,5,20.61,1
126.96,64,7,35.52,8,4.75,4,18.34,0
152.68,108,7,17.53,9,5.42,5,16.22,1
137.68,79,5,32.32,7,6.9,5,18.12,1
90.02,93,9,40.08,7,4.55,4,27.45,0
98.93,68,9,41.33,7,4.75,3,22.35,0
116.42,85,8,42.31,7,5.03,5,25.97,1
153.77,85,8,35.38,7,4.82,3,18.74,0
160.14,80,7,34.87,7,6.25,5,17.59,1
122.1,40,6,27.68,8,2.58,4,21.46,0
85.71,47,7,34.73,9,5.63,4,9.33,0
44.09,86,9,43.48,8,5.85,4,15.41,1
114.03,94,7,27.44,6,6.41,4,19.28,1
156.03,93,6,44.53,6,5.45,5,23.24,1
158.42,33,5,33.38,7,3.25,4,21.9,0
98.45,70,8,36.8,7,6.01,5,24.76,0
124.1,44,7,29.43,8,6.37,5,26.6,0
188.59,92,10,44.97,6,6.08,3,21.55,1
124.51,51,6,45.08,6,5.55,5,27.47,0
114.15,35,7,46.81,7,5.53,4,20.43,0
180.67,78,8,36.27,8,6.21,5,17.04,1
150.32,82,4,33.77,5,5.93,5,23.84,1
191.85,57,7,33.2,6,7.15,4,24.7,0
158.17,60,8,29.11,8,3.56,3,18.9,0
130.65,56,9,50.27,6,5.8,5,31.71,1
110.23,72,7,58.36,6,3.93,5,29.64,1
147.91,43,7,38.45,7,3.93,4,22.62,0
131.56,74,6,48.07,5,5.68,4,25.05,0
131.51,68,6,29.53,9,4.61,4,12.37,0
126.4,87,6,36.56,6,6.18,4,19.71,1
155.22,55,6,36.25,8,5.39,7,28.62,0
161.3,51,6,48.73,6,4.78,4,26.49,1
134.23,62,8,26.18,11,5.64,4,4.87,0
132.26,57,9,42.56,9,6.36,5,16.77,0
189.95,50,7,42.77,8,6.11,5,16.62,0
179.44,60,9,31.71,9,4.49,6,30.4,0
126.88,18,8,43.04,9,5.64,4,15.88,0
118.69,82,8,56.65,7,4.6,5,25.34,1
157.68,78,8,38.44,6,3.8,4,28.98,0
153.78,79,8,41.8,9,4.94,6,16.96,1
60.32,56,8,38.96,6,6.59,4,29.21,0
144.08,79,8,41.57,8,5.02,5,19.45,1
112.39,56,5,31.1,7,6.07,6,26.23,0
150.6,76,8,38.03,8,5.74,5,18.08,1
127.45,63,8,40.61,7,5.33,4,18.7,0
110.96,54,7,45.7,6,5.25,4,23.26,0
104.74,64,6,53.43,5,5.56,5,26.95,0
126.96,73,7,32.2,8,6.42,6,18.44,1
136.57,68,7,46.84,6,5.27,5,31.3,0
168.49,51,8,51.01,6,6.28,4,22.09,0
170.96,70,7,26.21,9,4.67,4,11.9,0
125.52,75,4,56.81,3,5.62,4,27.13,1
130.77,48,8,48.25,8,6.6,5,18.49,0
145.64,53,2,45.63,6,5.45,6,23.38,0
78.68,52,6,44.24,6,4.4,4,25.73,0
168.16,60,6,42.91,7,7.2,5,18.79,1
174.02,65,9,46.29,9,5.54,6,17.0,1
121.53,79,5,32.78,8,5.08,5,12.95,0
148.01,58,8,45.54,6,4.84,4,26.36,0
186.3,52,6,39.01,7,4.8,6,28.49,0
135.19,35,7,35.07,9,5.07,4,12.58,0
149.41,63,7,42.46,4,6.55,4,32.4,0
140.26,76,4,38.68,7,4.29,7,26.22,1
105.84,20,6,41.66,7,4.8,3,17.5,0
102.63,54,5,49.78,5,4.91,5,32.78,0
188.94,65,8,46.63,6,5.74,5,28.43,0
173.39,70,9,40.86,9,5.94,5,16.21,1
144.47,68,7,51.38,4,5.91,4,30.53,0
152.11,52,11,18.42,9,7.64,5,23.5,0
119.77,31,6,35.12,8,7.04,6,17.71,0
135.94,60,8,34.21,7,6.58,5,27.88,0
100.92,49,7,34.06,8,4.23,4,18.54,0
174.15,78,6,33.02,7,6.68,5,18.28,1
144.67,64,10,26.87,8,7.67,4,21.76,0
119.7,79,8,37.11,9,4.04,6,22.0,1
178.07,52,5,26.97,8,3.19,3,16.35,0
61.83,91,6,42.68,6,4.73,5,25.24,1
132.39,45,6,42.75,5,5.66,5,30.06,0
166.44,81,4,24.76,7,5.78,6,22.93,1
102.84,39,7,25.7,10,3.58,4,16.02,0
127.09,45,7,35.07,8,3.74,4,21.23,0
101.84,68,8,43.52,6,4.04,4,30.48,0
138.09,70,8,38.91,7,5.17,4,19.96,0
98.62,44,3,52.89,6,4.21,6,26.71,0
173.93,55,7,39.73,8,5.38,5,18.74,0
146.22,63,6,34.36,7,4.07,5,20.83,0
88.26,43,4,54.39,4,6.25,4,24.04,0
116.04,70,8,40.24,7,4.81,4,22.37,0
104.69,78,2,53.57,4,4.43,5,29.26,1
110.29,52,7,24.13,9,3.56,4,13.45,0
173.75,58,8,24.85,9,5.69,6,25.24,0
170.2,77,10,36.76,10,5.64,5,15.68,1
57.24,15,4,30.32,10,4.29,5,10.77,0
158.82,66,6,34.07,8,6.04,6,21.84,1
130.15,71,7,32.18,7,3.82,4,20.75,0
171.03,54,8,33.43,9,4.82,3,13.4,0
131.58,66,8,40.94,6,3.8,5,36.04,0
110.12,41,8,32.68,8,3.56,4,22.13,0
180.85,88,7,36.74,7,4.9,5,21.47,1
131.09,63,5,43.24,6,5.15,5,29.97,0
139.13,60,8,32.07,6,7.72,4,25.85,0
121.79,93,4,31.84,4,6.05,4,24.14,1
140.4,32,6,32.72,9,3.95,4,16.88,0
163.45,47,7,40.25,8,5.55,5,16.48,0
159.05,60,9,44.13,7,5.24,3,22.9,0
83.42,42,6,34.78,9,4.49,5,17.48,0
164.27,69,8,32.35,8,5.98,6,20.34,1
174.36,71,8,33.89,7,6.59,5,25.64,0
77.98,55,8,29.21,9,6.31,7,25.1,0
85.13,60,7,35.15,9,5.43,5,14.66,0
125.21,61,8,28.54,8,6.5,5,22.32,0
184.15,60,6,41.69,7,5.53,5,18.89,0
91.41,71,8,35.46,8,4.77,4,17.64,0
121.27,77,7,32.47,7,7.52,4,15.66,1
121.92,49,5,24.26,10,4.05,4,9.37,0
97.9,80,7,52.67,4,6.22,4,24.48,1
162.71,86,7,34.99,8,4.61,5,21.97,0
152.81,46,6,70.67,4,5.38,4,33.53,1
115.76,67,9,30.38,8,5.64,5,27.61,0
163.61,48,6,40.47,7,5.17,5,20.4,0
148.54,78,4,41.36,3,8.46,3,23.54,1
157.89,75,8,40.29,5,6.9,4,26.16,1
101.17,81,4,20.67,6,7.29,5,20.8,1
143.71,38,7,35.4,8,5.95,6,28.58,0
97.83,74,7,58.98,5,6.22,4,25.12,1
98.19,65,8,41.22,8,6.04,4,16.12,0
132.19,56,6,33.72,7,5.69,5,28.86,0
112.26,85,3,47.88,4,6.51,5,24.02,1
127.82,82,6,55.07,5,4.45,5,26.74,1
153.15,81,5,28.09,7,6.98,5,15.47,1
121.52,61,7,33.17,7,6.1,5,25.69,0
159.3,48,9,24.36,8,7.88,5,23.64,0
102.63,86,6,34.11,7,6.36,4,18.4,1
131.99,70,7,30.68,8,3.75,4,19.39,0
134.69,77,9,41.22,7,5.72,5,29.37,0
115.99,36,9,20.63,10,6.98,6,24.39,0
110.56,24,6,45.88,7,4.86,3,20.56,1
160.05,70,3,59.35,3,5.7,4,28.32,1
176.89,51,7,31.24,8,4.83,6,32.05,0
126.54,49,8,23.46,10,3.63,3,11.32,0
166.41,67,9,46.21,8,6.14,5,20.0,0
175.65,60,12,36.99,7,7.43,4,26.71,0
220.79,83,5,50.59,3,7.08,3,22.82,1
133.5,56,7,36.76,6,6.58,5,27.49,0
171.69,32,6,31.45,10,4.46,5,12.77,0
150.54,84,5,21.49,8,2.56,4,19.26,0
127.05,81,9,47.81,6,5.92,4,24.64,1
155.53,61,6,27.85,10,5.68,5,5.74,0
158.61,46,8,39.15,7,6.8,5,25.89,0
149.35,77,7,29.62,11,4.8,7,16.78,1
103.17,47,5,33.59,6,7.01,5,24.22,0
161.34,78,8,52.94,7,3.71,5,28.88,1
103.8,57,7,37.19,8,6.22,6,22.53,0
159.73,73,8,25.4,10,5.92,6,16.3,1
129.18,46,8,24.43,9,7.44,6,17.84,0
178.13,62,7,32.88,9,5.05,5,13.34,0
164.48,63,7,58.63,4,5.79,4,29.33,1
144.58,55,7,31.37,9,4.94,4,11.73,0
97.39,84,8,31.93,9,4.7,6,19.84,0
74.87,47,5,21.75,9,3.03,4,13.67,0
132.24,60,8,47.6,4,7.4,4,28.76,1
107.53,46,7,34.87,8,4.56,4,15.76,0
145.47,44,8,46.94,7,5.77,5,21.38,0
107.66,43,4,33.76,8,6.04,6,22.32,0
111.58,69,9,39.37,7,4.01,3,26.58,0
44.09,70,7,48.16,5,6.08,5,28.4,1
119.52,46,6,34.83,8,6.43,6,20.11,0
152.43,55,10,50.95,5,7.81,3,28.35,1
155.1,63,8,40.98,6,6.32,5,30.3,0
129.34,50,10,59.39,7,7.37,4,16.15,1
130.45,56,7,30.91,8,5.8,6,24.57,0
135.64,66,7,56.3,5,5.25,5,29.39,1
178.2,72,10,48.92,8,4.94,4,21.8,1
137.14,58,7,26.73,11,4.97,6,11.31,0
115.5,44,5,41.89,6,7.01,5,23.1,0
183.13,98,8,40.56,6,6.12,4,20.59,1
118.1,79,7,25.16,9,6.09,6,18.59,1
139.2,86,4,49.38,3,7.5,3,21.74,1
156.44,72,6,38.75,7,7.29,5,16.48,1
172.05,67,7,16.23,10,1.74,4,18.98,0
70.9,79,7,39.88,8,3.89,6,27.96,0
85.1,62,2,16.46,8,6.1,8,25.2,1
140.17,57,8,35.45,7,2.99,3,28.87,0
127.76,94,11,36.23,10,3.99,5,16.27,1
191.16,59,6,25.23,10,4.95,5,6.92,0
77.73,66,8,37.34,6,6.23,4,26.95,0
100.63,50,7,77.13,4,3.98,5,33.5,1
180.72,88,7,46.14,5,6.32,4,22.61,1
122.7,84,10,42.46,7,6.22,4,23.83,1
157.38,64,7,40.13,7,4.85,5,30.56,0
76.59,52,8,42.7,8,5.85,4,16.44,0
130.64,93,7,50.43,5,5.53,5,29.99,0
128.4,47,7,33.38,9,4.15,4,18.98,0
103.94,59,7,45.81,6,5.25,4,23.3,0
140.64,84,8,27.47,9,6.55,5,14.83,1
112.5,88,8,41.78,4,7.74,3,20.87,1
147.07,71,5,41.66,7,6.6,5,17.1,1
197.62,82,4,29.76,6,6.75,5,20.3,1
122.68,48,5,35.03,6,5.81,5,27.99,0
192.6,69,6,56.69,3,7.29,3,25.41,1
132.16,60,6,43.11,5,5.99,4,26.5,0
127.34,88,8,54.71,6,5.89,4,21.95,1
137.93,42,6,36.47,8,4.75,4,17.31,0
182.69,52,7,44.53,5,6.25,4,30.61,0
187.78,78,9,34.49,8,4.15,4,23.09,0
123.28,51,7,39.91,7,4.0,3,23.43,0
118.19,62,4,39.38,7,5.13,5,18.07,0
101.66,101,7,19.97,8,6.49,5,16.02,1
201.86,49,7,28.69,7,7.54,5,26.56,0
164.46,80,6,32.9,8,5.97,6,18.01,1
209.64,67,6,25.6,9,4.25,5,11.88,0
145.34,40,6,33.25,8,5.91,6,25.89,0
124.38,43,7,33.93,8,4.33,4,15.53,0
172.26,76,8,35.25,8,7.92,4,11.21,1
140.41,54,5,64.12,1,8.44,3,27.29,1
139.22,79,10,53.63,7,4.49,4,26.49,1
167.81,86,6,49.11,5,5.17,5,24.95,1
59.22,70,8,40.73,7,5.94,5,24.3,0
142.06,62,5,65.74,4,4.53,5,31.07,1
133.85,90,8,34.78,7,5.74,4,18.77,1
121.55,53,6,28.11,8,3.44,4,17.96,0
136.62,56,7,32.0,8,5.25,6,29.87,0
167.41,51,7,26.58,8,6.34,6,22.72,0
158.34,96,9,37.42,7,5.85,4,21.98,1
165.55,72,6,56.77,4,5.94,4,26.86,1
139.96,49,7,43.72,5,7.69,3,23.09,0
105.19,71,7,35.66,8,6.34,6,17.67,1
125.64,68,8,40.38,7,6.14,5,21.61,1
61.85,69,8,39.32,9,5.84,5,16.46,0
99.77,77,5,54.41,5,4.96,5,27.78,1
146.82,48,9,28.45,7,8.22,4,20.62,0
127.08,58,9,40.0,7,4.82,5,33.27,0
132.02,65,5,41.56,6,5.8,5,26.84,0
121.84,64,9,44.19,8,7.29,5,12.89,1
138.58,76,6,36.57,7,5.54,5,23.35,1
93.09,101,5,48.68,5,4.5,5,22.23,1
153.03,105,5,19.06,7,4.96,5,21.11,1
106.04,43,4,27.5,8,7.0,6,17.13,0
112.82,59,8,25.87,8,6.6,5,21.75,0
145.65,90,6,50.65,3,7.67,2,19.84,1
139.67,35,5,43.26,7,6.04,6,23.93,0
156.24,71,7,35.46,8,5.14,4,15.69,0
150.4,66,8,61.22,4,6.96,4,25.6,1
173.05,64,5,44.15,6,5.05,6,26.75,0
137.8,84,6,24.1,9,5.15,7,20.97,1
95.3,62,5,18.28,9,2.49,4,13.5,0
109.03,49,6,44.97,7,4.81,5,29.31,0
135.75,84,7,29.14,7,6.8,5,17.04,1
127.46,35,5,47.22,7,4.98,5,24.27,0
157.09,88,6,33.16,7,6.16,5,17.94,1
123.96,64,6,36.45,7,5.59,6,28.85,0
126.94,93,9,38.93,8,6.04,4,14.32,1
147.93,52,9,27.16,8,6.44,5,29.81,0
141.89,56,5,34.45,8,7.95,6,15.68,1
69.96,72,8,38.71,7,6.95,5,16.89,1
135.27,86,4,39.15,3,7.26,4,23.73,1
150.55,88,6,46.49,6,4.97,5,25.31,1
151.25,60,9,35.82,9,5.39,5,16.82,0
66.56,35,8,47.29,7,5.08,4,26.26,0
142.36,67,7,45.97,5,4.57,4,28.7,0
196.05,64,8,30.76,8,6.28,5,23.57,0
154.68,38,7,19.16,9,7.49,5,20.01,0
113.85,95,6,22.3,8,4.93,5,22.14,1
154.15,42,6,29.07,9,3.91,4,13.1,0
128.28,55,8,45.78,6,6.44,4,26.05,0
136.08,46,8,43.05,7,4.58,4,25.95,0
155.49,63,7,41.2,7,5.43,4,18.37,0
147.18,32,6,36.39,9,4.96,7,26.65,0
134.71,73,8,33.91,8,4.74,6,25.52,0
162.91,73,9,35.15,8,6.39,5,16.97,1
167.21,43,7,33.04,8,4.67,3,11.37,0
153.09,68,8,44.96,7,5.58,5,24.92,0
155.98,67,6,34.1,8,6.62,6,16.35,1
138.75,43,6,30.21,8,3.42,3,17.14,0
78.08,81,11,38.15,9,6.62,4,11.48,1
139.97,48,6,52.63,8,4.01,6,26.18,0
154.94,114,4,2.28,5,8.24,4,15.83,1
94.45,71,9,38.4,9,5.14,6,19.79,1
157.99,96,5,22.25,8,5.46,6,18.11,0
140.58,60,9,20.4,9,6.84,5,21.63,0
124.22,69,6,54.27,3,7.24,3,26.03,1
137.18,74,8,37.99,7,5.47,5,22.55,0
122.41,73,6,57.07,6,4.04,5,29.86,1
131.38,65,7,46.51,7,6.38,5,18.05,1
146.83,65,7,37.62,7,4.77,5,20.74,0
82.12,48,9,31.11,8,7.46,4,22.16,1
134.29,75,7,44.15,5,5.97,4,31.25,0
132.4,69,8,32.71,8,6.33,5,21.41,0
144.7,59,6,39.43,8,6.47,6,19.91,0
222.33,77,7,46.6,5,6.52,4,25.6,1
112.53,107,2,44.69,5,4.32,5,22.22,1
134.5,83,8,31.54,9,5.16,5,15.61,0
128.17,86,8,41.09,6,6.26,4,16.78,1
109.34,72,4,59.73,5,4.26,6,29.74,1
174.89,77,4,52.79,2,7.97,3,23.14,1
134.03,56,8,44.73,5,6.9,3,28.65,0
106.41,72,5,28.4,7,7.7,6,15.84,1
151.74,53,8,23.92,8,6.78,5,25.87,0
118.41,66,7,40.38,8,6.07,6,17.87,1
125.95,65,7,29.17,8,5.55,6,25.02,0
103.18,66,6,30.6,8,3.93,4,18.82,0
123.54,61,7,43.89,6,6.12,4,25.58,0
164.15,55,8,39.28,8,4.83,4,22.63,0
162.42,84,5,57.93,5,4.15,5,26.49,1
174.98,73,8,52.17,5,5.8,4,26.84,1
86.97,63,9,44.69,9,6.39,5,15.29,1
76.85,81,6,42.27,6,5.63,5,26.83,1
132.71,82,7,35.95,3,9.73,2,20.12,1
113.29,78,9,60.62,6,5.45,3,17.27,1
110.42,79,10,33.71,10,5.45,6,14.6,1
146.8,69,7,39.3,7,5.14,5,25.11,1
123.9,77,10,35.1,6,7.83,4,24.31,1
86.13,86,5,49.62,2,8.17,2,20.48,1
160.97,51,7,32.17,8,6.36,5,22.65,0
153.09,78,10,49.06,9,5.54,5,12.82,1
83.32,38,7,42.74,7,4.67,4,23.13,0
112.44,45,7,33.87,10,5.1,5,12.94,0
135.46,61,8,54.75,4,7.21,4,27.6,1
162.64,83,8,40.54,9,7.04,5,10.7,0
92.57,59,5,32.0,7,7.49,6,20.34,1
111.9,25,7,36.77,9,4.47,4,17.37,0
124.62,71,7,57.19,5,5.01,5,28.51,1
174.4,38,8,42.42,8,5.44,6,27.26,0
153.32,30,7,38.12,7,3.81,4,22.62,0
128.94,66,10,49.58,6,5.97,3,24.81,0
135.38,46,8,39.98,7,6.21,5,27.92,0
88.48,56,7,37.4,7,6.02,5,24.85,0
134.46,32,8,46.31,8,6.05,4,15.96,0
137.17,61,9,38.22,10,6.56,5,11.35,0
109.69,65,10,48.35,7,6.59,5,27.74,1
120.48,60,7,26.65,9,3.87,4,15.1,0
184.68,70,4,21.44,8,5.63,7,25.59,1
112.62,75,10,48.04,9,6.19,5,12.49,1
119.94,13,6,24.58,10,3.32,3,11.53,0
128.39,76,9,31.88,9,5.62,5,18.36,1
105.49,55,6,42.65,6,4.29,4,26.75,0
103.15,64,8,34.39,9,5.47,4,13.13,0
139.47,82,5,52.68,4,6.46,4,23.87,1
131.42,82,9,38.45,7,4.02,4,28.16,0
198.86,48,8,37.18,8,4.99,4,18.77,0
111.03,50,8,43.86,8,5.74,4,18.76,0
102.01,67,7,35.65,8,6.53,5,19.63,1
130.23,30,9,51.1,6,4.98,4,28.74,0
155.17,42,9,48.97,9,6.82,5,17.08,0
133.41,31,4,42.4,5,7.02,5,27.36,0
86.02,38,8,36.74,8,4.68,4,16.2,0
148.45,41,7,42.18,8,6.06,4,14.66,0
97.26,66,7,38.81,7,4.64,6,29.95,0
110.78,79,7,40.29,7,4.89,6,27.82,0
118.44,75,9,26.97,9,3.99,4,17.93,0
126.97,30,7,27.83,8,6.7,5,21.54,0
118.85,56,7,43.4,8,6.39,5,17.22,0
162.09,92,9,36.69,9,4.07,5,18.94,1
91.97,78,10,35.03,12,4.57,7,15.17,1
163.7,79,10,44.46,5,6.59,3,28.3,0
208.52,81,10,49.47,9,4.23,5,17.0,1
169.29,78,8,30.33,7,5.28,5,30.39,0
114.51,79,9,39.11,8,6.8,4,13.73,1
168.96,67,4,15.12,9,1.82,4,15.32,0
149.28,76,6,28.16,8,6.16,6,18.76,1
193.66,56,7,42.1,9,6.34,5,15.21,0
111.18,42,7,36.52,7,3.13,3,27.22,0
153.23,59,7,25.14,8,2.97,3,18.86,0
158.11,62,8,33.63,6,6.94,4,26.06,0
129.6,37,6,32.26,10,5.85,6,7.87,0
140.16,74,5,51.21,5,4.47,6,29.81,1
146.02,87,6,36.33,4,2.67,3,31.8,0
135.45,52,7,32.44,7,3.33,3,22.05,0
124.02,86,8,39.2,8,5.31,5,18.91,1
162.2,56,9,40.43,9,5.91,5,17.2,0
91.39,48,8,47.37,5,6.81,4,27.58,0
146.23,63,7,29.68,8,3.6,4,20.6,0
107.49,68,7,30.72,8,3.98,4,20.41,0
82.7,59,9,47.51,6,6.24,4,30.63,1
106.15,58,6,37.85,7,5.12,4,15.44,0
104.92,45,6,30.53,9,6.1,6,20.92,0
109.54,96,8,49.12,6,4.92,4,22.06,1
152.88,63,8,20.99,11,3.8,4,12.04,0
166.92,45,6,45.94,5,7.11,4,26.62,0
177.12,77,7,47.07,5,6.41,4,25.73,1
152.78,56,7,63.1,3,6.4,4,29.83,1
163.25,41,3,47.83,5,7.09,4,17.91,0
102.08,34,6,19.7,9,7.03,6,21.96,0
164.87,66,9,33.63,6,7.04,4,28.3,0
121.86,80,8,36.4,8,5.91,5,16.31,1
173.72,61,8,35.59,6,3.2,2,24.21,0
104.23,83,5,46.87,4,5.61,4,25.92,1
141.83,57,6,42.06,7,5.29,5,26.66,0
144.19,86,9,45.3,7,4.53,5,26.25,1
105.13,100,7,23.02,8,5.52,5,18.75,1
119.53,87,7,45.7,5,7.18,4,18.05,0
120.88,83,3,24.85,5,6.17,5,24.48,1
157.96,48,6,39.36,8,5.34,4,16.08,0
210.2,90,4,54.02,3,6.11,4,22.26,1
112.97,72,10,53.95,8,5.58,4,17.78,1
91.22,88,9,46.97,7,4.9,5,24.5,1
70.43,47,8,31.56,9,4.7,3,11.45,0
86.77,53,6,31.96,7,2.93,3,23.76,0
124.79,42,6,36.91,7,2.78,4,27.43,0
167.3,74,9,31.94,7,6.35,5,29.66,0
95.48,45,4,18.0,9,2.63,3,8.64,0
109.44,40,7,23.94,11,4.63,5,7.02,0
158.03,49,8,43.92,6,6.02,5,28.0,0
145.19,41,7,39.14,7,5.98,5,25.2,0
165.98,43,8,22.55,8,8.05,5,22.61,0
119.2,72,9,51.04,6,5.52,4,27.49,1
118.85,64,9,31.66,8,6.93,5,21.79,0
138.75,84,9,39.11,6,7.16,4,23.05,1
153.12,48,7,35.03,9,4.76,7,28.76,0
104.48,81,7,45.45,5,7.38,3,23.01,1
109.78,69,7,55.26,4,5.95,4,27.92,1
100.79,48,7,41.27,8,4.47,6,28.6,0
158.83,96,3,19.28,6,5.69,5,25.7,1
88.28,51,9,35.89,7,7.54,4,24.56,0
165.88,80,9,45.17,6,5.82,4,25.44,1
164.79,63,5,27.31,8,3.13,4,19.85,0
179.5,55,6,40.1,6,6.26,5,26.94,0
173.69,48,6,29.34,8,3.62,4,15.57,0
78.67,39,5,41.98,8,5.37,5,16.05,0
73.09,33,7,38.94,7,6.84,4,20.93,0
141.07,42,8,29.23,7,8.09,5,22.54,0
155.3,35,6,35.38,7,6.79,5,24.13,0
171.41,58,9,38.02,5,7.73,3,26.85,0
205.55,62,7,30.37,9,4.61,7,27.16,0
149.7,42,6,38.33,6,5.71,5,30.98,0
110.56,46,5,48.28,5,6.22,4,25.03,0
154.33,70,9,32.61,10,6.88,5,12.12,1
172.01,53,5,38.56,7,6.26,5,18.22,0
110.25,44,9,51.05,8,7.46,4,14.83,0
119.83,73,7,37.44,8,5.0,6,25.1,0
175.32,63,6,51.28,7,4.71,6,22.21,0
139.21,57,7,40.03,7,6.02,5,28.07,0
154.66,35,6,26.0,10,3.63,4,13.69,0
78.72,41,7,33.93,8,6.9,5,23.53,0
171.34,59,8,38.36,7,6.08,5,24.73,0
107.95,61,6,57.79,4,6.28,5,29.38,1
96.51,112,5,35.45,4,6.83,3,17.06,1
137.67,67,6,30.36,8,6.65,6,19.16,1
115.87,51,6,38.78,8,4.98,5,18.47,0
184.19,66,7,35.56,8,4.36,4,20.96,0
175.95,83,6,43.1,7,4.53,5,23.34,1
173.22,78,9,52.14,8,3.74,6,28.51,1
129.29,94,12,29.32,8,7.22,3,20.7,1
129.24,57,8,29.9,10,5.02,5,11.86,0
96.93,84,8,30.19,8,3.59,4,22.62,0
122.56,92,9,34.66,9,4.87,5,17.94,1
100.46,90,7,46.92,6,4.91,4,24.74,1
147.7,43,7,24.34,8,7.81,5,19.66,0
152.38,43,6,43.71,7,5.04,5,23.21,1
141.07,53,7,40.99,6,3.6,3,29.37,0
157.6,61,8,43.16,8,4.95,5,25.68,0
175.46,82,10,19.29,9,6.27,6,24.88,0
63.85,82,7,27.49,8,3.96,4,18.2,0
171.62,38,6,38.94,6,6.11,5,26.65,0
85.85,82,5,34.2,6,6.3,5,21.06,1
101.23,92,13,49.37,10,3.55,4,17.97,1
133.49,56,6,36.59,6,6.22,5,25.38,0
124.5,47,7,37.21,8,5.08,3,13.71,0
83.46,75,7,48.17,7,6.82,4,14.38,1
122.58,57,7,32.62,8,4.11,4,18.35,0
183.85,63,8,25.64,10,4.49,4,11.02,0
192.81,77,5,37.95,6,5.96,5,22.84,1
118.8,72,8,51.36,6,3.57,5,33.66,0
146.95,82,10,40.81,8,6.13,4,14.1,0
131.23,69,7,42.07,7,5.64,5,25.52,0
102.05,82,5,19.33,7,6.7,6,20.5,1
96.77,70,9,25.27,9,6.22,6,26.27,0
104.4,84,7,50.67,4,6.23,4,26.43,0
117.71,57,8,36.61,8,5.57,4,14.23,0
207.59,75,9,37.47,7,6.21,5,29.31,0
178.46,75,8,42.52,6,5.22,5,29.71,0
126.8,70,8,22.34,9,3.32,3,14.89,0
110.01,48,6,43.4,6,4.18,4,25.01,0
177.66,49,6,37.09,9,5.05,6,16.93,0
105.72,39,8,31.41,9,6.79,5,20.44,0
85.58,44,7,40.37,5,7.6,4,28.26,0
86.88,65,7,33.1,7,3.84,3,20.21,0
140.17,63,4,54.14,1,8.68,3,25.84,1
190.61,37,8,28.41,9,6.47,6,22.75,0
170.03,61,10,44.39,7,5.59,3,21.32,0
99.69,96,7,44.92,5,6.62,3,20.22,1
188.92,33,4,31.58,6,2.43,3,21.19,0
146.61,57,11,18.72,10,7.63,5,21.71,0
145.65,46,5,35.54,7,6.39,6,21.96,0
162.24,90,10,30.44,9,4.71,4,17.36,0
138.11,61,7,45.55,7,5.52,6,28.34,0
160.36,82,11,35.78,9,6.86,5,20.86,0
116.79,52,9,45.53,8,6.44,5,17.6,0
107.79,77,6,53.1,3,7.26,3,23.77,1
181.88,55,6,32.08,8,3.74,5,20.1,0
97.76,74,8,49.9,8,5.77,5,15.86,1
138.46,67,7,46.85,5,6.56,4,27.13,0
87.87,71,6,37.08,8,6.81,5,16.47,1
123.38,80,6,37.5,7,6.23,5,19.23,1
169.4,55,7,47.92,4,6.25,3,27.77,0
149.09,43,7,27.9,8,5.85,6,25.93,0
152.63,66,7,34.76,7,4.0,4,21.19,0
140.54,49,7,28.51,7,7.12,5,23.59,0
135.03,86,7,47.06,6,4.86,5,25.49,1
111.83,64,10,27.87,10,5.13,6,22.85,0
177.7,74,9,39.95,8,6.43,4,13.95,0
161.4,93,5,17.68,9,4.27,7,24.43,1
129.39,66,7,44.83,6,7.56,4,17.14,1
165.14,44,8,41.55,8,5.25,4,20.75,0
118.17,42,8,53.71,7,7.1,5,19.81,0
100.85,75,3,63.16,3,4.99,4,27.64,1
141.37,66,6,26.72,10,4.66,5,10.71,0
152.3,57,5,36.42,8,5.61,6,19.25,0
123.17,59,7,59.8,6,4.14,6,32.85,1
120.67,74,4,47.61,4,6.65,4,22.68,0
142.02,75,5,59.55,4,5.06,4,27.36,1
143.12,53,7,31.47,7,6.71,5,21.62,0
108.93,31,6,35.6,7,8.3,5,20.89,0
83.6,113,1,8.93,4,5.93,5,26.02,1
187.85,34,10,31.09,11,5.04,6,25.96,0
156.08,54,7,40.9,7,5.75,5,26.33,0
61.75,58,8,35.02,9,4.54,5,21.29,0
144.3,41,8,34.5,7,6.29,5,30.82,0
140.17,68,7,49.34,5,5.66,5,29.36,1
150.64,75,8,41.4,6,6.86,5,26.01,1
127.52,69,6,37.94,6,7.79,4,15.75,1
134.57,77,6,42.85,7,5.62,5,20.19,1
174.14,53,9,33.48,8,4.01,3,19.31,0
123.12,42,8,29.85,8,5.57,5,27.36,0
93.87,61,7,44.67,4,7.31,3,25.69,0
157.59,58,6,33.2,7,2.6,4,27.78,0
85.05,68,9,59.53,6,4.81,5,28.55,1
154.13,49,6,41.93,7,5.76,5,25.03,0
168.89,55,10,43.63,12,5.51,7,13.29,1
187.2,67,9,43.09,7,5.39,5,27.74,0
133.57,63,6,29.02,9,4.55,5,12.29,0
132.21,59,8,48.51,7,6.35,5,21.26,0
108.84,56,9,30.42,8,5.92,5,27.29,0
113.87,84,10,37.59,9,5.68,5,15.14,1
142.98,84,7,31.07,8,6.06,5,16.48,1
126.42,78,8,51.24,6,5.49,4,26.2,1
139.66,91,10,41.13,7,4.99,5,33.46,0
136.53,64,6,54.04,5,5.49,5,30.33,1
129.58,60,9,32.85,7,7.08,4,23.92,0
126.07,43,5,33.35,8,4.12,4,16.05,0
151.06,68,6,37.46,7,6.1,6,20.95,1
171.14,82,8,39.37,9,4.05,6,22.11,1
122.32,103,9,31.36,8,4.67,4,19.8,1
167.77,83,12,42.25,8,5.86,4,24.15,1
127.27,86,6,41.98,4,7.14,3,23.18,1
155.08,56,6,38.48,6,7.36,5,23.51,1
81.6,44,7,25.27,7,7.36,5,25.84,0
117.5,43,9,21.64,10,2.47,3,17.23,0
168.52,82,5,56.06,4,5.39,4,25.15,1
172.06,28,6,34.48,9,5.52,7,23.71,1
170.73,58,7,30.01,8,3.68,3,18.46,0
128.56,73,9,37.22,10,4.93,6,17.62,1
57.29,53,7,26.64,8,6.3,5,23.49,0
128.01,67,10,46.58,8,6.38,4,15.76,1
114.11,85,7,31.92,8,5.44,5,20.73,1
93.99,64,4,34.4,6,7.03,5,19.88,0
120.15,46,6,29.2,9,3.56,4,17.71,0
133.37,67,9,60.29,6,4.69,5,28.97,1
222.96,35,6,26.74,9,2.9,3,18.42,0
143.8,30,5,34.55,6,7.09,5,23.23,0
135.45,44,8,31.28,9,5.76,6,21.25,0
135.97,32,6,44.45,7,3.95,4,26.49,0
199.01,62,8,49.1,5,4.75,3,30.74,0
153.85,48,7,43.82,7,5.56,4,18.26,0
51.32,40,8,37.48,7,3.83,2,20.4,0
124.65,58,8,29.66,9,4.25,4,14.73,0
156.04,79,8,37.22,8,6.63,5,13.82,1
137.9,54,7,22.69,10,4.03,4,9.88,0
137.63,58,8,56.27,4,6.58,4,29.36,1
142.25,81,7,27.89,9,4.23,5,16.66,0
108.57,67,10,35.32,8,4.5,3,21.89,0
114.25,72,10,45.3,8,6.2,4,20.45,0
100.83,47,8,29.94,8,5.3,6,29.9,0
164.69,61,7,38.95,6,7.13,4,23.87,0
175.75,69,10,35.76,9,4.2,6,32.32,0
153.56,56,6,31.04,9,4.97,4,10.15,0
134.88,40,7,39.98,6,7.17,4,25.79,0
179.72,48,9,46.29,8,5.6,5,23.71,0
154.48,86,0,8.7,4,7.04,6,27.01,1
151.18,26,8,28.61,9,7.37,5,20.52,0
140.43,38,7,24.65,11,4.7,4,6.69,0
99.58,53,7,28.38,7,7.41,5,26.1,0
145.18,92,6,52.49,6,4.36,6,24.21,1
63.34,82,9,36.88,8,5.01,6,26.36,0
125.62,68,7,50.39,8,5.21,5,19.96,1
125.82,74,8,33.3,9,4.93,4,16.73,0
155.4,54,6,22.79,10,3.68,5,12.83,0
181.61,58,7,29.75,8,3.84,3,18.02,0
83.1,69,9,42.39,8,6.4,5,16.04,1
162.67,49,11,32.12,8,5.66,5,32.1,0
112.37,62,7,29.87,7,7.53,5,21.9,0
139.57,65,9,36.32,7,6.13,4,28.53,0
116.05,64,8,28.44,9,3.74,4,18.53,0
204.73,45,4,37.35,5,6.23,5,28.58,0
140.02,56,7,44.51,5,3.99,3,28.43,0
140.54,64,7,43.18,7,5.56,4,19.98,0
157.92,34,7,28.65,9,4.14,3,11.27,0
156.81,70,7,35.68,6,7.63,4,19.8,0
105.72,80,8,44.28,7,5.47,5,23.21,0
139.81,28,4,40.36,6,5.35,5,28.55,0
121.73,71,5,62.56,6,2.65,6,32.12,1
201.34,65,3,57.09,4,5.0,5,31.32,1
111.78,50,4,41.65,5,6.38,5,24.49,0
150.21,51,6,25.98,9,4.28,3,10.57,0
191.77,55,10,43.0,8,7.97,5,13.33,1
143.13,72,8,40.81,8,5.5,5,18.84,1
180.09,91,8,36.18,6,6.89,4,22.14,1
158.57,60,10,32.71,8,5.49,5,31.86,0
97.92,68,8,34.72,7,5.26,5,33.61,0
96.18,94,7,28.33,7,5.75,5,18.88,1
113.55,51,8,42.75,6,6.09,4,27.65,0
116.54,59,7,41.4,6,6.18,5,25.11,0
113.54,85,6,33.22,7,6.23,4,19.54,1
168.28,48,5,35.84,8,4.07,5,19.09,0
155.78,98,4,13.88,7,5.69,6,23.1,1
121.2,50,4,43.42,4,6.66,4,27.89,0
155.5,71,8,51.9,5,6.65,3,26.17,1
127.12,52,8,51.0,5,5.16,3,27.94,0
93.8,58,8,42.56,9,5.96,6,19.11,1
57.74,83,8,61.98,5,5.37,4,23.31,1
129.07,51,7,35.97,6,5.73,4,31.09,0
145.64,91,9,35.42,9,5.52,5,13.06,1
175.67,76,6,26.76,8,6.75,6,18.34,1
157.56,42,11,24.3,7,8.05,4,27.62,0
96.63,71,7,47.71,7,5.57,5,19.72,1
128.88,72,6,55.22,4,6.7,4,25.81,1
145.6,46,6,50.37,7,3.81,6,29.78,0
126.99,65,10,63.08,9,4.5,5,17.61,1
98.95,38,6,28.47,9,3.81,4,14.63,0
91.32,57,6,29.0,8,3.36,4,19.56,0
123.26,97,6,46.84,6,4.56,5,23.18,1
138.57,77,8,42.55,7,5.49,4,21.65,0
139.82,52,8,41.36,8,4.86,4,21.02,0
124.94,69,9,38.67,8,5.08,3,19.4,0
107.56,60,10,36.6,8,4.83,3,18.79,0
171.26,58,7,33.28,8,5.59,6,24.68,0
176.29,44,7,44.16,7,5.07,5,23.9,0
114.13,52,6,29.81,9,3.93,5,18.37,0
177.81,65,7,30.23,9,5.51,6,21.38,0
159.3,43,9,39.37,8,4.86,4,19.97,0
121.96,50,6,23.79,9,3.48,3,10.48,0
211.29,34,6,34.47,8,3.58,4,20.32,0
152.45,81,9,42.32,6,6.21,4,24.88,1
130.58,115,5,15.5,6,5.71,4,19.89,1
195.51,52,7,41.72,8,5.32,5,19.87,0
150.09,64,6,37.72,7,4.69,4,19.06,0
133.58,74,9,44.5,6,4.76,4,27.45,0
139.87,69,6,29.57,10,5.24,5,9.56,0
118.0,82,7,27.78,8,6.3,5,18.52,1
159.3,30,4,32.74,7,6.55,6,25.49,0
188.17,86,8,37.04,8,4.05,5,23.27,1
134.69,45,12,48.4,7,7.06,4,32.22,1
145.78,57,10,23.78,9,7.24,5,23.5,0
174.46,65,11,35.17,7,6.08,4,29.31,0
143.17,59,5,40.35,5,5.71,5,25.8,0
132.16,71,11,42.24,8,5.64,4,21.8,0
158.9,54,7,45.12,9,3.83,7,28.35,0
106.62,63,8,38.18,7,6.05,5,24.73,0
132.82,69,9,36.38,6,5.64,4,29.34,0
125.13,90,4,23.0,7,5.25,6,24.0,1
90.23,60,5,59.41,3,6.44,4,29.47,1
142.04,85,4,54.96,4,4.91,5,25.6,0
117.28,35,6,36.34,8,4.79,4,13.87,0
140.65,56,8,28.16,10,5.28,5,9.68,0
213.29,70,11,43.02,7,4.79,3,26.49,0
139.11,64,8,22.57,9,6.52,5,20.78,0
126.81,86,9,48.65,8,5.66,4,14.42,1
184.34,25,7,38.87,8,4.54,3,17.58,0
83.9,75,8,33.94,8,5.26,5,21.58,1
143.35,67,8,50.68,5,6.81,4,27.23,1
80.82,83,8,44.98,5,7.75,3,21.72,1
186.38,81,9,32.52,10,5.46,6,14.66,1
107.27,52,6,35.25,9,5.52,6,23.04,0
136.45,41,7,31.8,6,7.95,4,27.47,0
120.19,80,10,47.33,6,6.79,3,23.23,1
191.45,67,4,22.77,8,2.37,4,19.4,0
175.35,53,7,36.63,8,4.75,4,16.99,0
138.52,47,9,27.16,8,2.36,2,22.49,0
121.1,73,7,57.42,4,5.97,4,26.35,1
123.1,76,10,39.45,5,8.51,3,22.74,1
125.95,83,8,49.2,5,7.04,3,22.29,1
93.59,66,6,33.08,8,6.24,5,13.97,0
102.06,97,7,38.55,6,6.24,4,21.5,1
166.48,91,8,19.4,10,4.64,6,21.54,1
143.55,82,10,31.07,10,5.61,4,11.88,0
121.87,64,7,42.84,6,5.79,5,26.68,0
195.11,43,8,34.82,9,4.22,4,19.25,0
119.58,102,7,46.89,4,6.98,3,17.73,1
129.9,77,8,28.76,8,6.94,5,16.69,1
150.19,44,6,33.48,8,6.59,5,18.84,1
156.39,51,6,38.69,7,5.59,6,28.16,0
136.43,68,6,28.55,9,4.12,4,16.09,0
135.47,50,7,29.34,8,3.38,3,18.42,0
125.59,91,11,35.01,8,5.66,5,23.42,1
97.99,60,9,32.64,7,7.47,5,22.8,0
140.42,50,8,30.85,8,3.55,3,19.03,0
68.81,65,8,46.61,5,6.88,5,28.16,1
147.65,47,6,38.51,8,4.6,6,28.05,0
175.39,64,9,24.51,9,6.15,6,26.82,0
164.7,65,9,58.51,6,5.46,4,28.58,1
120.37,74,9,40.3,9,6.04,5,15.91,1
177.92,46,7,66.6,5,4.41,5,35.34,1
123.05,61,6,33.58,8,4.45,4,17.4,0
76.46,80,7,33.75,9,4.46,7,21.11,1
137.88,44,7,32.28,9,5.07,4,10.23,0
154.46,84,8,34.54,8,6.64,4,16.03,1
168.73,46,5,41.02,9,5.02,7,18.88,0
99.42,51,5,39.72,6,6.15,4,24.29,0
121.05,62,8,39.3,5,6.43,4,30.47,0
149.02,60,7,38.98,7,4.07,3,23.69,0
87.78,68,10,29.64,7,7.33,4,26.17,0
121.55,63,7,37.38,7,4.15,4,22.7,0
199.71,42,10,60.18,10,5.62,6,15.83,1
154.32,37,6,33.1,7,3.62,3,18.31,0
178.23,43,8,46.38,6,5.12,2,21.91,1
151.38,62,7,46.97,4,8.59,3,26.2,1
167.9,71,6,52.74,5,5.58,5,28.28,1
143.44,46,5,31.66,7,6.31,5,24.11,0
174.78,81,6,51.24,4,6.95,4,23.31,1
151.69,77,10,30.89,8,5.75,5,28.28,0
149.07,91,7,38.69,7,5.78,4,18.27,1
147.56,84,7,58.56,4,5.89,3,23.02,1
147.46,94,6,55.33,6,2.69,5,26.26,1
88.96,81,6,33.62,8,5.32,5,13.96,0
182.52,62,7,41.82,6,4.21,4,27.07,0
195.11,56,8,26.31,8,7.87,5,21.97,0
138.28,64,8,25.98,10,3.7,4,15.93,0
147.45,52,6,41.03,8,4.6,6,25.84,0
144.7,48,8,47.89,6,5.48,3,23.13,0
154.69,43,9,31.62,8,7.54,5,22.07,0
160.89,94,9,40.52,6,7.29,4,19.44,1
126.94,80,8,34.35,8,4.78,6,21.8,0
150.77,56,6,31.76,8,3.87,3,18.17,0
194.09,67,9,47.89,5,7.43,3,26.13,1
99.75,78,9,37.28,8,5.65,4,17.16,0
205.32,66,11,59.05,7,4.77,4,28.89,1
138.83,68,6,40.46,6,6.88,5,19.96,1
142.79,71,8,61.07,4,6.56,3,24.91,1
154.65,58,8,26.44,8,6.05,6,26.59,0
98.09,54,6,61.92,3,6.29,4,31.06,1
114.74,63,6,26.44,9,4.06,5,13.58,0
135.34,49,8,20.03,10,6.86,6,17.2,0
169.97,69,9,37.78,5,7.9,3,26.52,1
93.77,78,7,44.74,4,7.07,3,24.82,1
99.41,94,4,57.7,4,5.56,4,21.46,1
102.4,50,7,31.03,8,3.45,4,21.28,0
167.49,57,6,43.35,7,4.06,6,30.1,0
112.74,81,7,55.54,7,3.4,6,28.54,1
84.72,100,6,38.32,6,6.1,4,20.94,1
127.68,59,9,47.92,8,7.02,5,16.12,0
123.52,58,9,24.17,8,6.2,6,28.63,0
178.9,47,6,55.72,4,5.92,5,31.92,0
136.37,91,9,17.25,11,6.28,6,11.47,1
173.92,57,7,34.29,7,5.12,5,33.22,0
92.51,66,7,27.38,8,3.4,3,18.52,0
167.69,97,9,26.27,5,9.42,2,17.42,1
147.01,54,6,26.66,9,3.54,4,16.42,0
94.96,86,10,38.58,8,6.63,4,14.71,1
150.04,95,4,47.57,4,6.19,4,21.75,1
148.0,74,8,36.57,9,5.89,6,17.15,1
101.15,44,6,33.62,8,4.46,4,15.46,0
61.59,75,5,43.84,3,7.61,4,25.32,1
120.08,82,8,38.18,4,8.41,2,22.02,1
138.7,63,7,31.35,8,6.79,6,25.34,0
87.94,64,7,38.62,6,5.72,5,30.34,0
112.76,41,7,36.73,8,6.5,5,21.87,0
156.66,68,8,53.68,7,4.17,6,30.82,1
94.25,57,9,29.08,7,7.17,5,25.86,0
118.65,46,7,26.61,8,6.39,6,23.81,0
184.43,61,8,39.78,8,5.14,4,19.54,0
154.62,83,9,44.49,7,5.05,5,28.4,0
158.53,57,8,35.94,6,7.64,4,25.7,0
120.61,71,8,36.99,9,4.09,7,25.19,0
147.44,48,6,29.37,10,4.98,5,9.13,0
103.78,47,8,48.95,8,4.07,6,29.83,0
62.69,70,6,58.86,4,5.16,4,28.79,1
181.35,58,9,41.27,6,3.93,3,29.93,0
161.63,82,8,36.0,8,5.66,5,19.11,1
126.62,34,6,34.85,7,7.43,5,23.73,0
112.38,64,6,57.5,4,5.9,4,29.14,1
68.3,87,10,32.31,8,4.37,4,19.92,0
162.6,66,8,37.16,10,5.66,7,16.7,1
134.06,75,6,31.25,7,7.7,5,14.02,1
86.71,67,6,30.85,8,4.2,4,16.62,0
163.87,76,4,62.02,3,5.83,4,25.81,1
165.89,76,10,20.37,9,6.62,5,20.97,0
168.92,77,8,54.59,7,3.5,5,29.49,1
183.7,72,9,39.68,8,4.69,5,27.71,0
145.13,56,10,27.9,9,5.92,5,28.87,0
140.91,55,6,35.74,6,3.39,3,22.24,0
113.98,57,8,55.64,5,6.66,4,29.57,1
153.78,45,7,34.65,9,4.61,4,15.27,0
130.19,73,8,50.48,5,6.83,4,25.41,1
108.13,63,6,68.62,4,4.57,4,30.21,1
69.31,65,8,36.61,7,3.89,4,25.07,0
113.76,56,7,55.84,5,5.91,5,31.24,1
119.66,73,4,42.66,4,8.06,4,19.38,1
81.49,37,6,37.28,7,7.22,6,21.87,0
108.18,64,9,46.63,4,8.8,2,25.02,1
90.77,70,8,24.76,10,6.49,6,15.57,1
145.8,57,8,37.49,7,4.18,3,21.41,0
114.65,60,6,34.42,9,5.54,5,12.64,0
114.93,55,8,20.14,8,8.51,5,17.37,0
129.57,100,8,40.34,8,4.32,6,23.11,1
96.32,31,8,39.33,8,3.88,3,23.61,0
194.04,77,9,36.05,8,5.35,4,16.2,0
109.94,78,6,30.99,8,6.46,6,17.77,1
177.0,58,8,38.87,7,6.28,5,29.08,0
135.62,68,8,28.75,8,6.09,5,25.5,0
94.42,60,8,29.04,8,6.66,5,23.97,0
168.81,81,9,46.64,9,4.25,6,20.63,0
114.0,71,7,44.08,5,6.96,4,26.99,1
85.26,35,7,44.29,7,4.89,4,22.01,0
166.11,18,7,42.87,8,5.41,4,15.3,0
103.25,36,7,28.94,7,6.5,5,25.72,0
71.65,73,6,59.4,4,4.92,4,27.96,0
160.44,86,6,54.13,5,5.17,5,24.53,1
67.48,42,8,40.65,7,3.71,3,26.71,0
114.44,85,6,56.84,7,2.64,6,28.45,1
159.5,60,10,33.28,7,6.5,4,26.41,0
193.43,62,9,34.35,9,6.12,6,25.44,0
113.45,40,10,39.49,9,5.05,4,18.96,0
146.29,84,10,44.32,7,5.53,4,24.86,1
142.79,68,10,24.9,10,5.4,6,24.82,0
84.71,46,7,36.09,6,5.85,5,30.65,0
140.28,55,9,43.84,7,6.13,4,27.43,0
195.21,95,5,46.99,5,5.41,4,22.75,0
133.29,44,9,26.97,7,8.54,4,22.84,0
134.72,29,4,44.05,5,5.74,5,32.44,0
141.18,82,8,45.25,8,5.41,5,17.31,1
151.01,47,6,39.39,7,5.79,6,24.24,0
120.26,53,8,24.08,9,2.86,3,17.9,0
112.08,61,7,44.04,6,6.79,5,23.02,0
128.88,49,8,34.37,8,5.77,5,26.94,0
129.57,66,8,42.38,8,5.81,5,18.1,0
115.46,47,9,36.57,8,4.77,5,29.62,0
128.28,44,8,45.1,7,5.08,4,24.19,0
111.94,66,5,50.2,4,5.98,4,28.39,1
161.51,74,7,28.18,8,4.94,6,25.72,0
187.13,69,11,47.77,8,4.93,5,29.34,1
89.02,26,9,41.71,8,5.1,3,18.65,0
130.49,49,8,26.61,8,7.42,4,21.96,0
146.83,90,6,48.74,6,4.73,5,24.64,1
110.14,73,10,31.1,7,6.55,4,27.99,0
120.77,56,6,41.34,6,6.26,5,25.68,0
89.9,52,6,37.23,6,6.22,5,22.79,0
126.63,69,3,21.42,6,7.31,6,22.66,1
168.83,91,8,36.55,8,5.73,5,14.23,1
96.96,73,5,52.65,5,4.84,5,29.07,1
141.24,38,6,34.45,8,6.5,6,22.4,0
139.01,70,7,58.59,4,5.93,4,27.21,1
116.37,33,8,41.1,9,5.52,4,15.72,0
132.01,45,8,28.79,9,3.45,3,16.97,0
147.12,70,6,18.44,9,2.2,3,16.54,0
156.15,62,8,39.69,6,4.51,3,22.26,0
155.5,78,8,58.34,4,6.47,3,23.53,1
116.47,60,7,46.01,7,3.83,6,33.13,0
154.11,73,6,41.73,6,6.58,4,20.51,1
154.65,50,7,35.89,10,6.12,5,8.39,0
150.41,72,9,32.32,7,9.76,3,6.79,1
111.84,49,9,28.31,8,7.4,5,23.52,0
155.99,53,6,31.67,9,4.31,5,15.37,0
121.86,55,7,29.82,9,4.8,5,13.04,0
200.42,58,8,23.11,8,7.21,5,22.75,0
180.5,35,5,24.88,9,2.81,3,15.29,0
120.46,53,7,43.47,7,5.49,4,20.75,0
70.43,48,7,41.97,8,5.45,5,20.44,0
146.14,52,6,36.61,8,4.38,4,20.2,0
143.21,65,7,34.35,8,4.57,4,18.95,0
211.92,43,7,38.3,8,4.46,4,20.37,0
153.86,56,7,40.96,7,5.3,5,28.46,0
137.85,74,9,35.49,8,4.83,3,18.59,0
135.53,57,9,45.03,7,4.87,4,25.09,0
208.62,63,11,47.83,10,5.93,5,13.18,1
136.79,77,7,22.8,8,6.72,5,17.82,1
106.77,82,8,35.88,9,6.09,5,14.15,1
93.19,34,5,28.24,9,3.57,4,14.07,0
125.8,88,11,37.31,9,6.22,4,13.29,1
160.43,39,6,38.13,6,7.2,5,27.95,0
151.12,54,7,55.85,5,5.89,5,32.18,1
111.32,56,8,35.38,7,3.07,3,26.5,0
138.76,57,7,38.49,6,3.44,3,26.59,0
144.64,70,9,30.33,9,5.6,6,22.93,0
160.75,48,5,22.59,7,7.92,5,20.53,0
169.08,90,6,43.05,4,7.21,4,21.29,1
120.24,49,7,30.18,8,3.7,3,14.56,0
120.99,72,8,50.32,5,5.96,4,27.41,1
176.59,41,6,40.05,7,4.96,4,16.75,0
181.83,71,9,39.88,8,6.4,5,19.61,0
103.5,52,10,61.13,7,6.85,4,15.97,1
125.09,70,8,59.76,6,4.27,5,29.37,1
147.93,80,8,44.26,5,7.07,4,23.82,1
146.16,48,6,29.16,5,7.36,4,27.82,0
115.69,44,8,33.27,10,6.13,5,8.27,0
63.95,79,6,53.2,5,4.67,5,27.59,1
162.51,77,7,36.95,7,7.08,5,15.84,1
91.44,66,5,25.31,9,3.23,5,18.52,0
133.06,75,9,35.85,8,5.14,6,26.71,1
123.34,49,8,44.28,7,5.36,5,27.42,0
149.1,72,10,32.04,9,5.82,6,24.12,0
108.89,85,7,29.67,7,5.58,5,22.32,1
144.77,64,8,41.12,7,4.95,4,21.84,0
173.57,71,5,56.55,3,6.08,4,27.37,1
116.06,54,8,33.95,8,3.83,3,20.22,0
118.59,85,4,61.34,3,5.6,4,23.55,1
148.81,92,8,44.87,6,5.8,4,22.42,1
129.01,89,9,40.02,8,5.65,4,15.66,1
101.44,68,10,44.12,8,8.42,4,9.62,1
114.18,38,5,35.1,7,5.89,5,25.47,0
100.37,66,8,24.51,9,3.44,4,15.91,0
86.23,82,9,49.77,6,6.55,4,23.15,1
185.85,52,8,35.69,8,7.55,5,18.49,0
124.49,73,6,54.66,4,6.23,4,26.56,1
166.34,40,6,30.42,8,3.04,4,22.42,0
177.18,51,7,32.52,10,5.3,5,11.6,0
185.59,48,10,23.56,9,6.45,5,23.82,0
133.23,89,8,39.55,6,5.91,4,23.96,1
121.48,65,9,48.41,10,4.83,6,17.13,1
177.0,90,4,48.91,3,7.12,3,21.61,1
146.16,83,10,45.6,6,5.3,4,28.42,1
180.8,52,10,36.96,8,4.75,5,31.87,0
157.01,90,7,50.53,5,5.34,4,23.3,1
108.57,47,6,31.46,8,5.12,6,28.97,0
117.37,74,6,49.94,2,8.51,2,22.9,1
128.44,55,8,32.12,8,6.6,5,21.72,0
116.42,37,7,36.33,9,7.23,5,15.27,0
79.23,49,7,25.63,9,6.42,6,21.11,0
180.89,66,6,30.23,7,5.54,5,23.73,0
77.94,64,7,31.53,10,5.51,6,11.1,0
152.09,61,8,65.56,5,4.95,4,29.96,1
148.75,95,6,50.59,6,4.29,5,23.81,1
90.31,44,9,35.35,8,7.14,5,24.06,0
151.55,55,8,28.26,10,5.18,5,9.21,0
122.7,73,9,51.7,6,6.01,4,26.4,1
135.05,93,3,51.77,3,6.32,4,21.71,1
159.88,46,6,30.28,9,4.68,5,11.98,0
106.43,91,8,24.68,9,3.97,4,16.93,0
159.17,95,7,21.77,8,5.79,5,18.95,1
151.99,82,10,29.08,8,6.22,5,24.85,0
116.64,85,5,26.22,7,5.61,6,22.88,1
152.1,87,7,27.78,8,3.54,4,21.0,0
193.38,48,7,43.72,5,7.38,4,28.43,0
204.88,60,7,38.8,7,4.88,3,17.97,0
169.92,54,7,32.9,8,3.86,4,21.15,0
124.21,47,6,29.52,9,3.46,5,18.75,0
114.01,29,8,30.08,10,4.57,3,10.68,0
105.01,95,8,34.61,8,5.53,5,17.97,0
77.88,97,2,6.38,6,7.32,5,20.77,1
123.65,71,7,33.21,7,5.18,6,25.84,1
152.37,62,9,30.36,7,6.38,5,28.89,0
163.92,66,9,36.66,9,6.48,6,20.99,0
187.21,93,10,34.66,8,4.84,6,27.47,0
116.34,64,9,43.34,8,6.08,5,19.42,0
171.65,54,8,67.1,5,5.31,4,31.15,1
191.39,44,7,30.71,9,3.66,4,19.15,0
143.93,73,6,34.54,7,4.01,4,22.19,0
141.28,65,6,52.48,4,6.56,4,28.47,1
150.55,39,7,34.54,8,3.66,4,21.16,0
108.38,29,7,27.89,10,6.14,6,21.07,0
174.41,59,6,35.29,7,5.58,5,24.34,0
115.2,41,9,11.96,11,7.33,6,18.97,0
152.61,71,8,43.89,8,5.9,5,19.53,1
125.13,75,9,33.04,9,5.54,4,11.49,0
161.65,49,6,29.69,7,6.39,5,25.5,0
153.53,84,8,44.14,7,5.74,4,16.61,1
83.91,44,6,42.23,6,4.17,3,24.17,0
161.64,74,7,42.28,7,5.4,5,22.23,0
121.54,85,10,41.48,4,8.56,2,19.84,1
135.99,52,6,30.47,8,4.1,4,13.76,0
129.77,63,3,41.2,4,6.7,5,25.9,0
106.84,40,8,60.64,4,7.47,3,32.44,1
127.39,64,9,50.42,8,5.46,5,19.44,1
133.42,65,6,35.98,7,4.99,4,14.58,0
163.33,103,8,42.06,6,6.37,4,18.6,1
160.18,69,9,26.69,10,5.1,4,9.83,0
138.4,72,9,39.59,7,4.86,3,23.55,0
142.97,76,8,28.18,8,7.0,5,15.49,1
129.7,51,8,33.48,8,6.27,5,25.19,0
132.51,42,7,41.37,8,4.92,5,22.71,0
152.96,41,6,27.25,10,4.22,4,11.73,0
124.25,87,7,47.68,3,8.0,2,20.21,1
113.59,68,6,41.75,7,6.43,5,20.54,1
118.12,54,4,51.99,4,6.13,4,25.47,0
167.68,68,7,37.72,8,5.53,6,23.4,1
175.28,70,7,31.92,7,3.29,3,23.03,0
93.42,46,6,44.82,6,6.28,5,25.57,0
156.45,40,5,46.79,5,5.82,4,30.65,0
98.54,55,7,38.54,7,5.91,5,24.06,0
124.04,53,6,42.01,8,5.93,5,15.82,0
113.87,68,9,39.0,10,5.25,6,17.18,1
119.44,57,6,16.22,9,2.25,3,13.91,0
109.21,60,8,39.26,7,6.55,5,22.89,0
159.46,68,7,34.15,7,3.97,3,19.6,0
173.72,54,9,51.85,9,5.72,5,19.02,1
153.29,47,9,39.67,9,5.51,5,18.54,0
108.16,59,9,57.82,6,5.12,5,30.95,1
122.86,32,6,37.97,8,4.76,4,14.72,0
150.21,73,7,47.35,4,7.55,3,24.74,1
70.71,48,8,40.3,7,4.45,3,21.43,0
47.47,73,8,39.25,6,5.67,5,27.48,0
48.32,57,8,38.89,8,5.24,4,19.23,0
133.09,45,6,35.87,8,5.04,7,27.13,0
112.64,50,9,32.95,8,6.35,5,27.19,0
137.76,65,6,41.88,5,5.73,4,25.14,0
167.03,91,11,35.61,7,6.79,4,21.5,1
151.74,65,11,50.16,10,5.64,5,15.29,1
191.21,61,9,50.76,7,4.17,6,33.14,1
114.14,62,7,44.71,7,5.98,5,25.13,0
156.64,37,7,40.37,7,6.07,6,27.02,0
185.53,48,6,38.22,9,5.69,5,13.31,0
191.17,105,9,47.78,6,6.85,5,22.8,0
105.54,42,7,39.85,8,4.61,4,21.5,0
203.1,75,7,41.36,7,6.13,5,18.54,1
107.47,82,10,32.67,9,5.49,4,14.84,0
146.31,49,5,34.62,8,4.16,4,16.52,0
168.1,75,7,39.0,7,6.12,5,18.66,1
137.0,71,7,47.75,5,5.69,5,28.67,1
76.06,70,11,50.64,7,5.98,4,27.01,1
142.99,78,8,39.03,8,5.76,5,16.0,0
52.39,73,9,47.0,6,7.92,3,13.19,1
158.25,45,8,44.97,7,5.74,4,19.14,0
121.6,86,8,25.35,8,6.53,5,17.7,1
141.08,51,7,41.96,7,7.7,5,18.18,1
115.7,102,9,42.73,5,7.2,3,17.49,1
102.08,82,8,44.81,5,6.39,4,24.26,1
95.6,33,7,29.41,7,8.08,5,23.82,0
110.58,77,7,45.24,5,4.65,4,28.46,0
106.07,75,10,37.95,5,8.63,3,23.29,1
129.54,83,4,53.51,4,5.26,5,25.89,1
126.12,55,7,33.8,7,6.19,5,26.34,0
112.05,55,8,41.14,6,6.84,4,27.18,0
179.62,55,9,35.8,8,5.19,5,31.62,0
145.89,76,6,45.26,7,6.35,5,16.11,1
124.9,64,7,31.92,8,6.08,6,23.03,0
128.81,76,7,49.0,4,6.32,4,26.15,1
143.68,55,6,45.0,5,5.46,4,32.56,0
151.78,49,6,42.55,7,6.32,5,25.98,0
125.37,78,6,41.37,4,7.58,4,24.45,1
92.98,34,3,38.87,7,4.59,5,17.46,0
133.51,65,6,25.51,10,4.33,5,11.28,0
160.88,75,5,53.34,4,5.89,4,26.92,1
118.32,64,7,42.49,6,6.0,5,26.08,0
202.07,66,7,47.33,7,4.96,6,27.64,0
188.66,81,8,46.59,5,7.69,3,22.16,1
127.17,69,8,28.74,10,5.26,5,9.28,0
146.83,88,7,37.13,7,6.26,4,16.62,1
99.01,50,8,28.4,8,7.98,5,17.84,0
164.86,76,8,41.8,5,7.19,4,25.14,1
88.71,84,3,56.23,2,6.54,4,23.4,1
136.47,51,6,40.36,8,5.02,6,25.11,0
144.37,76,7,36.54,8,4.74,5,20.5,0
131.95,70,7,34.66,8,4.76,4,17.62,0
131.68,63,7,63.95,5,5.01,5,29.47,1
127.17,53,10,42.83,11,5.5,7,15.32,1
113.01,54,8,47.32,7,5.81,4,22.88,0
142.75,77,8,55.47,6,5.1,5,26.55,1
101.94,63,9,59.75,6,4.88,4,29.85,1
121.48,51,7,33.98,8,5.85,6,25.35,0
190.96,71,5,52.45,5,4.55,6,30.34,1
111.81,60,7,38.12,8,4.53,6,32.0,0
175.08,100,4,17.49,6,6.66,5,19.08,1
121.21,62,9,47.65,5,6.07,3,28.78,0
138.7,71,7,39.79,7,6.91,5,17.01,1
126.53,39,4,36.12,7,6.72,6,19.91,0
70.27,84,11,40.32,11,4.95,5,13.14,1
133.12,91,9,45.01,7,5.75,5,22.33,1
130.09,80,8,44.21,5,7.16,4,23.92,1
163.33,55,5,32.46,7,7.21,5,19.17,0
126.81,75,4,51.39,4,5.92,5,27.35,1
99.05,12,5,39.08,9,5.1,4,12.2,0
168.69,79,7,40.02,6,4.05,4,27.85,0
90.06,90,6,23.82,8,2.73,5,21.42,0
135.96,53,7,40.49,7,4.36,4,24.8,0
136.7,18,5,28.38,7,7.54,5,25.97,0
136.35,80,9,35.88,7,5.06,6,30.52,0
135.06,73,4,49.63,1,8.57,2,23.77,1
126.77,51,8,30.46,7,7.11,5,25.28,0
184.69,53,7,69.89,5,4.85,5,32.06,1
102.25,78,9,45.64,8,5.65,5,16.47,1
107.24,35,6,33.39,8,3.47,3,19.3,0
115.05,52,4,26.8,9,3.88,5,13.86,0
130.48,52,8,39.61,9,5.92,5,15.84,0
138.68,68,8,34.55,9,5.55,5,14.69,0
165.43,61,6,30.47,7,7.12,5,17.44,0
157.26,82,6,35.02,8,5.08,6,18.93,1
123.42,47,4,20.04,10,3.05,5,11.95,0
130.66,72,9,41.81,7,4.66,5,28.95,0
132.81,51,8,35.26,7,6.66,5,25.93,0
132.85,66,6,43.43,4,7.28,4,26.34,0
126.6,79,10,32.43,8,4.12,4,21.99,0
133.45,53,7,64.25,5,4.53,5,33.43,1
160.52,71,7,35.71,8,6.08,6,18.08,1
140.89,61,7,52.16,3,8.46,3,26.49,1
142.23,60,10,48.18,11,4.56,7,17.71,1
141.28,48,7,46.99,6,3.97,4,32.84,0
112.17,73,8,45.02,5,7.57,3,24.97,1
112.9,37,6,32.61,9,4.26,4,15.2,0
155.31,48,6,23.33,10,4.61,3,3.06,0
183.7,54,8,49.6,6,5.46,3,25.79,0
159.14,47,9,38.19,8,4.91,3,17.11,0
77.07,50,5,21.16,10,3.76,4,6.87,0
98.42,68,7,31.96,8,4.87,4,13.4,0
134.93,51,6,37.59,5,5.99,5,32.15,0
157.43,55,4,22.47,9,3.0,4,15.5,0
185.02,84,8,37.04,7,4.87,3,20.53,0
131.01,70,8,52.38,7,5.16,4,22.72,1
146.35,42,6,45.87,8,6.88,6,19.45,1
73.08,64,5,31.53,8,6.27,7,21.52,1
146.7,75,7,37.43,8,5.46,5,19.85,1
80.07,70,8,32.26,5,7.18,4,26.41,0
129.97,41,7,39.57,9,5.44,5,16.71,0
160.28,64,8,30.82,8,4.79,3,13.67,0
132.19,50,7,42.23,8,5.99,5,16.46,0
101.94,56,5,39.35,6,5.93,5,27.62,0
161.45,55,8,59.6,5,6.48,4,29.87,1
136.03,79,10,37.14,8,6.03,5,23.5,0
130.82,96,5,41.13,4,6.42,4,21.8,1
114.91,69,9,61.2,6,4.73,4,28.63,1
195.16,48,5,41.41,7,5.74,6,25.91,0
124.21,47,7,33.61,8,3.79,4,19.66,0
129.33,86,6,48.81,4,6.2,4,23.6,1
123.59,58,8,42.26,5,6.22,4,32.35,0
174.63,77,9,44.51,7,3.51,6,35.92,0
196.76,52,7,36.54,6,6.41,5,30.37,0
165.61,69,8,23.27,9,3.8,3,12.27,0
127.35,57,7,40.33,6,6.06,4,20.14,0
160.69,57,8,27.81,7,7.41,5,28.33,0
157.45,69,8,41.38,7,5.48,4,20.62,0
141.84,73,8,40.79,7,7.49,4,13.92,1
102.31,74,7,35.5,6,6.55,5,25.23,0
94.11,33,5,43.67,5,7.73,5,25.23,0
133.34,46,6,30.58,8,6.68,6,21.32,0
176.98,86,4,51.35,3,6.49,4,23.16,1
137.24,88,7,30.77,7,6.37,5,17.84,1
137.55,74,8,54.54,6,5.53,4,26.79,1
90.02,46,7,27.11,9,5.9,6,22.71,0
151.29,48,6,29.45,6,8.21,4,23.5,0
138.03,70,8,37.33,8,5.57,5,20.46,1
161.28,69,9,37.67,8,6.32,5,22.64,0
92.36,58,4,22.74,8,2.36,4,18.41,0
168.48,60,10,56.36,6,5.37,5,30.22,1
127.97,75,5,56.64,4,6.07,4,26.09,1
142.99,88,8,47.72,6,5.47,4,23.74,1
144.07,89,8,28.53,7,7.86,4,11.89,1
110.05,54,7,20.16,10,3.09,3,12.55,1
116.46,45,6,23.76,8,6.96,6,23.07,0
147.13,70,6,41.91,6,7.15,5,19.03,1
164.16,65,6,34.94,8,4.15,5,21.38,0
172.87,77,6,51.71,5,5.93,4,26.27,1
135.07,60,8,31.51,8,3.86,3,18.93,0
203.96,85,12,39.85,9,5.72,5,24.15,1
87.54,60,7,31.73,7,3.06,2,20.96,0
118.81,95,7,22.97,9,5.77,6,13.72,1
108.28,65,7,41.44,5,5.91,5,32.74,0
150.02,53,9,35.99,7,7.2,4,25.85,0
148.26,50,5,35.62,7,3.1,4,24.56,0
115.8,60,9,63.71,6,4.93,5,30.01,1
86.08,72,9,36.77,8,5.87,4,14.87,0
205.94,70,7,39.16,7,4.33,4,23.89,0
113.73,74,4,54.46,3,6.51,4,26.23,1
130.6,38,5,38.6,7,6.18,5,21.41,0
151.95,72,8,41.32,7,5.39,5,27.9,0
125.47,93,9,42.46,7,5.54,4,22.66,1
168.31,54,4,16.25,9,2.37,4,12.42,0
181.08,49,9,39.01,7,4.45,3,22.82,0
165.98,85,4,24.18,7,5.44,6,24.3,1
140.35,67,8,47.04,8,5.51,5,18.59,1
134.21,69,8,33.4,7,4.1,3,18.55,0
136.13,55,6,30.62,9,4.54,4,12.81,0
199.14,57,5,46.46,6,4.68,5,28.12,0
159.62,72,9,40.37,8,3.47,6,31.77,1
155.98,81,8,21.49,10,4.37,4,9.36,0
116.4,55,4,37.18,6,6.3,6,27.56,0
81.69,63,9,52.24,5,7.19,4,27.23,1
188.23,50,9,21.13,9,7.53,5,18.76,0
195.96,89,11,37.53,6,7.69,3,20.33,1
105.36,88,7,28.44,8,6.97,4,14.4,1
153.2,52,6,39.39,8,4.63,6,23.37,0
141.08,52,10,58.79,6,6.59,4,30.19,1
93.09,52,6,33.89,7,6.06,5,26.85,0
158.43,88,12,41.16,7,6.21,4,22.32,1
93.76,51,7,37.84,8,5.08,4,16.32,0
109.15,87,8,36.27,8,5.67,5,18.1,1
134.83,89,9,39.27,8,5.66,5,20.66,0
103.74,55,8,31.52,7,6.65,4,24.24,0
138.34,40,8,29.69,8,7.22,5,20.34,0
117.62,63,7,35.55,8,4.94,4,16.58,0
167.85,73,10,31.71,6,6.63,4,30.92,0
113.53,41,9,44.98,8,5.36,4,21.81,0
145.5,62,7,26.1,8,3.53,4,17.85,0
82.75,65,8,33.73,7,6.46,5,23.94,0
161.62,81,6,31.23,7,6.01,5,20.13,1
143.52,55,8,46.71,7,5.25,4,24.39,0
149.2,45,9,43.16,7,4.54,3,25.24,0
143.86,52,7,32.67,8,4.03,4,18.63,0
97.02,47,8,37.81,7,7.96,5,23.29,1
106.73,68,7,31.95,7,6.83,5,24.38,0
131.71,93,9,40.63,6,7.07,3,20.54,1
165.84,69,8,39.7,7,4.35,3,23.51,0
95.46,81,6,29.79,8,4.33,4,14.5,0
102.14,86,9,41.94,8,5.28,5,17.6,1
119.5,73,9,45.31,8,6.18,4,16.01,1
141.98,51,7,35.85,6,7.85,4,21.66,0
148.57,44,7,23.39,8,6.48,6,27.85,0
119.07,35,7,44.71,8,6.17,5,16.25,0
143.39,85,6,32.2,7,5.72,5,22.01,1
100.55,74,7,54.08,5,6.06,4,26.03,1
123.61,94,6,34.56,7,4.5,5,23.41,1
81.06,48,6,34.03,8,4.71,4,14.76,0
95.09,81,11,33.3,10,5.63,5,14.48,1
131.47,82,7,44.89,5,7.18,4,23.06,1
120.59,58,8,37.91,7,6.56,5,24.91,0
146.29,43,8,31.69,7,6.04,5,29.16,0
107.02,74,8,50.58,6,5.67,4,28.49,0
106.51,44,6,31.87,8,6.18,6,24.99,0
133.08,44,2,48.67,6,5.25,6,20.76,0
137.81,105,6,37.48,4,7.81,3,16.86,1
126.52,82,8,47.3,6,5.59,5,25.34,1
176.08,47,8,31.41,8,5.41,5,31.09,0
144.98,82,7,63.26,6,3.58,5,26.64,1
159.6,80,8,39.15,7,4.61,4,22.64,0
115.78,47,4,34.11,7,3.29,4,20.8,0
140.41,83,10,40.59,8,4.62,5,27.78,0
90.5,73,8,47.62,7,6.54,4,15.74,1
85.16,63,8,47.33,7,6.36,4,20.1,0
103.14,55,5,33.26,7,6.74,5,22.25,0
140.22,58,10,35.51,9,5.43,6,29.87,0
114.88,44,8,35.81,7,7.7,5,23.9,0
126.27,72,9,32.11,7,6.73,4,21.5,0
172.35,95,8,34.61,9,4.37,5,18.21,1
100.06,84,2,6.65,6,8.12,6,19.8,1
108.04,48,6,31.52,8,5.48,6,26.63,0
138.53,72,10,48.47,7,5.9,4,24.92,0
108.57,64,8,39.29,8,5.64,4,17.13,0
135.02,50,8,29.52,8,6.45,5,28.4,0
87.42,59,6,42.29,6,6.02,5,26.52,0
77.51,40,7,31.15,9,3.33,4,21.18,0
124.56,107,9,31.2,7,6.47,4,18.61,1
98.72,74,9,44.64,8,7.45,4,9.18,0
185.41,52,8,26.42,11,5.29,4,6.82,0
171.95,43,8,27.08,8,7.17,5,24.15,0
124.95,43,5,36.13,7,4.39,4,17.28,0
104.1,79,9,48.29,6,6.26,4,24.55,1
104.7,51,5,38.07,8,5.31,6,17.0,0
113.47,86,10,38.43,7,5.36,5,27.94,0
86.97,48,9,41.72,9,5.76,4,18.15,0
111.63,63,8,33.53,8,4.55,4,18.06,0
122.01,56,7,32.68,9,5.16,4,11.87,0
155.59,42,5,43.27,5,5.28,5,30.1,0
171.43,89,10,33.0,8,8.47,3,7.69,1
149.51,49,6,43.93,7,4.93,6,28.01,0
163.64,60,8,29.86,8,6.42,5,24.37,0
157.52,45,6,48.54,6,5.02,5,31.63,0
89.76,56,8,30.26,6,7.77,4,27.65,0
134.08,76,7,31.14,8,4.63,4,15.09,0
126.99,88,6,51.08,5,4.97,5,24.83,1
115.79,53,7,33.8,6,6.59,5,28.44,0
114.16,82,7,55.49,4,6.52,3,23.17,1
157.29,41,5,42.01,6,5.15,6,29.91,0
126.47,60,8,53.83,7,3.78,6,32.49,0
84.8,49,8,41.46,8,6.08,4,14.33,0
152.86,72,9,51.18,8,7.24,4,11.82,1
167.67,64,9,31.15,9,6.99,6,19.62,0
156.61,101,5,48.85,3,6.56,3,19.11,1
117.44,73,8,27.2,9,5.85,6,21.12,1
91.15,46,9,15.49,11,6.12,6,22.31,0
92.86,67,8,30.15,9,4.57,4,15.09,1
151.49,64,6,41.77,6,3.77,4,29.23,0
154.31,55,11,56.13,9,5.57,5,17.63,1
164.58,48,6,42.5,5,5.16,5,30.22,0
115.26,72,7,55.4,5,5.82,4,27.05,1
149.6,72,9,40.25,9,6.47,5,14.83,0
94.07,91,8,49.74,5,6.24,3,21.12,1
81.5,80,8,50.1,7,4.41,5,21.93,1
131.19,52,9,40.48,7,4.75,4,22.15,0
167.23,89,5,20.16,7,6.91,5,19.47,1
183.17,74,8,41.89,7,5.39,5,28.44,0
153.12,31,4,22.52,10,3.49,5,7.33,0
137.25,60,10,41.87,9,6.43,5,15.25,0
148.07,77,9,27.78,10,4.97,5,12.26,0
119.49,59,9,33.71,7,6.35,5,28.16,0
131.38,67,5,52.82,3,4.98,4,33.38,0
112.52,64,8,22.85,8,4.7,6,29.3,0
121.71,66,8,49.67,5,6.37,4,28.45,1
107.82,62,6,31.57,8,4.3,4,15.39,0
117.59,77,7,35.0,7,5.72,5,25.76,0
124.15,87,6,32.71,8,4.35,6,22.72,1
123.14,64,6,45.36,5,6.11,5,30.41,1
128.62,53,9,32.4,7,6.53,5,27.74,0
136.09,56,8,31.54,8,6.54,5,23.82,0
138.04,37,6,35.76,8,6.96,5,19.0,0
206.64,62,7,39.91,6,6.58,5,25.21,0
175.44,59,8,27.64,9,4.33,4,11.87,0
105.98,105,9,30.65,8,4.77,4,17.16,1
129.06,61,6,19.05,9,2.6,3,16.28,0
114.81,56,8,36.08,8,7.08,5,19.36,0
159.54,99,2,50.21,3,6.19,4,20.65,1
164.58,36,6,45.03,7,5.13,4,20.89,0
134.11,54,5,31.62,7,6.62,6,23.18,0
79.49,55,8,30.65,9,4.12,4,15.77,0
158.24,52,7,31.46,8,6.2,5,23.82,0
114.81,51,7,36.91,6,7.58,4,22.99,0
72.91,27,9,34.16,10,5.23,4,12.48,0
129.41,40,8,34.6,9,4.67,4,13.77,0
157.69,59,8,23.78,8,7.14,6,25.86,0
114.21,106,4,14.52,6,5.37,5,23.7,1
132.74,60,8,35.25,8,5.74,6,27.72,0
107.98,89,5,17.12,8,5.84,6,21.09,1
169.81,43,9,31.86,9,4.75,3,13.73,0
176.35,63,8,50.22,4,7.2,4,27.99,1
136.48,62,6,35.17,8,4.96,5,16.93,0
145.25,69,7,31.42,8,5.12,6,26.28,1
123.3,84,8,38.52,7,4.42,5,25.97,0
141.52,54,7,43.69,5,3.44,3,30.71,0
138.23,54,9,28.98,8,6.54,5,26.78,0
145.65,44,7,46.83,7,5.46,4,22.13,0
155.46,57,8,35.5,8,4.45,3,17.19,0
30.61,37,4,32.31,6,6.42,6,26.4,0
102.79,23,4,38.62,9,5.12,6,14.86,0
187.25,72,7,28.38,9,4.04,4,17.7,0
178.65,83,9,36.11,9,5.49,5,18.1,1
155.76,46,5,41.15,6,6.73,5,23.18,0
140.38,80,6,27.15,8,5.4,6,22.13,1
66.24,49,6,39.86,5,2.67,3,31.97,0
86.77,61,8,36.42,8,5.46,6,27.31,0
137.55,67,13,57.62,9,5.72,4,14.96,0
115.8,66,7,27.35,9,4.37,4,12.57,0
111.0,55,6,30.03,10,5.04,5,9.78,0
154.9,44,7,35.17,8,4.9,6,30.49,0
75.3,51,11,61.33,6,5.72,4,31.43,1
103.76,53,9,25.48,7,7.67,4,25.66,0
184.67,76,7,42.46,6,5.91,5,20.49,1
170.1,77,7,28.58,9,4.46,5,15.15,0
159.75,64,7,36.33,6,6.35,4,24.91,0
140.28,54,7,39.05,6,5.39,5,30.15,0
144.34,67,7,36.96,6,6.0,5,25.76,0
164.1,61,7,38.95,7,3.71,4,27.43,0
129.45,56,10,33.09,9,5.25,4,13.36,0
142.73,83,8,47.04,6,5.71,4,24.75,1
83.44,83,8,53.26,5,6.57,3,22.48,1
106.22,47,6,39.93,7,4.9,6,29.22,0
167.53,94,5,26.14,5,7.19,4,19.14,1
129.47,56,7,37.22,8,4.94,4,16.1,0
121.08,29,4,33.07,6,6.86,5,24.46,0
160.25,87,7,46.11,6,5.67,5,24.05,1
84.58,72,7,30.72,5,6.68,5,32.98,0
160.19,81,7,48.52,5,6.22,4,24.65,1
170.6,74,6,51.03,5,5.51,4,27.77,1
108.49,53,7,22.41,10,3.47,4,11.65,0
139.61,72,8,48.68,4,7.33,3,24.97,1
195.68,79,9,40.68,8,6.21,5,17.3,0
157.55,53,4,46.09,6,5.71,5,26.8,0
111.96,53,7,34.27,7,3.11,4,24.61,0
142.89,50,4,31.23,7,3.5,4,18.45,0
108.45,62,7,29.38,9,4.18,4,16.75,0
133.69,49,7,44.91,7,4.61,4,26.75,0
100.32,51,9,50.94,6,6.12,3,21.66,0
60.43,52,8,47.07,9,5.39,6,21.79,1
142.32,71,6,31.52,9,5.34,7,21.7,1
114.97,61,6,27.51,7,6.53,5,23.36,0
92.11,27,7,33.03,8,4.4,3,12.52,0
154.08,75,8,35.51,8,5.13,6,26.58,0
172.26,79,8,28.64,9,6.14,5,17.92,1
113.59,54,9,28.76,9,5.19,6,31.92,0
139.01,62,6,44.64,7,5.38,5,23.17,0
172.39,29,6,44.64,8,5.8,5,17.92,0
169.77,53,4,46.09,5,4.93,5,29.36,0
129.29,60,6,27.36,8,3.6,4,16.31,0
118.75,58,7,33.25,8,4.12,4,18.63,0
115.47,77,8,51.95,6,5.5,5,26.14,1
138.21,37,8,35.17,9,4.34,4,18.93,0
166.43,49,8,58.02,6,7.46,4,21.73,0
115.51,92,6,38.33,5,6.53,4,22.5,1
128.13,55,6,38.46,7,5.48,5,28.41,0
173.88,77,9,35.72,8,5.41,5,20.04,1
158.9,77,6,29.93,8,3.86,4,18.8,0
118.76,62,5,34.43,8,4.25,5,17.9,0
185.47,79,8,44.77,5,7.48,4,23.62,1
72.33,74,9,45.15,8,6.5,4,16.01,1
71.0,75,9,45.9,5,6.91,4,25.08,1
142.62,77,9,50.75,6,4.94,4,27.24,1
103.96,52,8,42.4,7,5.76,4,26.95,0
147.18,63,7,38.15,9,5.62,5,15.3,0
132.55,75,9,46.26,6,6.5,4,25.83,1
167.93,23,8,46.19,10,7.78,5,7.18,0
151.42,84,7,50.64,7,3.68,6,27.83,1
154.95,42,7,23.96,7,7.75,5,24.42,0
125.94,66,7,44.8,6,5.28,5,27.88,0
112.47,77,9,37.65,9,5.58,5,17.26,1
177.74,62,6,62.4,4,5.68,4,29.53,1
128.42,82,8,46.09,6,6.18,4,24.35,1
142.52,68,7,31.22,9,5.25,4,10.61,0
128.66,86,8,43.0,7,4.93,5,26.13,1
82.0,72,9,40.85,6,7.59,4,25.33,1
117.91,90,10,29.56,5,8.79,3,19.8,1
96.18,74,1,63.83,2,4.87,5,28.41,1
139.59,47,7,33.13,7,6.95,5,27.46,0
133.81,92,5,26.93,6,6.48,5,18.68,1
117.16,70,10,39.36,9,6.03,5,17.89,0
109.69,54,5,29.04,8,3.7,4,17.9,0
66.83,78,12,39.49,7,7.48,3,23.48,1
142.13,63,9,31.51,8,6.13,5,24.31,0
123.04,37,4,31.9,8,3.55,4,16.78,0
110.59,89,7,42.01,6,5.75,5,23.99,1
115.22,80,7,51.8,5,5.9,4,24.93,1
163.92,26,5,35.37,8,3.85,4,19.85,0
150.6,81,6,31.39,8,5.39,6,20.51,1
126.29,51,5,42.27,5,6.3,5,26.24,0
158.4,58,8,63.4,5,5.19,4,30.52,1
117.44,25,7,40.69,8,4.66,4,19.42,0
101.48,65,9,45.34,8,7.41,4,13.23,1
149.83,64,10,46.32,7,5.74,5,25.46,0
102.74,79,10,46.29,5,7.94,2,21.89,1
192.01,84,7,30.18,7,5.36,5,22.57,1
123.19,52,8,34.23,9,4.64,4,16.04,0
100.3,71,12,33.08,9,5.13,3,15.77,0
165.87,45,5,35.42,10,6.13,6,7.68,0
90.64,55,7,42.55,8,6.22,5,19.01,0
178.69,69,10,36.09,7,6.48,4,28.82,0
122.63,41,5,47.64,5,6.92,4,21.31,0
176.83,82,5,31.31,6,6.43,5,21.57,1
57.17,84,4,33.28,7,5.19,6,22.91,1
123.91,88,7,42.94,6,5.56,4,24.5,1
149.22,65,9,31.76,8,7.2,5,20.9,0
139.05,83,4,18.65,6,7.41,5,19.01,1
120.42,76,7,39.14,7,5.93,4,13.62,0
121.44,32,7,40.63,9,5.38,5,16.3,0
132.25,79,5,26.32,7,5.08,6,25.91,1
124.44,60,8,40.98,6,3.8,3,27.05,0
123.37,64,7,34.88,7,4.08,4,19.98,0
98.0,32,6,31.71,7,7.03,5,25.37,0
160.67,89,9,40.4,5,8.22,3,19.62,1
135.4,86,7,49.32,7,3.92,6,26.81,0
98.43,23,5,28.68,8,6.96,6,22.1,0
117.93,43,10,48.47,6,4.96,3,24.99,0
157.08,48,5,23.23,10,3.39,5,12.12,0
103.12,42,7,42.45,9,6.18,5,14.29,0
134.0,63,9,27.14,8,3.02,3,20.66,0
151.71,73,10,36.82,10,5.46,5,17.52,1
118.76,62,7,33.45,7,6.77,5,19.47,0
94.61,62,6,25.84,9,4.72,4,7.43,0
160.06,94,6,44.22,5,6.09,4,21.95,1
165.8,66,8,44.06,8,5.58,6,20.31,1
126.36,34,6,46.1,6,4.59,4,24.54,0
98.2,69,5,37.94,8,6.18,6,18.86,1
64.69,58,7,34.84,8,4.23,4,20.42,0
81.46,80,5,52.54,3,6.98,3,23.67,1
143.15,91,9,49.31,5,6.09,3,21.37,1
95.29,50,7,29.5,6,7.37,5,28.81,0
86.73,56,5,38.38,7,6.28,6,22.4,0
154.29,76,7,45.55,3,8.36,3,23.01,1
151.26,30,4,19.86,8,1.5,3,16.35,0
167.08,53,8,37.78,7,6.56,5,28.18,0
117.4,76,9,51.3,5,6.47,3,24.81,1
100.95,93,8,31.94,7,5.29,5,20.25,1
120.76,69,6,50.53,4,6.29,4,28.15,1
147.18,45,6,35.06,9,5.32,5,12.27,0
161.99,69,9,29.98,10,5.72,5,11.15,0
154.58,51,5,32.62,9,4.47,5,15.06,1
126.88,60,9,33.12,8,5.9,6,27.86,0
165.82,81,6,37.55,6,6.74,5,17.69,1
93.07,67,7,34.87,6,3.58,3,22.55,0
138.62,41,3,37.67,5,7.63,5,22.83,0
78.8,53,11,55.24,7,5.1,5,32.64,1
166.87,59,7,27.56,8,7.98,6,17.33,0
164.83,56,7,45.76,8,6.44,5,17.7,0
152.26,76,7,56.45,5,5.81,4,25.7,1
118.79,64,8,33.39,7,4.0,3,21.96,0
109.17,66,5,24.22,8,7.25,6,19.09,1
98.35,79,9,32.57,8,6.48,5,23.34,0
174.01,46,7,44.37,8,5.79,5,18.58,0
173.26,72,7,39.66,7,4.78,4,21.79,0
126.74,43,6,38.11,7,5.71,6,32.6,0
101.01,41,8,33.71,9,4.91,4,15.24,0
113.04,54,8,46.39,7,5.82,4,21.01,0
94.03,31,3,39.42,6,6.22,6,22.47,0
128.99,89,9,41.92,7,5.45,5,23.98,1
84.41,68,8,51.06,7,4.47,6,30.8,1
154.87,63,8,45.73,7,7.31,4,16.13,1
143.66,82,6,34.83,8,6.4,5,14.42,1
119.36,56,6,32.49,8,4.11,4,17.99,0
140.18,52,8,34.32,8,5.61,5,29.09,0
65.07,54,8,26.21,9,5.2,6,29.04,0
128.37,57,7,31.5,8,3.83,4,20.35,0
234.41,72,9,34.92,8,4.59,3,18.1,0
98.62,52,10,18.46,9,6.65,5,26.41,0
139.8,35,8,26.84,10,4.13,4,10.97,0
122.81,74,9,29.16,8,6.14,5,23.69,0
176.81,58,5,36.86,6,3.04,3,25.43,0
95.77,48,7,43.98,5,6.49,4,29.48,0
131.6,31,7,45.67,7,4.94,4,22.41,0
181.12,58,6,19.13,10,3.04,4,12.57,0
148.34,66,7,31.58,9,6.72,6,17.44,1
162.92,57,5,43.96,5,6.78,5,20.67,0
131.71,70,6,36.95,8,4.49,6,22.54,0
143.64,73,7,22.49,9,3.71,4,12.51,0
134.85,67,6,20.44,9,2.18,3,17.87,0
186.61,56,6,32.04,7,3.85,3,17.57,0
112.5,67,8,25.53,9,6.33,6,23.47,0
133.45,57,7,26.19,7,7.59,5,24.54,0
177.67,73,8,50.2,7,4.79,5,26.37,0
142.17,36,3,51.88,6,5.55,6,21.94,0
137.79,79,9,44.89,4,8.43,3,21.48,1
124.54,42,5,46.26,6,6.23,5,23.4,0
112.99,87,7,39.73,7,4.73,5,22.11,1
128.57,83,9,24.37,9,4.16,4,14.4,0
73.95,61,9,39.87,7,4.64,4,23.8,0
149.48,46,7,27.97,7,7.48,5,26.8,0
134.39,78,10,40.78,8,5.78,5,21.56,0
108.02,71,5,32.06,8,7.24,6,15.29,1
136.17,65,7,32.92,9,5.03,5,16.04,0
118.04,101,6,16.01,9,4.5,6,21.34,1
97.37,57,7,41.45,7,4.86,4,20.57,0
125.86,87,9,49.49,7,4.47,5,25.29,1
176.11,43,6,39.27,7,5.28,6,30.67,0
70.17,54,7,39.71,5,7.0,4,27.85,0
195.09,83,10,41.17,8,6.68,5,15.26,0
51.09,74,9,34.3,8,5.34,5,26.98,0
145.77,82,6,46.29,4,7.51,3,22.72,1
105.63,79,9,43.82,5,7.07,4,23.89,1
155.0,57,9,40.06,7,6.38,4,24.21,0
129.23,42,8,33.55,8,5.17,5,29.47,0
147.16,87,7,52.83,4,6.96,3,21.22,1
78.98,81,5,49.67,4,6.19,4,24.95,1
149.79,68,6,45.11,5,4.5,4,27.55,0
139.52,65,9,37.12,8,5.05,3,17.87,0
124.48,76,8,35.53,10,5.33,6,17.1,1
96.28,43,7,32.14,9,5.59,6,24.13,0
137.14,83,7,30.75,8,6.22,5,15.36,1
145.45,51,7,32.09,8,3.82,4,20.87,0
142.66,72,8,31.12,6,7.05,4,24.53,0
91.94,65,10,52.72,8,4.85,5,29.93,1
137.77,61,7,36.95,8,6.48,6,19.41,1
114.78,41,6,34.34,8,4.02,4,18.24,0
86.56,61,8,34.34,8,6.99,5,20.62,0
115.25,84,11,35.73,8,5.81,5,25.22,1
164.0,58,6,58.96,4,6.23,4,30.21,1
169.2,64,7,39.2,8,5.06,5,21.62,0
152.63,50,9,36.05,8,6.45,5,23.65,1
167.61,85,6,27.15,7,5.69,5,21.48,1
91.8,67,8,39.49,8,5.63,4,17.88,0
164.6,83,6,42.5,5,5.66,5,26.18,1
137.61,67,9,36.12,6,6.84,4,26.53,0
127.43,73,7,54.06,4,7.04,3,24.97,1
186.92,62,10,48.25,10,5.99,5,14.59,1
96.19,58,8,23.32,9,3.02,3,15.99,0
128.83,51,7,35.98,5,7.21,4,31.0,0
177.84,51,7,30.88,10,5.54,5,8.96,0
120.52,48,8,31.66,6,8.31,4,23.89,0
93.74,68,9,39.39,8,5.86,4,16.75,0
122.95,57,6,36.36,8,4.63,5,19.28,0
189.93,62,8,29.9,7,6.74,5,24.39,0
82.11,87,4,22.47,6,6.95,5,19.23,1
147.35,48,7,33.08,8,5.55,6,24.18,0
178.88,66,9,48.74,6,5.9,4,24.18,0
119.21,24,5,47.68,4,6.78,4,30.49,0
76.82,65,10,21.14,9,7.05,5,23.08,0
198.95,67,10,34.75,10,6.06,4,9.99,0
153.91,38,7,45.76,7,4.89,4,24.79,0
116.05,47,8,39.51,8,4.45,4,23.56,0
159.5,48,6,37.62,8,4.46,4,19.69,0
127.1,56,9,25.32,8,6.75,5,24.8,0
128.03,67,11,32.43,8,6.71,4,24.26,0
90.8,23,4,30.78,6,7.85,5,21.64,0
142.69,47,6,39.9,5,7.73,4,24.34,0
83.56,105,6,36.6,7,5.17,5,21.48,1
105.76,59,7,42.89,7,4.74,4,25.37,0
156.73,60,7,35.05,7,4.94,5,31.32,0
113.41,52,6,27.32,8,6.51,6,26.32,0
80.49,101,10,38.01,9,4.96,4,14.67,1
180.06,38,10,46.01,7,5.18,3,23.34,0
190.54,88,3,9.83,7,4.69,7,29.04,1
134.34,59,8,37.72,8,4.62,4,18.49,0
77.67,81,5,30.67,7,6.28,6,19.43,1
184.01,100,10,32.73,6,7.43,3,18.84,1
79.79,46,8,53.63,7,6.79,5,19.64,1
129.9,60,6,57.49,4,5.68,5,30.76,1
130.12,77,4,52.54,4,5.62,4,27.12,1
128.37,53,6,60.59,3,6.37,4,31.3,1
120.74,67,7,42.64,5,3.07,3,31.28,0
106.32,67,7,29.12,8,4.2,4,14.12,0
130.85,45,8,26.28,8,6.77,5,25.63,0
125.58,64,10,31.86,7,7.13,4,26.9,0
82.93,71,8,49.21,5,6.78,4,26.24,1
163.18,36,7,28.22,9,3.92,4,13.77,0
142.38,51,8,27.38,7,6.59,5,25.25,0
158.62,105,6,21.26,7,5.99,5,17.38,1
149.33,59,10,34.55,10,5.6,4,13.9,0
93.81,80,8,35.5,7,4.65,3,19.0,0
171.2,76,6,53.81,4,6.52,4,25.33,1
92.06,45,8,42.2,7,4.65,3,24.21,0
124.32,43,8,43.16,7,4.32,3,25.79,0
158.86,59,10,27.79,8,6.38,5,27.03,0
150.45,53,4,33.16,7,7.18,6,22.17,1
151.18,57,8,32.64,8,5.71,6,25.47,0
128.42,68,9,47.07,9,4.76,6,18.33,1
124.51,76,6,54.83,3,6.98,4,24.46,0
138.97,68,10,33.37,9,7.72,5,11.64,1
76.09,58,5,32.85,8,4.54,4,14.12,0
171.13,76,9,54.07,4,4.62,3,39.04,0
92.06,64,7,30.46,6,5.7,5,33.77,0
80.39,76,8,38.63,6,7.38,4,16.84,1
123.62,41,3,43.92,7,4.85,6,24.66,0
105.77,66,6,64.4,4,6.05,4,27.17,1
127.13,50,6,29.79,9,6.01,6,20.85,0
166.09,81,8,45.14,6,5.79,4,25.64,1
116.04,57,4,48.4,8,4.03,7,23.36,1
85.1,78,6,29.08,8,3.57,5,20.53,0
157.19,46,6,36.01,7,6.04,5,22.97,0
101.18,68,10,51.83,5,7.51,3,24.95,1
126.37,110,8,41.74,7,4.59,4,19.82,1
107.5,93,6,19.85,9,5.71,6,16.33,1
151.01,62,11,23.44,8,5.7,5,33.7,0
184.89,63,8,28.35,9,4.68,4,13.96,0
174.35,56,10,36.94,7,5.16,4,34.59,0
118.83,75,5,27.63,6,7.07,5,20.76,1
160.53,81,6,25.66,8,4.96,6,25.43,1
133.33,64,8,44.22,8,4.29,6,27.65,0
169.39,56,7,41.65,8,5.42,5,20.11,0
145.62,58,7,40.87,6,5.67,5,26.92,0
148.23,41,7,35.18,7,6.25,5,25.33,0
146.59,39,7,39.07,7,7.16,5,22.47,0
84.14,54,7,36.85,8,4.28,4,20.32,0
226.49,58,7,62.71,4,6.41,4,29.1,1
134.22,44,9,34.53,7,7.2,4,26.88,0
129.78,46,6,22.8,8,5.69,6,26.76,0
138.2,74,7,41.43,7,5.74,5,20.81,0
118.21,46,8,34.51,6,5.66,4,33.48,0
125.81,98,8,47.2,5,6.3,3,19.8,1
130.05,64,9,33.47,11,5.41,6,17.09,1
123.16,59,8,30.09,9,4.39,4,15.66,0
144.03,70,7,35.15,7,6.51,5,20.48,1
164.36,73,10,48.14,6,5.15,3,28.71,0
133.35,67,7,53.26,5,4.94,5,33.77,0
117.5,85,6,41.8,6,5.46,5,25.93,1
128.35,54,7,49.18,5,4.48,4,30.84,0
90.15,60,6,42.85,5,3.76,4,29.45,0
108.34,62,7,22.93,10,3.91,5,12.71,0
144.15,87,8,30.25,7,7.01,4,15.56,1
89.28,62,10,35.86,9,5.74,3,13.9,0
173.75,69,6,33.03,6,2.27,3,30.31,0
177.07,59,6,37.75,7,4.85,4,16.77,0
138.96,38,8,30.78,10,4.5,4,14.18,0
132.7,68,6,44.72,7,5.98,5,20.26,1
87.21,60,7,27.2,10,4.58,5,11.62,0
151.28,49,4,50.58,5,5.58,5,28.41,0
163.55,40,4,32.09,8,4.71,4,10.66,0
169.47,57,7,33.17,9,4.87,5,14.24,0
169.64,66,10,37.78,8,4.57,3,22.34,0
135.89,33,5,39.21,7,6.17,5,25.33,0
119.01,76,8,28.32,7,6.38,5,27.16,0
125.61,70,5,35.25,7,4.3,5,20.18,0
119.35,116,8,37.88,8,4.24,5,18.74,1
157.24,46,6,32.98,7,6.69,5,27.11,0
157.01,65,9,47.84,8,7.15,5,15.67,0
144.78,54,9,40.44,8,4.78,4,22.2,0
107.83,87,9,44.31,6,6.58,4,22.22,1
92.3,73,6,30.5,7,2.93,4,23.33,0
83.91,66,10,39.02,9,4.04,6,29.47,0
173.7,71,7,36.34,7,7.53,5,15.83,1
91.35,41,6,43.88,8,5.76,6,22.65,0
180.35,88,7,28.45,8,4.12,3,15.77,0
135.66,87,8,43.73,6,5.53,4,21.15,1
82.55,57,7,35.49,8,4.69,3,16.29,0
113.77,86,9,37.94,7,4.82,5,31.06,0
108.04,78,10,44.87,7,5.28,5,27.4,0
156.12,55,9,33.73,9,4.74,4,17.53,0
122.08,69,6,57.77,5,4.74,5,29.63,1
185.77,48,7,33.02,7,6.75,5,23.78,0
110.0,61,11,28.15,9,5.94,5,28.5,0
107.85,51,5,32.1,7,6.76,5,21.92,0
99.87,71,8,50.7,7,4.95,5,28.92,1
126.59,25,5,28.42,8,3.22,3,13.86,0
119.37,70,6,45.99,7,6.29,5,18.63,1
124.0,42,7,35.93,8,4.68,4,18.16,0
185.22,65,8,50.88,5,6.55,4,28.21,1
143.56,46,7,29.8,10,4.77,4,11.05,0
215.38,85,8,37.87,4,7.91,3,22.16,1
122.75,87,7,42.48,3,8.83,2,19.46,1
117.34,62,7,33.9,8,4.91,6,28.3,0
110.36,39,7,29.02,8,3.17,3,19.1,0
150.41,89,8,46.97,5,5.98,4,22.85,1
125.36,47,8,32.5,9,3.56,4,21.48,0
145.5,89,6,33.84,6,5.4,4,22.29,1
124.05,31,6,32.28,9,4.84,4,11.18,0
160.44,40,6,25.57,8,6.41,6,25.58,0
105.84,49,6,41.38,6,6.33,5,28.82,0
161.42,78,9,39.57,7,5.25,5,31.07,0
150.19,69,9,29.01,7,5.69,5,32.04,0
150.59,42,7,35.89,7,4.02,3,19.26,0
133.87,70,8,36.61,7,6.19,5,27.13,0
106.41,61,8,30.35,7,6.65,4,26.21,0
123.52,50,6,42.89,7,5.27,5,24.9,0
196.76,81,7,47.24,5,5.19,5,32.21,0
138.55,77,8,53.11,4,7.11,3,23.62,1
143.88,36,8,34.19,9,5.79,3,6.57,0
158.65,71,5,42.08,7,5.67,6,21.16,1
129.79,65,6,34.78,7,7.28,5,17.49,1
127.6,51,6,32.49,9,4.06,5,18.93,0
99.56,92,8,31.46,8,5.92,5,16.52,1
105.2,64,8,30.79,7,7.07,4,24.25,0
130.34,56,10,49.72,9,6.78,5,13.31,1
173.51,86,7,29.1,8,6.43,5,15.74,1
151.52,34,6,32.27,8,3.02,4,22.75,0
115.82,58,9,30.51,8,7.16,5,21.11,0
142.62,85,6,45.17,4,6.59,4,23.6,1
168.68,39,5,37.41,9,4.68,6,20.92,0
138.88,56,13,50.07,12,5.3,6,13.9,0
105.03,90,8,39.03,7,5.3,4,18.69,1
93.72,66,9,39.41,7,4.09,3,27.35,0
110.24,58,8,33.67,10,5.68,6,12.37,0
159.28,68,6,56.85,5,5.34,4,28.93,1
110.72,59,7,47.24,4,8.24,4,28.11,1
155.79,77,11,41.69,11,6.01,5,9.65,1
165.86,68,7,35.04,8,4.15,4,20.99,0
179.98,84,8,37.17,7,5.95,4,19.04,1
131.61,49,6,35.08,9,5.48,5,11.31,0
132.26,49,4,43.09,5,6.57,4,22.46,0
128.47,40,7,37.58,7,4.0,3,20.93,0
116.18,82,4,52.45,4,5.51,4,25.99,1
109.45,72,7,59.57,5,5.67,5,26.6,1
119.64,53,6,29.89,7,6.78,5,23.02,0
151.01,82,10,48.41,8,4.32,5,26.76,1
148.58,61,8,38.24,8,4.96,4,19.28,0
149.79,44,8,33.51,9,4.0,4,20.12,0
201.32,60,6,29.65,9,5.31,5,10.17,0
161.19,67,7,45.63,6,4.51,5,30.73,0
98.36,50,11,35.68,8,4.77,2,17.62,0
132.06,81,3,19.92,7,6.1,6,23.12,1
113.45,59,8,38.57,7,4.27,6,32.39,0
107.72,60,7,39.98,6,7.43,5,23.79,0
174.7,76,8,47.99,7,6.35,4,14.73,1
96.25,74,6,26.97,9,4.18,4,12.51,1
123.93,59,7,23.74,9,3.06,3,16.19,0
181.74,65,9,39.5,8,5.38,4,20.1,0
97.35,69,6,46.84,5,6.03,5,29.05,1
95.49,55,5,47.8,3,6.9,4,31.48,0
101.4,75,7,33.83,9,4.78,6,21.06,1
120.96,64,10,46.95,9,5.73,5,17.27,1
95.59,58,7,40.9,6,5.94,5,27.69,0
131.63,50,6,28.7,8,5.27,6,28.08,0
185.29,28,4,40.89,6,6.0,5,27.56,0
174.37,61,9,33.65,8,5.5,5,29.17,0
100.64,65,10,36.45,11,5.34,6,17.43,1
112.37,79,11,26.56,8,7.08,5,25.32,0
149.96,72,7,53.31,4,6.17,4,26.92,1
136.43,71,8,45.98,6,4.87,4,27.28,0
147.25,89,9,47.98,6,5.93,5,27.79,0
174.98,33,6,34.11,7,7.05,5,23.3,0
84.97,87,11,42.86,7,5.86,4,23.08,1
128.4,82,12,47.41,8,5.13,4,24.94,1
176.13,68,4,46.98,4,6.43,4,24.96,0
114.97,69,7,28.23,9,3.9,4,17.77,0
169.59,53,7,30.49,8,6.59,5,23.12,0
180.51,59,8,27.37,9,5.48,6,29.04,0
122.34,64,7,30.94,8,4.16,4,17.33,0
144.32,62,8,42.0,8,6.03,4,17.74,0
131.23,93,10,37.55,8,5.54,4,18.09,0
147.01,71,5,60.15,3,5.88,4,27.24,1
145.26,81,8,36.1,4,9.04,2,21.63,1
161.49,61,8,50.44,8,6.8,5,14.21,1
168.52,54,7,37.85,6,7.28,4,25.55,0
163.5,60,10,33.11,10,5.45,4,11.44,0
147.62,31,5,31.19,9,4.01,4,13.75,0
150.59,66,9,33.44,8,5.29,5,24.61,0
141.91,51,5,30.6,8,4.37,4,14.13,0
152.25,58,7,33.95,6,6.42,5,28.37,0
166.3,55,7,30.55,8,6.61,6,24.92,1
113.93,57,8,41.82,7,5.56,4,18.0,1
140.65,65,10,49.77,6,5.69,4,29.21,1
134.24,58,5,30.93,8,4.03,4,16.59,0
123.39,59,7,34.15,7,6.84,5,24.95,0
119.56,62,6,30.97,8,3.63,4,20.26,0
180.14,49,8,29.09,8,6.83,5,23.52,0
135.14,82,8,47.59,5,6.97,4,22.75,1
143.34,73,6,34.07,8,4.4,5,19.06,0
65.65,53,3,42.42,6,5.8,6,21.17,0
163.04,69,9,51.15,6,5.87,4,28.08,1
105.21,37,5,32.99,9,3.92,5,18.92,0
131.14,43,7,33.24,10,5.65,5,8.72,0
186.79,97,12,39.69,7,7.29,3,18.16,1
142.67,39,5,34.18,7,6.52,6,25.63,0
100.16,96,4,47.37,5,5.3,5,22.69,1
167.45,77,8,32.65,8,6.5,5,21.03,0
96.96,68,8,41.35,6,6.86,4,27.95,1
84.73,36,8,22.67,8,7.72,5,26.62,0
130.27,70,10,38.44,5,8.14,3,25.2,1
157.97,62,7,37.59,7,4.33,4,21.25,0
131.69,75,8,42.48,5,5.74,4,30.46,0
91.23,65,9,44.21,7,5.23,3,23.52,0
130.49,73,8,32.22,8,4.46,4,18.37,0
129.41,74,9,56.15,6,5.47,4,26.31,1
178.35,78,9,43.11,9,5.26,5,17.91,1
108.04,36,5,42.14,7,5.55,6,25.88,0
147.41,92,2,52.71,1,6.73,3,21.65,1
107.67,63,9,32.52,6,7.56,4,28.17,0
70.5,84,4,54.83,4,5.46,4,24.8,1
116.47,60,6,38.94,5,6.21,4,28.76,0
119.39,51,7,36.88,5,7.24,4,31.96,0
145.45,67,8,46.96,6,5.54,5,29.9,1
141.44,43,6,25.54,10,3.86,4,9.96,0
161.2,70,8,39.85,10,6.43,6,12.21,1
72.19,47,7,34.0,7,6.59,5,22.79,0
100.41,58,5,10.2,11,2.16,4,8.13,0
119.16,69,8,44.37,5,6.91,4,27.5,1
114.37,46,7,39.95,7,4.06,4,25.82,0
147.86,71,7,30.86,7,6.72,5,21.36,0
148.57,69,12,12.13,10,7.51,5,22.32,0
134.99,53,7,28.72,9,4.22,4,12.47,0
146.78,69,5,18.3,10,3.21,5,13.23,0
92.79,70,11,49.09,8,4.99,5,28.75,1
104.12,67,8,42.97,7,6.35,5,22.44,0
152.29,44,8,31.79,9,5.69,6,27.38,0
171.11,69,7,35.75,8,7.04,5,16.38,1
162.94,77,6,35.38,7,6.46,5,17.59,1
169.04,85,9,45.34,5,7.2,3,21.86,0
139.06,97,10,42.55,7,5.74,5,24.14,0
58.18,75,6,55.4,7,2.6,6,31.77,1
180.01,81,8,40.68,8,5.77,5,18.16,1
128.99,44,5,31.85,8,6.06,6,20.46,0
158.89,45,6,40.67,6,3.41,3,26.69,0
96.74,50,7,39.77,7,4.67,4,21.81,0
97.17,58,7,29.06,8,5.7,5,25.0,0
138.04,79,6,32.3,7,5.39,5,24.16,1
165.93,56,7,41.81,9,6.59,6,13.7,0
150.89,44,7,32.12,9,5.61,6,22.36,0
149.64,70,7,42.68,7,6.2,5,17.79,0
133.4,100,7,17.53,7,7.21,4,15.35,1
164.53,50,6,33.39,9,4.59,5,14.71,0
130.04,96,5,28.77,6,5.83,5,21.0,1
89.46,39,6,41.36,7,4.72,4,20.94,0
178.56,81,8,50.14,4,7.74,3,21.55,1
146.3,49,9,42.39,7,4.39,3,25.29,0
89.65,73,7,51.11,7,3.96,6,30.32,1
166.48,89,8,30.28,8,4.62,4,17.05,0
172.55,80,8,35.43,8,5.27,6,25.4,0
116.42,62,9,50.58,9,6.08,5,16.41,1
119.29,59,10,37.25,7,7.62,4,22.77,0
168.54,76,8,37.74,7,6.26,5,18.46,1
94.27,75,7,34.29,8,4.58,4,18.02,0
131.06,57,7,39.51,7,3.87,4,26.39,0
147.96,92,9,42.84,6,6.11,4,21.88,1
63.44,64,9,34.98,8,5.94,5,28.12,0
124.84,24,5,42.1,5,7.15,4,27.43,0
155.51,38,8,25.96,9,3.2,3,14.59,0
88.76,100,5,25.51,6,6.87,4,16.89,1
131.67,61,8,21.28,11,4.22,5,9.66,0
143.2,58,5,38.19,6,6.24,5,25.21,0
130.94,84,10,42.17,9,5.37,5,14.72,1
119.7,63,6,36.68,7,6.74,5,21.59,0
145.11,72,9,33.02,9,6.37,5,16.71,1
235.41,60,8,32.7,7,6.29,5,26.22,0
154.74,80,10,24.88,8,6.47,5,26.31,0
143.79,60,10,36.74,9,6.61,5,17.68,1
147.58,73,7,27.29,9,4.25,4,14.52,0
120.29,52,10,53.59,7,7.77,4,16.59,0
140.65,94,4,14.75,6,6.94,5,20.47,1
126.28,101,6,44.19,4,6.38,4,19.52,1
105.76,77,8,43.23,6,5.3,5,29.73,0
91.2,64,8,29.14,10,5.2,7,25.21,0
153.32,59,7,41.55,5,6.25,4,28.29,0
103.07,59,9,48.94,9,6.48,5,15.78,1
101.36,47,8,28.25,9,6.71,5,20.95,0
157.73,49,7,30.01,8,3.38,4,19.78,0
112.87,64,9,51.36,9,4.49,5,22.33,1
130.16,65,5,29.46,7,3.65,4,18.36,0
152.37,75,10,47.27,6,6.15,4,25.95,1
171.85,66,8,45.25,6,5.83,5,26.26,0
132.99,34,6,33.29,6,7.54,5,26.89,0
82.32,46,9,38.2,8,5.0,4,17.9,0
137.0,99,9,36.45,7,5.8,5,21.28,1
76.04,62,7,36.53,7,4.13,4,23.46,0
120.58,88,6,43.92,6,5.55,5,24.68,1
148.93,76,8,55.7,5,5.96,4,25.29,1
168.47,40,6,38.23,7,4.45,3,18.5,0
139.88,80,6,33.67,6,6.4,5,20.62,1
174.76,83,11,46.21,7,5.91,4,23.89,1
114.13,76,8,41.48,8,5.39,5,19.92,1
90.03,58,8,43.87,6,4.91,4,26.07,0
184.09,70,7,38.26,6,7.52,4,18.79,1
96.39,35,7,41.11,8,5.42,4,14.42,0
127.78,53,7,37.1,8,4.54,5,21.5,0
134.93,65,4,51.0,2,8.08,4,26.77,1
125.44,70,8,44.8,7,5.65,6,28.95,1
141.45,68,9,28.85,9,3.99,3,17.36,0
162.98,63,8,49.94,6,5.52,5,30.62,1
129.55,57,8,34.97,9,5.97,6,22.97,0
102.35,47,8,31.37,8,3.42,3,21.21,0
158.0,72,10,46.9,9,6.01,5,13.57,1
189.23,61,5,52.23,5,4.51,5,32.81,0
132.73,56,6,47.62,5,5.18,5,32.22,0
131.09,58,8,44.74,7,5.64,5,29.03,0
100.78,46,6,42.48,6,4.16,4,24.57,0
126.9,40,6,38.54,7,4.3,3,18.72,0
119.01,79,6,37.03,7,6.5,5,18.43,1
135.53,41,6,36.61,7,5.85,5,26.92,0
140.45,67,5,32.79,8,4.12,5,18.62,0
82.29,68,6,50.3,3,7.51,3,26.26,1
165.22,68,10,33.53,7,6.85,4,24.35,0
105.61,68,7,23.26,11,5.32,4,2.05,0
182.51,68,8,35.05,8,6.0,5,23.9,0
81.94,72,7,35.91,7,4.25,4,21.55,0
134.73,66,9,52.11,6,5.7,4,28.94,1
137.63,60,5,32.29,9,5.74,7,22.17,1
87.46,72,8,41.38,7,4.91,4,23.53,0
121.19,72,6,40.38,6,7.55,4,16.53,1
